OTUID	All	CC	OC	PC
ASV_1	1.087287	1.1855442	0.9479251	1.1283911
ASV_2	0.920524	0.7209048	0.9875172	1.0531513
ASV_11	0.848025	1.4788897	0.3440604	0.7211248
ASV_5	0.581297	0.5630143	0.4489555	0.7319218
ASV_7	0.632459	0.6434722	0.3706093	0.8832945
ASV_13	0.583634	0.3813591	0.4906845	0.8788590
ASV_10	0.530025	0.5537771	0.4618459	0.5744512
ASV_8	0.649561	1.2608541	0.2707786	0.4170494
ASV_15	0.319131	0.950301418	0.002167111	0.004925641
ASV_4	0.522406	0.1720684	0.1731123	1.2220358
ASV_21	0.456793	0.6898951	0.1535276	0.5269555
ASV_12	0.476352	0.4524553	0.5047846	0.4718164
ASV_32	0.415139	0.34539616	0.82644533	0.07357464
ASV_18	0.432262	0.4551420	0.4000736	0.4415715
ASV_23	0.408593	0.2455917	0.6143174	0.3658699
ASV_36	0.350207	0.3378574	0.1150466	0.5977169
ASV_16	0.432859	0.4357982	0.4188171	0.4439631
ASV_50	0.448858	0.5988728	0.3599229	0.3877779
ASV_25	0.356284	0.3645293	0.3001146	0.4042083
ASV_46	0.368097	0.2715869	0.4661098	0.3665930
ASV_20	0.341935	0.3225642	0.2778863	0.4253539
ASV_57	0.331908	0.5370246	0.2296714	0.2290285
ASV_61	0.285574	0.52986239	0.23609912	0.09076075
ASV_37	0.330011	0.3532151	0.2733570	0.3634601
ASV_83	0.344764	0.3169968	0.4129358	0.3043594
ASV_14	0.311523	0.2880396	0.2283537	0.4181767
ASV_41	0.317959	0.3440256	0.3374808	0.2723694
ASV_52	0.25527	0.3217774	0.2369946	0.2070368
ASV_26	0.284668	0.3031009	0.2182460	0.3326565
ASV_59	0.228126	0.37413786	0.06798967	0.24224897
ASV_47	0.291905	0.3222467	0.2332882	0.3201787
ASV_48	0.195011	0.51241895	0.01639659	0.05621810
ASV_44	0.283834	0.2249596	0.4423886	0.1841528
ASV_38	0.26707	0.3570809	0.2182533	0.2258753
ASV_33	0.276916	0.2215740	0.4633366	0.1458375
ASV_62	0.227995	0.30289798	0.02935138	0.35173473
ASV_40	0.261275	0.2338242	0.2513574	0.2986423
ASV_81	0.270178	0.00000000	0.78468386	0.02585153
ASV_31	0.248772	0.1996832	0.2438300	0.3028014
ASV_70	0.192742	0.1532722	0.1613703	0.2635838
ASV_87	0.284195	0.1854883	0.4644833	0.2026138
ASV_123	0.200881	0.05943262	0.07592573	0.46728480
ASV_51	0.229861	0.40659006	0.02310263	0.25988957
ASV_89	0.20372	0.601083647	0.008250750	0.001824668
ASV_67	0.198721	0.1442744	0.1086132	0.3432759
ASV_74	0.228154	0.2415287	0.3088158	0.1341167
ASV_73	0.241453	0.2530042	0.3562021	0.1151524
ASV_78	0.135822	0.4060088367	0.0003483058	0.0011083616
ASV_49	0.250029	0.1402039	0.2325485	0.3773339
ASV_42	0.240848	0.3022117	0.1816106	0.2387218
ASV_3	0.295075	0.46511244	0.39870701	0.02140655
ASV_27	0.2298	0.2262605	0.2555120	0.2076274
ASV_93	0.225128	0.0004931938	0.1609299984	0.5139619693
ASV_43	0.209248	0.2203966	0.1906515	0.2166958
ASV_58	0.226552	0.2402772	0.1996635	0.2397150
ASV_17	0.220966	0.2506122	0.1594123	0.2528733
ASV_63	0.23693	0.1344108	0.2864113	0.2899668
ASV_19	0.21313	0.1947575	0.1663909	0.2782402
ASV_122	0.347032	0.00000000	0.98934712	0.05174877
ASV_53	0.180694	0.03912492	0.21446645	0.28848976
ASV_85	0.214433	0.1545369	0.3378603	0.1509017
ASV_91	0.22673	0.06489128	0.09902466	0.51627387
ASV_94	0.185971	0.2065228	0.1640035	0.1873876
ASV_96	0.193501	0.208457839	0.369914087	0.002131611
ASV_804	0.187243	0.1683813	0.2174264	0.1759206
ASV_29	0.189458	0.2285504	0.1040972	0.2357259
ASV_105	0.166924	0.32297275	0.13525961	0.04254101
ASV_75	0.198268	0.1735867	0.1503510	0.2708670
ASV_86	0.169751	0.07036477	0.22924925	0.20963768
ASV_112	0.196318	0.2310556	0.1880489	0.1698508
ASV_104	0.161128	0.1682379	0.1012183	0.2139267
ASV_165	0.137687	0.26080639	0.12679065	0.02546417
ASV_35	0.187852	0.05223193	0.05149146	0.45983271
ASV_101	0.161326	0.1359058	0.1712360	0.1768373
ASV_170	0.146791	0.26465064	0.13676713	0.03895428
ASV_126	0.156338	0.059376742	0.002912911	0.406723296
ASV_188	0.167429	0.09769800	0.07856452	0.32602501
ASV_79	0.159677	0.2150395	0.1207440	0.1432466
ASV_24	0.146842	0.07885292	0.30280969	0.05886435
ASV_97	0.149115	0.0978523	0.1695290	0.1799638
ASV_113	0.158062	0.22355781	0.15535953	0.09526767
ASV_56	0.185603	0.1244096	0.2940020	0.1383970
ASV_65	0.142768	0.07757266	0.13287260	0.21785954
ASV_114	0.176702	0.40087981	0.05967357	0.06955263
ASV_34	0.170783	0.1448793	0.1098913	0.2575783
ASV_212	0.156646	0.25130230	0.09049604	0.12813935
ASV_39	0.146291	0.04224047	0.26017232	0.13645974
ASV_158	0.1482	0.07859736	0.21076819	0.15523573
ASV_103	0.173115	0.04106781	0.33786653	0.14041172
ASV_209	0.146236	0.0000000	0.4387086	0.0000000
ASV_144	0.137386	0.1721212	0.1099518	0.1300842
ASV_154	0.12844	0.001579212	0.313532895	0.070209101
ASV_148	0.142515	0.1819110	0.1428937	0.1027400
ASV_127	0.111094	0.21245556	0.07817990	0.04264774
ASV_139	0.125725	0.11128510	0.20755735	0.05833283
ASV_175	0.120614	0.02707458	0.17329102	0.16147585
ASV_347	0.138693	0.28289083	0.03517221	0.09801547
ASV_169	0.1131	0.06729762	0.15973531	0.11226684
ASV_157	0.136298	0.09883261	0.07779450	0.23226557
ASV_117	0.129494	0.1294118	0.1039939	0.1550770
ASV_239	0.150596	0.05349805	0.27300562	0.12528326
ASV_136	0.119818	0.16570998	0.10695816	0.08678448
ASV_168	0.131595	0.18569175	0.04702789	0.16206410
ASV_213	0.154749	0.1253028	0.1996712	0.1392740
ASV_159	0.133365	0.04794980	0.28316134	0.06898388
ASV_199	0.121193	0.0003356052	0.0761018494	0.2871415541
ASV_376	0.139235	0.1484854	0.1036551	0.1655660
ASV_124	0.120321	0.10157440	0.17609223	0.08329491
ASV_207	0.127821	0.117490436	0.001338611	0.264634814
ASV_241	0.129585	0.1616518	0.0508073	0.1762967
ASV_143	0.086793	0.245967616	0.001456417	0.012956158
ASV_192	0.075739	0.2128651948	0.0003873447	0.0139654706
ASV_134	0.155689	0.1108094	0.1342378	0.2220184
ASV_133	0.126816	0.15767365	0.07458034	0.14819326
ASV_66	0.119436	0.1422503	0.1076839	0.1083744
ASV_272	0.079663	0.230558414	0.005550241	0.002878858
ASV_118	0.122034	0.1198034	0.1177681	0.1285313
ASV_141	0.125036	0.08709346	0.10927452	0.17874122
ASV_129	0.126349	0.08552951	0.13127811	0.16223904
ASV_135	0.110838	0.03607565	0.10760103	0.18883877
ASV_341	0.097955	0.150170022	0.142344938	0.001349744
ASV_55	0.103876	0.18853828	0.06188507	0.06120401
ASV_265	0.101507	0.01066357	0.00000000	0.29385602
ASV_145	0.103193	0.13189519	0.02898605	0.14869800
ASV_176	0.12352	0.15588226	0.08183238	0.13284540
ASV_269	0.094041	2.796683e-01	2.357548e-03	9.722028e-05
ASV_277	0.094103	0.10405166	0.07856513	0.09969321
ASV_82	0.113533	0.11525309	0.12903787	0.09630773
ASV_128	0.098058	0.11653901	0.01793973	0.15969532
ASV_155	0.127004	0.01593285	0.11626518	0.24881450
ASV_309	0.104599	0.02244649	0.27207516	0.01927419
ASV_196	0.168599	0.0000000	0.3537281	0.1520699
ASV_152	0.110036	0.23178469	0.02418391	0.07413938
ASV_164	0.13359	0.05295706	0.25515840	0.09265484
ASV_313	0.134931	0.1310120	0.1317873	0.1419947
ASV_106	0.107444	0.04203556	0.12596776	0.15432989
ASV_72	0.128398	0.17961866	0.12339458	0.08218137
ASV_153	0.108175	0.03976153	0.00953706	0.27522610
ASV_88	0.113771	0.0000000	0.0000000	0.3413133
ASV_131	0.116436	0.01774226	0.23659652	0.09496968
ASV_218	0.083887	0.0002245516	0.0053551320	0.2460804036
ASV_273	0.102091	0.16648676	0.08230495	0.05748068
ASV_107	0.096977	0.13736332	0.07919296	0.07437527
ASV_220	0.118771	0.01982996	0.17629480	0.16018896
ASV_283	0.08552	0.0959105462	0.1604407609	0.0002076171
ASV_54	0.108572	0.1083700	0.1009294	0.1164177
ASV_303	0.091944	0.14175078	0.05160744	0.08247240
ASV_98	0.11198	0.10659096	0.06979456	0.15955388
ASV_476	0.092274	0.234536230	0.006515641	0.035771462
ASV_8462	0.106409	0.09262683	0.09678744	0.12981272
ASV_151	0.101201	0.13464126	0.06520948	0.10375270
ASV_9	0.113139	0.06143159	0.14144468	0.13654139
ASV_189	0.108944	0.11166079	0.07636946	0.13880321
ASV_225	0.092817	0.11340187	0.04457942	0.12046965
ASV_147	0.159988	0.0002124658	0.3936830845	0.0860682581
ASV_295	0.09448	0.22710149	0.05471760	0.00162193
ASV_262	0.086825	0.15684475	0.05002343	0.05360645
ASV_240	0.104216	0.11823957	0.12939945	0.06500803
ASV_671	0.110786	0.23002759	0.05180351	0.05052709
ASV_163	0.118938	0.12248215	0.04491753	0.18941412
ASV_95	0.111828	0.02812652	0.15359250	0.15376431
ASV_219	0.088646	0.05505607	0.01912159	0.19176168
ASV_300	0.105713	0.14747151	0.15204121	0.01762548
ASV_110	0.097167	0.10068842	0.11213201	0.07867916
ASV_275	0.107762	0.1069555	0.1049334	0.1113960
ASV_71	0.105958	0.10931792	0.05527603	0.15328063
ASV_92	0.081071	0.10502183	0.06769780	0.07049316
ASV_304	0.113736	0.06425082	0.04908806	0.22786944
ASV_266	0.088435	0.05086376	0.10372252	0.11071916
ASV_250	0.078268	0.0004249316	0.0020643078	0.2323154183
ASV_358	0.06945	0.0002124658	0.2081378722	0.0000000000
ASV_177	0.091935	0.12294946	0.07391276	0.07894196
ASV_64	0.096786	0.11048070	0.12193563	0.05794126
ASV_374	0.108272	0.03741424	0.21518496	0.07221559
ASV_84	0.102547	0.15644166	0.06727254	0.08392589
ASV_121	0.093118	0.127239070	0.009154876	0.142960958
ASV_202	0.094847	0.02786003	0.10415146	0.15252982
ASV_181	0.091909	0.0625537	0.1107214	0.1024508
ASV_233	0.083791	0.03210279	0.01002037	0.20924876
ASV_1556	0.094019	0.12189041	0.06305688	0.09710900
ASV_290	0.08672	0.000000000	0.000139237	0.260021550
ASV_396	0.112651	0.122619379	0.212904438	0.002430401
ASV_232	0.091888	0.1088427	0.0585573	0.1082627
ASV_453	0.08604	0.07098790	0.10122895	0.08590304
ASV_289	0.082473	0.05770942	0.05731240	0.13239598
ASV_146	0.097713	0.02582165	0.04819219	0.21912385
ASV_327	0.099657	0.07477343	0.10905769	0.11513893
ASV_45	0.099218	0.009733548	0.217738479	0.070182923
ASV_287	0.096016	0.09686404	0.13305587	0.05812927
ASV_252	0.099351	0.00000000	0.02586281	0.27219107
ASV_200	0.077178	0.047108606	0.001549379	0.182877236
ASV_412	0.08962	0.10285066	0.12529344	0.04071657
ASV_166	0.092782	0.07772502	0.07081966	0.12980161
ASV_215	0.078031	0.05976005	0.05960963	0.11472396
ASV_247	0.094343	0.04534153	0.16319914	0.07448792
ASV_237	0.090322	0.09637784	0.10060633	0.07398152
ASV_234	0.083455	0.12046393	0.02839869	0.10150364
ASV_149	0.094436	0.09320135	0.12604943	0.06405648
ASV_68	0.089196	0.08116717	0.09748596	0.08893582
ASV_349	0.096076	0.21291282	0.02605412	0.04926039
ASV_383	0.142378	0.0000000	0.0000000	0.4271342
ASV_434	0.071592	0.2140392415	0.0007356505	0.0000000000
ASV_60	0.089226	0.12034638	0.04076879	0.10656177
ASV_222	0.059966	0.105561079	0.005227718	0.069109457
ASV_866	0.082186	0.13356408	0.08962248	0.02337149
ASV_346	0.106369	0.000000000	0.314386516	0.004721565
ASV_156	0.086774	0.10361427	0.06981947	0.08688815
ASV_201	0.078825	0.09367554	0.05194817	0.09085108
ASV_416	0.087093	0.07012044	0.15253169	0.03862787
ASV_242	0.097773	0.06479666	0.09738370	0.13113828
ASV_298	0.105541	0.03361352	0.02969376	0.25331714
ASV_214	0.081317	0.08875553	0.07903938	0.07615564
ASV_185	0.094765	0.09271548	0.13113810	0.06044254
ASV_111	0.078372	0.04092536	0.10283994	0.09135164
ASV_285	0.072941	0.09795731	0.05795355	0.06291073
ASV_299	0.078998	0.09200821	0.04475122	0.10023572
ASV_353	0.07577	0.12411767	0.04302383	0.06016866
ASV_284	0.054756	0.13344967	0.01876309	0.01205662
ASV_315	0.086926	0.09983881	0.06355128	0.09738870
ASV_178	0.090791	0.10851378	0.03328386	0.13057545
ASV_418	0.078188	0.05250820	0.05518109	0.12687538
ASV_238	0.083182	0.10963185	0.06186317	0.07805190
ASV_217	0.07825	0.11266833	0.05980429	0.06227736
ASV_404	0.069468	0.08527449	0.09300366	0.03012480
ASV_333	0.070784	0.16810915	0.04424315	0.00000000
ASV_191	0.082901	0.07931338	0.10640778	0.06298188
ASV_422	0.094257	0.001054836	0.033346101	0.248369460
ASV_1758	0.084846	0.07426783	0.09690207	0.08336752
ASV_292	0.080846	0.06131198	0.07088158	0.11034473
ASV_318	0.076806	0.2030667	0.0000000	0.0273523
ASV_381	0.077989	0.2211415073	0.0001578283	0.0126688755
ASV_351	0.081749	0.08147089	0.08578918	0.07798683
ASV_206	0.080376	0.05828972	0.15321335	0.02962518
ASV_263	0.07942	0.06052430	0.12484703	0.05288959
ASV_244	0.083159	0.21620078	0.01105226	0.02222299
ASV_423	0.081302	0.08725670	0.11090816	0.04574234
ASV_251	0.064356	0.0006736547	0.0000000000	0.1923955093
ASV_167	0.065118	0.0005492219	0.0305911968	0.1642148789
ASV_190	0.077817	0.06268385	0.03911141	0.13165692
ASV_182	0.074936	0.07048122	0.04203408	0.11229380
ASV_30	0.083667	0.10062811	0.06094888	0.08942348
ASV_8334	0.070189	0.10618728	0.04003224	0.06434692
ASV_173	0.069091	0.07873214	0.07729911	0.05124077
ASV_359	0.055803	0.08071597	0.00803093	0.07866144
ASV_187	0.073807	0.09812456	0.06087171	0.06242601
ASV_314	0.069273	0.07194279	0.05451727	0.08135984
ASV_509	0.085935	0.07854164	0.11271714	0.06654689
ASV_4526	0.070088	0.06315476	0.06890713	0.07820250
ASV_316	0.088488	0.11312768	0.12197184	0.03036497
ASV_339	0.064589	0.11184773	0.02766867	0.05425091
ASV_677	0.07579	0.03400710	0.06918535	0.12417878
ASV_382	0.067547	0.13049619	0.04684374	0.02530225
ASV_467	0.060612	0.17884690	0.00298971	0.00000000
ASV_179	0.07624	0.08952940	0.07757417	0.06161543
ASV_366	0.072926	0.02438980	0.12017580	0.07421271
ASV_466	0.073157	0.12661557	0.06421713	0.02863750
ASV_438	0.067081	0.02378390	0.08704685	0.09041323
ASV_260	0.06022	0.06303731	0.06764761	0.04997442
ASV_881	0.067611	0.05566903	0.03223644	0.11492838
ASV_380	0.111005	0.0007386159	0.3303169710	0.0019592875
ASV_609	0.067558	0.003389451	0.186067680	0.013217972
ASV_205	0.071514	0.06065592	0.09502883	0.05885810
ASV_523	0.064604	0.09724908	0.05724923	0.03931342
ASV_447	0.06473	0.07338530	0.05951177	0.06129328
ASV_527	0.081325	0.08222014	0.09768315	0.06407233
ASV_512	0.070852	0.03292669	0.08005975	0.09957034
ASV_280	0.089632	0.05589006	0.08135897	0.13164612
ASV_160	0.069033	0.06790357	0.07057394	0.06862035
ASV_607	0.061421	0.177746376	0.004423564	0.002091631
ASV_3485	0.072229	0.05088329	0.03595825	0.12984415
ASV_477	0.051399	0.0000000	0.0000000	0.1541979
ASV_360	0.071679	0.07883892	0.05790767	0.07828985
ASV_648	0.112385	0.0001879162	0.3319700542	0.0049969434
ASV_293	0.066854	0.00000000	0.05604431	0.14451823
ASV_204	0.066855	0.06683980	0.07370947	0.06001524
ASV_109	0.068882	0.04479209	0.06580110	0.09605282
ASV_307	0.068621	0.05270718	0.04470028	0.10845516
ASV_195	0.066292	0.05787965	0.06121435	0.07978180
ASV_403	0.060296	0.02774580	0.07266430	0.08047817
ASV_454	0.072028	0.02424802	0.15865901	0.03317733
ASV_261	0.062214	0.12408004	0.03155861	0.03100329
ASV_194	0.067649	0.05312999	0.09113149	0.05868517
ASV_616	0.063222	0.14670123	0.02502007	0.01794519
ASV_555	0.070825	0.08090442	0.08910942	0.04246165
ASV_549	0.063532	0.001246802	0.163883015	0.025465869
ASV_312	0.064311	0.04732263	0.08691711	0.05869370
ASV_254	0.069076	0.05749064	0.07065870	0.07908011
ASV_231	0.063066	0.08682768	0.03741680	0.06495376
ASV_311	0.061264	0.05464607	0.10852620	0.02062024
ASV_130	0.071515	0.03398489	0.12017889	0.06038046
ASV_545	0.054156	0.09285330	0.00000000	0.06961468
ASV_246	0.067222	0.09142921	0.04157587	0.06865961
ASV_437	0.057054	0.09713983	0.03875125	0.03527124
ASV_528	0.054591	0.000000000	0.007388078	0.156383457
ASV_1744	0.064371	0.04050368	0.07208319	0.08052571
ASV_449	0.052706	0.08339420	0.03444334	0.04027926
ASV_377	0.054929	0.08786717	0.02728928	0.04963107
ASV_99	0.07154	0.02704407	0.12695631	0.06061829
ASV_483	0.066629	0.07741730	0.04738492	0.07508452
ASV_371	0.059766	0.07385493	0.05132865	0.05411295
ASV_193	0.060872	0.07930263	0.05009824	0.05321655
ASV_302	0.052898	0.06025523	0.04437051	0.05406927
ASV_444	0.051485	0.05105284	0.08219615	0.02120667
ASV_357	0.061741	0.06379198	0.08023013	0.04120213
ASV_80	0.066384	0.10842744	0.04487620	0.04584778
ASV_274	0.069488	0.0000000	0.0000000	0.2084649
ASV_367	0.05521	0.092803023	0.002602542	0.070224322
ASV_186	0.077126	0.02175244	0.18668011	0.02294536
ASV_348	0.055263	0.08048424	0.07169598	0.01360867
ASV_361	0.057522	0.05569787	0.07088563	0.04598341
ASV_249	0.06399	0.03218038	0.14300412	0.01678653
ASV_580	0.045446	0.0054181320	0.1301754366	0.0007447952
ASV_138	0.055208	0.07623904	0.03778603	0.05159748
ASV_802	0.046562	0.002393772	0.133059334	0.004232073
ASV_328	0.060513	0.05496564	0.07254605	0.05402766
ASV_533	0.049727	0.05303945	0.04067191	0.05546833
ASV_516	0.052155	0.08180799	0.03490827	0.03974731
ASV_340	0.06662	0.07145561	0.04801223	0.08039110
ASV_255	0.059909	0.03856851	0.04091920	0.10023869
ASV_208	0.057277	0.05023212	0.02397366	0.09762421
ASV_355	0.06291	0.06502194	0.05696659	0.06674169
ASV_406	0.046291	0.09651712	0.01189960	0.03045532
ASV_323	0.057319	0.06606320	0.02058173	0.08531354
ASV_5387	0.060511	0.03345326	0.10742914	0.04064946
ASV_631	0.057066	0.1711974	0.0000000	0.0000000
ASV_590	0.059106	0.06654481	0.05813242	0.05263955
ASV_619	0.057569	0.05655841	0.05476031	0.06138766
ASV_329	0.055996	0.09080174	0.02214519	0.05504227
ASV_519	0.05962	0.04258972	0.01595782	0.12031199
ASV_417	0.048572	0.05601747	0.01089085	0.07880799
ASV_415	0.060289	0.03778941	0.06778622	0.07529160
ASV_762	0.048096	0.0001879162	0.1427516728	0.0013485903
ASV_1939	0.046048	0.068156768	0.008931436	0.061054354
ASV_649	0.041632	0.000000000	0.121786730	0.003108129
ASV_368	0.052008	0.07442045	0.04623576	0.03536850
ASV_573	0.055019	0.085242464	0.077232994	0.002582552
ASV_482	0.056469	0.099364946	0.063595132	0.006445477
ASV_2166	0.047785	0.0614355565	0.0006597314	0.0812606157
ASV_180	0.06742	0.04842367	0.09719110	0.05664525
ASV_198	0.065398	0.04956014	0.10026047	0.04637211
ASV_446	0.054531	0.10894673	0.01862494	0.03602263
ASV_332	0.052838	0.107048343	0.008827408	0.042638228
ASV_369	0.056726	0.05363177	0.07826280	0.03828412
ASV_305	0.056778	0.09109168	0.03220053	0.04704162
ASV_77	0.062539	0.05232054	0.04287923	0.09241740
ASV_484	0.057044	0.05662203	0.02495044	0.08956080
ASV_606	0.044532	0.03737474	0.01637158	0.07985072
ASV_137	0.050174	0.04266174	0.07766427	0.03019481
ASV_334	0.080274	0.01310749	0.12598997	0.10172425
ASV_294	0.050503	0.08183613	0.05276285	0.01690903
ASV_390	0.056339	0.00000000	0.06510538	0.10391171
ASV_461	0.044929	0.09891941	0.01518483	0.02068257
ASV_3779	0.057293	0.05864962	0.07798748	0.03524076
ASV_612	0.060359	0.07260185	0.06521921	0.04325453
ASV_6503	0.053378	0.05153639	0.05547514	0.05312156
ASV_221	0.049557	0.06586518	0.03746021	0.04534685
ASV_326	0.05692	0.06646032	0.05678969	0.04750929
ASV_541	0.051489	0.05546655	0.03555799	0.06344190
ASV_427	0.053368	0.075007074	0.076933924	0.008163004
ASV_363	0.046748	0.05190264	0.03152917	0.05681237
ASV_310	0.056794	0.03892770	0.07857018	0.05288389
ASV_624	0.066883	0.02226170	0.07584769	0.10254081
ASV_171	0.045878	0.116811232	0.016619850	0.004202169
ASV_568	0.050562	0.05107308	0.06650395	0.03411022
ASV_539	0.057713	0.06261698	0.05906256	0.05145852
ASV_389	0.054384	0.04250517	0.04118511	0.07946226
ASV_301	0.048559	0.04617064	0.03078935	0.06871650
ASV_755	0.053949	7.368111e-05	1.540851e-01	7.689407e-03
ASV_282	0.047628	0.05320478	0.05432250	0.03535761
ASV_407	0.055354	0.06149883	0.07422083	0.03034273
ASV_598	0.046998	0.03840084	0.05399923	0.04859431
ASV_701	0.040416	0.0001879162	0.0043708997	0.1166895207
ASV_356	0.047873	0.000000000	0.008329176	0.135289276
ASV_577	0.035686	0.087072135	0.003743862	0.016241391
ASV_559	0.042083	0.07019700	0.02792249	0.02812845
ASV_511	0.050815	0.07902401	0.03050173	0.04291907
ASV_575	0.055736	0.0816198377	0.0854770730	0.0001122849
ASV_698	0.058738	0.07315514	0.03882427	0.06423480
ASV_426	0.057392	0.06831176	0.06912969	0.03473321
ASV_956	0.058685	0.170605948	0.003977596	0.001470874
ASV_627	0.048764	0.04634528	0.03494360	0.06500203
ASV_562	0.052897	0.06813379	0.03601569	0.05454164
ASV_801	0.043591	0.128202545	0.000000000	0.002569054
ASV_1737	0.052922	0.06833535	0.04180834	0.04862356
ASV_211	0.054732	0.05117842	0.03821891	0.07479788
ASV_226	0.054876	0.04870275	0.05846704	0.05745922
ASV_734	0.046492	0.0422486408	0.0969781999	0.0002480454
ASV_342	0.051258	0.002098224	0.135653291	0.016022567
ASV_450	0.045157	0.01710848	0.04325106	0.07511133
ASV_608	0.053685	0.04972902	0.03917776	0.07214777
ASV_203	0.056334	0.03660424	0.09790553	0.03449099
ASV_561	0.042678	0.1022520629	0.0002787954	0.0255025757
ASV_592	0.043772	0.032215700	0.090592039	0.008509331
ASV_583	0.038629	0.0006217649	0.0000000000	0.1152646384
ASV_317	0.050868	0.02138613	0.03670061	0.09451576
ASV_362	0.038167	0.002216444	0.003508550	0.108776533
ASV_428	0.048889	0.01578945	0.02334413	0.10753211
ASV_486	0.043573	0.07171909	0.02920424	0.02979614
ASV_871	0.044232	0.08544394	0.02189610	0.02535703
ASV_641	0.047551	0.11020433	0.01276944	0.01967875
ASV_530	0.027971	0.0837755153	0.0000000000	0.0001386255
ASV_431	0.042147	0.02880988	0.02550254	0.07212994
ASV_331	0.039485	0.06378470	0.03429571	0.02037309
ASV_872	0.106255	0.0000000	0.3187653	0.0000000
ASV_757	0.043739	0.0010538260	0.1300495975	0.0001122849
ASV_593	0.04133	0.04924771	0.04320995	0.03153224
ASV_722	0.032711	0.00000000	0.09813329	0.00000000
ASV_587	0.046629	0.005173775	0.122567231	0.012144737
ASV_705	0.053731	0.03617429	0.05194626	0.07307314
ASV_223	0.050325	0.05385263	0.03990801	0.05721336
ASV_378	0.047442	0.03822756	0.04994788	0.05415195
ASV_542	0.049435	0.04485995	0.09299845	0.01044800
ASV_704	0.037106	0.000000000	0.002287872	0.109030092
ASV_224	0.050512	0.02907375	0.04963311	0.07282825
ASV_256	0.046812	0.02086039	0.02660984	0.09296715
ASV_697	0.038684	0.08184238	0.00000000	0.03421049
ASV_445	0.052025	0.04934728	0.05231432	0.05441390
ASV_814	0.052834	0.04284901	0.05404978	0.06160429
ASV_459	0.051795	0.05191035	0.10347352	0.00000000
ASV_421	0.045978	0.03302855	0.07922416	0.02568075
ASV_766	0.042005	0.05147941	0.03750161	0.03703424
ASV_777	0.032599	0.00000000	0.09779635	0.00000000
ASV_338	0.044844	0.05546873	0.05105636	0.02800699
ASV_471	0.05378	0.05593013	0.06644056	0.03896883
ASV_892	0.044705	0.123512480	0.004699900	0.005901222
ASV_632	0.060298	0.003221607	0.131513342	0.046158700
ASV_557	0.050595	0.04751423	0.08643569	0.01783647
ASV_765	0.051134	0.05676318	0.05011254	0.04652678
ASV_259	0.041356	0.070240684	0.006925905	0.046902477
ASV_8818	0.042912	0.04869942	0.03334699	0.04669091
ASV_517	0.042707	0.05185170	0.03097200	0.04529753
ASV_618	0.04216	0.05182847	0.04935395	0.02529707
ASV_785	0.040348	0.121043	0.000000	0.000000
ASV_364	0.053629	0.01026459	0.04948580	0.10113516
ASV_741	0.048678	0.07986640	0.06616907	0.00000000
ASV_411	0.04835	0.001042675	0.002732587	0.141274538
ASV_535	0.049879	0.03325837	0.05722348	0.05915425
ASV_216	0.052345	0.04843133	0.06548192	0.04312151
ASV_395	0.05122	0.03933718	0.05310294	0.06121985
ASV_806	0.042494	0.03666163	0.06178261	0.02903690
ASV_394	0.051491	0.05474898	0.03818314	0.06154232
ASV_424	0.044988	0.113964937	0.005760237	0.015239443
ASV_1236	0.042385	0.008484942	0.019565293	0.099105478
ASV_670	0.04515	0.05594153	0.04400125	0.03550766
ASV_343	0.038255	0.05906797	0.03137272	0.02432542
ASV_267	0.042015	0.03479968	0.04749457	0.04375023
ASV_473	0.038898	0.04877514	0.02811987	0.03979945
ASV_662	0.035468	0.017572062	0.080894523	0.007938764
ASV_772	0.031827	0.05387469	0.04160777	0.00000000
ASV_336	0.042584	0.03885731	0.04908687	0.03980888
ASV_496	0.038905	0.06693817	0.02130895	0.02846665
ASV_531	0.043396	0.0006094046	0.1053108601	0.0242684244
ASV_603	0.045663	0.02489207	0.05523350	0.05686438
ASV_821	0.043177	0.09778033	0.02126427	0.01048760
ASV_724	0.037035	0.04746133	0.04666531	0.01697791
ASV_718	0.04456	0.02847225	0.09351621	0.01169278
ASV_891	0.049416	0.004602656	0.119888033	0.023758448
ASV_1790	0.042641	0.04127831	0.03975581	0.04688741
ASV_578	0.049207	0.0002460969	0.0974710760	0.0499040263
ASV_504	0.046667	0.01453290	0.07023983	0.05522819
ASV_595	0.041967	0.04009474	0.05076022	0.03504658
ASV_1017	0.030781	0.000000000	0.091787374	0.000554502
ASV_414	0.051536	0.008994952	0.137099042	0.008515386
ASV_676	0.040521	0.117450075	0.002000450	0.002112018
ASV_551	0.040442	0.01097530	0.02069793	0.08965227
ASV_1205	0.041848	0.072839804	0.050040653	0.002663595
ASV_116	0.048679	0.05576124	0.04570043	0.04457599
ASV_538	0.038544	0.04330914	0.01303174	0.05929049
ASV_721	0.042601	0.031009623	0.007342581	0.089451035
ASV_955	0.042034	0.03193676	0.02026198	0.07390279
ASV_1177	0.034018	0.076299795	0.005593716	0.020159614
ASV_490	0.038963	0.00000000	0.10507567	0.01181256
ASV_836	0.039966	0.1197790161	0.0000000000	0.0001204448
ASV_797	0.04545	0.0572668279	0.0783463955	0.0007370241
ASV_425	0.042251	0.03363485	0.06571707	0.02740214
ASV_464	0.040803	0.03630912	0.04580584	0.04029484
ASV_210	0.048462	0.01884437	0.07926336	0.04727962
ASV_572	0.046109	0.04353980	0.04567057	0.04911595
ASV_268	0.041267	0.03248109	0.05333259	0.03798677
ASV_399	0.047901	0.01780263	0.06126400	0.06463670
ASV_547	0.042829	0.04196577	0.03789525	0.04862681
ASV_487	0.041066	0.06553523	0.02910209	0.02855962
ASV_972	0.04096	0.032865722	0.008506468	0.081508411
ASV_480	0.039922	0.04595591	0.03774009	0.03606954
ASV_229	0.0363	0.07521357	0.01785643	0.01583070
ASV_1100	0.039181	0.03942368	0.05333968	0.02478026
ASV_393	0.042404	0.04755413	0.03200627	0.04765066
ASV_576	0.044259	0.03269802	0.04150197	0.05857823
ASV_462	0.043292	0.03885250	0.03256399	0.05845996
ASV_525	0.039633	0.00000000	0.07969502	0.03920476
ASV_805	0.042453	0.047645772	0.077573200	0.002139513
ASV_930	0.045174	0.016716372	0.110084576	0.008721534
ASV_703	0.038088	0.0000000	0.1142628	0.0000000
ASV_401	0.038981	0.04984540	0.03978701	0.02730948
ASV_831	0.034855	0.03773032	0.03440064	0.03243296
ASV_853	0.033182	0.07396526	0.00818621	0.01739531
ASV_1558	0.046086	0.05220594	0.05261814	0.03343275
ASV_1068	0.035733	0.05481136	0.01792907	0.03445727
ASV_669	0.040818	0.01202834	0.07162529	0.03880051
ASV_634	0.036292	0.05464543	0.03413315	0.02009693
ASV_880	0.036728	0.07390458	0.01363468	0.02264417
ASV_325	0.040902	0.03406675	0.04976951	0.03887095
ASV_560	0.042766	0.06082292	0.03543929	0.03203690
ASV_809	0.039234	0.005059999	0.021950559	0.090692621
ASV_887	0.039068	0.05827317	0.02080823	0.03812144
ASV_778	0.04	0.03096044	0.04170220	0.04733706
ASV_497	0.031669	0.007483233	0.003117131	0.084407502
ASV_5744	0.042661	0.03849335	0.06068206	0.02880648
ASV_792	0.036231	0.01548789	0.05216288	0.04104319
ASV_478	0.038735	0.02620812	0.04250713	0.04748826
ASV_860	0.033258	0.009467678	0.028472506	0.061834813
ASV_3037	0.038414	0.03658389	0.04613307	0.03252613
ASV_320	0.03959	0.02473759	0.05579350	0.03823791
ASV_470	0.050851	0.001462577	0.093444823	0.057646518
ASV_1208	0.042431	0.031896733	0.093239744	0.002157568
ASV_942	0.04165	0.05113771	0.06064255	0.01316907
ASV_522	0.043436	0.03418817	0.04297564	0.05314381
ASV_510	0.039874	0.03811322	0.04955197	0.03195591
ASV_904	0.037229	0.01516793	0.00000000	0.09651926
ASV_663	0.033332	0.04231165	0.03195640	0.02572700
ASV_1115	0.042473	0.04418342	0.04508468	0.03815202
ASV_537	0.034539	0.02143834	0.07039289	0.01178544
ASV_689	0.036381	0.005701938	0.103440326	0.000000000
ASV_495	0.04397	0.04323038	0.03735534	0.05132480
ASV_526	0.037991	0.03657636	0.03987795	0.03751870
ASV_391	0.039876	0.03391508	0.06093163	0.02478273
ASV_491	0.040198	0.03908044	0.04379439	0.03771869
ASV_1193	0.037958	0.002630772	0.045144589	0.066099226
ASV_579	0.039039	0.05790485	0.02062803	0.03858402
ASV_350	0.039535	0.04220198	0.03571283	0.04068912
ASV_370	0.04003	0.03499808	0.03425509	0.05083738
ASV_901	0.033882	0.06499613	0.03664873	0.00000000
ASV_534	0.042731	0.03412507	0.03532322	0.05874568
ASV_737	0.044605	0.004538717	0.127607940	0.001668459
ASV_7408	0.033588	0.05999996	0.02898409	0.01178058
ASV_236	0.03262	0.03978835	0.01750510	0.04056670
ASV_826	0.038955	0.03046983	0.04369689	0.04269801
ASV_1207	0.038668	0.04125245	0.03160654	0.04314351
ASV_258	0.035152	0.03940818	0.04716848	0.01887926
ASV_655	0.039345	0.02514846	0.07436953	0.01851594
ASV_296	0.037094	0.03379113	0.02479078	0.05269871
ASV_354	0.037003	0.04256510	0.04962660	0.01881738
ASV_815	0.034329	0.03516702	0.03774368	0.03007499
ASV_667	0.033864	0.01903779	0.04958960	0.03296519
ASV_518	0.03613	0.007913139	0.026897918	0.073577695
ASV_197	0.033877	0.02382644	0.02575935	0.05204435
ASV_1201	0.045127	0.04529048	0.04035249	0.04973847
ASV_668	0.035527	0.03212815	0.04626545	0.02818827
ASV_725	0.038798	0.01040465	0.04485626	0.06113211
ASV_774	0.040441	0.04445948	0.04324529	0.03361755
ASV_3977	0.032252	0.06092210	0.01191170	0.02392224
ASV_1020	0.029662	0.08898592	0.00000000	0.00000000
ASV_419	0.030005	0.0001231394	0.0008788026	0.0890132523
ASV_652	0.038493	0.06933686	0.01672563	0.02941642
ASV_3382	0.034639	0.03103091	0.01128120	0.06160546
ASV_1053	0.031354	0.000000000	0.000139237	0.093923649
ASV_288	0.035689	0.006161508	0.044727749	0.056177269
ASV_1118	0.029815	0.0472708	0.0234290	0.0187460
ASV_637	0.035918	0.05625972	0.02874769	0.02274755
ASV_812	0.025343	0.04586681	0.01971409	0.01044866
ASV_854	0.033878	0.008314432	0.012644062	0.080676148
ASV_951	0.047431	0.03087819	0.08768123	0.02373492
ASV_514	0.039383	0.04096414	0.02626662	0.05091872
ASV_684	0.036644	0.03296327	0.04295027	0.03401875
ASV_730	0.033699	0.04055742	0.03173190	0.02880635
ASV_642	0.035933	0.02687788	0.02817340	0.05274712
ASV_448	0.03518	0.084097379	0.019955692	0.001486902
ASV_322	0.036269	0.03147654	0.04455023	0.03278151
ASV_807	0.033137	0.0300778780	0.0008220616	0.0685115656
ASV_102	0.030761	0.009058497	0.051609702	0.031614269
ASV_400	0.025807	0.0000000	0.0000000	0.0774215
ASV_2603	0.032525	0.06621989	0.01465776	0.01669882
ASV_960	0.037615	0.04589324	0.03857681	0.02837409
ASV_829	0.036024	0.06132257	0.02573856	0.02101098
ASV_825	0.033677	0.03631034	0.04582761	0.01889363
ASV_752	0.031619	0.02943380	0.02834143	0.03708103
ASV_591	0.054166	0.0009098107	0.1599431890	0.0016448808
ASV_852	0.037242	0.01310580	0.08948380	0.00913786
ASV_893	0.030563	0.04566031	0.02681842	0.01920898
ASV_443	0.032214	0.03540650	0.03750038	0.02373416
ASV_569	0.029929	0.00000000	0.01033299	0.07945397
ASV_1024	0.032549	0.0939836105	0.0035434529	0.0001204448
ASV_435	0.036149	0.03546176	0.02617417	0.04681097
ASV_661	0.035512	0.04851416	0.02853373	0.02948752
ASV_638	0.032034	0.00000000	0.09610104	0.00000000
ASV_938	0.033514	0.001511219	0.068602976	0.030427437
ASV_659	0.029203	0.055114842	0.005857574	0.026635344
ASV_4644	0.03281	0.06235336	0.01683225	0.01924381
ASV_653	0.044263	0.002412324	0.021582137	0.108793781
ASV_945	0.03749	0.02466885	0.06025680	0.02754494
ASV_582	0.038371	0.04523635	0.03729835	0.03257702
ASV_468	0.039237	0.03110475	0.03412701	0.05247791
ASV_409	0.032301	0.04108878	0.04431618	0.01149899
ASV_384	0.035662	0.02084839	0.04568959	0.04044911
ASV_775	0.036956	0.03713804	0.04566986	0.02805875
ASV_711	0.036959	0.01319435	0.06461152	0.03307138
ASV_1690	0.031169	0.039735840	0.005644728	0.048127113
ASV_570	0.033196	0.02266535	0.02002378	0.05689824
ASV_489	0.036327	0.02625447	0.05301789	0.02970952
ASV_1123	0.03063	0.06012090	0.01253656	0.01923354
ASV_993	0.030149	0.0001231394	0.0003873447	0.0899374957
ASV_398	0.030041	0.04969916	0.02237882	0.01804362
ASV_392	0.038803	0.01598390	0.03665524	0.06376891
ASV_934	0.03812	0.02435167	0.04005982	0.04994984
ASV_405	0.031863	0.05799258	0.01952204	0.01807571
ASV_413	0.029416	0.03341669	0.03232897	0.02250299
ASV_764	0.030271	0.02977448	0.01071861	0.05031912
ASV_183	0.035468	0.02108602	0.04088922	0.04442823
ASV_994	0.03114	0.05468045	0.01398858	0.02475208
ASV_515	0.03553	0.04258671	0.03017173	0.03383169
ASV_657	0.024995	0.0000000000	0.0002199105	0.0747648273
ASV_745	0.033708	0.02403104	0.05866107	0.01843333
ASV_841	0.035358	0.02298182	0.06661389	0.01647762
ASV_906	0.029406	0.04176997	0.02427512	0.02217331
ASV_780	0.029496	0.04100271	0.01048688	0.03699880
ASV_120	0.030691	0.001070906	0.018324035	0.072677951
ASV_1089	0.026427	0.03436078	0.03246875	0.01245017
ASV_567	0.033508	0.02412446	0.02932209	0.04707801
ASV_628	0.031691	0.03594838	0.02048638	0.03863742
ASV_1143	0.028712	0.0823501415	0.0034320953	0.0003552168
ASV_629	0.031877	0.03412024	0.03649627	0.02501405
ASV_584	0.024866	0.04698886	0.00875044	0.01885993
ASV_851	0.034347	0.01775883	0.06301833	0.02226240
ASV_635	0.026925	0.0001946732	0.0010301890	0.0795505187
ASV_658	0.031589	0.03342130	0.02111577	0.04023030
ASV_761	0.02922	0.02483698	0.03172953	0.03109364
ASV_1247	0.032395	0.04137861	0.02121883	0.03458773
ASV_748	0.034412	0.02484574	0.02216038	0.05622841
ASV_773	0.030735	0.02040883	0.01023987	0.06155644
ASV_387	0.033285	0.03481835	0.03672619	0.02830990
ASV_1048	0.033376	0.02617667	0.03436739	0.03958257
ASV_1124	0.041337	0.02520368	0.06744903	0.03135694
ASV_1040	0.037276	0.01541180	0.03469843	0.06171693
ASV_726	0.031466	0.0004491031	0.0309388724	0.0630099840
ASV_596	0.027439	0.003150196	0.017193191	0.061972469
ASV_961	0.031697	0.02715042	0.01807229	0.04986880
ASV_896	0.027123	0.065503164	0.007562432	0.008303479
ASV_751	0.024506	0.0002124658	0.0000000000	0.0733061613
ASV_753	0.030816	0.02665825	0.04001318	0.02577568
ASV_1133	0.030268	0.073061663	0.015805207	0.001936408
ASV_822	0.034187	0.03664027	0.02030569	0.04561507
ASV_1038	0.030726	0.0896996745	0.0003873447	0.0020900166
ASV_498	0.029992	0.03306129	0.02892000	0.02799582
ASV_633	0.039948	0.02020090	0.06144416	0.03819750
ASV_845	0.033377	0.00000000	0.07411408	0.02601607
ASV_1032	0.026115	0.02222933	0.03378660	0.02232779
ASV_1899	0.032759	0.04299562	0.02271134	0.03256934
ASV_990	0.027959	0.05611652	0.01559475	0.01216566
ASV_1018	0.02479	0.02009378	0.04486835	0.00940702
ASV_970	0.027139	0.058511971	0.008192264	0.014713269
ASV_793	0.027973	0.053503948	0.024366633	0.006047368
ASV_597	0.029539	0.02523788	0.03759798	0.02577965
ASV_769	0.037937	0.005745298	0.096573002	0.011493174
ASV_747	0.03194	0.01918915	0.04726585	0.02936577
ASV_926	0.026338	0.0000000000	0.0785663044	0.0004491394
ASV_1103	0.030476	0.01817458	0.05001678	0.02323758
ASV_1997	0.026992	0.04189062	0.01574559	0.02334049
ASV_827	0.030869	0.04394541	0.02915214	0.01950975
ASV_1104	0.026991	0.00000000	0.01010301	0.07087117
ASV_944	0.031733	0.02979292	0.02523189	0.04017546
ASV_791	0.028678	0.02124288	0.03440163	0.03038841
ASV_882	0.027396	0.03564299	0.03509035	0.01145417
ASV_959	0.03237	0.03262122	0.04050303	0.02398708
ASV_430	0.026489	0.007124052	0.024123587	0.048218869
ASV_890	0.033339	0.03106681	0.03713453	0.03181642
ASV_451	0.031062	0.01509987	0.03066121	0.04742390
ASV_790	0.027948	0.03439516	0.01476887	0.03468141
ASV_640	0.030818	0.02394650	0.04072242	0.02778455
ASV_923	0.029598	0.033498357	0.047682932	0.007613594
ASV_465	0.033372	0.02175948	0.04700254	0.03135525
ASV_660	0.030969	0.02552000	0.03967536	0.02771039
ASV_1272	0.028206	0.007909199	0.070834854	0.005872746
ASV_1019	0.031449	0.01611518	0.01066443	0.06756688
ASV_675	0.028685	0.03991690	0.01783404	0.02830388
ASV_895	0.029515	0.04151917	0.01979860	0.02722698
ASV_754	0.029203	0.03259592	0.03299950	0.02201282
ASV_1060	0.024075	0.03206610	0.02021890	0.01994125
ASV_1134	0.02447	0.0004829802	0.0000000000	0.0729274037
ASV_1182	0.042673	0.009733237	0.115270721	0.003015682
ASV_940	0.036158	0.0004109352	0.0492929488	0.0587701518
ASV_1025	0.024755	0.00000000	0.00000000	0.07426386
ASV_696	0.028826	0.02738436	0.03968941	0.01940388
ASV_963	0.026089	0.00000000	0.00000000	0.07826608
ASV_654	0.02765	0.03857138	0.03121973	0.01315849
ASV_1039	0.028954	0.01436246	0.03370709	0.03879365
ASV_699	0.028699	0.01571576	0.04370298	0.02667740
ASV_6779	0.027093	0.04286091	0.01823614	0.02018343
ASV_1271	0.023054	0.0612519870	0.0002419527	0.0076694859
ASV_174	0.03609	0.002748059	0.009468733	0.096051939
ASV_823	0.03062	0.02633738	0.02334509	0.04217719
ASV_839	0.028229	0.03341268	0.03450475	0.01676899
ASV_861	0.032115	0.03279056	0.04812515	0.01543019
ASV_1120	0.031689	0.04463067	0.03037497	0.02006202
ASV_911	0.026605	0.01125209	0.03696240	0.03160126
ASV_436	0.030684	0.007521916	0.057422390	0.027108256
ASV_552	0.032442	0.02820748	0.03509098	0.03402724
ASV_1198	0.037039	0.0000000000	0.0003767711	0.1107408912
ASV_1209	0.026682	0.02200108	0.02802241	0.03002169
ASV_1157	0.037217	0.0001230485	0.0018770998	0.1096494139
ASV_455	0.031286	0.03041864	0.01577207	0.04766724
ASV_644	0.028716	0.01818978	0.03080579	0.03715161
ASV_723	0.028525	0.03563699	0.01870806	0.03122859
ASV_1015	0.020479	0.04783365	0.01360474	0.00000000
ASV_1179	0.021423	0.0002462787	0.0551942032	0.0088289739
ASV_1191	0.030706	0.03450198	0.03126447	0.02635068
ASV_532	0.029107	0.049824098	0.035702745	0.001792816
ASV_914	0.027663	0.02340269	0.03513413	0.02445284
ASV_672	0.028531	0.02967039	0.03579728	0.02012639
ASV_1071	0.030002	0.001541564	0.074015017	0.014448096
ASV_707	0.028115	0.033858518	0.049933270	0.000554502
ASV_897	0.031952	0.01109178	0.08476547	0.00000000
ASV_813	0.025137	0.02306317	0.02141154	0.03093763
ASV_1479	0.027374	0.02657996	0.03854726	0.01699582
ASV_1283	0.029017	0.027352170	0.057245288	0.002454967
ASV_932	0.02767	0.03480803	0.02536499	0.02283673
ASV_700	0.030539	0.03791996	0.03351184	0.02018375
ASV_574	0.034737	0.02336296	0.05711960	0.02372795
ASV_1081	0.027126	0.04501388	0.01731111	0.01905332
ASV_1062	0.02656	0.059903965	0.013297505	0.006479282
ASV_1192	0.017013	0.049646024	0.001393977	0.000000000
ASV_602	0.02874	0.0000000000	0.0007125552	0.0855060618
ASV_980	0.027619	0.001753091	0.069846148	0.011257236
ASV_810	0.024276	0.023331391	0.007334585	0.042163067
ASV_868	0.024094	0.046092168	0.008588385	0.017602002
ASV_789	0.026703	0.02815270	0.02872289	0.02323409
ASV_1233	0.025986	0.04208648	0.01825617	0.01761486
ASV_615	0.030166	0.02709472	0.02898365	0.03441904
ASV_1140	0.016434	0.037906199	0.010084943	0.001309948
ASV_553	0.028	0.01552133	0.02494755	0.04353189
ASV_889	0.030822	0.033441833	0.004698596	0.054324434
ASV_1322	0.022719	0.02906183	0.03909658	0.00000000
ASV_375	0.027058	0.009210627	0.014033752	0.057930820
ASV_921	0.021724	0.04112057	0.01266769	0.01138329
ASV_1689	0.031372	0.081740098	0.008813153	0.003561967
ASV_888	0.029698	0.02157171	0.04191607	0.02560564
ASV_744	0.019944	0.000000000	0.001102652	0.058728990
ASV_1203	0.042996	0.005894206	0.000000000	0.123093977
ASV_1339	0.026702	0.01827954	0.03356161	0.02826436
ASV_2793	0.028652	0.03448886	0.02052340	0.03094367
ASV_548	0.027534	0.02545127	0.02633572	0.03081405
ASV_1178	0.027131	0.02466796	0.03121889	0.02550732
ASV_1023	0.031346	0.02874751	0.01849960	0.04679175
ASV_848	0.025061	0.018394193	0.007115429	0.049672232
ASV_665	0.025672	0.03011286	0.02305328	0.02384866
ASV_4601	0.029929	0.02749410	0.04024750	0.02204595
ASV_2180	0.026892	0.02776721	0.02565540	0.02725385
ASV_3112	0.026548	0.03410971	0.02393932	0.02159370
ASV_550	0.02311	0.000000000	0.008344521	0.060986001
ASV_610	0.026481	0.02488771	0.03076175	0.02379428
ASV_978	0.028378	0.064320871	0.012817914	0.007995753
ASV_281	0.030099	0.02603248	0.02667056	0.03759545
ASV_617	0.02729	0.02109895	0.03426917	0.02650253
ASV_843	0.024417	0.02140898	0.01730363	0.03453823
ASV_1654	0.029387	0.04002473	0.02443264	0.02370349
ASV_625	0.025309	0.03868050	0.02828209	0.00896534
ASV_820	0.026994	0.01449691	0.04529869	0.02118780
ASV_1527	0.025154	0.07546149	0.00000000	0.00000000
ASV_1411	0.019228	0.0002419843	0.0565297452	0.0009111801
ASV_472	0.027378	0.02521281	0.02236928	0.03455088
ASV_4109	0.027478	0.002044893	0.058125418	0.022263756
ASV_442	0.026145	0.04098129	0.01943739	0.01801536
ASV_503	0.024044	0.04852906	0.01258192	0.01102103
ASV_1043	0.023394	0.01394786	0.03333363	0.02289971
ASV_1447	0.020318	0.00000000	0.00000000	0.06095319
ASV_719	0.024109	0.03416378	0.01986036	0.01830177
ASV_1366	0.022696	0.048403966	0.011676686	0.008008343
ASV_1402	0.026571	0.02000518	0.04313001	0.01657864
ASV_1148	0.020783	0.0318828279	0.0001161019	0.0303508497
ASV_605	0.029098	0.03392198	0.03456937	0.01880273
ASV_716	0.024634	0.02338247	0.01601313	0.03450599
ASV_984	0.027843	0.00000000	0.04251091	0.04101701
ASV_502	0.040172	0.0074062728	0.0007356505	0.1123753901
ASV_306	0.029356	0.01118216	0.02226164	0.05462467
ASV_1156	0.029139	0.02608044	0.03721030	0.02412664
ASV_1566	0.032323	0.027296007	0.068232044	0.001441404
ASV_867	0.027533	0.0003913974	0.0084373781	0.0737698633
ASV_981	0.02326	0.01625514	0.02422953	0.02929559
ASV_929	0.025134	0.04741583	0.01151370	0.01647177
ASV_556	0.023289	0.01729302	0.01165450	0.04091877
ASV_433	0.02456	0.011925178	0.052627442	0.009127398
ASV_488	0.02375	0.03478630	0.01444445	0.02201944
ASV_1783	0.023712	0.002065084	0.049000428	0.020069610
ASV_1373	0.02678	0.001636631	0.030933929	0.047769716
ASV_1099	0.030867	0.023176493	0.066387833	0.003037195
ASV_1929	0.02785	0.02214794	0.02119262	0.04020905
ASV_248	0.025009	0.03166013	0.01250086	0.03086747
ASV_1011	0.026031	0.006454712	0.039718352	0.031918647
ASV_1279	0.025766	0.05441853	0.02288001	0.00000000
ASV_1361	0.029315	0.02539001	0.02700355	0.03555114
ASV_849	0.025087	0.002084689	0.033496425	0.039680824
ASV_902	0.02279	0.02047221	0.00827817	0.03961854
ASV_1400	0.021408	0.003284368	0.057034757	0.003904718
ASV_613	0.026652	0.041727211	0.031847110	0.006381599
ASV_1683	0.021336	0.059026875	0.004981408	0.000000000
ASV_3867	0.022861	0.004136827	0.005390008	0.059056687
ASV_1330	0.024801	0.01115265	0.06325127	0.00000000
ASV_1240	0.031565	0.0009827859	0.0629702353	0.0307432897
ASV_967	0.025672	0.03115710	0.01547461	0.03038288
ASV_1525	0.026103	0.001023783	0.056137498	0.021148066
ASV_833	0.023011	0.01953433	0.02528454	0.02421378
ASV_937	0.026863	0.019519270	0.008948966	0.052121185
ASV_1012	0.023216	0.031032403	0.005550966	0.033065372
ASV_910	0.026997	0.03603850	0.01820604	0.02674531
ASV_1462	0.024343	0.03595118	0.01562489	0.02145227
ASV_1033	0.027123	0.00000000	0.01354381	0.06782518
ASV_1489	0.027409	0.01953198	0.01465131	0.04804467
ASV_917	0.0266	0.007069958	0.024593766	0.048135535
ASV_1869	0.022225	0.045421377	0.014580612	0.006674307
ASV_1158	0.021795	0.031117542	0.029372642	0.004894256
ASV_1101	0.026726	0.02678907	0.04037720	0.01301245
ASV_308	0.023871	0.02056115	0.02201515	0.02903559
ASV_816	0.023548	0.036811866	0.027362628	0.006468358
ASV_987	0.023051	0.02670608	0.02247055	0.01997765
ASV_1078	0.028599	0.026019879	0.049858506	0.009919956
ASV_420	0.019558	0.023538475	0.003785615	0.031349987
ASV_763	0.025918	0.003978433	0.026299894	0.047475075
ASV_600	0.023784	0.01749733	0.01821943	0.03563377
ASV_1172	0.020652	0.01325560	0.02759501	0.02110565
ASV_9517	0.020911	0.02690040	0.02022614	0.01560558
ASV_1512	0.022438	0.003349058	0.060716835	0.003248092
ASV_507	0.023903	0.02039729	0.02463003	0.02668271
ASV_1235	0.029289	0.02439727	0.03108910	0.03238066
ASV_728	0.025868	0.01562310	0.02563056	0.03635161
ASV_954	0.023751	0.04254929	0.01593764	0.01276549
ASV_1307	0.02736	0.04366820	0.02301551	0.01539529
ASV_1127	0.022324	0.02353381	0.03014865	0.01328815
ASV_2121	0.035256	0.00367594	0.00000000	0.10209098
ASV_1277	0.019997	0.045100574	0.008878365	0.006013337
ASV_1382	0.021964	0.02668281	0.01082326	0.02838462
ASV_1503	0.023903	0.02862176	0.02315467	0.01993394
ASV_1145	0.023912	0.03486468	0.02162071	0.01525116
ASV_962	0.02328	0.00000000	0.00000000	0.06984085
ASV_1332	0.021979	0.000000000	0.056800282	0.009136928
ASV_903	0.023367	0.02547470	0.02251118	0.02211536
ASV_1342	0.020974	0.04155614	0.02136707	0.00000000
ASV_546	0.027139	0.02374258	0.04709364	0.01057947
ASV_1619	0.025858	0.03664802	0.02755350	0.01337374
ASV_1488	0.028432	0.002433293	0.035528631	0.047334776
ASV_876	0.028452	0.03408696	0.01542679	0.03584104
ASV_859	0.019418	0.000000000	0.005360294	0.052893391
ASV_1181	0.021741	0.052086858	0.003000812	0.010134180
ASV_1306	0.022851	0.03348279	0.01831148	0.01675748
ASV_626	0.020507	0.0031412182	0.0004968908	0.0578818735
ASV_1616	0.02327	0.040842630	0.028690915	0.000277251
ASV_2910	0.021615	0.028694526	0.031182499	0.004968914
ASV_1264	0.023878	0.005156848	0.054128791	0.012348393
ASV_474	0.025168	0.02079827	0.03599196	0.01871287
ASV_1098	0.024736	0.03112469	0.02413378	0.01894985
ASV_589	0.023713	0.04430308	0.01425534	0.01257951
ASV_1357	0.023928	0.01606599	0.05571679	0.00000000
ASV_1031	0.021866	0.02905371	0.02296675	0.01357853
ASV_1110	0.02063	0.03933806	0.01047025	0.01208052
ASV_918	0.023341	0.01049826	0.02765514	0.03186946
ASV_1132	0.023253	0.04597927	0.00000000	0.02378106
ASV_1222	0.027763	0.013829606	0.065832998	0.003625495
ASV_710	0.024116	0.02867351	0.01711874	0.02655484
ASV_832	0.026832	0.00772739	0.03579932	0.03696792
ASV_795	0.021718	0.03214984	0.01065452	0.02235024
ASV_601	0.02501	0.03391640	0.02142369	0.01969011
ASV_506	0.023721	0.001019549	0.018206650	0.051936823
ASV_1097	0.024304	0.004570234	0.068340476	0.000000000
ASV_1448	0.017445	0.00000000	0.00000000	0.05233372
ASV_1352	0.019092	0.007739552	0.042181859	0.007354607
ASV_736	0.02216	0.01697890	0.02481249	0.02469010
ASV_1257	0.019127	0.040624281	0.005129444	0.011625790
ASV_1252	0.029959	0.0002124658	0.0884185193	0.0012457023
ASV_1403	0.019344	0.026736369	0.002181573	0.029113382
ASV_1249	0.020568	0.051573529	0.004851276	0.005280257
ASV_858	0.022699	0.03212766	0.01786157	0.01810894
ASV_796	0.022684	0.032028852	0.033600181	0.002422933
ASV_1391	0.024436	0.009459368	0.009401993	0.054447144
ASV_1267	0.021167	0.02454232	0.01875411	0.02020507
ASV_968	0.026651	0.01278477	0.04203280	0.02513484
ASV_844	0.020114	0.0005882983	0.0114154208	0.0483381575
ASV_3316	0.022409	0.00000000	0.05422016	0.01300544
ASV_1022	0.02738	0.00732149	0.05444492	0.02037217
ASV_9030	0.029772	0.04260476	0.02128961	0.02542112
ASV_1344	0.023387	0.02863727	0.02234632	0.01917866
ASV_1199	0.025066	0.005785962	0.047903201	0.021508214
ASV_1230	0.020432	0.03101808	0.01569263	0.01458474
ASV_402	0.024826	0.008361033	0.060030224	0.006085594
ASV_933	0.020341	0.03320532	0.01335471	0.01446423
ASV_1505	0.021846	0.00000000	0.06553722	0.00000000
ASV_1218	0.015438	0.032922149	0.002255876	0.011135905
ASV_1395	0.024692	0.03016534	0.02215437	0.02175639
ASV_1212	0.019708	0.03103589	0.00980714	0.01827963
ASV_1886	0.019414	0.0074766822	0.0506006026	0.0001636297
ASV_808	0.025205	0.01207244	0.04787822	0.01566343
ASV_235	0.022543	0.006289306	0.013852147	0.047487582
ASV_855	0.023081	0.01358050	0.03959442	0.01606749
ASV_712	0.019624	0.03014821	0.01226572	0.01645947
ASV_1008	0.021987	0.02656206	0.02543491	0.01396262
ASV_1109	0.021225	0.02932509	0.01363350	0.02071642
ASV_1475	0.017412	0.000000000	0.002627983	0.049608157
ASV_1111	0.022917	0.019398410	0.043803232	0.005549347
ASV_1126	0.021737	0.029908459	0.032418373	0.002883148
ASV_2487	0.022734	0.052452993	0.005037849	0.010711178
ASV_862	0.023102	0.01622667	0.02208625	0.03099324
ASV_850	0.024425	0.01241531	0.04324910	0.01761099
ASV_916	0.024733	0.01983555	0.02756576	0.02679702
ASV_1142	0.022255	0.02267379	0.02433152	0.01975866
ASV_1747	0.023087	0.01720979	0.02974023	0.02231048
ASV_1590	0.021333	0.013080373	0.049009840	0.001908843
ASV_505	0.022506	0.02161895	0.01856813	0.02733073
ASV_924	0.020749	0.02160107	0.01843649	0.02221092
ASV_1073	0.014493	0.035775528	0.002579565	0.005123383
ASV_1483	0.018904	0.037358060	0.011916650	0.007438716
ASV_352	0.021901	0.02404025	0.02250698	0.01915471
ASV_870	0.021913	0.01979712	0.03075686	0.01518557
ASV_1309	0.020762	0.0620784760	0.0000000000	0.0002075447
ASV_2530	0.018288	0.02850427	0.01296574	0.01339362
ASV_1928	0.024304	0.02512657	0.02514182	0.02264239
ASV_1984	0.018055	0.038523865	0.013151406	0.002490691
ASV_1384	0.020367	0.02546254	0.02212296	0.01351403
ASV_2347	0.026404	0.0006324931	0.0767515029	0.0018284604
ASV_566	0.02055	0.02150579	0.00944152	0.03070296
ASV_1699	0.015222	0.000000000	0.044472757	0.001192996
ASV_1375	0.020148	0.0004124678	0.0004839053	0.0595480099
ASV_588	0.018677	0.038027174	0.005222863	0.012780088
ASV_1280	0.022251	0.02274360	0.02041712	0.02359105
ASV_798	0.022169	0.02286517	0.01329356	0.03034791
ASV_1392	0.023183	0.03549728	0.02643534	0.00761673
ASV_2532	0.01846	0.025646213	0.025389847	0.004343927
ASV_1687	0.015914	0.0003124424	0.0412749674	0.0061534473
ASV_1506	0.02186	0.0005003532	0.0217814030	0.0432977598
ASV_1343	0.022506	0.04117422	0.01311846	0.01322426
ASV_828	0.023284	0.02981700	0.02513772	0.01489636
ASV_1152	0.022203	0.03038636	0.01687027	0.01935295
ASV_1175	0.015534	0.031819508	0.001864486	0.012916997
ASV_1814	0.01855	0.01765759	0.01385341	0.02414008
ASV_1245	0.027073	0.01923561	0.03705577	0.02492837
ASV_771	0.017391	0.0353404951	0.0009076184	0.0159249691
ASV_846	0.020678	0.027050763	0.006136504	0.028847539
ASV_834	0.019953	0.033243511	0.018161973	0.008454471
ASV_794	0.025212	0.01477447	0.01704544	0.04381739
ASV_894	0.019244	0.01570005	0.01441376	0.02761962
ASV_1762	0.022083	0.02843324	0.02107795	0.01673730
ASV_731	0.021512	0.01163279	0.03840121	0.01450148
ASV_1253	0.023313	0.009001924	0.036278583	0.024658622
ASV_1446	0.017486	0.032129628	0.008205959	0.012122874
ASV_1162	0.019302	0.004097826	0.033065214	0.020743268
ASV_1149	0.019994	0.02359516	0.02456826	0.01181871
ASV_885	0.026564	0.00118293	0.02643585	0.05207377
ASV_1425	0.022784	0.02646250	0.02427874	0.01761158
ASV_919	0.023157	0.032606989	0.027790400	0.009072285
ASV_1059	0.022574	0.02341634	0.03261269	0.01169400
ASV_1186	0.021684	0.022112261	0.034546424	0.008393878
ASV_817	0.026963	0.006128801	0.054095735	0.020664664
ASV_1861	0.01831	0.0002124658	0.0378800956	0.0168383997
ASV_5699	0.025848	0.01913734	0.02659348	0.03181425
ASV_692	0.023392	0.008317035	0.032223323	0.029634864
ASV_1437	0.027307	0.0013470731	0.0002554996	0.0803198572
ASV_1938	0.019806	0.02143353	0.02547015	0.01251454
ASV_1351	0.016686	0.031096449	0.009923010	0.009037802
ASV_540	0.023453	0.01016257	0.02897193	0.03122552
ASV_1495	0.020567	0.01731981	0.02137238	0.02300886
ASV_524	0.019061	0.005513525	0.022755060	0.028915423
ASV_521	0.01847	0.02337693	0.01578019	0.01625289
ASV_953	0.019252	0.021768317	0.030697148	0.005290723
ASV_1420	0.01778	0.043622048	0.006043295	0.003673787
ASV_900	0.02157	0.016457279	0.047231177	0.001020885
ASV_1214	0.025353	0.020821845	0.047441074	0.007797219
ASV_992	0.019524	0.01827901	0.01699873	0.02329439
ASV_1750	0.018996	0.029122832	0.006080989	0.021785024
ASV_1221	0.017339	0.02664893	0.01020192	0.01516504
ASV_2352	0.019651	0.011265137	0.046213630	0.001474272
ASV_1691	0.022127	0.0003694181	0.0658737077	0.0001386255
ASV_623	0.020453	0.018005122	0.034851028	0.008502985
ASV_983	0.019849	0.026929548	0.030186511	0.002429898
ASV_683	0.018634	0.025912614	0.009793103	0.020197674
ASV_1672	0.01812	0.02881112	0.01222266	0.01332586
ASV_869	0.018833	0.000000000	0.050024086	0.006475012
ASV_1376	0.022184	0.0006114024	0.0015333746	0.0644081733
ASV_1693	0.016237	0.01958278	0.01697528	0.01215263
ASV_749	0.020427	0.026167866	0.001241389	0.033871348
ASV_838	0.020738	0.01698649	0.02716124	0.01806576
ASV_1219	0.023112	0.01638850	0.03371494	0.01923354
ASV_966	0.016545	0.0492270374	0.0000000000	0.0004087235
ASV_1589	0.019157	0.032798890	0.020099857	0.004572896
ASV_1125	0.012051	0.027735574	0.005077285	0.003341288
ASV_746	0.025229	0.02354481	0.03816305	0.01398040
ASV_907	0.019056	0.01875215	0.02335278	0.01506309
ASV_1833	0.024306	0.0012116993	0.0710825404	0.0006228512
ASV_379	0.016765	0.022831472	0.005634579	0.021827994
ASV_586	0.016968	0.02827824	0.01046987	0.01215693
ASV_743	0.019228	0.01779685	0.01202271	0.02786590
ASV_1116	0.021219	0.058464215	0.002938106	0.002254437
ASV_1232	0.01517	0.016997623	0.024672226	0.003838873
ASV_1643	0.019044	0.02636133	0.03077025	0.00000000
ASV_475	0.021083	0.004139712	0.016769099	0.042340001
ASV_863	0.019934	0.01404774	0.01854606	0.02720883
ASV_5503	0.019145	0.045135488	0.002213969	0.010086026
ASV_1782	0.018452	0.0023140519	0.0522796216	0.0007616319
ASV_758	0.022326	0.00000000	0.04093826	0.02604010
ASV_922	0.02488	0.005395185	0.042503470	0.026741485
ASV_564	0.021607	0.03308080	0.02132592	0.01041294
ASV_957	0.019111	0.02238814	0.01718136	0.01776318
ASV_1153	0.021048	0.01485904	0.02903488	0.01924954
ASV_1686	0.018573	0.0161551586	0.0390694158	0.0004949161
ASV_429	0.021765	0.03317583	0.01671706	0.01540065
ASV_1636	0.01889	0.03230408	0.01503759	0.00932827
ASV_1696	0.01787	0.015316971	0.031092347	0.007199955
ASV_1529	0.016882	0.01219754	0.02649813	0.01194913
ASV_1055	0.021974	0.007225219	0.013938252	0.044759425
ASV_905	0.019046	0.02155903	0.01248344	0.02309654
ASV_1000	0.019592	0.01374042	0.02409337	0.02094227
ASV_678	0.019378	0.004436027	0.005400019	0.048297838
ASV_1065	0.016058	0.01624359	0.01180455	0.02012512
ASV_1656	0.01773	0.00000000	0.05319098	0.00000000
ASV_2247	0.018302	0.0316788782	0.0226370057	0.0005903989
ASV_1014	0.017004	0.025496885	0.009054706	0.016461404
ASV_824	0.020431	0.032159359	0.019582561	0.009551112
ASV_1521	0.01859	0.02545273	0.02573797	0.00457949
ASV_1593	0.02053	0.00958186	0.02313296	0.02887627
ASV_1776	0.020193	0.01284919	0.03701681	0.01071360
ASV_686	0.019147	0.01305264	0.02325738	0.02113196
ASV_739	0.020334	0.01505507	0.01421723	0.03172907
ASV_1075	0.015887	0.017391572	0.022329446	0.007941088
ASV_1868	0.024072	0.0140036158	0.0580999694	0.0001122849
ASV_1623	0.015464	0.03042701	0.01596498	0.00000000
ASV_782	0.018375	0.018672991	0.028529238	0.007921818
ASV_708	0.025465	0.006800942	0.033763853	0.035829775
ASV_228	0.018159	0.031640629	0.017673720	0.005162406
ASV_1077	0.020514	0.02800566	0.02323935	0.01029715
ASV_1117	0.015654	0.027917069	0.001222767	0.017823105
ASV_1407	0.02056	0.01926291	0.01680204	0.02561441
ASV_799	0.01883	0.02068065	0.02239110	0.01341776
ASV_1582	0.018291	0.00000000	0.01593854	0.03893371
ASV_330	0.018882	0.02328368	0.01841435	0.01494734
ASV_899	0.017409	0.02123684	0.01681028	0.01417895
ASV_4067	0.016147	0.01983482	0.01212742	0.01647821
ASV_1639	0.019563	0.0023132809	0.0562597690	0.0001170198
ASV_2022	0.020445	0.03184493	0.01527215	0.01421811
ASV_1188	0.01729	0.029122327	0.014140060	0.008608049
ASV_8263	0.015644	0.000584855	0.008610118	0.037736227
ASV_1504	0.017886	0.004474314	0.041556003	0.007629012
ASV_1624	0.017768	0.0008415219	0.0524619211	0.0000000000
ASV_717	0.021237	0.005600201	0.032356414	0.025753717
ASV_1007	0.018309	0.02000527	0.01728178	0.01764142
ASV_1476	0.016833	0.032675887	0.013860429	0.003961919
ASV_913	0.017677	0.00000000	0.01198619	0.04104472
ASV_1289	0.019016	0.01967295	0.02398174	0.01339270
ASV_2143	0.018119	0.000400382	0.048146983	0.005809676
ASV_611	0.0184	0.023224733	0.022246282	0.009727561
ASV_715	0.013109	0.0000000000	0.0003576538	0.0389695105
ASV_1234	0.019857	0.014976473	0.034933215	0.009662645
ASV_1237	0.016561	0.032661736	0.005964733	0.011055915
ASV_1383	0.018691	0.0251769494	0.0303887957	0.0005071157
ASV_732	0.014673	0.022253845	0.014280544	0.007485777
ASV_819	0.019037	0.01110883	0.02812216	0.01787867
ASV_856	0.017255	0.024790213	0.008616271	0.018358641
ASV_936	0.017478	0.01831617	0.01671919	0.01739911
ASV_1128	0.018856	0.035193002	0.011426317	0.009949464
ASV_1061	0.019178	0.035205629	0.006843758	0.015483415
ASV_759	0.021152	0.01963673	0.02263760	0.02118168
ASV_543	0.01852	0.01426796	0.01016539	0.03112553
ASV_1204	0.018848	0.03996889	0.00234694	0.01422835
ASV_1629	0.016149	0.020477877	0.018666877	0.009301999
ASV_783	0.018369	0.01207800	0.01192393	0.03110635
ASV_2901	0.02232	0.008008486	0.054130432	0.004821573
ASV_947	0.01919	0.03308860	0.01271538	0.01176658
ASV_1173	0.01818	0.036088428	0.015250818	0.003202021
ASV_4807	0.018522	0.0001984694	0.0191018057	0.0362654191
ASV_1456	0.013134	0.000000	0.039401	0.000000
ASV_1599	0.017031	0.004945121	0.006858031	0.039290538
ASV_1634	0.015036	0.007337822	0.036631504	0.001139781
ASV_999	0.018726	0.021070425	0.007460815	0.027646659
ASV_1066	0.022386	0.006489649	0.041963953	0.018703585
ASV_974	0.017315	0.001301395	0.010747658	0.039895660
ASV_1646	0.020256	0.007243326	0.016361971	0.037162538
ASV_3872	0.019483	0.02285467	0.01766742	0.01792678
ASV_1379	0.017526	0.02771930	0.01272560	0.01213266
ASV_1778	0.016119	0.028090671	0.013159850	0.007107961
ASV_977	0.017278	0.02400347	0.01190328	0.01592591
ASV_1360	0.018468	0.00000000	0.01664586	0.03875825
ASV_1090	0.016892	0.037812738	0.006140804	0.006721740
ASV_1677	0.015231	0.016996955	0.019825761	0.008869328
ASV_1610	0.015144	0.021341874	0.017103409	0.006987241
ASV_952	0.019115	0.015052178	0.032310795	0.009981642
ASV_1287	0.01735	0.020474741	0.005529581	0.026047177
ASV_1167	0.018032	0.02329586	0.01671572	0.01408403
ASV_767	0.017192	0.049097773	0.001425110	0.001053178
ASV_943	0.018753	0.01300328	0.02435823	0.01889810
ASV_1072	0.022785	0.00842875	0.01405368	0.04587117
ASV_1174	0.014336	0.025019067	0.008520971	0.009469422
ASV_1592	0.014794	0.031916391	0.004670072	0.007796154
ASV_1749	0.02442	0.018667229	0.051054364	0.003537872
ASV_2683	0.020702	0.0005372074	0.0603866143	0.0011830421
ASV_909	0.021614	0.01830971	0.02875716	0.01777412
ASV_2706	0.0154	0.02386566	0.01173012	0.01060372
ASV_639	0.021667	0.001229568	0.063772795	0.000000000
ASV_645	0.020402	0.02464070	0.01902401	0.01754079
ASV_1435	0.020941	0.007473897	0.035970217	0.019379057
ASV_1291	0.018029	0.01263030	0.01934839	0.02210714
ASV_6742	0.017267	0.034568956	0.010868167	0.006365363
ASV_1986	0.017757	0.0026412027	0.0501049525	0.0005252964
ASV_2050	0.021586	0.0135265423	0.0008300333	0.0504013635
ASV_365	0.018863	0.02208481	0.01742187	0.01708296
ASV_1303	0.015641	0.020510761	0.009815255	0.016598136
ASV_1679	0.014247	0.030450953	0.006171758	0.006117465
ASV_688	0.015416	0.000000000	0.003375883	0.042873025
ASV_935	0.016683	0.0000000000	0.0492896064	0.0007600555
ASV_1633	0.020155	0.009956081	0.039809262	0.010699450
ASV_941	0.016332	0.000000000	0.004861136	0.044136133
ASV_2466	0.0217	0.012015494	0.049716667	0.003366759
ASV_1363	0.018955	0.01648440	0.01156561	0.02881578
ASV_1659	0.016458	0.002716346	0.022640754	0.024015536
ASV_408	0.021976	0.008403209	0.024117489	0.033407594
ASV_513	0.013608	0.029413302	0.003774913	0.007635371
ASV_702	0.016334	0.035021208	0.001788269	0.012191668
ASV_1551	0.0162	0.02461028	0.01262387	0.01136501
ASV_1898	0.015477	0.024261245	0.008429565	0.013739688
ASV_2076	0.012552	0.00000000	0.03765524	0.00000000
ASV_253	0.020005	0.002476321	0.025156810	0.032381181
ASV_803	0.017482	0.01771717	0.01744412	0.01728402
ASV_1292	0.01857	0.01079028	0.01356114	0.03135966
ASV_1452	0.019264	0.02060444	0.01863595	0.01855135
ASV_1694	0.012939	0.007222323	0.006381973	0.025211899
ASV_1225	0.017192	0.001828570	0.042015631	0.007731677
ASV_1159	0.021158	0.011889583	0.009596912	0.041987362
ASV_1102	0.018197	0.01588117	0.02766952	0.01104047
ASV_1731	0.019813	0.006030596	0.017303560	0.036105908
ASV_4379	0.020196	0.01015244	0.01077244	0.03966273
ASV_2790	0.019201	0.042406440	0.007831338	0.007365904
ASV_1907	0.017596	0.049941720	0.002845898	0.000000000
ASV_976	0.015842	0.01382254	0.01153140	0.02217161
ASV_879	0.018378	0.01756251	0.01972451	0.01784635
ASV_1426	0.015811	0.008021366	0.007571533	0.031841429
ASV_1883	0.015945	0.00000000	0.00000000	0.04783376
ASV_786	0.024962	0.019951307	0.051784930	0.003148718
ASV_1079	0.017825	0.01150576	0.02311030	0.01885833
ASV_1380	0.018709	0.01917859	0.03694875	0.00000000
ASV_2042	0.018885	0.01765426	0.02144263	0.01755786
ASV_1615	0.014588	0.015170799	0.004170446	0.024421591
ASV_1548	0.01482	0.026138032	0.003503568	0.014819273
ASV_1644	0.015337	0.01746308	0.01713468	0.01141436
ASV_1327	0.014809	0.001802766	0.011145372	0.031479386
ASV_1396	0.017658	0.03652675	0.00000000	0.01644640
ASV_3664	0.024854	0.00000000	0.02653885	0.04802335
ASV_973	0.018493	0.01143411	0.01327875	0.03076744
ASV_1183	0.015911	0.02169094	0.01026081	0.01578008
ASV_928	0.019895	0.01707445	0.02108656	0.02152282
ASV_2280	0.015892	0.002512216	0.005644252	0.039519473
ASV_1365	0.015721	0.01164256	0.01109642	0.02442273
ASV_1534	0.02647	0.001534364	0.071489902	0.006385820
ASV_1722	0.013215	0.029632980	0.005637463	0.004374913
ASV_1088	0.015293	0.009198321	0.007929326	0.028752017
ASV_1315	0.016652	0.009019687	0.010394376	0.030541585
ASV_1587	0.016389	0.029975621	0.006521714	0.012668487
ASV_1027	0.017266	0.002110662	0.017959867	0.031727445
ASV_729	0.016842	0.01146353	0.01396818	0.02509334
ASV_3085	0.013896	0.021288678	0.005944889	0.014455716
ASV_1377	0.012818	0.017934975	0.003322828	0.017195975
ASV_1313	0.01677	0.029273339	0.008936338	0.012100763
ASV_1298	0.013709	0.011858827	0.005327445	0.023939289
ASV_1685	0.014446	0.022997507	0.003409329	0.016930503
ASV_2556	0.014154	0.001526468	0.011693570	0.029242346
ASV_1206	0.016688	0.01463849	0.01972460	0.01570141
ASV_1730	0.015893	0.0001117893	0.0000000000	0.0475662620
ASV_714	0.016699	0.01588900	0.01091424	0.02329363
ASV_6827	0.018166	0.005544874	0.038586391	0.010365779
ASV_1450	0.014605	0.029954514	0.004069000	0.009790597
ASV_1734	0.016425	0.01650067	0.03277433	0.00000000
ASV_875	0.016595	0.016595462	0.029271191	0.003918452
ASV_2219	0.017258	0.01759897	0.02197529	0.01220053
ASV_1888	0.016754	0.008264683	0.039699023	0.002297311
ASV_2009	0.023373	0.004270428	0.059837870	0.006010549
ASV_1631	0.014091	0.024408250	0.005661204	0.012204950
ASV_877	0.015094	0.02605400	0.00599383	0.01323468
ASV_1013	0.018147	0.006668832	0.032779860	0.014991684
ASV_1439	0.010582	0.022507557	0.001875785	0.007361443
ASV_1213	0.01587	0.02632102	0.01062612	0.01066150
ASV_2037	0.015549	0.02932022	0.01732825	0.00000000
ASV_1275	0.014924	0.01586198	0.01600490	0.01290452
ASV_1895	0.018478	0.003884874	0.047022922	0.004525750
ASV_2234	0.018015	0.006772755	0.026916338	0.020354917
ASV_1564	0.020523	0.02480656	0.02243871	0.01432464
ASV_1957	0.015378	0.032074269	0.007028088	0.007030420
ASV_172	0.019297	0.007150463	0.015893393	0.034847623
ASV_1041	0.015054	0.01291014	0.01681157	0.01543985
ASV_9745	0.015764	0.015432155	0.029091540	0.002769235
ASV_1215	0.015688	0.016448377	0.020906685	0.009708923
ASV_1892	0.016268	0.013470955	0.029654202	0.005679392
ASV_1516	0.014046	0.028099658	0.011800717	0.002238938
ASV_1681	0.014861	0.021964134	0.013895358	0.008722597
ASV_643	0.0184	0.02414003	0.01996568	0.01109524
ASV_1440	0.014785	0.002074482	0.024762813	0.017516741
ASV_2220	0.016263	0.02144043	0.01263347	0.01471576
ASV_1827	0.014459	0.018865459	0.006971823	0.017539200
ASV_9611	0.010649	0.020767773	0.002864476	0.008315883
ASV_520	0.017277	0.02261367	0.01715682	0.01206065
ASV_985	0.015904	0.023354322	0.006947886	0.017410942
ASV_1138	0.016312	0.002723399	0.019421431	0.026790166
ASV_1293	0.015132	0.01780276	0.01645185	0.01114051
ASV_1274	0.017321	0.01705931	0.01769340	0.01720960
ASV_2012	0.018472	0.001665589	0.005598012	0.048150956
ASV_2374	0.022298	0.00332815	0.01537578	0.04818902
ASV_847	0.014891	0.025454315	0.005184884	0.014034921
ASV_1367	0.015286	0.022029614	0.018789413	0.005039567
ASV_1597	0.018312	0.018468524	0.027512287	0.008955605
ASV_7105	0.016884	0.027006882	0.014418696	0.009225054
ASV_1481	0.015516	0.02163665	0.01478769	0.01012486
ASV_1707	0.01718	0.032893724	0.009373829	0.009272958
ASV_2153	0.013764	0.015396538	0.004970822	0.020924417
ASV_335	0.021003	0.001227221	0.035636052	0.026146390
ASV_621	0.02023	0.01185388	0.03679512	0.01204018
ASV_1311	0.017413	0.008165562	0.031062916	0.013009056
ASV_979	0.017519	0.003728986	0.022177084	0.026651934
ASV_1260	0.016316	0.022518889	0.022302627	0.004127728
ASV_1328	0.022991	0.008667668	0.055642808	0.004663145
ASV_1423	0.015099	0.00000000	0.03001417	0.01528143
ASV_1226	0.013551	0.024942973	0.007726543	0.007982287
ASV_1676	0.014638	0.026011829	0.009254681	0.008647417
ASV_1753	0.012932	0.015490587	0.005090288	0.018214597
ASV_1171	0.016881	0.004599967	0.015310944	0.030730815
ASV_1176	0.014345	0.0004430992	0.0021067508	0.0404848751
ASV_1640	0.016861	0.019978936	0.008776428	0.021828594
ASV_1410	0.013762	0.025008010	0.006298378	0.009979756
ASV_2122	0.017526	0.040595431	0.001968083	0.010013056
ASV_1848	0.013329	0.013737704	0.020328462	0.005919723
ASV_1805	0.015676	0.0454368673	0.0003562776	0.0012350439
ASV_501	0.01587	0.01547372	0.01710485	0.01503223
ASV_912	0.015275	0.017747005	0.018798494	0.009278641
ASV_1451	0.016317	0.004783856	0.020066369	0.024099655
ASV_2472	0.016802	0.003734967	0.044774019	0.001898067
ASV_5223	0.015563	0.019355065	0.009903172	0.017431057
ASV_297	0.014751	0.017377368	0.003189258	0.023687038
ASV_830	0.016355	0.01275895	0.02479519	0.01151094
ASV_965	0.01505	0.01598439	0.01353495	0.01562957
ASV_1669	0.013621	0.00000000	0.00968068	0.03118089
ASV_1647	0.013655	0.024291075	0.014613346	0.002061468
ASV_1276	0.01679	0.01167825	0.02271099	0.01598109
ASV_2890	0.014727	0.01605349	0.01594119	0.01218485
ASV_1570	0.015477	0.000000000	0.006175884	0.040254132
ASV_1726	0.015295	0.01449917	0.01681708	0.01456775
ASV_1812	0.016784	0.02225240	0.01907644	0.00902465
ASV_1702	0.016545	0.005990888	0.018615572	0.025030039
ASV_1432	0.01745	0.014182367	0.030907847	0.007258541
ASV_1422	0.013812	0.017645095	0.020630758	0.003159353
ASV_1436	0.012365	0.00000000	0.00000000	0.03709481
ASV_1036	0.016764	0.01519632	0.02074858	0.01434644
ASV_2101	0.01897	0.004333529	0.031312025	0.021265632
ASV_1398	0.017108	0.008777792	0.029065039	0.013479912
ASV_1526	0.016538	0.01164049	0.02169316	0.01627951
ASV_2124	0.014507	0.039532417	0.002145923	0.001841187
ASV_1867	0.012287	0.011658596	0.005803192	0.019399740
ASV_666	0.016514	0.02557610	0.00000000	0.02396563
ASV_3595	0.011302	0.019608561	0.012524361	0.001773258
ASV_2074	0.017029	0.018123097	0.024228706	0.008735064
ASV_2072	0.015102	0.019926960	0.024329240	0.001049502
ASV_2070	0.019242	0.000000000	0.055127851	0.002598685
ASV_1937	0.014727	0.039918076	0.001649966	0.002612721
ASV_1925	0.012593	0.012654499	0.009822251	0.015303407
ASV_1575	0.017135	0.01604320	0.01163164	0.02372882
ASV_1791	0.014837	0.00000000	0.04450957	0.00000000
ASV_2469	0.015296	0.030568507	0.007216488	0.008101814
ASV_2873	0.019287	0.007504204	0.007513415	0.042843525
ASV_1049	0.014493	0.022381930	0.011579052	0.009518909
ASV_1743	0.015381	0.021144926	0.017900723	0.007098542
ASV_2073	0.012378	0.027697349	0.003252938	0.006183102
ASV_1779	0.015015	0.024765725	0.005600059	0.014678605
ASV_647	0.014236	0.035268263	0.003635841	0.003804932
ASV_1454	0.01674	0.00000000	0.03339543	0.01682588
ASV_1444	0.01644	0.01076304	0.01114477	0.02741317
ASV_1337	0.014821	0.004290577	0.014985763	0.025186212
ASV_1202	0.0209	0.008637192	0.035504079	0.018558769
ASV_1404	0.015116	0.009772159	0.022448259	0.013127044
ASV_1482	0.016598	0.006129842	0.004541937	0.039123335
ASV_989	0.021031	0.024946469	0.009977564	0.028167560
ASV_6471	0.017191	0.011577515	0.034281742	0.005712642
ASV_1390	0.015452	0.024337833	0.015675283	0.006342373
ASV_1915	0.014068	0.032146064	0.006049986	0.004008174
ASV_682	0.018576	0.01072736	0.02589779	0.01910383
ASV_1960	0.015386	0.01311941	0.01312527	0.01991214
ASV_2096	0.014017	0.00000000	0.04205175	0.00000000
ASV_1649	0.01643	0.02520242	0.01061291	0.01347409
ASV_1246	0.014201	0.01094384	0.01150557	0.02015430
ASV_1458	0.016134	0.01928062	0.01666997	0.01245071
ASV_1958	0.015059	0.009366032	0.026942710	0.008869174
ASV_865	0.016497	0.01656529	0.01761975	0.01530611
ASV_1258	0.02052	0.001882192	0.031666805	0.028011589
ASV_1720	0.013016	0.000000000	0.000737628	0.038310281
ASV_3950	0.017385	0.03106257	0.01092264	0.01017032
ASV_439	0.015178	0.00000000	0.01053656	0.03499736
ASV_3617	0.015076	0.02017169	0.01279895	0.01225668
ASV_5866	0.020087	0.02293806	0.02664103	0.01068046
ASV_1388	0.013198	0.014883583	0.007110411	0.017600003
ASV_8232	0.015619	0.009104891	0.016292249	0.021458528
ASV_1719	0.015507	0.02201852	0.01404584	0.01045759
ASV_1965	0.013692	0.0001879162	0.0004956753	0.0403912151
ASV_1397	0.013337	0.018001538	0.012305446	0.009703885
ASV_2225	0.016528	0.0007202510	0.0479778507	0.0008869257
ASV_2216	0.013061	0.0001984694	0.0010299888	0.0379539075
ASV_2123	0.016653	0.0483689558	0.0009385643	0.0006501030
ASV_1875	0.014613	0.032842401	0.006863331	0.004133643
ASV_1932	0.011943	0.03582997	0.00000000	0.00000000
ASV_1009	0.016552	0.01040231	0.01954346	0.01971092
ASV_1348	0.01474	0.02073795	0.01193886	0.01154247
ASV_1513	0.015393	0.02024714	0.01280393	0.01312908
ASV_1034	0.015721	0.018307385	0.002394285	0.026460397
ASV_1393	0.014841	0.01426843	0.01698102	0.01327362
ASV_5169	0.015843	0.021034940	0.016903462	0.009590075
ASV_1533	0.011115	0.031677551	0.001666717	0.000000000
ASV_948	0.015913	0.02233478	0.01008738	0.01531561
ASV_1706	0.017281	0.01346096	0.02792243	0.01045903
ASV_1612	0.016737	0.01880318	0.01423573	0.01717279
ASV_2137	0.011833	0.0020616884	0.0007348257	0.0327035439
ASV_1852	0.01143	0.00059050	0.00000000	0.03369854
ASV_2054	0.01527	0.035658570	0.005975190	0.004176167
ASV_975	0.014906	0.023487371	0.004389273	0.016842133
ASV_3010	0.018753	0.01772789	0.02746696	0.01106511
ASV_1660	0.013964	0.01097498	0.02684025	0.00407796
ASV_2092	0.014281	0.0355388710	0.0065783028	0.0007261531
ASV_735	0.015883	0.004125084	0.014863395	0.028661024
ASV_883	0.016513	0.006270131	0.019424292	0.023845308
ASV_2131	0.014819	0.034529742	0.007827816	0.002099871
ASV_1897	0.010845	0.00000000	0.00000000	0.03253365
ASV_2066	0.015866	0.002831855	0.033276147	0.011489483
ASV_1457	0.012752	0.00000000	0.00796581	0.03028988
ASV_1385	0.016211	0.01502373	0.02195448	0.01165386
ASV_1299	0.014222	0.019350152	0.017655729	0.005659518
ASV_1723	0.01506	0.01123010	0.02022259	0.01372640
ASV_1662	0.011167	0.029593605	0.001123634	0.002783964
ASV_1785	0.013683	0.035617228	0.003513665	0.001918797
ASV_276	0.021124	0.009608802	0.042227325	0.011535156
ASV_1541	0.014986	0.01824010	0.01176899	0.01494864
ASV_2094	0.011789	0.027912821	0.007454399	0.000000000
ASV_2086	0.012596	0.01997712	0.00000000	0.01781180
ASV_878	0.015059	0.021257688	0.014745985	0.009174522
ASV_1742	0.013889	0.018038416	0.016189766	0.007438493
ASV_1803	0.008674	0.024398180	0.000000000	0.001623597
ASV_1331	0.023213	0.01192119	0.03842126	0.01929554
ASV_1531	0.018955	0.006488198	0.036381430	0.013996617
ASV_1555	0.016622	0.01131663	0.02527168	0.01327657
ASV_1661	0.012752	0.00000000	0.03825527	0.00000000
ASV_1728	0.017002	0.035344681	0.012942436	0.002717887
ASV_1256	0.013072	0.012492361	0.005342445	0.021381567
ASV_1334	0.013434	0.017760134	0.013177156	0.009365698
ASV_2927	0.016481	0.007110597	0.035639165	0.006694029
ASV_1695	0.01521	0.01737126	0.01343264	0.01482609
ASV_3035	0.011878	0.01318070	0.01008802	0.01236664
ASV_986	0.016478	0.01089183	0.02239421	0.01614840
ASV_1874	0.014385	0.0259449577	0.0162094299	0.0009995837
ASV_1413	0.012812	0.01307224	0.01223809	0.01312575
ASV_1591	0.013317	0.008361573	0.017201539	0.014386774
ASV_1552	0.01331	0.01212929	0.01716822	0.01063352
ASV_1601	0.015212	0.01406367	0.01691212	0.01466147
ASV_1955	0.013583	0.023535497	0.005755613	0.011458836
ASV_1106	0.01575	0.01188772	0.01445697	0.02090406
ASV_9677	0.019654	0.01670354	0.01728670	0.02497095
ASV_1645	0.014657	0.016554108	0.019527915	0.007890123
ASV_2019	0.011467	0.028206731	0.004981923	0.001212430
ASV_2512	0.014599	0.006800596	0.020267899	0.016728888
ASV_1069	0.012673	0.023718215	0.003670936	0.010629202
ASV_2783	0.012331	0.017530137	0.007447709	0.012015948
ASV_1594	0.016321	0.027685142	0.014275026	0.007003118
ASV_1557	0.013901	0.017056816	0.007520704	0.017124284
ASV_1668	0.013343	0.009889322	0.012318758	0.017821615
ASV_1901	0.012093	0.0144016329	0.0006420195	0.0212351648
ASV_2191	0.013542	0.0009621390	0.0393532699	0.0003115032
ASV_1170	0.01639	0.022552541	0.005299933	0.021316691
ASV_1490	0.015442	0.014648372	0.022655573	0.009023253
ASV_7186	0.014884	0.023810088	0.011137743	0.009704647
ASV_1605	0.014235	0.009181964	0.027206852	0.006317468
ASV_2189	0.01348	0.028682826	0.009667339	0.002088464
ASV_1620	0.013005	0.017668626	0.008527043	0.012819647
ASV_1927	0.015123	0.0105203846	0.0005982303	0.0342496623
ASV_1860	0.010851	0.022076528	0.004446363	0.006029462
ASV_6544	0.015765	0.003749589	0.017726358	0.025818449
ASV_1063	0.016104	0.018540717	0.009045757	0.020726662
ASV_3662	0.014588	0.01065299	0.01752834	0.01558258
ASV_2301	0.014787	0.007117543	0.011795157	0.025448136
ASV_1802	0.013737	0.009088605	0.016609104	0.015512014
ASV_1855	0.012759	0.01357286	0.01022266	0.01448088
ASV_1086	0.01391	0.016125163	0.008990247	0.016613367
ASV_1329	0.015812	0.01167835	0.02015506	0.01560143
ASV_1429	0.014855	0.0214342911	0.0222863171	0.0008444324
ASV_9433	0.015986	0.008288695	0.037411638	0.002258427
ASV_656	0.016895	0.007588519	0.029540247	0.013557448
ASV_8058	0.01441	0.022151780	0.006982223	0.014097225
ASV_9016	0.020149	0.01145171	0.02274181	0.02625229
ASV_1857	0.012833	0.027089867	0.005486340	0.005923404
ASV_2422	0.01363	0.025107449	0.009003598	0.006779554
ASV_2095	0.013357	0.001895894	0.016526368	0.021647480
ASV_1718	0.016497	0.01879564	0.01007030	0.02062432
ASV_1336	0.014132	0.01296083	0.01817489	0.01126029
ASV_1642	0.012335	0.019214608	0.006662567	0.011126975
ASV_1607	0.012151	0.01315503	0.00408429	0.01921316
ASV_2156	0.012981	0.0236977571	0.0146575966	0.0005861552
ASV_2005	0.013138	0.032732478	0.002760710	0.003919515
ASV_1962	0.012943	0.027282585	0.004006869	0.007540587
ASV_594	0.014322	0.00000000	0.04296576	0.00000000
ASV_1468	0.014441	0.01520860	0.01147034	0.01664506
ASV_1419	0.014688	0.027719172	0.008580584	0.007764252
ASV_1652	0.014188	0.01206562	0.01659679	0.01390056
ASV_1394	0.016543	0.007122773	0.030189750	0.012315680
ASV_1093	0.013392	0.016385388	0.015941285	0.007849085
ASV_1037	0.009462	0.0276238787	0.0007627007	0.0000000000
ASV_7584	0.01752	0.01536741	0.02091864	0.01627503
ASV_1913	0.011551	0.001219009	0.000000000	0.033434912
ASV_2026	0.011492	0.024230519	0.001936723	0.008308408
ASV_1980	0.010703	0.0064322168	0.0007806981	0.0248967895
ASV_818	0.013557	0.011528096	0.024679702	0.004462191
ASV_2517	0.011852	0.008234598	0.012838534	0.014482163
ASV_1908	0.014538	0.01120594	0.01425984	0.01814845
ASV_6449	0.012482	0.004018602	0.031608460	0.001817453
ASV_2181	0.012518	0.0306465845	0.0002787954	0.0066275351
ASV_2006	0.014507	0.003726882	0.007034964	0.032758351
ASV_1538	0.010081	0.00000000	0.00000000	0.03024159
ASV_1345	0.010976	0.03292676	0.00000000	0.00000000
ASV_1651	0.01303	0.017766608	0.009369188	0.011954156
ASV_1688	0.012756	0.020372132	0.013281988	0.004613998
ASV_1150	0.014701	0.01329632	0.01389053	0.01691596
ASV_1618	0.014325	0.01287475	0.01405139	0.01604958
ASV_2498	0.013164	0.01468523	0.01145571	0.01335081
ASV_7310	0.010395	0.0249820527	0.0053384983	0.0008647786
ASV_337	0.010803	0.00000000	0.00000000	0.03240954
ASV_479	0.014233	0.0007758216	0.0263957144	0.0155276262
ASV_995	0.013524	0.015723615	0.008611153	0.016236068
ASV_857	0.013941	0.019189615	0.007805694	0.014827995
ASV_2350	0.014352	0.01388043	0.01474485	0.01443083
ASV_2085	0.023194	0.001699726	0.065702566	0.002180522
ASV_1284	0.012752	0.019650960	0.006499968	0.012104395
ASV_1824	0.011913	0.008105390	0.004540955	0.023093824
ASV_3187	0.015192	0.0424953777	0.0027251664	0.0003552168
ASV_2520	0.011631	0.023689176	0.002971122	0.008231626
ASV_1243	0.014133	0.01314482	0.01241904	0.01683633
ASV_1507	0.014859	0.006132151	0.027084768	0.011359378
ASV_2293	0.014109	0.018694982	0.007554256	0.016078341
ASV_1834	0.016201	0.008209563	0.025261959	0.015132741
ASV_1974	0.012473	0.00000000	0.03741845	0.00000000
ASV_1121	0.011677	0.0008469449	0.0000000000	0.0341826654
ASV_2267	0.013822	0.007984189	0.022924359	0.010558357
ASV_1231	0.018075	0.0000000000	0.0003873447	0.0538374783
ASV_1769	0.012718	0.004825529	0.020693267	0.012634845
ASV_1956	0.011205	0.000000000	0.007740106	0.025876278
ASV_2256	0.0111	0.010778478	0.004007238	0.018514564
ASV_2047	0.010819	0.000000000	0.028499475	0.003957444
ASV_2004	0.009379	0.0220846060	0.0054365099	0.0006163405
ASV_2211	0.015505	0.015061831	0.025884021	0.005569752
ASV_1608	0.014042	0.010421619	0.022884476	0.008818899
ASV_1870	0.011358	0.018248091	0.009939980	0.005886677
ASV_2003	0.011378	0.028294454	0.001831458	0.004008992
ASV_2192	0.013249	0.0000000000	0.0006961849	0.0390493172
ASV_1765	0.015232	0.000000000	0.006577038	0.039119528
ASV_2204	0.014435	0.000400382	0.041474731	0.001429481
ASV_2028	0.009032	0.01070143	0.01639332	0.00000000
ASV_2055	0.012327	0.018916743	0.007084792	0.010978670
ASV_650	0.014096	0.012709401	0.006374353	0.023203964
ASV_1510	0.01333	0.01393462	0.01577143	0.01028521
ASV_2001	0.011123	0.0199072077	0.0004521144	0.0130090481
ASV_1317	0.013256	0.01296052	0.01513209	0.01167404
ASV_1297	0.013183	0.01167228	0.01041015	0.01746594
ASV_1496	0.013567	0.020142324	0.014679197	0.005880395
ASV_1637	0.013591	0.01080845	0.01126405	0.01870146
ASV_2749	0.013689	0.002583545	0.035388284	0.003096539
ASV_8452	0.011835	0.018471873	0.008352061	0.008681851
ASV_1083	0.018127	0.00114190	0.04301291	0.01022624
ASV_1190	0.015195	0.01136316	0.01903143	0.01519091
ASV_1835	0.01086	0.025797099	0.005033119	0.001749430
ASV_1445	0.012728	0.013934371	0.014385944	0.009863498
ASV_4013	0.013699	0.003181109	0.031188589	0.006727274
ASV_756	0.014852	0.01279858	0.01535639	0.01640036
ASV_1350	0.009484	0.00000000	0.00000000	0.02845258
ASV_1338	0.013429	0.008980104	0.008555730	0.022750722
ASV_2439	0.012761	0.005714752	0.010709308	0.021858055
ASV_2297	0.012829	0.005583044	0.015406414	0.017498671
ASV_1005	0.012728	0.008979034	0.013625444	0.015579800
ASV_1269	0.012326	0.000400382	0.034636491	0.001940757
ASV_1466	0.013791	0.021010184	0.011805414	0.008556751
ASV_1626	0.014062	0.011023416	0.009181591	0.021979703
ASV_3821	0.015263	0.01635213	0.01166042	0.01777573
ASV_2091	0.012738	0.03821301	0.00000000	0.00000000
ASV_2274	0.016151	0.00000000	0.04845184	0.00000000
ASV_1542	0.014841	0.01129238	0.01770191	0.01552980
ASV_1880	0.013418	0.018654408	0.006980426	0.014619889
ASV_1638	0.01129	0.001392165	0.000000000	0.032476898
ASV_1850	0.013154	0.013450734	0.006154825	0.019855649
ASV_2464	0.013702	0.019918824	0.014692721	0.006493279
ASV_2375	0.011876	0.02379615	0.01183231	0.00000000
ASV_1906	0.011445	0.013657088	0.008531102	0.012147867
ASV_2424	0.011647	0.0330627133	0.0006135542	0.0012634383
ASV_768	0.017278	0.004916864	0.020663333	0.026254349
ASV_1994	0.013657	0.01199278	0.01659316	0.01238641
ASV_9863	0.013868	0.01205882	0.01002826	0.01951572
ASV_2884	0.010587	0.018121517	0.006832410	0.006807452
ASV_2442	0.016033	0.0021113086	0.0453818015	0.0006045469
ASV_2049	0.011083	0.013389492	0.004476376	0.015383245
ASV_2273	0.01122	0.0256593714	0.0072403230	0.0007616319
ASV_2362	0.011446	0.00000000	0.03433654	0.00000000
ASV_1114	0.01265	0.013183730	0.016720137	0.008047545
ASV_1485	0.013811	0.0375891812	0.0034107164	0.0004321868
ASV_1819	0.012877	0.032645936	0.004042614	0.001942754
ASV_1760	0.014019	0.01390740	0.01173629	0.01641398
ASV_4189	0.009485	0.0231643223	0.0046812156	0.0006083757
ASV_1433	0.014268	0.015075856	0.019542788	0.008186298
ASV_1810	0.009604	0.018610827	0.002123868	0.008077850
ASV_2130	0.012505	0.00589572	0.01498092	0.01663729
ASV_1922	0.011165	0.022406329	0.001382483	0.009707538
ASV_7110	0.013776	0.004303008	0.009706686	0.027318198
ASV_2146	0.00844	0.0250993487	0.0002199105	0.0000000000
ASV_1528	0.014325	0.01089377	0.02194755	0.01013223
ASV_2328	0.013409	0.01672111	0.01097186	0.01253408
ASV_1951	0.015762	0.007868565	0.022820649	0.016595835
ASV_2102	0.012744	0.006247155	0.015433922	0.016550115
ASV_529	0.013618	0.001324062	0.010044423	0.029484035
ASV_1244	0.012221	0.025666936	0.004327010	0.006669784
ASV_1418	0.014307	0.006215437	0.015703289	0.021000900
ASV_1884	0.016202	0.008083534	0.008235800	0.032286822
ASV_278	0.014013	0.01867219	0.01107564	0.01229115
ASV_485	0.013966	0.0005945194	0.0180275933	0.0232753789
ASV_1095	0.012639	0.009611752	0.018199802	0.010106457
ASV_1362	0.011933	0.01018935	0.01227083	0.01333988
ASV_1716	0.01159	0.014183055	0.007170364	0.013417974
ASV_1381	0.012017	0.013113585	0.006762242	0.016176647
ASV_2045	0.013439	0.01234891	0.01161839	0.01634991
ASV_1979	0.011352	0.00000000	0.02236804	0.01168825
ASV_2406	0.011664	0.00576923	0.01309089	0.01613258
ASV_3502	0.012638	0.00000000	0.03791425	0.00000000
ASV_781	0.014837	0.00000000	0.00087125	0.04363924
ASV_1147	0.011568	0.004099483	0.002827764	0.027775408
ASV_2258	0.01169	0.014794184	0.006001794	0.014274042
ASV_2075	0.007585	0.0225289477	0.0000000000	0.0002245697
ASV_499	0.012813	0.025302791	0.003118279	0.010017255
ASV_1314	0.012045	0.011727870	0.015505488	0.008900892
ASV_1294	0.011558	0.01102186	0.01232934	0.01132320
ASV_1667	0.012907	0.013215706	0.016975160	0.008531039
ASV_1903	0.008804	0.020915656	0.003849181	0.001647398
ASV_1430	0.013296	0.014730415	0.006972398	0.018183722
ASV_7779	0.011824	0.014087019	0.013727713	0.007657849
ASV_1764	0.011968	0.016489110	0.012590904	0.006824525
ASV_1756	0.013123	0.016359482	0.018597516	0.004412628
ASV_2676	0.013747	0.008492358	0.022113942	0.010633719
ASV_3724	0.009762	0.019024501	0.008655046	0.001606765
ASV_5661	0.014889	0.00506810	0.02872926	0.01087003
ASV_1885	0.012698	0.012081123	0.017523811	0.008488363
ASV_2063	0.014284	0.01591079	0.01538596	0.01155484
ASV_2624	0.012481	0.004582119	0.008796983	0.024062534
ASV_2245	0.010939	0.029349386	0.003468668	0.000000000
ASV_2358	0.01225	0.017375267	0.008714502	0.010661036
ASV_2260	0.009452	0.0006219185	0.0000000000	0.0277337003
ASV_925	0.012421	0.01192916	0.01250017	0.01283423
ASV_1050	0.012327	0.01092164	0.01211880	0.01393956
ASV_1717	0.01167	0.01252594	0.01100936	0.01147448
ASV_1950	0.013465	0.009425861	0.009309784	0.021660007
ASV_3150	0.009791	0.019019009	0.005853957	0.004499374
ASV_2246	0.012468	0.007385691	0.015373045	0.014646475
ASV_1347	0.012115	0.01371756	0.01170752	0.01091850
ASV_1467	0.014358	0.005772728	0.021347218	0.015953479
ASV_1666	0.011736	0.017190979	0.007130504	0.010887374
ASV_2223	0.006848	0.02054412	0.00000000	0.00000000
ASV_1464	0.013583	0.009027925	0.021659593	0.010062976
ASV_2505	0.012232	0.031296630	0.002302913	0.003095984
ASV_1169	0.013792	0.0000000000	0.0407679007	0.0006093797
ASV_2184	0.012122	0.005392792	0.015236835	0.015736432
ASV_2396	0.014602	0.007710627	0.013223662	0.022871072
ASV_2426	0.012582	0.009589379	0.028156788	0.000000000
ASV_2575	0.013348	0.008931621	0.005808171	0.025305307
ASV_6072	0.012044	0.032538855	0.002326262	0.001267068
ASV_770	0.016163	0.011217414	0.031656978	0.005614557
ASV_2257	0.009802	0.010118982	0.015410809	0.003875167
ASV_2569	0.013199	0.016282658	0.013859906	0.009454853
ASV_1653	0.014435	0.013405129	0.025239507	0.004660427
ASV_1067	0.012043	0.01012784	0.01234028	0.01365986
ASV_1509	0.013385	0.006742570	0.032115411	0.001296675
ASV_3418	0.011819	0.016012586	0.009199337	0.010246473
ASV_2331	0.007995	0.018357857	0.004362314	0.001265566
ASV_4343	0.012523	0.007965217	0.015626208	0.013976404
ASV_2154	0.011567	0.026387667	0.003759855	0.004552569
ASV_2127	0.010106	0.015763040	0.002291609	0.012262809
ASV_2622	0.0113	0.024499419	0.007366164	0.002033350
ASV_2955	0.010225	0.013870810	0.012402271	0.004401055
ASV_1082	0.008193	0.020236651	0.001303346	0.003039597
ASV_1477	0.011921	0.016860065	0.014193786	0.004708611
ASV_1577	0.011174	0.006643341	0.006157193	0.020720682
ASV_1600	0.011246	0.019834903	0.008667912	0.005236628
ASV_2100	0.013542	0.013362240	0.022326864	0.004937175
ASV_1800	0.012747	0.016557345	0.018950588	0.002732587
ASV_1729	0.012825	0.0000000000	0.0001161019	0.0383575249
ASV_2145	0.009578	0.012765197	0.011395293	0.004574591
ASV_2169	0.013541	0.017498090	0.015297393	0.007828329
ASV_969	0.012041	0.0122833303	0.0007610644	0.0230785432
ASV_1733	0.014907	0.01310777	0.01267848	0.01893437
ASV_2789	0.011189	0.021977321	0.010054897	0.001534194
ASV_2577	0.011979	0.0002124658	0.0271522150	0.0085724692
ASV_2546	0.010026	0.007908411	0.003090111	0.019079960
ASV_950	0.011747	0.010590616	0.006571877	0.018077189
ASV_1216	0.012975	0.01146425	0.01100845	0.01645310
ASV_1774	0.012756	0.005442097	0.021330871	0.011494806
ASV_2336	0.015747	0.006566876	0.006453806	0.034220734
ASV_1701	0.00971	0.014222437	0.005003359	0.009904709
ASV_1872	0.010955	0.0220908378	0.0099231139	0.0008513076
ASV_2205	0.009163	0.005692202	0.002337255	0.019460644
ASV_800	0.009737	0.0004446219	0.0000000000	0.0287658144
ASV_2115	0.013862	0.007982943	0.024816875	0.008786428
ASV_1794	0.011141	0.013776056	0.009693901	0.009951943
ASV_2288	0.010019	0.003324763	0.001788956	0.024943897
ASV_1621	0.012063	0.021800768	0.009982522	0.004404895
ASV_2138	0.017924	0.007661688	0.044508379	0.001601856
ASV_1751	0.012634	0.023760882	0.004611996	0.009529837
ASV_2281	0.010666	0.016284068	0.008560659	0.007153544
ASV_2334	0.011026	0.018417562	0.008507462	0.006152673
ASV_1438	0.01071	0.0293416272	0.0008275944	0.0019594183
ASV_1904	0.008464	0.0249547017	0.0000000000	0.0004364916
ASV_2367	0.012788	0.01194758	0.01514896	0.01126860
ASV_2174	0.012391	0.021538294	0.005223211	0.010411532
ASV_2353	0.010407	0.028235309	0.001420455	0.001566590
ASV_2934	0.009111	0.02733341	0.00000000	0.00000000
ASV_864	0.011901	0.0007388362	0.0247613863	0.0102033669
ASV_958	0.011492	0.009033552	0.004774803	0.020668934
ASV_1242	0.011799	0.005465414	0.013566977	0.016364942
ASV_2678	0.013263	0.0006736547	0.0299900675	0.0091240285
ASV_1549	0.010772	0.021687794	0.007211708	0.003415320
ASV_1838	0.011187	0.009783375	0.012332038	0.011445429
ASV_2218	0.013693	0.007524592	0.008927717	0.024627573
ASV_1228	0.013871	0.012432724	0.006624621	0.022556878
ASV_2117	0.009768	0.005077252	0.010701043	0.013524425
ASV_1578	0.011624	0.00000000	0.01741557	0.01745698
ASV_2222	0.010321	0.01133697	0.01116348	0.00846112
ASV_2093	0.011529	0.014020188	0.009011073	0.011555098
ASV_1787	0.011732	0.013889246	0.015416901	0.005889885
ASV_2460	0.008897	0.0158979849	0.0004877035	0.0103052186
ASV_2284	0.011546	0.011688414	0.013715148	0.009235589
ASV_1569	0.012568	0.00885933	0.01867248	0.01017326
ASV_1200	0.012164	0.0004249316	0.0088280755	0.0272380720
ASV_1792	0.01358	0.013539524	0.021137687	0.006063332
ASV_1500	0.012577	0.015042077	0.013478813	0.009209238
ASV_8056	0.016006	0.003905155	0.001534063	0.042577831
ASV_2032	0.018815	0.00000000	0.03902951	0.01741661
ASV_1944	0.009628	0.0052236836	0.0001915092	0.0234677014
ASV_1849	0.009623	0.019420567	0.003169451	0.006277532
ASV_2233	0.011724	0.001034071	0.006736052	0.027401116
ASV_2363	0.017537	0.0000000000	0.0003483058	0.0522620593
ASV_1155	0.010325	0.001009787	0.015027886	0.014938682
ASV_1786	0.011988	0.012561813	0.015190405	0.008211639
ASV_2027	0.013117	0.016434332	0.008335229	0.014581104
ASV_2195	0.011379	0.017315347	0.012128633	0.004691997
ASV_1853	0.009819	0.018749776	0.005240035	0.005467222
ASV_2612	0.010028	0.017643869	0.009109615	0.003331489
ASV_2400	0.008227	0.017524536	0.002446445	0.004708994
ASV_1602	0.012801	0.004730899	0.018663599	0.015007849
ASV_1933	0.01048	0.022628007	0.000000000	0.008813039
ASV_1953	0.008915	0.012348987	0.009579907	0.004816987
ASV_1971	0.00942	0.015237780	0.005544834	0.007476977
ASV_2479	0.011007	0.016638983	0.002749066	0.013632519
ASV_3340	0.008676	0.000000000	0.002681267	0.023347045
ASV_2664	0.010385	0.011840591	0.012854530	0.006460008
ASV_693	0.008844	0.01321078	0.00000000	0.01332046
ASV_3139	0.011779	0.016226781	0.009788308	0.009321345
ASV_1704	0.011388	0.023493917	0.009326368	0.001342684
ASV_4575	0.012377	0.015090111	0.004990452	0.017051465
ASV_2000	0.01192	0.001214088	0.004940212	0.029604266
ASV_2179	0.009584	0.0000000000	0.0004644078	0.0282878106
ASV_1963	0.009191	0.007918235	0.003523397	0.016131970
ASV_1408	0.011264	0.012516065	0.001272256	0.020004897
ASV_1682	0.010451	0.0002124658	0.0007891518	0.0303514278
ASV_2046	0.01021	0.011720158	0.006963068	0.011947241
ASV_2286	0.011556	0.002559847	0.028300693	0.003808501
ASV_1165	0.012653	0.014180310	0.007586581	0.016193483
ASV_1498	0.011243	0.014253841	0.013940113	0.005535458
ASV_1878	0.013104	0.006352326	0.020844251	0.012114662
ASV_1678	0.011999	0.01151328	0.01268197	0.01180038
ASV_3634	0.011839	0.017153056	0.008559912	0.009802547
ASV_2248	0.011755	0.0116612314	0.0002322039	0.0233718580
ASV_2615	0.01033	0.019226793	0.003252487	0.008509644
ASV_6266	0.010379	0.01398459	0.01715358	0.00000000
ASV_2299	0.011741	0.0003368274	0.0104713454	0.0244138505
ASV_1058	0.011511	0.020633133	0.011508158	0.002392919
ASV_1519	0.010538	0.01225848	0.01379675	0.00555854
ASV_2335	0.017624	0.00000000	0.01150944	0.04136111
ASV_2324	0.011068	0.001569232	0.003355238	0.028279181
ASV_949	0.010903	0.012118012	0.015267222	0.005323873
ASV_2193	0.011093	0.017881378	0.010380045	0.005016122
ASV_2007	0.009126	0.008600625	0.011428853	0.007349010
ASV_2816	0.009193	0.001209921	0.003400980	0.022969300
ASV_2634	0.011801	0.002518579	0.016648511	0.016234706
ASV_2278	0.013425	0.016076967	0.018686293	0.005510448
ASV_1196	0.012895	0.016004446	0.009385778	0.013296268
ASV_1801	0.010882	0.009853551	0.000000000	0.022791952
ASV_1709	0.011117	0.007634968	0.015655129	0.010060322
ASV_2580	0.010748	0.014879118	0.006214552	0.011149046
ASV_2617	0.01189	0.002295528	0.032099967	0.001275807
ASV_2627	0.01018	0.0278874543	0.0007316902	0.0019198688
ASV_1220	0.010958	0.004034101	0.007713233	0.021127408
ASV_1421	0.01245	0.01271430	0.00901491	0.01561943
ASV_1632	0.010614	0.009166933	0.009605970	0.013068044
ASV_2097	0.013111	0.013989731	0.016068773	0.009273868
ASV_2039	0.011558	0.005384970	0.023551604	0.005736122
ASV_2201	0.010121	0.01193028	0.01713634	0.00129656
ASV_2241	0.008218	0.010127237	0.001610961	0.012915730
ASV_1250	0.009881	0.002195229	0.000000000	0.027447849
ASV_1261	0.011921	0.005125021	0.008995507	0.021641787
ASV_1563	0.009886	0.010403872	0.010164670	0.009088785
ASV_1568	0.011011	0.01435145	0.00000000	0.01868033
ASV_1864	0.009927	0.010803647	0.010286430	0.008690478
ASV_2471	0.010874	0.012273663	0.006909951	0.013439456
ASV_2194	0.010757	0.005994899	0.017892603	0.008383498
ASV_1473	0.010994	0.0012146547	0.0309605997	0.0008053455
ASV_3433	0.010058	0.007896332	0.011168496	0.011108160
ASV_2099	0.010018	0.005659773	0.004976675	0.019418825
ASV_1931	0.010086	0.019876533	0.005812885	0.004569412
ASV_2170	0.012389	0.004727448	0.016034125	0.016406882
ASV_3070	0.007705	0.00000000	0.02311382	0.00000000
ASV_1035	0.009569	0.025444197	0.000000000	0.003261355
ASV_1757	0.011868	0.010521513	0.018516623	0.006566115
ASV_1923	0.012387	0.004113733	0.026080632	0.006965355
ASV_4957	0.01187	0.009224729	0.011013397	0.015370742
ASV_2283	0.011641	0.004654869	0.008461734	0.021806231
ASV_4306	0.011737	0.020528537	0.009890695	0.004791410
ASV_2270	0.010722	0.015860105	0.011223337	0.005081235
ASV_2814	0.008931	0.013101402	0.010302006	0.003388367
ASV_2361	0.011024	0.001221635	0.025370471	0.006479145
ASV_1628	0.010816	0.002467925	0.026125404	0.003854233
ASV_1735	0.010865	0.007693964	0.012577380	0.012324655
ASV_1952	0.011358	0.011253017	0.012894909	0.009927207
ASV_2304	0.009554	0.001981845	0.003580279	0.023100710
ASV_2486	0.009762	0.02928722	0.00000000	0.00000000
ASV_1546	0.011777	0.015508338	0.003608394	0.016214966
ASV_3832	0.01617	0.001483898	0.042693278	0.004332910
ASV_2437	0.0104	0.019922313	0.005884505	0.005391920
ASV_2128	0.01344	0.000000000	0.003767534	0.036552634
ASV_2411	0.008915	0.008981693	0.009658361	0.008106298
ASV_1001	0.010565	0.022454394	0.004638942	0.004601690
ASV_1540	0.009106	0.01728282	0.00000000	0.01003431
ASV_1550	0.010051	0.012551034	0.015302614	0.002299079
ASV_8063	0.012166	0.003345679	0.022335309	0.010816282
ASV_1544	0.010525	0.001789839	0.016918309	0.012867165
ASV_3564	0.011283	0.008894822	0.009520075	0.015435072
ASV_2746	0.010478	0.01926836	0.01216622	0.00000000
ASV_344	0.0088	0.005915377	0.001905503	0.018578847
ASV_898	0.010313	0.013172367	0.012888636	0.004877191
ASV_1460	0.01207	0.0150837310	0.0001161019	0.0210098436
ASV_2264	0.010079	0.0112597405	0.0184163272	0.0005607191
ASV_2277	0.01133	0.011018696	0.009904098	0.013066099
ASV_2303	0.009182	0.021249651	0.002149856	0.004146485
ASV_2762	0.010958	0.00000000	0.03287254	0.00000000
ASV_939	0.010194	0.017836992	0.005170881	0.007573212
ASV_1042	0.011773	0.01175836	0.01073307	0.01282702
ASV_1703	0.010656	0.014055311	0.006644493	0.011267086
ASV_2402	0.012309	0.00751349	0.01612690	0.01328637
ASV_2339	0.010576	0.029940573	0.001788269	0.000000000
ASV_3034	0.014013	0.004181688	0.005354920	0.032502572
ASV_2593	0.016396	0.000123043	0.049066365	0.000000000
ASV_1905	0.010872	0.021966107	0.006852834	0.003797162
ASV_1675	0.009629	0.007619375	0.019666919	0.001601370
ASV_2038	0.011255	0.003328338	0.013029507	0.017407913
ASV_1820	0.011059	0.005181433	0.017739118	0.010256577
ASV_1767	0.01058	0.000000000	0.027311882	0.004427992
ASV_2879	0.010861	0.014354378	0.014228051	0.004001827
ASV_3121	0.009161	0.016169768	0.003151419	0.008161853
ASV_3262	0.011078	0.008559641	0.014010489	0.010663571
ASV_2689	0.011777	0.00824680	0.01110783	0.01597623
ASV_1141	0.009496	0.001023783	0.000139237	0.027324231
ASV_1166	0.010913	0.010232858	0.009399735	0.013106562
ASV_2921	0.011792	0.003834150	0.025279111	0.006263271
ASV_1807	0.009357	0.013483878	0.010922269	0.003664986
ASV_2196	0.010831	0.016019976	0.009367944	0.007106549
ASV_2543	0.009201	0.011816375	0.009978876	0.005809189
ASV_2869	0.012103	0.025881122	0.009874534	0.000554502
ASV_3759	0.011659	0.021983221	0.008087384	0.004906844
ASV_1217	0.011582	0.017016426	0.008315343	0.009412986
ASV_1346	0.011433	0.012016721	0.005282245	0.017000013
ASV_1910	0.010544	0.013709269	0.015475109	0.002448352
ASV_1789	0.011211	0.01163554	0.01112386	0.01087498
ASV_1655	0.009703	0.013903001	0.009242923	0.005962374
ASV_2016	0.009104	0.017964886	0.006211245	0.003134945
ASV_4401	0.010814	0.0085885261	0.0234818003	0.0003712468
ASV_2987	0.010483	0.0308260299	0.0000000000	0.0006230064
ASV_2360	0.008017	0.02405244	0.00000000	0.00000000
ASV_2425	0.009305	0.0188354018	0.0003813503	0.0086991790
ASV_2614	0.013885	0.0025736473	0.0009226973	0.0381580536
ASV_463	0.015186	0.002430154	0.026348565	0.016778385
ASV_982	0.011291	0.007497289	0.019462049	0.006913530
ASV_1614	0.01047	0.016176647	0.011340983	0.003891032
ASV_1798	0.009643	0.019675168	0.004507363	0.004745255
ASV_7958	0.011489	0.00338153	0.01972900	0.01135696
ASV_2261	0.012437	0.011681547	0.018422985	0.007207639
ASV_2089	0.009519	0.013370405	0.010449177	0.004738125
ASV_2359	0.010817	0.011226725	0.014995304	0.006227845
ASV_2147	0.010083	0.003734855	0.010453530	0.016059880
ASV_2740	0.008848	0.009037696	0.011240541	0.006266170
ASV_2544	0.009577	0.023745405	0.000000000	0.004986268
ASV_2848	0.009922	0.004383207	0.020960212	0.004421283
ASV_1278	0.010012	0.006096555	0.011973368	0.011964654
ASV_1455	0.011294	0.009281879	0.015308527	0.009292905
ASV_1522	0.010798	0.0130387576	0.0003873447	0.0189670056
ASV_2079	0.010657	0.004047298	0.016835993	0.011088976
ASV_7906	0.017764	0.0004249316	0.0524510839	0.0004152341
ASV_9604	0.012665	0.015399419	0.016171983	0.006423592
ASV_2415	0.010588	0.009039152	0.008328156	0.014398138
ASV_2354	0.01053	0.006828427	0.018999795	0.005762052
ASV_2292	0.009985	0.007530362	0.013645781	0.008778177
ASV_3090	0.013945	0.000000	0.041835	0.000000
ASV_1107	0.011112	0.018112319	0.002508259	0.012714947
ASV_1168	0.007322	0.0205264906	0.0011155651	0.0003245645
ASV_1443	0.009574	0.016024062	0.006803433	0.005893571
ASV_1641	0.011838	0.003987249	0.029072422	0.002453689
ASV_2011	0.009213	0.013661836	0.007343021	0.006634949
ASV_2185	0.010522	0.00000000	0.03156566	0.00000000
ASV_3014	0.011519	0.008122183	0.017672582	0.008763131
ASV_9722	0.010695	0.009421133	0.019193131	0.003469332
ASV_2459	0.008378	0.017181984	0.003138104	0.004813858
ASV_997	0.009699	0.004738658	0.001353324	0.023005907
ASV_1136	0.010397	0.0006182183	0.0020550997	0.0285171982
ASV_1752	0.010816	0.005175226	0.023354948	0.003917551
ASV_1775	0.010354	0.014197880	0.004998914	0.011864853
ASV_2590	0.01017	0.022235939	0.004304704	0.003970139
ASV_2405	0.008629	0.010163727	0.011724588	0.003999699
ASV_2423	0.009511	0.022363711	0.004516344	0.001652152
ASV_3498	0.009814	0.0007046951	0.0149222619	0.0138157930
ASV_2804	0.007772	0.0213173947	0.0009600831	0.0010380957
ASV_3088	0.010051	0.014366242	0.006280298	0.009505453
ASV_2588	0.010123	0.018589130	0.007597375	0.004183764
ASV_22	0.013477	0.0002245516	0.0361632870	0.0040422550
ASV_1586	0.010944	0.0023626756	0.0003562776	0.0301118655
ASV_1502	0.010617	0.009734668	0.017575820	0.004541282
ASV_1565	0.010367	0.002955756	0.009684664	0.018459154
ASV_1611	0.011806	0.010464287	0.016216531	0.008738234
ASV_2839	0.008321	0.0239786061	0.0003309069	0.0006545188
ASV_1164	0.012963	0.005278744	0.021360461	0.012250660
ASV_2527	0.011806	0.002657037	0.025983419	0.006777769
ASV_1358	0.008471	7.368111e-05	0.000000e+00	2.533903e-02
ASV_2508	0.008099	0.0000000000	0.0003830185	0.0239131733
ASV_2548	0.009875	0.000000000	0.009872515	0.019753529
ASV_2502	0.008505	0.008310606	0.001414113	0.015791524
ASV_2521	0.008874	0.0257590797	0.0002784740	0.0005833217
ASV_2813	0.01152	0.01269015	0.00750051	0.01437027
ASV_1635	0.007446	0.00000000	0.00000000	0.02233881
ASV_2144	0.009722	0.011615337	0.004255821	0.013293971
ASV_5797	0.010173	0.010813095	0.010481374	0.009224034
ASV_3230	0.010456	0.025940683	0.003477453	0.001949604
ASV_2644	0.008581	0.02574449	0.00000000	0.00000000
ASV_2525	0.009838	0.020897213	0.001940503	0.006675085
ASV_319	0.008668	0.0205580665	0.0046494993	0.0007956053
ASV_492	0.011196	0.006976222	0.021794588	0.004816880
ASV_651	0.011287	0.002159981	0.015064312	0.016635359
ASV_1255	0.009232	0.012749887	0.006473757	0.008472875
ASV_1978	0.009453	0.012130650	0.014320453	0.001908843
ASV_2048	0.008738	0.017035634	0.001513475	0.007665456
ASV_2080	0.010124	0.007726076	0.017778699	0.004866087
ASV_3972	0.008474	0.006643763	0.006083176	0.012694676
ASV_2871	0.01042	0.0003847496	0.0274438505	0.0034302818
ASV_2431	0.010277	0.008181842	0.007945257	0.014704168
ASV_2878	0.018816	0.0043208730	0.0005453505	0.0515826139
ASV_3274	0.009872	0.020181994	0.002812474	0.006622481
ASV_2950	0.010667	0.00820127	0.01234372	0.01145640
ASV_673	0.011628	0.006559043	0.018006257	0.010318919
ASV_1003	0.008023	0.015210199	0.006218313	0.002639696
ASV_1056	0.011451	0.00405299	0.01683466	0.01346452
ASV_2044	0.008996	0.0000000000	0.0003873447	0.0266004537
ASV_4638	0.009052	0.0000000000	0.0268092738	0.0003462426
ASV_2188	0.009496	0.019880727	0.002966901	0.005641521
ASV_2309	0.01044	0.005445281	0.017294728	0.008579628
ASV_2540	0.008834	0.019555028	0.003552032	0.003394386
ASV_2564	0.009976	0.004217203	0.009337234	0.016374217
ASV_3114	0.010206	0.00000000	0.03061869	0.00000000
ASV_1459	0.009207	0.007357801	0.009696510	0.010567078
ASV_1239	0.007978	0.0005793136	0.0008793930	0.0224755313
ASV_1406	0.01182	0.003038938	0.016626885	0.015795114
ASV_1572	0.009527	0.006543165	0.010286514	0.011750509
ASV_4698	0.011045	0.005074892	0.024907766	0.003150950
ASV_2648	0.009361	0.008590406	0.001048283	0.018443594
ASV_2613	0.013294	0.01294277	0.01507675	0.01186152
ASV_2438	0.00665	0.014549000	0.003613408	0.001788254
ASV_2511	0.008657	0.01407480	0.00240755	0.00948976
ASV_2973	0.008076	0.014129845	0.004077495	0.006019553
ASV_2773	0.010826	0.016370131	0.008403870	0.007704589
ASV_3383	0.01073	0.030989597	0.001200058	0.000000000
ASV_2707	0.009696	0.02759869	0.00149020	0.00000000
ASV_687	0.009855	0.012102218	0.011599153	0.005862737
ASV_1374	0.012504	0.002463983	0.020374886	0.014671907
ASV_2574	0.01015	0.005377072	0.004871502	0.020200119
ASV_2310	0.00723	0.012918855	0.002361846	0.006410620
ASV_2496	0.008885	0.0000000000	0.0003576538	0.0262968474
ASV_2454	0.008251	0.0176668650	0.0006944441	0.0063923049
ASV_1092	0.012328	0.010062513	0.021033094	0.005889891
ASV_2971	0.009801	0.007139909	0.005257514	0.017005873
ASV_2317	0.00998	0.0204478870	0.0009723724	0.0085194853
ASV_2681	0.010039	0.0119911114	0.0173807351	0.0007455781
ASV_2730	0.011301	0.003115657	0.019978746	0.010808710
ASV_1387	0.009069	0.01300489	0.00102396	0.01317879
ASV_2111	0.010676	0.00445424	0.01737603	0.01019815
ASV_2008	0.00909	0.009929593	0.006919921	0.010420542
ASV_3841	0.011053	0.008265225	0.007844473	0.017049354
ASV_2558	0.011045	0.00714263	0.01280742	0.01318556
ASV_2885	0.010724	0.010520783	0.013067681	0.008582875
ASV_554	0.008696	0.011922854	0.005106376	0.009059300
ASV_2071	0.01197	0.013448692	0.008786337	0.013675966
ASV_1843	0.009465	0.010039770	0.008017935	0.010338398
ASV_3436	0.010011	0.006585252	0.007530999	0.015917554
ASV_2519	0.010356	0.005057155	0.019275624	0.006735662
ASV_3317	0.010082	0.002110662	0.026315302	0.001819449
ASV_2394	0.008912	0.011743304	0.008290793	0.006700721
ASV_2812	0.009992	0.009781981	0.010047879	0.010146411
ASV_1028	0.009528	0.005414509	0.009282124	0.013888119
ASV_1492	0.011508	0.011338001	0.014419142	0.008766202
ASV_1268	0.006767	0.017721755	0.001004439	0.001574300
ASV_3138	0.011447	0.005864158	0.018032675	0.010443876
ASV_2314	0.009698	0.010483652	0.008958337	0.009651357
ASV_1924	0.008857	0.01220385	0.00000000	0.01436808
ASV_2461	0.010299	0.004113454	0.013373895	0.013408870
ASV_8979	0.010804	0.010284406	0.005176242	0.016949881
ASV_2703	0.008704	0.001110287	0.009891963	0.015109983
ASV_2365	0.008024	0.015844145	0.003755870	0.004470521
ASV_2919	0.007766	0.006874456	0.008579374	0.007845192
ASV_7350	0.010821	0.00907850	0.02338567	0.00000000
ASV_4848	0.011043	0.002542496	0.015018839	0.015568431
ASV_1523	0.00967	0.011277998	0.006437091	0.011295386
ASV_1877	0.00882	0.007891339	0.010055478	0.008511713
ASV_3577	0.011497	0.016087413	0.010326517	0.008077132
ASV_4420	0.010016	0.003596942	0.019260145	0.007189715
ASV_2503	0.006006	0.01801838	0.00000000	0.00000000
ASV_1368	0.010681	0.009187894	0.015204231	0.007650061
ASV_4522	0.009203	0.011232194	0.007841143	0.008536881
ASV_2255	0.008903	0.011620160	0.007511408	0.007576049
ASV_1680	0.010209	0.011078684	0.011490359	0.008057498
ASV_2551	0.012043	0.005850899	0.017486684	0.012791709
ASV_2741	0.007917	0.015646830	0.005127509	0.002975844
ASV_2380	0.009154	0.024200710	0.001991906	0.001270338
ASV_2947	0.008334	0.020033682	0.001133759	0.003835417
ASV_1821	0.00956	0.007837974	0.010976185	0.009865700
ASV_3047	0.011132	0.009166637	0.015773872	0.008455562
ASV_2035	0.010483	0.012634828	0.008995255	0.009817850
ASV_9600	0.010038	0.006293835	0.021201652	0.002618135
ASV_3039	0.008044	0.021623255	0.002508459	0.000000000
ASV_2849	0.009579	0.004066307	0.006787058	0.017883654
ASV_1434	0.011406	0.009798704	0.011098049	0.013320692
ASV_2279	0.010875	0.012996592	0.010044916	0.009582564
ASV_2446	0.008111	0.018726106	0.000000000	0.005607847
ASV_2455	0.00943	0.0000000000	0.0281741018	0.0001170198
ASV_2515	0.009473	0.005558214	0.012246824	0.010614519
ASV_2888	0.009276	0.011757609	0.008084752	0.007986386
ASV_1415	0.009686	0.00000000	0.02905842	0.00000000
ASV_1399	0.0091	0.010178254	0.006284756	0.010835804
ASV_1943	0.006019	0.014396088	0.000000000	0.003660311
ASV_1828	0.010121	0.010539276	0.011054090	0.008769295
ASV_6991	0.011109	0.004165477	0.024608626	0.004553776
ASV_2620	0.007251	0.009965305	0.010704122	0.001082954
ASV_2608	0.009173	0.019375317	0.001649149	0.006494139
ASV_3171	0.009033	0.002141718	0.022950150	0.002007031
ASV_5105	0.008928	0.010739544	0.011585747	0.004459386
ASV_2151	0.011812	0.007191945	0.028000554	0.000242051
ASV_5058	0.009809	0.014385622	0.009385730	0.005656071
ASV_3152	0.010348	0.0006844888	0.0288085862	0.0015499272
ASV_2638	0.007968	0.004025027	0.005689042	0.014189441
ASV_2860	0.010156	0.015946192	0.007639797	0.006881014
ASV_1818	0.011249	0.006747312	0.012440130	0.014559916
ASV_2043	0.009286	0.001274795	0.003382307	0.023202249
ASV_2385	0.009066	0.000000000	0.024758108	0.002438416
ASV_2979	0.0075	0.017212736	0.002559487	0.002727575
ASV_2647	0.009476	0.00000000	0.02842742	0.00000000
ASV_1609	0.009276	0.009510569	0.009700317	0.008615620
ASV_1866	0.01276	0.004809530	0.028945237	0.004525739
ASV_1954	0.010245	0.001820945	0.016108807	0.012804183
ASV_1725	0.010713	0.009558779	0.003372158	0.019207544
ASV_3241	0.00947	0.00000000	0.02840909	0.00000000
ASV_2996	0.008781	0.008099367	0.011125823	0.007116429
ASV_2665	0.007674	0.0120835540	0.0009399664	0.0099985642
ASV_1047	0.008877	0.016696523	0.004553117	0.005379958
ASV_3719	0.010205	0.013241112	0.012364269	0.005009158
ASV_2760	0.007972	0.001274581	0.007858417	0.014782311
ASV_2870	0.007554	0.009774915	0.009904004	0.002983117
ASV_690	0.012067	0.002633655	0.016411722	0.017156681
ASV_908	0.010817	0.000000000	0.008540162	0.023909659
ASV_2489	0.009278	0.006473809	0.011829183	0.009529853
ASV_1499	0.010852	0.005687913	0.004358837	0.022510319
ASV_2090	0.010536	0.005544728	0.020643295	0.005421038
ASV_2417	0.007539	0.002978786	0.013531951	0.006105550
ASV_3715	0.009216	0.018780411	0.005594334	0.003274303
ASV_2341	0.008096	0.00000000	0.00000000	0.02428938
ASV_2251	0.006324	0.011791354	0.002238482	0.004941723
ASV_2930	0.0093	0.006920528	0.014539824	0.006438650
ASV_2522	0.008919	0.010655425	0.007219064	0.008883941
ASV_3052	0.008059	0.007734745	0.014986189	0.001456224
ASV_345	0.012936	0.0079209678	0.0306783904	0.0002076171
ASV_2382	0.008893	0.003127518	0.018804802	0.004747711
ASV_2742	0.008741	0.015650514	0.003040073	0.007533819
ASV_9086	0.009667	0.007282465	0.020413704	0.001304287
ASV_2623	0.012667	0.002475603	0.012632149	0.022893570
ASV_2420	0.00959	0.0071795585	0.0003873447	0.0212035510
ASV_3349	0.009959	0.005536276	0.000000000	0.024340978
ASV_4447	0.007166	0.0064056451	0.0141175460	0.0009748399
ASV_565	0.007664	0.008969940	0.006175457	0.007845761
ASV_2120	0.007499	0.007217123	0.000998523	0.014282070
ASV_2492	0.0092	0.012452690	0.007765892	0.007380114
ASV_2392	0.007704	0.008106707	0.001191643	0.013813809
ASV_2673	0.011814	0.007672833	0.020866791	0.006901059
ASV_6238	0.010679	0.006469241	0.016830651	0.008736674
ASV_2672	0.008464	0.015539440	0.004317261	0.005535128
ASV_2002	0.008063	0.004439293	0.001119563	0.018629465
ASV_2253	0.01325	0.0000000	0.0397504	0.0000000
ASV_7054	0.009332	0.008270344	0.012472459	0.007251912
ASV_3339	0.010531	0.00000000	0.03159327	0.00000000
ASV_2589	0.009248	0.013095230	0.006152576	0.008495622
ASV_2948	0.009499	0.009667569	0.016279978	0.002550740
ASV_2886	0.009485	0.008463448	0.017283016	0.002708427
ASV_1094	0.008662	0.005390898	0.009924738	0.010669486
ASV_1211	0.009034	0.007333806	0.009162798	0.010604681
ASV_1515	0.011061	0.010167195	0.018035864	0.004979151
ASV_2501	0.010108	0.008074451	0.011949118	0.010299224
ASV_2449	0.009555	0.0005167932	0.0277850956	0.0003624958
ASV_5550	0.010163	0.005916871	0.004120022	0.020451719
ASV_2118	0.007765	0.010048338	0.008160012	0.005086717
ASV_2828	0.009015	0.010715846	0.006569237	0.009759661
ASV_4124	0.009333	0.007495018	0.013067682	0.007434801
ASV_6918	0.013819	0.01256281	0.02277806	0.00611747
ASV_8448	0.008471	0.006433158	0.013071315	0.005907533
ASV_2649	0.009345	0.025245310	0.002788603	0.000000000
ASV_3422	0.008388	0.004787141	0.011300542	0.009075463
ASV_2592	0.009645	0.0006049607	0.0222094325	0.0061217478
ASV_1817	0.009486	0.006338436	0.009183047	0.012935766
ASV_2800	0.008459	0.004138847	0.001654454	0.019582560
ASV_3666	0.009484	0.000000000	0.004469496	0.023983887
ASV_2974	0.007273	0.006985452	0.006056485	0.008778444
ASV_1259	0.01003	0.009760312	0.012763782	0.007566674
ASV_1461	0.009468	0.007460706	0.012773563	0.008169930
ASV_1354	0.008795	0.004140357	0.013003497	0.009241848
ASV_1648	0.008328	0.010827552	0.003221662	0.010934031
ASV_2199	0.007707	0.00171647	0.00000000	0.02140305
ASV_2190	0.009967	0.000000000	0.024015892	0.005884826
ASV_2432	0.010114	0.006899596	0.014909386	0.008532159
ASV_2327	0.007998	0.008259274	0.007918979	0.007815483
ASV_2500	0.010301	0.006177652	0.015754563	0.008972193
ASV_2691	0.006824	0.0173250193	0.0029003139	0.0002480454
ASV_2704	0.007705	0.011431044	0.005300101	0.006384715
ASV_3013	0.006709	0.0182351176	0.0001393977	0.0017518368
ASV_1355	0.011817	0.007516219	0.017644942	0.010290828
ASV_1431	0.007489	0.009459144	0.010890357	0.002118073
ASV_2229	0.008424	0.015490234	0.006329590	0.003453669
ASV_3162	0.009374	0.0152595058	0.0124475318	0.0004152341
ASV_2187	0.008404	0.004659980	0.005012852	0.015540424
ASV_2149	0.009342	0.010609287	0.012972451	0.004443787
ASV_3795	0.008348	0.004657734	0.001254579	0.019130319
ASV_680	0.017115	0.004796171	0.045511104	0.001038096
ASV_1532	0.008751	0.0106900257	0.0147152141	0.0008467635
ASV_1321	0.008813	0.00916525	0.00539533	0.01187972
ASV_2549	0.009504	0.007787100	0.011260324	0.009464487
ASV_1721	0.008873	0.001723179	0.007296154	0.017598922
ASV_1829	0.0082	0.012193292	0.005183777	0.007221779
ASV_2275	0.006975	0.0205642738	0.0000000000	0.0003613343
ASV_2705	0.00766	0.011662266	0.002429464	0.008888516
ASV_2845	0.009095	0.02728452	0.00000000	0.00000000
ASV_2847	0.007563	0.009415072	0.003901419	0.009373178
ASV_2737	0.008886	0.006624851	0.009145918	0.010886616
ASV_2851	0.0099	0.00000000	0.02970025	0.00000000
ASV_1613	0.010715	0.001398317	0.009433328	0.021311991
ASV_1559	0.008059	0.006820654	0.008092571	0.009264158
ASV_2013	0.008663	0.001096142	0.016315729	0.008576406
ASV_2659	0.008677	0.013841237	0.006218576	0.005969992
ASV_1916	0.009359	0.0009679371	0.0000000000	0.0271103956
ASV_1715	0.008116	0.0203713378	0.0035309369	0.0004442792
ASV_1865	0.008717	0.007078241	0.019073192	0.000000000
ASV_2173	0.008865	0.007326950	0.011276129	0.007991764
ASV_2088	0.008908	0.020651328	0.000000000	0.006072279
ASV_2062	0.008518	0.021189268	0.002693550	0.001671437
ASV_1187	0.009702	0.016048802	0.005872095	0.007184634
ASV_1325	0.008796	0.006793001	0.013647148	0.005948930
ASV_1356	0.007913	0.006227964	0.004137638	0.013373371
ASV_2563	0.005856	0.0000000	0.0000000	0.0175666
ASV_2602	0.008612	0.013607136	0.002416804	0.009811882
ASV_2986	0.009011	0.01596025	0.01107297	0.00000000
ASV_1959	0.010826	0.003136539	0.012024325	0.017316960
ASV_2401	0.009439	0.007204498	0.012454061	0.008659063
ASV_2157	0.008447	0.006373359	0.017113912	0.001854006
ASV_2126	0.010326	0.0010392571	0.0289478858	0.0009921816
ASV_2114	0.007796	0.004741655	0.007817242	0.010829444
ASV_2348	0.009023	0.009524684	0.015659586	0.001885698
ASV_2214	0.00865	0.009459014	0.004286007	0.012205717
ASV_2342	0.008223	0.014842028	0.005533702	0.004294433
ASV_3092	0.008249	0.014283512	0.002161339	0.008300811
ASV_3440	0.007636	0.012781027	0.002254676	0.007872072
ASV_3129	0.009505	0.015037009	0.005188332	0.008290151
ASV_1010	0.007266	0.001815622	0.006670247	0.013311177
ASV_1596	0.009588	0.007656058	0.011638066	0.009469966
ASV_1494	0.008933	0.006080095	0.004116540	0.016602361
ASV_2312	0.009819	0.005125220	0.017871664	0.006459283
ASV_1724	0.008515	0.011305965	0.007183065	0.007054973
ASV_2834	0.009856	0.004942123	0.013569193	0.011058160
ASV_1781	0.008632	0.008387683	0.013277777	0.004231878
ASV_2323	0.007048	0.0004319514	0.0001392370	0.0205721837
ASV_2036	0.009501	0.010021117	0.005674699	0.012806471
ASV_2468	0.012638	0.002299607	0.001700883	0.033913042
ASV_2412	0.007652	0.004223145	0.012188542	0.006543573
ASV_2322	0.008114	0.01026239	0.00000000	0.01408064
ASV_2658	0.010253	0.007199018	0.012879622	0.010680741
ASV_2376	0.008996	0.000695200	0.018413595	0.007878293
ASV_2744	0.00811	0.01245100	0.00000000	0.01187795
ASV_3365	0.007365	0.011832230	0.002510234	0.007751689
ASV_3354	0.007843	0.0007727713	0.0223405177	0.0004158765
ASV_2082	0.009021	0.007903289	0.012131148	0.007028968
ASV_1630	0.008547	0.005594710	0.006783182	0.013261628
ASV_2232	0.009869	0.010258725	0.016318359	0.003028936
ASV_2296	0.009205	0.002918068	0.004696151	0.020001270
ASV_2671	0.008026	0.008436972	0.014123005	0.001518476
ASV_3465	0.008965	0.016127058	0.006768295	0.003998866
ASV_2852	0.008652	0.005867846	0.009355297	0.010733409
ASV_3890	0.009381	0.010651195	0.013320866	0.004169757
ASV_3796	0.010745	0.008215253	0.011989525	0.012030813
ASV_1808	0.008162	0.0192316590	0.0007338496	0.0045205485
ASV_1893	0.009322	0.01196445	0.00517535	0.01082685
ASV_2482	0.009597	0.019432287	0.007343708	0.002016107
ASV_1809	0.007304	0.009874509	0.008168966	0.003869974
ASV_2554	0.007342	0.013042164	0.003631800	0.005351905
ASV_3690	0.006645	0.008702904	0.007439151	0.003791556
ASV_3493	0.008125	0.0225198968	0.0012484451	0.0006067027
ASV_1335	0.009967	0.01037856	0.00655926	0.01296176
ASV_1761	0.007815	0.0001230430	0.0001578283	0.0231655578
ASV_2726	0.009008	0.011918815	0.005384903	0.009719125
ASV_2591	0.011239	0.002910642	0.018110937	0.012694395
ASV_2320	0.006829	0.008535417	0.002711393	0.009239895
ASV_2161	0.008462	0.00000000	0.00000000	0.02538497
ASV_2330	0.007984	0.002782819	0.003268468	0.017900438
ASV_2440	0.009688	0.00666986	0.01249672	0.00989657
ASV_3310	0.007085	0.02125484	0.00000000	0.00000000
ASV_3284	0.009695	0.009400227	0.014408935	0.005275993
ASV_1296	0.007776	0.005249392	0.004843061	0.013235414
ASV_2034	0.010488	0.005872914	0.011023159	0.014568277
ASV_1815	0.012111	0.002222806	0.022962875	0.011147583
ASV_2351	0.011447	0.0009310147	0.0246698494	0.0087413834
ASV_2206	0.00873	0.012417072	0.010424096	0.003347708
ASV_2864	0.008814	0.007276890	0.010994532	0.008169371
ASV_3551	0.011938	0.001091847	0.021444252	0.013278169
ASV_2989	0.010629	0.00000000	0.03188553	0.00000000
ASV_4387	0.009417	0.009600386	0.017092167	0.001558621
ASV_3068	0.006367	0.0003368274	0.0125330819	0.0062321425
ASV_1349	0.01033	0.0024157750	0.0007139254	0.0278606635
ASV_1195	0.006123	0.000000000	0.001138084	0.017229960
ASV_1449	0.008759	0.002946920	0.015884208	0.007447237
ASV_2198	0.008078	0.007507127	0.005465522	0.011260736
ASV_1935	0.008626	0.008913751	0.010542419	0.006422539
ASV_2857	0.006432	0.0139243137	0.0009243482	0.0044467536
ASV_3120	0.007246	0.011610445	0.004000921	0.006126994
ASV_2087	0.008811	0.00000000	0.02643279	0.00000000
ASV_1940	0.008771	0.007590483	0.007819336	0.010903516
ASV_2084	0.009315	0.0045809459	0.0232002426	0.0001636297
ASV_6111	0.005941	0.000000000	0.001628515	0.016194097
ASV_3169	0.011251	0.007472328	0.024855089	0.001426886
ASV_3242	0.006253	0.005157849	0.005512515	0.008088805
ASV_5982	0.006733	0.011978221	0.000000000	0.008220891
ASV_2920	0.007433	0.007199179	0.006390026	0.008710908
ASV_2788	0.009192	0.001377433	0.000000000	0.026197784
ASV_3654	0.007813	0.005541568	0.005118473	0.012777755
ASV_2985	0.007143	0.0214283	0.0000000	0.0000000
ASV_636	0.009605	0.005739504	0.014110133	0.008966739
ASV_1698	0.011723	0.003994398	0.008485576	0.022690247
ASV_2231	0.007068	0.005307559	0.005220286	0.010676293
ASV_2078	0.010081	0.002943583	0.002018074	0.025282477
ASV_2562	0.009411	0.005738106	0.003602189	0.018894153
ASV_2735	0.00817	0.0132863076	0.0005745277	0.0106481665
ASV_2465	0.008827	0.003946895	0.012636247	0.009897305
ASV_2776	0.00917	0.004774063	0.007274806	0.015462062
ASV_2485	0.007588	0.014884128	0.002116084	0.005765155
ASV_3626	0.007667	0.0152321963	0.0006994493	0.0070694983
ASV_3107	0.006871	0.009125293	0.005578776	0.005907599
ASV_3182	0.007576	0.0221935838	0.0004177109	0.0001170198
ASV_884	0.008796	0.003308037	0.007042709	0.016037200
ASV_2872	0.006467	0.0003969388	0.0000000000	0.0190049931
ASV_2766	0.007134	0.012394621	0.006638892	0.002367300
ASV_3261	0.008905	0.016090733	0.004972798	0.005650310
ASV_3275	0.007552	0.02023592	0.00242092	0.00000000
ASV_1469	0.007853	0.015838623	0.004656738	0.003064121
ASV_2457	0.008792	0.000000000	0.018457288	0.007918791
ASV_4012	0.007479	0.0007167454	0.0168428320	0.0048761105
ASV_2462	0.010522	0.001408189	0.023008833	0.007149412
ASV_2478	0.008356	0.005957926	0.000000000	0.019108708
ASV_2701	0.006316	0.004378721	0.005218411	0.009350028
ASV_2690	0.005188	0.01556413	0.00000000	0.00000000
ASV_873	0.008181	0.0173335139	0.0063543656	0.0008555357
ASV_2077	0.009135	0.008425369	0.011446125	0.007532282
ASV_1663	0.007025	0.002021211	0.000000000	0.019052888
ASV_2053	0.007657	0.005226115	0.004475697	0.013268453
ASV_1985	0.008987	0.008439114	0.005002873	0.013517545
ASV_2207	0.007602	0.009746573	0.007373037	0.005687375
ASV_4218	0.008014	0.006781069	0.013013658	0.004247614
ASV_3243	0.009216	0.003763779	0.008566821	0.015318442
ASV_2448	0.00716	0.003737692	0.016223972	0.001518543
ASV_5674	0.007911	0.017834284	0.004724616	0.001174875
ASV_2922	0.007665	0.0227881566	0.0000000000	0.0002076171
ASV_3198	0.008062	0.008355127	0.013307962	0.002522865
ASV_2383	0.006807	0.012157653	0.001482518	0.006782296
ASV_4175	0.008983	0.01346220	0.00000000	0.01348764
ASV_2822	0.007104	0.0019445593	0.0001161019	0.0192513210
ASV_2836	0.010175	0.006380382	0.009409301	0.014734624
ASV_3204	0.007604	0.006028534	0.012165878	0.004618638
ASV_457	0.011512	0.00000000	0.00000000	0.03453502
ASV_1837	0.008387	0.020483678	0.004436544	0.000242051
ASV_2308	0.008526	0.011316942	0.008742109	0.005517483
ASV_2237	0.008807	0.002943471	0.008854058	0.014623545
ASV_2133	0.006737	0.005971645	0.000000000	0.014238329
ASV_3142	0.005985	0.0118736853	0.0055233141	0.0005586766
ASV_2534	0.006578	0.014609950	0.001383832	0.003739389
ASV_2667	0.007195	0.007971669	0.008074062	0.005540275
ASV_2112	0.007939	0.005751029	0.010686321	0.007379425
ASV_4308	0.008512	0.007182482	0.014267019	0.004085243
ASV_2576	0.00711	0.005952402	0.008839549	0.006537743
ASV_3728	0.00714	0.017378291	0.002422793	0.001619593
ASV_3239	0.005121	0.012945780	0.000000000	0.002416146
ASV_3066	0.008226	0.014563141	0.005980283	0.004133247
ASV_4074	0.006102	0.00000000	0.01830533	0.00000000
ASV_3113	0.006201	0.01860422	0.00000000	0.00000000
ASV_3191	0.008285	0.0000000000	0.0239194240	0.0009345096
ASV_286	0.010849	0.0001984694	0.0218757585	0.0104719264
ASV_886	0.008405	0.012294791	0.007233546	0.005686605
ASV_4264	0.008937	0.004564661	0.010875696	0.011370719
ASV_1796	0.009403	0.006571724	0.012497362	0.009140531
ASV_1472	0.007051	0.008133657	0.002484196	0.010535397
ASV_1998	0.007258	0.005430786	0.005011735	0.011330953
ASV_2409	0.008664	0.013320601	0.004954259	0.007717711
ASV_1934	0.006456	0.0000000000	0.0004600861	0.0189074169
ASV_3665	0.010481	0.003049875	0.016101939	0.012291791
ASV_2497	0.007391	0.009477236	0.006741714	0.005955371
ASV_2450	0.007631	0.011934576	0.004246692	0.006712000
ASV_2797	0.007403	0.004810603	0.014219947	0.003179383
ASV_2657	0.007572	0.006019662	0.008580815	0.008116455
ASV_3981	0.007464	0.00000000	0.01720256	0.00518957
ASV_3018	0.006883	0.009533930	0.003671198	0.007444326
ASV_3253	0.007344	0.000000000	0.008440402	0.013592399
ASV_3111	0.007163	0.0061120917	0.0001161019	0.0152600279
ASV_3087	0.008885	0.008092203	0.004602613	0.013961078
ASV_3581	0.006455	0.005349335	0.007714737	0.006300901
ASV_3352	0.005556	0.00000000	0.01666948	0.00000000
ASV_1491	0.009311	0.0003629764	0.0275685993	0.0000000000
ASV_946	0.008935	0.015387196	0.007038068	0.004378762
ASV_1518	0.007635	0.008949919	0.005015882	0.008940111
ASV_1961	0.010698	0.004662321	0.023861757	0.003569103
ASV_1969	0.007129	0.007572626	0.009891718	0.003921456
ASV_1999	0.007848	0.006839259	0.011968345	0.004735304
ASV_2119	0.008517	0.0006818605	0.0077110556	0.0171568443
ASV_2418	0.007379	0.011333864	0.007999408	0.002802437
ASV_2499	0.009556	0.011215101	0.010276982	0.007174462
ASV_2357	0.007032	0.010175844	0.001814050	0.009104992
ASV_3238	0.007118	0.012628371	0.002066572	0.006659224
ASV_6323	0.00704	0.012749711	0.005176663	0.003193235
ASV_3367	0.010603	0.002471503	0.024617125	0.004720635
ASV_3337	0.008501	0.010744031	0.001611821	0.013148385
ASV_2932	0.007391	0.008369505	0.005343076	0.008460758
ASV_3318	0.005973	0.000000000	0.013581764	0.004336012
ASV_599	0.008371	0.0008982063	0.0149763459	0.0092372738
ASV_1738	0.007098	0.008664132	0.007663519	0.004967187
ASV_2842	0.0084	0.010224721	0.006034724	0.008940669
ASV_1882	0.007959	0.009009889	0.007424737	0.007443788
ASV_2224	0.00731	0.001112338	0.001006893	0.019809697
ASV_3428	0.008638	0.011042856	0.005834977	0.009034692
ASV_3307	0.007808	0.001667290	0.020170445	0.001587561
ASV_3165	0.00811	0.009963226	0.006705151	0.007660912
ASV_3086	0.00698	0.01209100	0.00369496	0.00515509
ASV_4448	0.006791	0.00000000	0.02037327	0.00000000
ASV_1026	0.007672	0.013044614	0.002901648	0.007069449
ASV_1251	0.008852	0.000865531	0.015853291	0.009837517
ASV_1310	0.008556	0.001220192	0.009911091	0.014535858
ASV_1816	0.007192	0.009887798	0.003203665	0.008485089
ASV_2113	0.008627	0.00339968	0.01044205	0.01203832
ASV_2531	0.009084	0.007934824	0.004190659	0.015127059
ASV_3283	0.007667	0.013192431	0.002523087	0.007284824
ASV_2294	0.007006	0.003603610	0.013871364	0.003541792
ASV_2366	0.007461	0.010396726	0.006492849	0.005494250
ASV_3140	0.007257	0.012395469	0.005836903	0.003537148
ASV_4430	0.006482	0.011476558	0.002247440	0.005722594
ASV_2846	0.007155	0.011300785	0.006205128	0.003959541
ASV_3227	0.00561	0.01683106	0.00000000	0.00000000
ASV_1977	0.00694	0.008975881	0.009137240	0.002707636
ASV_2244	0.00786	0.004847644	0.004099140	0.014633438
ASV_7803	0.008103	0.011118636	0.004042963	0.009146181
ASV_2178	0.006174	0.005504685	0.001506709	0.011509455
ASV_2518	0.009282	0.0000000000	0.0007746893	0.0270702805
ASV_2585	0.007928	0.008127925	0.004498763	0.011158751
ASV_2916	0.004895	0.011129867	0.002314310	0.001240227
ASV_3127	0.005079	0.0100605915	0.0048258244	0.0003510595
ASV_3486	0.008755	0.0139661271	0.0118492910	0.0004501287
ASV_3334	0.008851	0.002131062	0.005047553	0.019375789
ASV_1270	0.008181	0.006638836	0.004389550	0.013514975
ASV_1553	0.008058	0.005716872	0.014021553	0.004435466
ASV_2566	0.007114	0.011340223	0.006428809	0.003573583
ASV_3628	0.006184	0.008242323	0.001271755	0.009038383
ASV_1554	0.007398	0.006151108	0.012624802	0.003419014
ASV_2696	0.008235	0.007007434	0.004397383	0.013298933
ASV_2160	0.007256	0.01064961	0.01111951	0.00000000
ASV_1942	0.005625	0.009698649	0.001719406	0.005457100
ASV_9846	0.006719	0.015844199	0.002777369	0.001535370
ASV_3419	0.007334	0.005480047	0.003590759	0.012932288
ASV_2493	0.006475	0.011050887	0.006218031	0.002155794
ASV_3161	0.007059	0.007113611	0.008927940	0.005136296
ASV_3234	0.007132	0.0001209921	0.0001393977	0.0211361230
ASV_3082	0.006302	0.006902133	0.006269598	0.005733874
ASV_3185	0.008293	0.006091580	0.006270462	0.012517241
ASV_1281	0.009481	0.007051100	0.008035402	0.013357041
ASV_1622	0.007417	0.003085851	0.010774444	0.008391250
ASV_2954	0.007399	0.007371678	0.004875602	0.009950870
ASV_2784	0.008389	0.005302579	0.009758110	0.010105836
ASV_2944	0.006693	0.005240702	0.012376585	0.002462916
ASV_2977	0.008133	0.015439751	0.002197918	0.006761054
ASV_2903	0.007135	0.017771042	0.001417846	0.002215432
ASV_4928	0.00875	0.02625094	0.00000000	0.00000000
ASV_3276	0.007174	0.0004249316	0.0002419527	0.0208548646
ASV_3497	0.00647	0.003553082	0.009874415	0.005983319
ASV_1595	0.008475	0.007199145	0.011362842	0.006864025
ASV_1579	0.007239	0.000000000	0.001935621	0.019780219
ASV_1983	0.007183	0.007570420	0.001996072	0.011981769
ASV_2433	0.008147	0.006229348	0.010255401	0.007954866
ASV_2645	0.005749	0.002310615	0.004660914	0.010276624
ASV_3144	0.007026	0.0209137315	0.0000000000	0.0001636297
ASV_3170	0.006309	0.0184832784	0.0002953178	0.0001475997
ASV_2863	0.0071	0.0160924074	0.0042686601	0.0009390785
ASV_2651	0.010084	0.003617745	0.022738522	0.003894402
ASV_1830	0.007053	0.0122839417	0.0004275275	0.0084485017
ASV_2727	0.006651	0.013991331	0.003488788	0.002473471
ASV_2942	0.008341	0.0014732642	0.0229600792	0.0005887542
ASV_2399	0.006956	0.007667303	0.007901578	0.005299918
ASV_4491	0.008537	0.010711453	0.009092324	0.005805796
ASV_2481	0.006791	0.005847065	0.004332238	0.010192204
ASV_3254	0.007954	0.0004559849	0.0074119073	0.0159952527
ASV_2639	0.006685	0.003468501	0.007748345	0.008837856
ASV_3026	0.007319	0.014879124	0.003646094	0.003433029
ASV_3205	0.008716	0.0120669974	0.0138325446	0.0002480454
ASV_3163	0.007305	0.008081507	0.008274392	0.005560490
ASV_3472	0.008579	0.00000000	0.01166016	0.01407549
ASV_691	0.008772	0.009718119	0.008580044	0.008016627
ASV_1763	0.007504	0.007666669	0.008835584	0.006009718
ASV_5149	0.007031	0.008529935	0.009123901	0.003440429
ASV_3289	0.007673	0.015584653	0.005670145	0.001765160
ASV_3503	0.005726	0.0011443979	0.0002739302	0.0157603560
ASV_3251	0.008037	0.00000000	0.02411105	0.00000000
ASV_2856	0.007797	0.021211529	0.000000000	0.002180522
ASV_3798	0.006419	0.00000000	0.01925804	0.00000000
ASV_1520	0.006613	0.010927042	0.004073811	0.004837890
ASV_2384	0.007624	0.011685538	0.007234277	0.003953012
ASV_6063	0.009836	0.0037614950	0.0008550551	0.0248918818
ASV_2781	0.006393	0.01917908	0.00000000	0.00000000
ASV_2909	0.006502	0.008863539	0.000888719	0.009753546
ASV_4047	0.006984	0.006541443	0.002426617	0.011984827
ASV_3151	0.00775	0.011186757	0.007439587	0.004622453
ASV_3273	0.00686	0.014563526	0.001089310	0.004927669
ASV_3033	0.007381	0.006139004	0.005994360	0.010010021
ASV_3248	0.007238	0.011030393	0.001699713	0.008982417
ASV_1836	0.007511	0.004387521	0.013983876	0.004161768
ASV_2652	0.006121	0.000000000	0.002652115	0.015711547
ASV_2983	0.006327	0.0136026111	0.0046276394	0.0007499594
ASV_3177	0.006578	0.007886269	0.004486973	0.007361578
ASV_1859	0.007961	0.005901626	0.010454862	0.007525716
ASV_5076	0.008453	0.009046985	0.013855070	0.002456964
ASV_2061	0.005469	0.005418189	0.002909813	0.008077839
ASV_2480	0.007033	0.010814171	0.005880626	0.004402726
ASV_3117	0.007515	0.007456780	0.007391368	0.007697982
ASV_7309	0.007349	0.013220266	0.003625681	0.005202129
ASV_7986	0.008325	0.017951464	0.001689758	0.005334165
ASV_3022	0.006441	0.010844088	0.002960047	0.005517950
ASV_4287	0.007332	0.0005319273	0.0179400754	0.0035225681
ASV_3399	0.007281	0.010791317	0.007346709	0.003705521
ASV_3859	0.00823	0.004515108	0.006421836	0.013754455
ASV_1054	0.008687	0.018956269	0.001101677	0.006004148
ASV_1517	0.008123	0.006243224	0.005582370	0.012543143
ASV_2616	0.008349	0.003499014	0.015383598	0.006164913
ASV_2506	0.005409	0.0151205957	0.0001393977	0.0009682042
ASV_2981	0.007695	0.011175262	0.009816624	0.002093017
ASV_2373	0.006485	0.007354798	0.002631961	0.009468593
ASV_2618	0.006094	0.0156377554	0.0021239064	0.0005191202
ASV_3675	0.00745	0.002773488	0.008480254	0.011095726
ASV_7328	0.008222	0.008482813	0.010728722	0.005454884
ASV_3826	0.007368	0.003824384	0.018279893	0.000000000
ASV_3206	0.006455	0.0192478090	0.0001161019	0.0000000000
ASV_3250	0.006803	0.020270723	0.000139237	0.000000000
ASV_3667	0.005052	0.0000000	0.0151547	0.0000000
ASV_1085	0.009106	0.007313634	0.012010508	0.007995343
ASV_2010	0.008674	0.007513858	0.012103126	0.006406017
ASV_1427	0.007011	0.005764406	0.006572455	0.008695444
ASV_6083	0.007031	0.010573113	0.005242738	0.005276199
ASV_2609	0.00706	0.008849544	0.005755903	0.006573149
ASV_2959	0.005757	0.013333938	0.001149055	0.002788626
ASV_3247	0.006287	0.008379310	0.004416660	0.006065148
ASV_1160	0.009643	0.005111161	0.018957775	0.004860252
ASV_1087	0.007007	0.014404325	0.000139237	0.006476220
ASV_1290	0.006945	0.010558502	0.005120235	0.005155674
ASV_1561	0.00893	0.007159544	0.007995842	0.011635658
ASV_2152	0.006644	0.008373925	0.004902129	0.006654877
ASV_2167	0.005916	0.0162594362	0.0003562776	0.0011308071
ASV_2610	0.007802	0.007323143	0.009444092	0.006637372
ASV_5104	0.007881	0.004068925	0.016695913	0.002877297
ASV_4111	0.006969	0.007905827	0.010627538	0.002373651
ASV_2960	0.00617	0.003168503	0.013300582	0.002040067
ASV_2895	0.005994	0.010526705	0.004876056	0.002578905
ASV_3333	0.006645	0.0072037630	0.0004181931	0.0123119169
ASV_3103	0.007844	0.008605058	0.010455042	0.004472906
ASV_3536	0.006648	0.010773414	0.004664578	0.004505680
ASV_4403	0.00766	0.0224331549	0.0002419527	0.0003048373
ASV_1562	0.007399	0.009025518	0.011413543	0.001757144
ASV_1409	0.008847	0.0026352267	0.0007153076	0.0231892679
ASV_2913	0.007346	0.005864667	0.009596576	0.006577815
ASV_2208	0.006745	0.006174406	0.004669790	0.009391816
ASV_3001	0.007479	0.009323244	0.003786222	0.009326313
ASV_2291	0.006844	0.007029984	0.008544816	0.004956401
ASV_2535	0.008453	0.001641233	0.013380536	0.010337494
ASV_2495	0.006047	0.003958822	0.007155667	0.007027838
ASV_3122	0.006176	0.011312203	0.003070416	0.004144281
ASV_6040	0.006004	0.006492512	0.003881395	0.007636973
ASV_3792	0.004116	0.0120923713	0.0000000000	0.0002556453
ASV_3384	0.00511	0.0000000	0.0153294	0.0000000
ASV_3489	0.006663	0.015475874	0.004512976	0.000000000
ASV_1029	0.00666	0.005861672	0.011829390	0.002289625
ASV_1229	0.006829	0.006490967	0.005828634	0.008168105
ASV_4269	0.006493	0.005342312	0.009452188	0.004685774
ASV_2311	0.006505	0.008101891	0.002725939	0.008688635
ASV_9293	0.008925	0.01202648	0.00563696	0.00911204
ASV_2559	0.006486	0.0180347243	0.0007125552	0.0007095527
ASV_2621	0.007357	0.007538969	0.003774961	0.010758167
ASV_2688	0.006801	0.009248699	0.008954635	0.002199580
ASV_3327	0.005616	0.010964167	0.003058292	0.002826672
ASV_3348	0.005903	0.014761041	0.001982058	0.000966022
ASV_3948	0.007145	0.002484092	0.018952274	0.000000000
ASV_3885	0.006963	0.0166901467	0.0038370892	0.0003613343
ASV_3692	0.00735	0.001863282	0.015911337	0.004274479
ASV_1755	0.007412	0.007581782	0.001315894	0.013339123
ASV_1708	0.007275	0.004872870	0.013996834	0.002956474
ASV_1508	0.005461	0.011935636	0.000000000	0.004448343
ASV_2210	0.007396	0.008563938	0.008031417	0.005593704
ASV_1674	0.007388	0.009460235	0.005507960	0.007196846
ASV_1894	0.007925	0.008537446	0.007647335	0.007591535
ASV_2488	0.00684	0.004036659	0.008241270	0.008242969
ASV_2326	0.005632	0.0159053598	0.0007143322	0.0002772510
ASV_3474	0.007083	0.005860027	0.005313053	0.010074710
ASV_2923	0.007097	0.009150441	0.008010155	0.004131478
ASV_6646	0.007742	0.010893233	0.005225728	0.007108507
ASV_3552	0.007378	0.0175833648	0.0008519529	0.0036972054
ASV_3398	0.005587	0.007517711	0.002124743	0.007117300
ASV_3328	0.00556	0.006500951	0.001120103	0.009060045
ASV_3424	0.005064	0.0148204037	0.0000000000	0.0003711744
ASV_3293	0.006513	0.007638584	0.006310437	0.005590475
ASV_3889	0.005912	0.007185219	0.004238752	0.006311695
ASV_5608	0.006002	0.0173995470	0.0003997809	0.0002075447
ASV_1727	0.009699	0.000712819	0.013015676	0.015367038
ASV_2421	0.005987	0.004871439	0.004401520	0.008689429
ASV_4454	0.00723	0.004227967	0.008362870	0.009099335
ASV_2874	0.005914	0.004628381	0.009690618	0.003421728
ASV_2545	0.006558	0.016419522	0.000000000	0.003255702
ASV_3783	0.006846	0.011607679	0.006001292	0.002929177
ASV_2786	0.006827	0.002504451	0.012114282	0.005863122
ASV_3167	0.005825	0.013273203	0.002621686	0.001579377
ASV_4494	0.005887	0.005643244	0.002977347	0.009040149
ASV_3883	0.005435	0.005646996	0.002623516	0.008033082
ASV_3212	0.004384	0.00000000	0.00000000	0.01315109
ASV_3351	0.004942	0.00000000	0.01482623	0.00000000
ASV_3231	0.006281	0.0186498807	0.0000000000	0.0001944406
ASV_5165	0.00648	0.009264354	0.004431366	0.005744198
ASV_3368	0.004975	0.007564308	0.007361563	0.000000000
ASV_6064	0.006461	0.003433704	0.001254579	0.014694303
ASV_1105	0.006075	0.0020355733	0.0003576538	0.0158306153
ASV_1340	0.009531	0.007037657	0.010104858	0.011450729
ASV_3019	0.009914	0.004506972	0.023512481	0.001723733
ASV_1902	0.005369	0.004198798	0.001166481	0.010742779
ASV_2116	0.008866	0.007197597	0.002493626	0.016906536
ASV_2397	0.008836	0.003501036	0.018611018	0.004396250
ASV_2723	0.006837	0.009073002	0.006096111	0.005343116
ASV_3542	0.004886	0.0000000000	0.0141657854	0.0004908891
ASV_4662	0.007349	0.003353637	0.013300102	0.005393978
ASV_2941	0.006956	0.005189084	0.003704338	0.011975753
ASV_3072	0.005208	0.0003651236	0.0004839053	0.0147750645
ASV_3322	0.006944	0.008970740	0.009380306	0.002480454
ASV_5465	0.008867	0.003725039	0.013975136	0.008901026
ASV_2830	0.005841	0.000000000	0.004954132	0.012568682
ASV_3050	0.006465	0.011041512	0.003961241	0.004393082
ASV_3757	0.004825	0.0126895645	0.0008782411	0.0009057911
ASV_4399	0.00605	0.010122935	0.005787516	0.002239542
ASV_3228	0.008385	0.005814338	0.008618128	0.010721453
ASV_3249	0.006516	0.017542584	0.002005305	0.000000000
ASV_3400	0.00663	0.0198914	0.0000000	0.0000000
ASV_1650	0.00812	0.014369944	0.005638943	0.004352006
ASV_1945	0.007887	0.002844674	0.006366176	0.014450278
ASV_1732	0.006256	0.0004249316	0.0181023281	0.0002420510
ASV_2226	0.007605	0.0000000000	0.0221235780	0.0006908446
ASV_2825	0.008337	0.005256288	0.012963674	0.006791725
ASV_2513	0.00445	0.006669329	0.001581643	0.005098604
ASV_3045	0.005525	0.006664990	0.005357144	0.004553039
ASV_3089	0.007809	0.005991729	0.004331241	0.013103620
ASV_3131	0.005657	0.0006669159	0.0032148652	0.0130897931
ASV_3468	0.006549	0.0146097946	0.0045278779	0.0005099542
ASV_3208	0.005586	0.01675852	0.00000000	0.00000000
ASV_3279	0.004282	0.00000000	0.00000000	0.01284625
ASV_3311	0.006655	0.01996633	0.00000000	0.00000000
ASV_3321	0.006	0.00000000	0.00000000	0.01799944
ASV_5865	0.007852	0.009256922	0.011460554	0.002839873
ASV_1840	0.008266	0.001424767	0.006878291	0.016493602
ASV_2483	0.008094	0.001561445	0.008318055	0.014401019
ASV_2110	0.007114	0.007021428	0.006480033	0.007840549
ASV_2105	0.007219	0.000000000	0.015396449	0.006261179
ASV_2059	0.005634	0.002905958	0.006842492	0.007154439
ASV_2675	0.006436	0.007218886	0.005535574	0.006552121
ASV_2467	0.006791	0.0003787879	0.0006233030	0.0193697048
ASV_2853	0.008378	0.0003758325	0.0043843919	0.0203727851
ASV_3647	0.006565	0.006669550	0.005211258	0.007814262
ASV_2697	0.007065	0.004701647	0.011283445	0.005210253
ASV_3201	0.006125	0.006581791	0.001680872	0.010110969
ASV_3078	0.005416	0.007037213	0.002595221	0.006614516
ASV_3299	0.006723	0.006320183	0.002882565	0.010966196
ASV_3030	0.006979	0.010572212	0.007202778	0.003161533
ASV_3439	0.005485	0.0064086526	0.0008228224	0.0092240635
ASV_3941	0.005253	0.0121679861	0.0033842872	0.0002075447
ASV_5671	0.006199	0.007750953	0.004098878	0.006746982
ASV_3481	0.00591	0.006541998	0.003001034	0.008185602
ASV_4316	0.006432	0.009985147	0.007884488	0.001426181
ASV_3442	0.004359	0.0124567725	0.0006195486	0.0000000000
ASV_372	0.009092	0.01006528	0.01599012	0.00122058
ASV_1416	0.007164	0.005977072	0.004090295	0.011425504
ASV_1295	0.007889	0.008993335	0.007450236	0.007224774
ASV_2165	0.007989	0.000246086	0.013166284	0.010554540
ASV_1996	0.005754	0.010100755	0.004830888	0.002330461
ASV_2604	0.007688	0.0007258254	0.0173999222	0.0049397336
ASV_2371	0.00726	0.003508376	0.012775122	0.005497021
ASV_2607	0.006697	0.010412808	0.003937822	0.005740959
ASV_3084	0.006383	0.007086427	0.008106460	0.003955001
ASV_4560	0.005955	0.0142048559	0.0009308053	0.0027286378
ASV_2868	0.005951	0.0002124658	0.0005236910	0.0171155982
ASV_6696	0.005958	0.011454669	0.003742388	0.002677166
ASV_2999	0.005649	0.006812040	0.002697479	0.007437406
ASV_3314	0.006257	0.000000000	0.015430446	0.003340034
ASV_4288	0.006814	0.0002441315	0.0198863636	0.0003115032
ASV_4839	0.008532	0.002150431	0.016788128	0.006658198
ASV_3186	0.006188	0.0184470478	0.0000000000	0.0001170198
ASV_3335	0.0067	0.008548348	0.007981605	0.003568760
ASV_3189	0.005653	0.0099484872	0.0065183080	0.0004908891
ASV_1891	0.006712	0.011411714	0.005800725	0.002924409
ASV_4051	0.007267	0.005372047	0.014315666	0.002113764
ASV_6996	0.007071	0.002490914	0.011768740	0.006952499
ASV_2758	0.00761	0.004408292	0.015889138	0.002534025
ASV_2686	0.006669	0.002882655	0.001389019	0.015735528
ASV_2968	0.005434	0.010595592	0.000000000	0.005705067
ASV_3448	0.006029	0.002455201	0.011577399	0.004055273
ASV_4530	0.008742	0.022349837	0.002163495	0.001713532
ASV_3168	0.005964	0.0142844528	0.0006499148	0.0029571149
ASV_3586	0.006598	0.002355941	0.007186507	0.010251648
ASV_3891	0.006843	0.002960115	0.009010947	0.008557193
ASV_3495	0.007186	0.019702248	0.001855364	0.000000000
ASV_3467	0.005737	0.0067290047	0.0097116846	0.0007709295
ASV_7861	0.008216	0.001722906	0.011683722	0.011240157
ASV_3136	0.005338	0.0024622742	0.0006428443	0.0129098820
ASV_2514	0.007568	0.007170603	0.006283290	0.009250153
ASV_2965	0.006116	0.005862269	0.003412084	0.009074838
ASV_2636	0.005882	0.008445427	0.000000000	0.009201876
ASV_2900	0.004863	0.007662769	0.001557768	0.005367882
ASV_3305	0.006573	0.019476573	0.000000000	0.000242051
ASV_3330	0.005061	0.007804569	0.006008331	0.001368729
ASV_4675	0.007009	0.004361069	0.010281593	0.006382855
ASV_1210	0.005881	0.008804379	0.005173859	0.003663867
ASV_1285	0.006911	0.0088058805	0.0113052101	0.0006230064
ASV_1881	0.006749	0.008352407	0.004975586	0.006919446
ASV_2302	0.005643	0.003425259	0.008635735	0.004866736
ASV_2736	0.006416	0.007734121	0.005076624	0.006436557
ASV_2307	0.007886	0.003928356	0.012869993	0.006859704
ASV_3218	0.00867	0.002239059	0.018134036	0.005635628
ASV_3401	0.006758	0.001397143	0.001134907	0.017743129
ASV_2823	0.005976	0.0067835417	0.0104275445	0.0007161405
ASV_2945	0.006264	0.009602296	0.009190700	0.000000000
ASV_4857	0.005987	0.011731022	0.002496481	0.003734065
ASV_4576	0.006353	0.008957497	0.003405981	0.006696015
ASV_4136	0.008173	0.0001854704	0.0220813681	0.0022530234
ASV_3686	0.007464	0.004577039	0.010879450	0.006935455
ASV_2643	0.007175	0.008942723	0.005446406	0.007135500
ASV_2599	0.006535	0.008240476	0.005261626	0.006102469
ASV_2571	0.006707	0.009492460	0.007564877	0.003062881
ASV_2716	0.005711	0.004041768	0.003797178	0.009294969
ASV_3058	0.0075	0.004952364	0.010935897	0.006612619
ASV_3021	0.008139	0.002178871	0.019331064	0.002905625
ASV_3766	0.005355	0.000000000	0.005870846	0.010194973
ASV_3332	0.006493	0.013865107	0.002577541	0.003036187
ASV_3540	0.006014	0.012956542	0.001403207	0.003681911
ASV_4039	0.00698	0.007534623	0.007532618	0.005871728
ASV_1224	0.006606	0.007682303	0.001344891	0.010790450
ASV_1854	0.00569	0.0165289159	0.0001161019	0.0004237881
ASV_2135	0.007666	0.002362912	0.008269346	0.012364979
ASV_2197	0.007629	0.006863360	0.012744925	0.003278765
ASV_1982	0.005437	0.007443045	0.003967546	0.004899860
ASV_2239	0.007749	0.006728157	0.011205252	0.005314425
ASV_2262	0.006671	0.003978896	0.003384395	0.012649299
ASV_2477	0.006653	0.007947923	0.007857633	0.004152579
ASV_2809	0.006244	0.005062628	0.009155592	0.004514320
ASV_3188	0.005582	0.011155522	0.005591966	0.000000000
ASV_3639	0.007028	0.012709550	0.004793579	0.003581465
ASV_1705	0.005541	0.0009047314	0.0068993602	0.0088184022
ASV_1949	0.007312	0.0006730922	0.0210281175	0.0002358458
ASV_2321	0.006564	0.008771307	0.004094798	0.006824720
ASV_2702	0.007382	0.004018831	0.011189408	0.006938297
ASV_2835	0.006327	0.003484875	0.010936784	0.004557917
ASV_3304	0.010393	0.0002124658	0.0309678372	0.0000000000
ASV_6472	0.005885	0.002857562	0.001968704	0.012828468
ASV_2802	0.007202	0.004245450	0.008531111	0.008830821
ASV_3054	0.006403	0.003527855	0.002597427	0.013084467
ASV_3678	0.006083	0.003696150	0.013330137	0.001223973
ASV_3858	0.00612	0.007112501	0.008740296	0.002508523
ASV_3369	0.00591	0.000000	0.017731	0.000000
ASV_3793	0.006156	0.006698656	0.006873512	0.004895845
ASV_2148	0.006091	0.006965636	0.007114626	0.004192082
ASV_2200	0.007265	0.0006058824	0.0107704217	0.0104201705
ASV_2266	0.005995	0.00000000	0.00000000	0.01798617
ASV_2560	0.005938	0.007167099	0.006571929	0.004074323
ASV_2963	0.00739	0.006647614	0.008132535	0.007390854
ASV_3263	0.006677	0.005692922	0.008948433	0.005390289
ASV_2990	0.006002	0.00000000	0.00000000	0.01800717
ASV_3042	0.005134	0.008412855	0.005137066	0.001851407
ASV_3156	0.005566	0.006395992	0.007467219	0.002833981
ASV_3761	0.005645	0.007378664	0.005474166	0.004082471
ASV_4384	0.005229	0.010041916	0.001369964	0.004276409
ASV_4026	0.008073	0.0102129454	0.0130188871	0.0009861873
ASV_3758	0.00631	0.012889917	0.003172460	0.002867991
ASV_3566	0.0053	0.0002419843	0.0156575883	0.0000000000
ASV_2109	0.006989	0.008570153	0.008638800	0.003758902
ASV_1948	0.006942	0.005451965	0.006937207	0.008436365
ASV_3341	0.00753	0.006037881	0.003926209	0.012625769
ASV_2529	0.005624	0.004772249	0.005255910	0.006842952
ASV_2998	0.005622	0.007284723	0.005590169	0.003989911
ASV_3196	0.005996	0.01169210	0.00203308	0.00426220
ASV_3573	0.006851	0.012286272	0.003595991	0.004672161
ASV_3391	0.006257	0.003181358	0.011167040	0.004421323
ASV_2898	0.005652	0.009451261	0.002673496	0.004832484
ASV_3492	0.005913	0.005495249	0.005384079	0.006859583
ASV_3061	0.005201	0.006687486	0.002255725	0.006658856
ASV_3378	0.006401	0.008796245	0.006295127	0.004112168
ASV_3623	0.006368	0.002430495	0.005778468	0.010895451
ASV_3569	0.004862	0.0001231394	0.0007784684	0.0136855266
ASV_674	0.006896	0.000000000	0.002546523	0.018142494
ASV_1627	0.007159	0.002632097	0.007696839	0.011148436
ASV_1535	0.00564	0.000000000	0.003704584	0.013216539
ASV_2937	0.006721	0.005875059	0.007309393	0.006978451
ASV_3746	0.007204	0.0005662394	0.0067247661	0.0143205041
ASV_2582	0.006122	0.001966171	0.004148865	0.012250883
ASV_3160	0.006264	0.009289161	0.004339287	0.005164630
ASV_7720	0.005398	0.005085129	0.004579378	0.006528040
ASV_3627	0.005743	0.005095452	0.002219155	0.009913706
ASV_9919	0.004606	0.0011523901	0.0001423406	0.0125245470
ASV_4419	0.006534	0.005428315	0.011758539	0.002415422
ASV_3125	0.005329	0.006244362	0.001523680	0.008219786
ASV_3510	0.006286	0.011148572	0.001527755	0.006181249
ASV_3174	0.005626	0.008306677	0.003291801	0.005278026
ASV_3347	0.006468	0.015422962	0.002422803	0.001556923
ASV_3572	0.00797	0.005003894	0.004089187	0.014816548
ASV_6821	0.007238	0.008069546	0.005210484	0.008435308
ASV_4279	0.00658	0.011956560	0.001233042	0.006549674
ASV_3441	0.005275	0.009482754	0.002094975	0.004247909
ASV_3668	0.005647	0.00000000	0.01694224	0.00000000
ASV_3494	0.004825	0.001968954	0.010246117	0.002259902
ASV_3469	0.004926	0.01477672	0.00000000	0.00000000
ASV_3824	0.006022	0.007762001	0.003644872	0.006659920
ASV_2541	0.007297	0.002116787	0.004262797	0.015510455
ASV_1573	0.004901	0.0090432422	0.0050659411	0.0005933111
ASV_1918	0.00634	0.003480414	0.005594568	0.009945264
ASV_2300	0.007177	0.007203836	0.006591565	0.007736106
ASV_2369	0.00678	0.001209685	0.012754543	0.006376337
ASV_2395	0.006022	0.002374362	0.007143514	0.008546878
ASV_2803	0.005744	0.007990908	0.004649682	0.004591879
ASV_2763	0.005522	0.008688396	0.003210779	0.004666421
ASV_2642	0.005792	0.006908321	0.009249577	0.001218995
ASV_2820	0.005663	0.006885760	0.005971904	0.004131945
ASV_3135	0.00536	0.001190437	0.000000000	0.014890826
ASV_3006	0.006668	0.0011139305	0.0002584426	0.0186311470
ASV_8491	0.006782	0.001457175	0.012324008	0.006564403
ASV_2881	0.006388	0.004597183	0.011243164	0.003322242
ASV_3003	0.005754	0.007193534	0.005565074	0.004504790
ASV_5812	0.006773	0.004869092	0.005556992	0.009892763
ASV_3466	0.004686	0.00000000	0.01405762	0.00000000
ASV_3180	0.004956	0.000123043	0.000000000	0.014744215
ASV_3056	0.007217	0.00000000	0.01068833	0.01096280
ASV_4304	0.005721	0.003298063	0.006403092	0.007462621
ASV_3538	0.005775	0.005567500	0.001824321	0.009931995
ASV_3421	0.005308	0.011637668	0.002887444	0.001399739
ASV_3653	0.006659	0.00254959	0.01742696	0.00000000
ASV_4234	0.005932	0.010202387	0.001741630	0.005852482
ASV_4275	0.006138	0.002696873	0.009304933	0.006411688
ASV_3565	0.005663	0.010525050	0.001086686	0.005376334
ASV_4036	0.004996	0.013101447	0.000883020	0.001003683
ASV_3984	0.009782	0.000000000	0.005081006	0.024266489
ASV_2413	0.004641	0.004661080	0.004055764	0.005206712
ASV_1967	0.006314	0.004850243	0.008030172	0.006062135
ASV_2017	0.007113	0.008826879	0.006626675	0.005884223
ASV_1972	0.006768	0.006665669	0.006754000	0.006884643
ASV_2340	0.006344	0.008437843	0.001581551	0.009011350
ASV_2217	0.006362	0.004007926	0.005646522	0.009432870
ASV_5154	0.007156	0.004067958	0.011921057	0.005479632
ASV_2799	0.005768	0.006740963	0.008088293	0.002473857
ASV_3104	0.005178	0.0039025100	0.0002606692	0.0113699565
ASV_4822	0.007935	0.002798081	0.003674381	0.017333908
ASV_3011	0.006693	0.010078279	0.008173286	0.001826426
ASV_6797	0.006723	0.009886146	0.005987685	0.004294782
ASV_3350	0.004887	0.002935030	0.008864782	0.002860403
ASV_3272	0.006982	0.005914840	0.002143642	0.012887479
ASV_3190	0.004745	0.010889292	0.000000000	0.003345407
ASV_3587	0.004549	0.011392540	0.002254009	0.000000000
ASV_3709	0.005548	1.526270e-02	1.282999e-03	9.722028e-05
ASV_4302	0.004952	0.0042438824	0.0096726190	0.0009390785
ASV_3694	0.005809	0.008816475	0.001528637	0.007081725
ASV_4320	0.006246	0.004699384	0.010510752	0.003526772
ASV_9889	0.005439	0.003019134	0.007244561	0.006053746
ASV_3836	0.006848	0.013861499	0.003240146	0.003442664
ASV_1266	0.005752	0.001729856	0.004365248	0.011159664
ASV_1746	0.006757	0.004116622	0.005204890	0.010949782
ASV_2140	0.006266	0.008845477	0.001638337	0.008314626
ASV_2305	0.005557	0.007674618	0.005828075	0.003167157
ASV_2969	0.007295	0.0124807836	0.0084242317	0.0009809855
ASV_2640	0.005738	0.005673848	0.007229154	0.004311155
ASV_2936	0.006475	0.001664207	0.004247876	0.013512710
ASV_2561	0.005262	0.009307840	0.001904123	0.004573327
ASV_2914	0.005647	0.0001209921	0.0132668103	0.0035530037
ASV_4309	0.006082	0.001786212	0.009485242	0.006975037
ASV_2768	0.006249	0.005103659	0.008798887	0.004844790
ASV_2883	0.005582	0.0097742105	0.0060392786	0.0009330306
ASV_6493	0.007071	0.0018940003	0.0008191161	0.0185005376
ASV_3126	0.006899	0.011733999	0.007414517	0.001549294
ASV_3435	0.005557	0.007781422	0.005701810	0.003188110
ASV_4186	0.005601	0.001793102	0.013747496	0.001262375
ASV_3141	0.005521	0.0150707147	0.0005204266	0.0009722028
ASV_3146	0.005733	0.013265045	0.002645571	0.001287218
ASV_3934	0.008076	0.0000000000	0.0240211702	0.0002076171
ASV_4394	0.005249	0.0044865997	0.0108728197	0.0003888811
ASV_3415	0.005575	0.009779835	0.002370783	0.004574630
ASV_3819	0.005454	0.012275164	0.001744842	0.002341092
ASV_4128	0.005015	0.0050548114	0.0009314925	0.0090587581
ASV_1341	0.004997	0.000000000	0.001861175	0.013130020
ASV_1784	0.006566	0.005999193	0.003498339	0.010199316
ASV_1832	0.005263	0.013939191	0.001850428	0.000000000
ASV_3083	0.006349	0.002924165	0.009765518	0.006358686
ASV_2516	0.00699	0.005695808	0.006466891	0.008808047
ASV_2268	0.006847	0.009308095	0.007061807	0.004170233
ASV_2581	0.006227	0.007906022	0.009013646	0.001760032
ASV_2650	0.005338	0.003076796	0.009188609	0.003749787
ASV_2720	0.007893	0.0015988950	0.0003499577	0.0217294089
ASV_3080	0.005988	0.007806542	0.006420772	0.003736994
ASV_3077	0.004928	0.006483690	0.005794290	0.002504681
ASV_4274	0.006692	0.004131793	0.009153034	0.006791184
ASV_3689	0.00496	0.006930814	0.006326401	0.001621355
ASV_3491	0.005548	0.002555743	0.007920544	0.006167593
ASV_1583	0.006168	0.004848439	0.010282382	0.003372454
ASV_2029	0.006123	0.007327251	0.006613899	0.004428898
ASV_2436	0.005306	0.007226060	0.005118452	0.003574350
ASV_2484	0.006165	0.0024416177	0.0156048581	0.0004495957
ASV_2993	0.005197	0.007210407	0.006360229	0.002020162
ASV_4103	0.0074	0.016310757	0.002083765	0.003805878
ASV_3603	0.005469	0.005471486	0.001026847	0.009908328
ASV_3271	0.005652	0.010593274	0.002841594	0.003520550
ASV_3864	0.005449	0.008572953	0.001881411	0.005894113
ASV_3374	0.006324	0.000769850	0.008929497	0.009273966
ASV_4105	0.005271	0.003040052	0.005999605	0.006772666
ASV_1772	0.006588	0.0006128478	0.0020318427	0.0171183733
ASV_2056	0.007104	0.006222988	0.005192707	0.009895734
ASV_1947	0.006811	0.0036554847	0.0162946694	0.0004841021
ASV_2456	0.005951	0.00000000	0.01785415	0.00000000
ASV_2242	0.005749	0.006255203	0.005438343	0.005554270
ASV_2276	0.005996	0.006616262	0.003979658	0.007393033
ASV_2712	0.006529	0.008295223	0.008939127	0.002353121
ASV_2817	0.005952	0.005017602	0.004516270	0.008321762
ASV_2961	0.005326	0.00000000	0.00502197	0.01095631
ASV_9240	0.005556	0.006078497	0.004245858	0.006342384
ASV_3877	0.007199	0.001633188	0.005940099	0.014024904
ASV_2892	0.004898	0.006522728	0.003649080	0.004523560
ASV_3656	0.005589	0.001428391	0.006367595	0.008971425
ASV_3407	0.005047	0.006873957	0.002689846	0.005575841
ASV_3203	0.005897	0.0084819282	0.0086465266	0.0005628338
ASV_4424	0.006025	0.005460380	0.001882132	0.010732229
ASV_3918	0.005044	0.0100985135	0.0006817736	0.0043519415
ASV_3749	0.004421	0.010382131	0.000000000	0.002881588
ASV_2759	0.006629	0.007974471	0.005997750	0.005914625
ASV_2372	0.005302	0.002197379	0.010442414	0.003266238
ASV_3487	0.007887	0.002330930	0.017411915	0.003917298
ASV_3217	0.006105	0.003462196	0.003450670	0.011400641
ASV_2778	0.005862	0.008577845	0.006477818	0.002529179
ASV_3016	0.00513	0.010239426	0.003418566	0.001732703
ASV_2928	0.006648	0.004385777	0.003523786	0.012034897
ASV_7563	0.004814	0.007161726	0.001015655	0.006264272
ASV_2984	0.006145	0.000943047	0.003443084	0.014047421
ASV_7406	0.007097	0.007776903	0.006752243	0.006760687
ASV_3619	0.008183	0.001156751	0.019861052	0.003531442
ASV_3524	0.004806	0.0076179100	0.0060944296	0.0007043948
ASV_3166	0.006403	0.002689760	0.004938484	0.011580975
ASV_3580	0.005812	0.0139726604	0.0033143939	0.0001475997
ASV_3604	0.006222	0.003967525	0.011664276	0.003032830
ASV_3358	0.007265	0.004886088	0.014437668	0.002472405
ASV_3993	0.006164	0.008830080	0.006921666	0.002741472
ASV_3221	0.004858	0.005674316	0.008386806	0.000512382
ASV_3688	0.005478	0.012909069	0.001198078	0.002326326
ASV_3704	0.004537	0.00000000	0.00000000	0.01361026
ASV_3588	0.005545	0.009238653	0.004169279	0.003228165
ASV_1405	0.004828	0.0046514547	0.0092096234	0.0006230064
ASV_3394	0.007495	0.005613905	0.002134223	0.014736473
ASV_1919	0.00703	0.004334474	0.015335142	0.001419057
ASV_2346	0.005849	0.007164735	0.004820837	0.005560935
ASV_2388	0.00628	0.010416216	0.002980231	0.005444923
ASV_2129	0.008753	0.002008565	0.003213783	0.021037517
ASV_4092	0.006176	0.007184597	0.001358793	0.009984275
ASV_3479	0.005959	0.007203992	0.005341949	0.005329964
ASV_3098	0.005781	0.008831836	0.006098745	0.002413347
ASV_3812	0.005819	0.007458222	0.007112517	0.002884998
ASV_3416	0.004872	0.0110065743	0.0031174486	0.0004916191
ASV_3527	0.00524	0.009543513	0.003788685	0.002387994
ASV_3568	0.010986	0.0006234071	0.0012360202	0.0310978861
ASV_3464	0.00478	0.0096356747	0.0005394646	0.0041658398
ASV_3630	0.003961	0.00000000	0.01188212	0.00000000
ASV_3762	0.006136	0.003839252	0.009086450	0.005481981
ASV_4983	0.004824	0.002245516	0.009977154	0.002249595
ASV_1378	0.006825	0.002993816	0.015035647	0.002445398
ASV_2058	0.006123	0.006004180	0.008373561	0.003990608
ASV_1990	0.008503	0.0001231394	0.0229972849	0.0023886069
ASV_1993	0.005118	0.0006494832	0.0000000000	0.0147048455
ASV_2798	0.004534	0.003802646	0.005678748	0.004120014
ASV_2646	0.005376	0.008004059	0.006628453	0.001496387
ASV_4731	0.005419	0.002127902	0.011450263	0.002679694
ASV_3266	0.005287	0.003955852	0.008106506	0.003799171
ASV_3490	0.004587	0.005963346	0.002894058	0.004903757
ASV_8764	0.007025	0.007059595	0.006011307	0.008003626
ASV_4485	0.006186	0.004714333	0.006613813	0.007229871
ASV_3478	0.005659	0.008277190	0.002104447	0.006595360
ASV_3539	0.005225	6.786400e-03	8.791903e-03	9.722028e-05
ASV_4610	0.005546	0.002369919	0.001809870	0.012458988
ASV_3637	0.004789	0.008104058	0.004209796	0.002054467
ASV_3496	0.005091	0.011263948	0.002936020	0.001072146
ASV_2710	0.00629	0.007927537	0.009027011	0.001916948
ASV_2504	0.007498	0.0000000000	0.0007436223	0.0217506895
ASV_2724	0.006036	0.006801920	0.005309076	0.005997987
ASV_2911	0.005632	0.006437367	0.006399733	0.004059322
ASV_2875	0.005678	0.006091401	0.006419290	0.004523207
ASV_2807	0.006499	0.002679005	0.009812607	0.007004734
ASV_3124	0.005371	0.003863575	0.002474365	0.009775106
ASV_2692	0.008181	0.003756414	0.015320074	0.005467663
ASV_3040	0.006081	0.005821464	0.001036522	0.011384401
ASV_3742	0.005371	0.005301827	0.004836237	0.005975767
ASV_3646	0.00546	0.005400170	0.005354588	0.005624937
ASV_3392	0.005736	0.004660054	0.001341597	0.011206612
ASV_4006	0.005003	0.007484945	0.006078865	0.001445337
ASV_3951	0.005668	0.010165507	0.005375259	0.001462115
ASV_1876	0.005687	0.005566231	0.003970786	0.007522724
ASV_1793	0.00599	0.004908045	0.004749325	0.008311493
ASV_2018	0.004675	0.005268980	0.001093125	0.007661539
ASV_2538	0.004416	0.0102143146	0.0021468334	0.0008860873
ASV_2765	0.004961	0.005181599	0.003516731	0.006183479
ASV_2767	0.004158	0.0071050144	0.0044555349	0.0009144192
ASV_2463	0.004664	0.0100966025	0.0001393977	0.0037561365
ASV_2637	0.00568	0.0037163662	0.0001393977	0.0131840919
ASV_2956	0.004928	0.010163126	0.002714892	0.001905404
ASV_4739	0.003988	0.002924348	0.002410946	0.006629449
ASV_3390	0.005081	0.0096748914	0.0009872664	0.0045819587
ASV_3452	0.005136	0.005242617	0.007410326	0.002754562
ASV_3822	0.005731	0.002530177	0.001292872	0.013369995
ASV_257	0.005647	0.002279775	0.001567909	0.013094455
ASV_1227	0.00719	0.000123043	0.021446659	0.000000000
ASV_2183	0.005658	0.006026315	0.005945463	0.005001843
ASV_2024	0.005772	0.008663607	0.002901675	0.005750672
ASV_2051	0.005296	0.0006033471	0.0076694514	0.0076140907
ASV_2905	0.007969	0.005994345	0.008691437	0.009221518
ASV_3434	0.0099	0.000000000	0.008375152	0.021325844
ASV_5631	0.006358	0.0007813651	0.0089006746	0.0093925841
ASV_3064	0.005997	0.005600756	0.003342710	0.009047438
ASV_2876	0.006162	0.007570020	0.004149069	0.006767471
ASV_3454	0.005854	0.006314577	0.006977824	0.004269755
ASV_3649	0.00602	0.004006424	0.004740761	0.009313299
ASV_4050	0.005419	0.002487084	0.005842677	0.007925907
ASV_3473	0.009745	0.0001984694	0.0096973486	0.0193395822
ASV_3456	0.004037	0.006060005	0.000000000	0.006049538
ASV_3590	0.00534	8.117297e-03	7.806271e-03	9.722028e-05
ASV_3979	0.004971	0.003845834	0.007876582	0.003190310
ASV_3593	0.005713	0.001206679	0.007148008	0.008785375
ASV_3825	0.004989	0.0101849307	0.0004270219	0.0043537582
ASV_4120	0.004968	0.007801213	0.003621601	0.003481369
ASV_1921	0.007094	0.0004584307	0.0193710890	0.0014511448
ASV_1856	0.006656	0.003786496	0.004534411	0.011648067
ASV_1770	0.005401	0.001006487	0.002536624	0.012658986
ASV_1858	0.005285	0.007311689	0.001890505	0.006652982
ASV_2150	0.005567	0.004926789	0.004841349	0.006933239
ASV_7831	0.005322	0.006190070	0.005520851	0.004255963
ASV_3324	0.007071	0.002271197	0.009560118	0.009380218
ASV_3459	0.00512	0.0029211591	0.0115016621	0.0009383123
ASV_3445	0.005691	0.00000000	0.01175217	0.00532005
ASV_3265	0.005244	0.006588549	0.008123438	0.001021205
ASV_3444	0.004256	0.001250750	0.009319131	0.002199605
ASV_3557	0.004948	0.002567876	0.010436835	0.001839777
ASV_6060	0.00483	0.005851824	0.004943287	0.003694701
ASV_5944	0.005156	0.0040572004	0.0108184056	0.0005933111
ASV_3919	0.004976	0.007307966	0.004322441	0.003298191
ASV_694	0.00411	0.005052410	0.000000000	0.007278039
ASV_1759	0.006098	0.003146439	0.008290077	0.006857181
ASV_2414	0.006912	0.005593558	0.004116599	0.011027196
ASV_2254	0.006156	0.007422061	0.004166544	0.006880373
ASV_2547	0.005925	0.003411275	0.007236135	0.007128577
ASV_7382	0.005653	0.000000000	0.013623230	0.003335237
ASV_2840	0.00561	0.004340473	0.003997741	0.008491844
ASV_3029	0.005777	0.007008127	0.002493166	0.007829418
ASV_3285	0.006658	0.002695416	0.012809786	0.004468614
ASV_3775	0.004923	0.008993552	0.003973407	0.001801972
ASV_3184	0.005377	0.0108044182	0.0044124520	0.0009150243
ASV_3420	0.00501	0.012021143	0.001608485	0.001399159
ASV_9453	0.006848	0.002719730	0.016178976	0.001646524
ASV_4626	0.005861	0.004778774	0.009687790	0.003115304
ASV_4183	0.004718	0.008026605	0.002449700	0.003676340
ASV_4245	0.004909	0.0123003771	0.0006720889	0.0017552975
ASV_4330	0.004517	0.0000000	0.0000000	0.0135515
ASV_4125	0.005843	0.006948184	0.004145609	0.006435753
ASV_1016	0.006625	0.000000000	0.010378113	0.009497391
ASV_2329	0.005767	0.009862618	0.006088529	0.001349160
ASV_9026	0.006595	0.004762742	0.006861626	0.008160563
ASV_2771	0.005309	0.006426785	0.005073344	0.004425757
ASV_2453	0.00484	0.005495425	0.000000000	0.009023548
ASV_2629	0.005278	0.0134320883	0.0006231423	0.0017788643
ASV_2343	0.00499	0.0128896487	0.0004181931	0.0016635060
ASV_2379	0.006022	0.008627999	0.004692888	0.004746131
ASV_2674	0.005342	0.006260566	0.005118584	0.004646100
ASV_3106	0.004856	0.000799096	0.009606837	0.004161796
ASV_3244	0.005626	0.012710480	0.001767249	0.002400929
ASV_3414	0.004988	0.003107547	0.002646546	0.009208935
ASV_3512	0.00447	0.008609143	0.002168953	0.002630829
ASV_3172	0.005174	0.00000000	0.00497924	0.01054294
ASV_4032	0.00512	0.004915044	0.005045042	0.005400771
ASV_3624	0.00508	0.009599181	0.004966719	0.000673999
ASV_3625	0.003621	0.0091869922	0.0003813503	0.0012932814
ASV_2867	0.005384	0.0007496732	0.0092690979	0.0061321058
ASV_1846	0.004839	0.003017305	0.003658469	0.007840034
ASV_2083	0.007226	0.003563890	0.013688182	0.004427219
ASV_2553	0.004657	0.006597444	0.004847474	0.002526423
ASV_3062	0.00757	0.002163068	0.008599706	0.011946495
ASV_2698	0.004744	0.0093332136	0.0047605448	0.0001386255
ASV_2972	0.005267	0.005807903	0.004271495	0.005720786
ASV_3432	0.005486	0.006611208	0.004582499	0.005265261
ASV_3907	0.005822	0.005287759	0.004871976	0.007305339
ASV_3509	0.005598	0.000000000	0.011466918	0.005325889
ASV_2962	0.004262	0.00000000	0.00000000	0.01278539
ASV_5102	0.004299	0.0118977776	0.0000000000	0.0009979648
ASV_4267	0.00497	0.004680799	0.004583682	0.005646113
ASV_3608	0.005731	0.010077715	0.002252985	0.004861201
ASV_3638	0.003744	0.0089103884	0.0018480560	0.0004736192
ASV_3576	0.004559	0.008975647	0.002644384	0.002057080
ASV_3797	0.004854	0.0127741946	0.0003830185	0.0014041079
ASV_3851	0.004842	0.006231911	0.005132175	0.003163244
ASV_3974	0.004701	0.008746856	0.004077728	0.001277707
ASV_3921	0.004903	0.0050682967	0.0005915761	0.0090500302
ASV_3563	0.003504	0.008170839	0.000000000	0.002340397
ASV_3833	0.00602	0.00000000	0.01805879	0.00000000
ASV_4169	0.005398	1.609601e-02	0.000000e+00	9.722028e-05
ASV_1946	0.004209	0.001306473	0.000000000	0.011321809
ASV_3159	0.005991	0.006617902	0.009753006	0.001603123
ASV_9646	0.00591	0.001424530	0.013840303	0.002464989
ASV_2738	0.006462	0.006069276	0.009012697	0.004303397
ASV_9088	0.006281	0.008741666	0.006651119	0.003450126
ASV_2964	0.006966	0.0060464073	0.0147053939	0.0001475997
ASV_4916	0.005031	0.006673173	0.005550820	0.002867692
ASV_3901	0.006356	0.005616814	0.012443931	0.001006381
ASV_3727	0.005743	0.007581898	0.006628961	0.003018890
ASV_2978	0.005382	0.005372456	0.004777279	0.005996125
ASV_3046	0.006361	0.006795908	0.008454162	0.003834419
ASV_3219	0.004608	0.011179222	0.001265440	0.001378138
ASV_3298	0.005493	0.005729498	0.005113016	0.005637601
ASV_3949	0.006203	0.004145181	0.008528074	0.005936088
ASV_3741	0.004759	0.009915093	0.001839967	0.002522710
ASV_3344	0.003488	0.007014921	0.001134981	0.002313299
ASV_5338	0.005595	0.0007496732	0.0122173320	0.0038170837
ASV_3814	0.003659	0.010003990	0.000974192	0.000000000
ASV_3888	0.004892	0.0112811951	0.0005569479	0.0028371788
ASV_3973	0.004753	0.004200096	0.006693511	0.003366090
ASV_1248	0.005916	0.000985777	0.003224854	0.013538806
ASV_2404	0.004845	0.0056509565	0.0087201247	0.0001636297
ASV_5043	0.004727	0.005383670	0.004291737	0.004506735
ASV_2810	0.004096	0.007429823	0.002725076	0.002131853
ASV_2611	0.004924	0.004933810	0.004901541	0.004937476
ASV_3099	0.005354	0.005074821	0.008491015	0.002494753
ASV_3730	0.005949	0.001895141	0.008142207	0.007808500
ASV_3844	0.00455	0.008128018	0.002819505	0.002702284
ASV_3956	0.005039	0.009601387	0.003171552	0.002343544
ASV_4278	0.004529	0.005287697	0.006445560	0.001852448
ASV_3406	0.003861	0.0079603802	0.0005745277	0.0030474610
ASV_4858	0.005408	0.005037738	0.006566326	0.004620013
ASV_7476	0.005301	0.003534758	0.001499517	0.010869275
ASV_4680	0.004324	0.001964679	0.001318608	0.009689452
ASV_3764	0.00471	0.0009166592	0.0027027604	0.0105105277
ASV_4289	0.005563	0.00000000	0.00000000	0.01669023
ASV_3480	0.004724	0.009116322	0.001142310	0.003913729
ASV_4002	0.003951	0.007006243	0.000000000	0.004846311
ASV_4250	0.00551	0.0001946732	0.0000000000	0.0163357985
ASV_3983	0.003697	0.0000000	0.0110925	0.0000000
ASV_4639	0.004737	0.000000000	0.008503056	0.005707507
ASV_1975	0.005021	0.004887106	0.003315754	0.006860122
ASV_2523	0.006246	0.007960752	0.008333310	0.002445035
ASV_6226	0.005674	0.003913625	0.003212222	0.009895552
ASV_8363	0.003928	0.000000000	0.003300304	0.008484478
ASV_2949	0.005304	0.010979046	0.003721917	0.001210255
ASV_2966	0.00521	0.006730138	0.004679381	0.004220050
ASV_3290	0.005307	0.0000000000	0.0156250000	0.0002951995
ASV_3681	0.005024	0.010607609	0.002456531	0.002006397
ASV_3589	0.005812	0.006052874	0.008153283	0.003230192
ASV_3644	0.004607	0.006462527	0.001475648	0.005884288
ASV_4164	0.005112	0.01226870	0.00306594	0.00000000
ASV_3790	0.0039	0.007590384	0.000971157	0.003137062
ASV_3920	0.004467	0.0088511704	0.0006109743	0.0039398454
ASV_4584	0.00536	0.005117684	0.007016708	0.003946773
ASV_3976	0.004746	0.005979143	0.003900253	0.004357442
ASV_4198	0.003033	0.009098099	0.000000000	0.000000000
ASV_8977	0.005749	0.0004491031	0.0041153994	0.0126811370
ASV_1273	0.006144	0.001933140	0.011248822	0.005250678
ASV_2141	0.005896	0.005794844	0.007299660	0.004594794
ASV_2290	0.00573	0.000000000	0.005573863	0.011617006
ASV_2687	0.005318	0.005442373	0.007465494	0.003045195
ASV_2891	0.005442	0.001606423	0.010886843	0.003832203
ASV_2915	0.005386	0.0003215179	0.0099644966	0.0058716741
ASV_3065	0.005044	0.003948481	0.002168733	0.009014439
ASV_3911	0.005951	0.003800007	0.000549163	0.013503732
ASV_6518	0.005856	0.005339745	0.009520390	0.002707193
ASV_3642	0.00421	0.002534130	0.001593788	0.008500973
ASV_6528	0.004967	0.009029288	0.002735335	0.003136861
ASV_3632	0.004111	0.0001209921	0.0002786347	0.0119326190
ASV_4310	0.004651	0.007565816	0.004571343	0.001815308
ASV_4370	0.004416	0.006045607	0.001716172	0.005485955
ASV_3476	0.004672	0.009426824	0.002993526	0.001594406
ASV_3923	0.004635	0.0001968333	0.0094272114	0.0042806522
ASV_3971	0.005894	0.0023521213	0.0007627007	0.0145679028
ASV_3827	0.004957	0.003976626	0.004033033	0.006860934
ASV_4017	0.003645	0.0001893939	0.0107441941	0.0000000000
ASV_3756	0.004207	0.009126248	0.001211333	0.002282991
ASV_4176	0.004621	0.0003758325	0.0000000000	0.0134864390
ASV_2387	0.004516	0.001328362	0.008980409	0.003240437
ASV_2601	0.004387	0.007816213	0.003541745	0.001803184
ASV_2333	0.005332	0.004318689	0.006769836	0.004908853
ASV_2980	0.005313	0.002908023	0.002765760	0.010265114
ASV_3286	0.004929	0.007100020	0.002165139	0.005522518
ASV_4631	0.006027	0.002025461	0.006862376	0.009191831
ASV_3607	0.004426	0.006030280	0.003224489	0.004024581
ASV_3881	0.004961	0.004991077	0.005634910	0.004258296
ASV_3389	0.005193	0.004835295	0.007359596	0.003384195
ASV_4280	0.004801	0.010540940	0.000139237	0.003721690
ASV_3789	0.004716	0.008485878	0.003359913	0.002301030
ASV_4438	0.006368	0.01910533	0.00000000	0.00000000
ASV_787	0.004679	0.009674226	0.001675247	0.002688215
ASV_9928	0.006378	0.001978144	0.007598829	0.009556791
ASV_2104	0.005198	0.0074518358	0.0001393977	0.0080027219
ASV_2694	0.005999	0.003243015	0.007616051	0.007138008
ASV_2635	0.004314	0.004906610	0.008034863	0.000000000
ASV_2777	0.005703	0.004878523	0.002236457	0.009994643
ASV_5427	0.005707	0.005100805	0.006983243	0.005037942
ASV_3413	0.004067	0.004539503	0.001839081	0.005823041
ASV_3270	0.004387	0.006931314	0.001190353	0.005040758
ASV_3079	0.004047	0.0027167009	0.0001578283	0.0092662482
ASV_3897	0.005391	0.005620036	0.001542460	0.009009893
ASV_3938	0.005407	0.0074688556	0.0077915368	0.0009593561
ASV_4414	0.005805	0.004207308	0.010616372	0.002592740
ASV_4016	0.005022	0.00000000	0.01506458	0.00000000
ASV_3845	0.003491	0.0095767824	0.0000000000	0.0008954084
ASV_4577	0.005421	0.002522905	0.000000000	0.013740909
ASV_4073	0.011683	0.00000000	0.03505007	0.00000000
ASV_4317	0.00574	0.005999542	0.005441562	0.005779130
ASV_1305	0.005681	0.002122278	0.001462298	0.013457829
ASV_2252	0.00409	0.010604612	0.000000000	0.001665891
ASV_2136	0.003944	0.0002124658	0.0000000000	0.0116206788
ASV_2263	0.004538	0.001380802	0.000000000	0.012234038
ASV_2430	0.005912	0.004279835	0.006517301	0.006939562
ASV_2695	0.005664	0.010141464	0.000000000	0.006851546
ASV_2755	0.005012	0.011591550	0.000000000	0.003444089
ASV_3303	0.007022	0.0003583618	0.0200717777	0.0006347163
ASV_6924	0.005701	0.003528445	0.004833426	0.008741870
ASV_9014	0.005486	0.006707432	0.007600183	0.002151106
ASV_3600	0.006317	0.002940386	0.003296821	0.012713954
ASV_3074	0.004769	0.0000000	0.0000000	0.0143085
ASV_6294	0.004919	0.003789567	0.005905226	0.005062885
ASV_3308	0.005902	0.005543642	0.009788911	0.002373297
ASV_3375	0.003752	0.003694000	0.000000000	0.007560617
ASV_3411	0.004538	0.007333011	0.002135801	0.004146210
ASV_4123	0.003521	0.004786895	0.002241777	0.003534000
ASV_3707	0.004132	0.007353849	0.002341331	0.002700988
ASV_4956	0.004547	0.003909861	0.003365862	0.006364981
ASV_4531	0.004576	0.010193262	0.002193108	0.001343087
ASV_6464	0.005714	0.002584855	0.012254669	0.002303545
ASV_4364	0.005235	0.002282070	0.009575462	0.003846974
ASV_3860	0.00494	0.004181402	0.006947085	0.003692990
ASV_3947	0.00516	0.003388273	0.004398454	0.007694332
ASV_4256	0.004038	0.00000000	0.00000000	0.01211499
ASV_5107	0.00782	0.000000000	0.018746456	0.004712863
ASV_2994	0.006005	0.000000000	0.015203105	0.002812095
ASV_1813	0.005527	0.001232642	0.010809960	0.004538980
ASV_2403	0.004835	0.005330623	0.002700361	0.006474985
ASV_2715	0.005497	0.003870248	0.006340677	0.006278914
ASV_2729	0.006155	0.003873058	0.006310018	0.008282226
ASV_3149	0.006522	0.0001230485	0.0083488505	0.0110952880
ASV_3449	0.004329	0.003925054	0.004965019	0.004096760
ASV_4203	0.005183	0.002111289	0.004534252	0.008904454
ASV_3179	0.004745	0.002077360	0.003045908	0.009113046
ASV_3130	0.004586	0.005386047	0.004838659	0.003532026
ASV_5254	0.004965	0.004449531	0.006790338	0.003654832
ASV_3513	0.003776	0.0009742247	0.0000000000	0.0103524365
ASV_3711	0.006123	0.000000000	0.004648136	0.013720696
ASV_3857	0.00442	0.006356422	0.005265239	0.001638988
ASV_3515	0.004052	0.004654893	0.002388545	0.005113090
ASV_4388	0.007041	0.004282069	0.008732468	0.008108100
ASV_3853	0.004622	0.003145235	0.004793888	0.005927733
ASV_4118	0.004776	0.0009882094	0.0089930994	0.0043481420
ASV_4005	0.004041	0.006787765	0.003479410	0.001855538
ASV_4100	0.003342	0.00000000	0.01002709	0.00000000
ASV_4585	0.00425	0.004145882	0.005221015	0.003381647
ASV_4632	0.004513	0.01353763	0.00000000	0.00000000
ASV_4553	0.006425	0.003528413	0.003659687	0.012086654
ASV_2745	0.006149	0.001460146	0.010279753	0.006707047
ASV_2125	0.005856	0.003878154	0.009747332	0.003943371
ASV_2572	0.004417	0.004633536	0.007411749	0.001206173
ASV_3147	0.005197	0.001489627	0.001939124	0.012163537
ASV_4020	0.005695	0.002824766	0.006550194	0.007710525
ASV_3002	0.005212	0.0101870138	0.0049772801	0.0004715043
ASV_4922	0.00458	0.0009750265	0.0113896642	0.0013739417
ASV_2831	0.004925	0.0003936667	0.0000000000	0.0143809388
ASV_3484	0.006566	0.002520248	0.006728014	0.010449358
ASV_3225	0.005594	0.00619227	0.01058994	0.00000000
ASV_3615	0.007568	0.0005954082	0.0020161270	0.0200916776
ASV_6119	0.006616	0.0008937634	0.0134687790	0.0054863386
ASV_3886	0.006323	0.0172891619	0.0013836374	0.0002951995
ASV_4785	0.010848	0.0002124658	0.0314657346	0.0008647837
ASV_6106	0.004249	0.001579929	0.006982222	0.004184412
ASV_5215	0.00431	0.007558386	0.003394242	0.001976307
ASV_4363	0.004951	0.0146316671	0.0001038085	0.0001170198
ASV_1316	0.005212	0.0004491031	0.0082035592	0.0069837822
ASV_6602	0.005082	0.003812536	0.004409125	0.007024414
ASV_2162	0.004946	0.001354533	0.009211870	0.004270241
ASV_2796	0.004419	0.004118103	0.006196201	0.002944057
ASV_3380	0.005103	0.0007234685	0.0122188359	0.0023656077
ASV_3862	0.005428	0.007412569	0.004756015	0.004115518
ASV_8471	0.005029	0.003104047	0.003858199	0.008125541
ASV_2970	0.004897	0.004945233	0.002599756	0.007146645
ASV_3288	0.004703	0.007389043	0.000000000	0.006720789
ASV_3175	0.005843	0.002498507	0.001430615	0.013599879
ASV_5135	0.005238	0.004985711	0.007603531	0.003123435
ASV_5187	0.005366	0.003864411	0.008451836	0.003782149
ASV_4022	0.004702	0.007548145	0.003116249	0.003443091
ASV_3233	0.004229	0.00000000	0.00000000	0.01268685
ASV_3425	0.003652	0.0000000000	0.0009575462	0.0099985384
ASV_3936	0.004153	0.006843856	0.002366316	0.003249704
ASV_3726	0.004138	0.0079076427	0.0040107384	0.0004960908
ASV_9219	0.006242	0.0005367209	0.0166049069	0.0015839628
ASV_5162	0.004051	0.007316882	0.002767650	0.002069867
ASV_3922	0.004434	0.008211459	0.002002049	0.003089921
ASV_245	0.003563	0.0003125333	0.0003830185	0.0099933527
ASV_1713	0.00497	0.003849990	0.009155020	0.001903892
ASV_1560	0.005153	0.0039245415	0.0003562776	0.0111767038
ASV_2445	0.004572	0.009095488	0.002958992	0.001661811
ASV_2407	0.00436	0.004858204	0.006151006	0.002072112
ASV_3829	0.005103	0.007060054	0.004225350	0.004024598
ASV_2368	0.005595	0.001907881	0.003469308	0.011406939
ASV_2619	0.004582	0.009893647	0.002292130	0.001560331
ASV_2345	0.004652	0.00000000	0.00000000	0.01395483
ASV_2408	0.003726	0.007417706	0.002130390	0.001629299
ASV_4892	0.00451	0.0008458529	0.0022514072	0.0104330993
ASV_9480	0.005511	0.001537085	0.008319654	0.006675682
ASV_3939	0.004516	0.007971977	0.001822413	0.003753470
ASV_8823	0.004688	0.002717939	0.007285445	0.004061038
ASV_3361	0.005283	0.005327726	0.006039320	0.004483337
ASV_3259	0.004613	0.0009089789	0.0116466635	0.0012840334
ASV_3839	0.004131	0.005213809	0.003630316	0.003549014
ASV_3463	0.004876	0.009008225	0.002246826	0.003371849
ASV_3648	0.005025	0.002881572	0.009055927	0.003138615
ASV_3483	0.005282	0.0002124658	0.0025125014	0.0131216553
ASV_5077	0.004495	0.004143438	0.003273366	0.006068542
ASV_9078	0.006393	0.000000000	0.002298761	0.016879330
ASV_3651	0.004916	0.005769866	0.003972836	0.005006033
ASV_4844	0.004957	0.0001984694	0.0137466467	0.0009271672
ASV_3840	0.00409	0.001371425	0.000000000	0.010898084
ASV_4281	0.004079	0.0089429309	0.0031317920	0.0001636297
ASV_3945	0.00477	0.0053531653	0.0084592747	0.0004986592
ASV_4693	0.00504	0.003915198	0.006187135	0.005016311
ASV_4240	0.004087	0.0060499270	0.0008901843	0.0053199195
ASV_4239	0.003447	0.003753636	0.004928174	0.001660357
ASV_4321	0.004632	0.004090397	0.000000000	0.009806927
ASV_4127	0.004327	0.004045853	0.003851087	0.005083293
ASV_4527	0.00587	0.002699000	0.009590130	0.005321452
ASV_1471	0.00565	0.0008619755	0.0100776438	0.0060101820
ASV_1896	0.004413	0.007383187	0.005854703	0.000000000
ASV_3788	0.00444	0.007017633	0.002417026	0.003885947
ASV_3545	0.00573	0.005016392	0.008898216	0.003275040
ASV_3505	0.004635	0.006025926	0.002071425	0.005806241
ASV_3743	0.004867	0.0058750560	0.0084153538	0.0003115032
ASV_3805	0.004306	0.007070650	0.004665773	0.001182080
ASV_4204	0.00453	0.000590500	0.011758026	0.001240227
ASV_6848	0.004652	0.005994678	0.003676603	0.004285076
ASV_3957	0.004038	0.006753774	0.002301176	0.003059241
ASV_3831	0.005281	0.0001879162	0.0017542974	0.0139006796
ASV_4324	0.004056	0.0005018363	0.0017473501	0.0099192925
ASV_5159	0.005748	0.005118401	0.006228223	0.005896189
ASV_4939	0.003339	0.00000000	0.01001753	0.00000000
ASV_3346	0.00573	0.011227578	0.001144314	0.004818458
ASV_4180	0.005435	0.002910007	0.006392748	0.007002386
ASV_2779	0.00564	0.000000000	0.003202059	0.013717884
ASV_3032	0.004737	0.007277318	0.002115452	0.004816885
ASV_2976	0.005206	0.007563474	0.002731722	0.005322365
ASV_3794	0.005055	0.006275871	0.004343026	0.004547116
ASV_7133	0.006168	0.002421132	0.009377592	0.006704364
ASV_3786	0.004544	0.001530251	0.002277838	0.009823213
ASV_8142	0.005052	0.003943310	0.007405048	0.003807266
ASV_4569	0.006001	0.001066326	0.011646571	0.005290689
ASV_3423	0.003831	0.0091408798	0.0016727723	0.0006804961
ASV_3517	0.005667	0.004049773	0.001627796	0.011324519
ASV_4918	0.004456	0.004505550	0.005584388	0.003278449
ASV_4170	0.004469	0.009314828	0.001433848	0.002657706
ASV_3767	0.003759	0.000000000	0.006459663	0.004818347
ASV_3961	0.005259	0.0009724848	0.0143798377	0.0004237881
ASV_5658	0.004805	0.009857171	0.000000000	0.004557941
ASV_4674	0.004796	0.0088755359	0.0045357308	0.0009773423
ASV_7466	0.004501	0.003546752	0.005291842	0.004665555
ASV_4126	0.004711	0.0141339	0.0000000	0.0000000
ASV_4356	0.004821	0.004778955	0.006150449	0.003532316
ASV_2843	0.006843	0.001171362	0.016601538	0.002756060
ASV_1831	0.004079	0.003929652	0.000000000	0.008306888
ASV_2163	0.00463	0.009840578	0.000000000	0.004049824
ASV_2337	0.004821	0.004106343	0.005841343	0.004515763
ASV_3417	0.00452	0.007968370	0.001543309	0.004048138
ASV_3119	0.003549	0.0098484695	0.0006592258	0.0001386255
ASV_4721	0.005705	0.004442972	0.006988947	0.005682313
ASV_3816	0.00421	0.002198822	0.003820388	0.006611972
ASV_3966	0.004446	0.0122468197	0.0003900322	0.0007021017
ASV_3356	0.004486	0.002385115	0.006770102	0.004302348
ASV_3849	0.004843	0.005091877	0.005560839	0.003876077
ASV_9740	0.006557	0.003203280	0.012038252	0.004429202
ASV_3462	0.004294	0.007503295	0.005380052	0.000000000
ASV_3706	0.005068	0.008261785	0.005067575	0.001873968
ASV_3899	0.003885	0.005477189	0.002731729	0.003446507
ASV_3962	0.004704	0.005239044	0.004133998	0.004739564
ASV_3585	0.004247	0.0058232045	0.0061807888	0.0007381418
ASV_4068	0.004137	0.001853252	0.010557382	0.000000000
ASV_4318	0.004442	0.005274527	0.002830731	0.005219442
ASV_4167	0.005024	0.002990426	0.005184275	0.006897406
ASV_4428	0.003523	0.007318102	0.000000000	0.003249687
ASV_4038	0.004046	0.0082598610	0.0029441729	0.0009352408
ASV_4246	0.005024	0.003755421	0.002050082	0.009266357
ASV_4695	0.00496	0.0044730783	0.0099682008	0.0004395443
ASV_5908	0.00482	0.002316737	0.005477871	0.006666091
ASV_4069	0.003849	0.003853045	0.000000000	0.007693657
ASV_4642	0.00506	0.000000000	0.001006893	0.014171915
ASV_1389	0.005468	0.004126287	0.003271246	0.009007934
ASV_1973	0.004791	0.004481858	0.005913927	0.003977419
ASV_2386	0.005307	0.009515906	0.006404134	0.000000000
ASV_3381	0.005679	0.0008541574	0.0144063458	0.0017773343
ASV_3529	0.004483	0.004768549	0.004594055	0.004086028
ASV_3735	0.004211	0.0005479746	0.0000000000	0.0120856478
ASV_3278	0.004025	0.0001209921	0.0018348762	0.0101184978
ASV_3197	0.004916	0.005434742	0.005964747	0.003349836
ASV_3801	0.003876	0.007842495	0.002520375	0.001263864
ASV_4993	0.004378	0.000771026	0.001260743	0.011102953
ASV_3989	0.004542	0.007699092	0.002853449	0.003074953
ASV_4238	0.004132	0.005230123	0.004366733	0.002799821
ASV_4729	0.004556	0.006595022	0.003419344	0.003652825
ASV_4660	0.005271	0.004925575	0.001549379	0.009339510
ASV_4623	0.00453	0.004275360	0.005979343	0.003335137
ASV_4166	0.002984	0.007711205	0.000000000	0.001241584
ASV_4322	0.004433	0.0104364870	0.0018908032	0.0009722028
ASV_4976	0.004388	0.0100228921	0.0022774979	0.0008643736
ASV_1714	0.003753	0.0068048578	0.0005267424	0.0039267209
ASV_1736	0.003183	0.000000000	0.000000000	0.009548955
ASV_1536	0.003063	0.0053251513	0.0005338129	0.0033312153
ASV_1665	0.004766	0.004757704	0.003703358	0.005837278
ASV_1879	0.004447	0.002117104	0.006877498	0.004346264
ASV_5841	0.004837	0.001766712	0.006406382	0.006337518
ASV_3837	0.004685	0.008742996	0.002316471	0.002996992
ASV_2221	0.004182	0.004147066	0.004611934	0.003788332
ASV_9280	0.005709	0.0053205444	0.0113470776	0.0004591029
ASV_2991	0.005653	0.004853183	0.009633232	0.002471933
ASV_2894	0.005097	0.0007738447	0.0122284171	0.0022880495
ASV_2982	0.005508	0.002019625	0.009988815	0.004514608
ASV_3194	0.004901	0.006837937	0.003428917	0.004437531
ASV_3429	0.004852	0.004205770	0.008274348	0.002076422
ASV_4351	0.004271	0.004398375	0.005147997	0.003265793
ASV_4714	0.005066	0.003684029	0.010043194	0.001470435
ASV_3892	0.003672	0.003503212	0.000000000	0.007512919
ASV_3820	0.004503	0.004221898	0.002686687	0.006600637
ASV_3488	0.003777	0.008348508	0.000000000	0.002982987
ASV_3754	0.004044	0.005328720	0.005549709	0.001254363
ASV_4331	0.005225	0.006337616	0.003036405	0.006301406
ASV_4402	0.003883	0.006197311	0.001900494	0.003551392
ASV_4037	0.003843	0.009767867	0.000000000	0.001760832
ASV_4110	0.004601	0.009334504	0.002983764	0.001484978
ASV_4119	0.004235	0.0083592356	0.0038976760	0.0004491394
ASV_4466	0.004175	0.004461782	0.008063935	0.000000000
ASV_4165	0.003635	0.01090633	0.00000000	0.00000000
ASV_4319	0.004499	0.011208544	0.002288237	0.000000000
ASV_1470	0.005349	0.004370481	0.008635961	0.003041854
ASV_4148	0.004879	0.004922803	0.007947095	0.001768564
ASV_3137	0.00511	0.003328513	0.004203214	0.007797302
ASV_2713	0.00429	0.006423525	0.002444542	0.004002754
ASV_8146	0.004039	0.003380422	0.000000000	0.008735533
ASV_5499	0.005691	0.002518710	0.010527439	0.004027302
ASV_4417	0.005713	0.005704195	0.010433243	0.001002348
ASV_3677	0.004411	0.006205788	0.004612779	0.002413260
ASV_5377	0.004418	0.002557746	0.003719576	0.006976847
ASV_4973	0.004626	0.003476067	0.004378296	0.006023703
ASV_5094	0.004943	0.0103056526	0.0004363022	0.0040878307
ASV_8052	0.006493	0.003186987	0.011997007	0.004295108
ASV_5252	0.003672	0.005545705	0.001096497	0.004373849
ASV_4377	0.005019	0.007745441	0.003246031	0.004065046
ASV_4513	0.004277	0.002838069	0.001468631	0.008524538
ASV_4168	0.005156	0.004112493	0.005965432	0.005390503
ASV_4263	0.003722	0.003217907	0.006451517	0.001496079
ASV_3747	0.003882	0.003821197	0.000000000	0.007826279
ASV_5166	0.005746	0.001469206	0.011157169	0.004611613
ASV_4152	0.003391	0.0051429032	0.0008090993	0.0042202958
ASV_4191	0.003923	0.008826717	0.001000590	0.001941812
ASV_5711	0.004027	0.0030065687	0.0086585353	0.0004156442
ASV_4357	0.003476	0.0090892721	0.0002606692	0.0010775495
ASV_4467	0.004263	0.008635597	0.002926594	0.001225538
ASV_988	0.003303	0.000000000	0.007500172	0.002408196
ASV_2586	0.005565	0.002693442	0.007245186	0.006756303
ASV_2943	0.005071	0.005935046	0.006510693	0.002768610
ASV_4630	0.005368	0.002777065	0.002863547	0.010462570
ASV_2811	0.00377	0.004102767	0.005154338	0.002054084
ASV_2739	0.005053	0.004057814	0.004102452	0.006999709
ASV_2952	0.004373	0.0047719321	0.0001578283	0.0081901510
ASV_6179	0.004744	0.0005200782	0.0091631993	0.0045484435
ASV_5428	0.007611	0.003905279	0.000000000	0.018928701
ASV_3024	0.004505	0.0000000000	0.0133942616	0.0001204448
ASV_3015	0.003929	0.011510539	0.000000000	0.000277251
ASV_3128	0.005091	0.006823924	0.004411147	0.004038711
ASV_3723	0.006032	0.0006397398	0.0156976477	0.0017593633
ASV_3362	0.006028	0.009307416	0.007212458	0.001565604
ASV_3100	0.003812	0.0044867888	0.0004734848	0.0064764573
ASV_7498	0.004307	0.002598203	0.000000000	0.010321378
ASV_3772	0.004675	0.001907204	0.007312892	0.004803971
ASV_4108	0.003156	0.0075558287	0.0002606692	0.0016511821
ASV_3809	0.004089	0.003875767	0.003721737	0.004668269
ASV_4697	0.004285	0.002602913	0.003632753	0.006618110
ASV_4130	0.003117	0.0009620293	0.0083898038	0.0000000000
ASV_4582	0.004892	0.006226568	0.007098333	0.001349705
ASV_5239	0.007871	0.001274795	0.022097503	0.000242051
ASV_7807	0.004768	0.003090322	0.006092929	0.005122166
ASV_4347	0.004481	0.001912192	0.000000000	0.011530125
ASV_4314	0.004297	0.004483940	0.001848594	0.006557854
ASV_4244	0.003215	0.0006373974	0.0003873447	0.0086198399
ASV_4436	0.004159	0.005009698	0.001968522	0.005498544
ASV_4578	0.004505	0.01351589	0.00000000	0.00000000
ASV_115	0.005981	0.007556205	0.010387596	0.000000000
ASV_1137	0.00524	0.000000000	0.001477906	0.014241530
ASV_927	0.004907	0.003120923	0.005116615	0.006484611
ASV_1108	0.004389	0.0000000000	0.0003873447	0.0127787194
ASV_1889	0.003616	0.000000000	0.003157968	0.007688988
ASV_2653	0.006595	0.0003215124	0.0171006998	0.0023617811
ASV_2213	0.003964	0.004797779	0.005622766	0.001472160
ASV_2444	0.004186	0.001643488	0.001789434	0.009125642
ASV_2452	0.004374	0.0074310066	0.0004970515	0.0051948077
ASV_2918	0.004564	0.005318219	0.002689160	0.005685647
ASV_3438	0.005625	0.005613597	0.009996800	0.001263750
ASV_3342	0.003602	0.006826088	0.000000000	0.003980244
ASV_3386	0.004049	0.0020963100	0.0091806022	0.0008706794
ASV_3325	0.004524	0.003006223	0.002361183	0.008205408
ASV_8106	0.005951	0.0007259528	0.0103334270	0.0067939838
ASV_4194	0.004452	0.005680055	0.004214074	0.003462231
ASV_5277	0.003721	0.001885885	0.008253270	0.001024502
ASV_8895	0.004595	0.003310864	0.006903260	0.003571121
ASV_4266	0.004123	0.006168887	0.004749687	0.001449174
ASV_5178	0.004472	0.0000000	0.0134154	0.0000000
ASV_4161	0.003419	0.006961663	0.001519352	0.001776455
ASV_3884	0.004294	0.003986465	0.003374226	0.005521506
ASV_4581	0.004591	0.011039794	0.001209763	0.001523295
ASV_8210	0.004527	0.007100817	0.003901334	0.002578434
ASV_4200	0.003954	0.004347214	0.003009666	0.004505784
ASV_4898	0.004286	0.0122151111	0.0004955146	0.0001475997
ASV_5894	0.003978	0.006008830	0.001965393	0.003958526
ASV_4035	0.002572	0.0074376935	0.0002787954	0.0000000000
ASV_4323	0.005223	0.006788097	0.007297219	0.001583556
ASV_6952	0.004812	0.0061728598	0.0078467139	0.0004150893
ASV_4995	0.003845	0.0004249316	0.0000000000	0.0111108070
ASV_5460	0.004307	0.003030269	0.007315401	0.002575491
ASV_727	0.0057	0.000000000	0.015438992	0.001660209
ASV_1320	0.004349	0.002556124	0.001594300	0.008897962
ASV_1920	0.005493	0.005079678	0.009881959	0.001515951
ASV_2031	0.005099	0.00000000	0.00000000	0.01529811
ASV_2364	0.005569	0.001637633	0.008867763	0.006201353
ASV_2654	0.005727	0.000000000	0.006340656	0.010839897
ASV_2447	0.004004	0.005730561	0.005201375	0.001080991
ASV_3004	0.004508	0.008312256	0.002199800	0.003010503
ASV_3257	0.005068	0.000904573	0.004690935	0.009607491
ASV_3584	0.004347	0.003550336	0.005673575	0.003817925
ASV_3105	0.004544	0.003368438	0.003327722	0.006937249
ASV_3800	0.004395	0.005554553	0.003956951	0.003674049
ASV_3561	0.005043	0.002174415	0.003050438	0.009905257
ASV_3835	0.005091	0.005757191	0.005317877	0.004198255
ASV_6635	0.00445	0.001053301	0.009833620	0.002463474
ASV_3785	0.003716	0.005618376	0.001985687	0.003542674
ASV_4818	0.004378	0.0037157759	0.0089799492	0.0004395443
ASV_3578	0.004322	0.002622104	0.007139936	0.003205186
ASV_3736	0.003692	0.001435669	0.009639459	0.000000000
ASV_4122	0.006022	0.003489474	0.012381570	0.002196279
ASV_4033	0.00516	0.002608474	0.001718982	0.011153173
ASV_544	0.006664	0.002333217	0.016232499	0.001427307
ASV_685	0.00313	0.0000000000	0.0090777965	0.0003115032
ASV_1144	0.005398	0.001095081	0.007476977	0.007621606
ASV_2033	0.003465	0.0049812399	0.0003360124	0.0050770361
ASV_2142	0.003963	0.006365891	0.003693171	0.001831142
ASV_3176	0.004615	0.004588223	0.003540689	0.005714747
ASV_4212	0.004902	0.002529215	0.004394168	0.007783819
ASV_4375	0.004893	0.006496164	0.002394231	0.005788134
ASV_2924	0.004597	0.002994018	0.007574923	0.003222285
ASV_2953	0.004464	0.003910772	0.005270380	0.004212289
ASV_4816	0.004164	0.006502655	0.002262935	0.003725797
ASV_3343	0.004085	0.004631853	0.003037121	0.004584939
ASV_3353	0.003234	0.0000000000	0.0003830185	0.0093195302
ASV_3777	0.003838	0.0074745141	0.0003884898	0.0036505853
ASV_6812	0.005685	0.000695294	0.012233749	0.004125922
ASV_6309	0.004236	0.001272897	0.003031131	0.008405195
ASV_4464	0.004328	0.004394274	0.004479865	0.004110125
ASV_5404	0.003804	0.0034245004	0.0009557614	0.0070312115
ASV_5747	0.003913	0.005928463	0.003753430	0.002057230
ASV_4519	0.003991	0.001034071	0.005613357	0.005325152
ASV_5224	0.00418	0.004720173	0.006734738	0.001084003
ASV_1606	0.003551	0.007757780	0.002896503	0.000000000
ASV_2025	0.004935	0.007214109	0.003854977	0.003737267
ASV_7477	0.005163	0.005784953	0.004246471	0.005457929
ASV_2929	0.005459	0.002479429	0.011513683	0.002382890
ASV_2752	0.004898	0.0029457895	0.0003576538	0.0113915469
ASV_7709	0.004083	0.005095281	0.002090448	0.005064506
ASV_7239	0.005295	0.0001230485	0.0000000000	0.0157629173
ASV_4173	0.003806	0.00000000	0.01141759	0.00000000
ASV_3738	0.003525	0.004021399	0.003473598	0.003080431
ASV_4060	0.005277	0.005224812	0.008216933	0.002389457
ASV_4335	0.004283	0.004035201	0.006246495	0.002566016
ASV_5392	0.004285	0.007780337	0.002830428	0.002242852
ASV_4391	0.003497	0.004661770	0.002426545	0.003404076
ASV_4277	0.004051	0.010102103	0.000000000	0.002051694
ASV_4774	0.003186	0.0004249316	0.0091320453	0.0000000000
ASV_4728	0.003312	0.0083295692	0.0009233254	0.0006823194
ASV_4404	0.004137	0.008722616	0.001162242	0.002525846
ASV_4463	0.002634	0.0065575396	0.0006364492	0.0007068949
ASV_4887	0.004314	0.00000000	0.01294192	0.00000000
ASV_1189	0.00436	0.0002124658	0.0024905650	0.0103767899
ASV_1844	0.005858	0.001630574	0.014184972	0.001758177
ASV_1871	0.005338	0.001830459	0.004461435	0.009721167
ASV_9080	0.00602	0.001246802	0.007477077	0.009335033
ASV_2203	0.004859	0.003151559	0.004545649	0.006880126
ASV_2227	0.006132	0.0000000000	0.0002419527	0.0181553044
ASV_6001	0.005281	0.002127525	0.003802196	0.009912736
ASV_3031	0.005446	0.0002419843	0.0139849278	0.0021123877
ASV_3732	0.004266	0.003851549	0.006413703	0.002533243
ASV_8749	0.00596	0.007032850	0.006706772	0.004139479
ASV_3282	0.00425	0.005285502	0.004342505	0.003122400
ASV_3811	0.004175	0.004171725	0.005836707	0.002515162
ASV_9103	0.00468	0.007315263	0.003391929	0.003333425
ASV_7532	0.004369	0.0002124658	0.0127463684	0.0001475997
ASV_3739	0.004253	0.0001984694	0.0013302344	0.0112297164
ASV_3613	0.004391	0.0058865049	0.0063197399	0.0009682042
ASV_3943	0.003941	0.006065383	0.000971500	0.004787210
ASV_5501	0.005231	0.002203099	0.011078092	0.002413166
ASV_3910	0.004106	0.007108417	0.002253590	0.002955070
ASV_3975	0.003732	0.0051278348	0.0053255554	0.0007424935
ASV_4053	0.00373	0.0078458310	0.0024197910	0.0009230035
ASV_4227	0.003627	0.0094911967	0.0004999944	0.0008902518
ASV_4780	0.004371	0.0003691454	0.0019074925	0.0108365198
ASV_5042	0.003995	0.004996158	0.003087461	0.003900971
ASV_4521	0.004127	0.0115819721	0.0000000000	0.0007985253
ASV_8622	0.004834	0.005438044	0.004311317	0.004753844
ASV_5339	0.003109	0.0000000000	0.0091803447	0.0001475997
ASV_4201	0.003931	0.007322453	0.004193268	0.000277251
ASV_760	0.004149	0.003197275	0.003921117	0.005328586
ASV_2030	0.00425	0.002474007	0.004302423	0.005973367
ASV_2015	0.004404	0.0000000000	0.0002846813	0.0129261436
ASV_3683	0.004319	0.005915796	0.003926984	0.003113436
ASV_2597	0.004922	0.004636667	0.007933768	0.002196917
ASV_4854	0.005198	0.005568853	0.006934984	0.003089336
ASV_2533	0.004319	0.003068430	0.006503415	0.003385022
ASV_2785	0.004215	0.003584057	0.005771626	0.003290653
ASV_3635	0.004398	0.004296956	0.005548236	0.003350090
ASV_4760	0.005138	0.001780813	0.007698093	0.005935014
ASV_5780	0.003902	0.005084827	0.002504332	0.004116033
ASV_3838	0.004667	0.004046565	0.005612315	0.004341215
ASV_2858	0.00365	0.000000000	0.001736955	0.009213300
ASV_3123	0.00361	0.003324763	0.003078418	0.004425405
ASV_3878	0.004329	0.002708779	0.005863403	0.004416018
ASV_7676	0.003794	0.005221208	0.002929105	0.003231192
ASV_5025	0.004695	0.002534000	0.008704612	0.002846748
ASV_3622	0.004011	0.003089027	0.006777246	0.002168006
ASV_7092	0.003577	0.0008279808	0.0088668175	0.0010375482
ASV_3338	0.003795	0.0000000000	0.0112449113	0.0001386255
ASV_3364	0.003873	0.006530776	0.002517457	0.002571648
ASV_5106	0.003814	0.0003107452	0.0077381623	0.0033933206
ASV_3806	0.003795	0.006553535	0.002009476	0.002822588
ASV_8404	0.004506	0.003567742	0.007338897	0.002611007
ASV_4348	0.003741	0.001765315	0.005469622	0.003987271
ASV_4768	0.00362	0.0071880855	0.0029408185	0.0007325087
ASV_4978	0.005128	0.005084935	0.006557244	0.003742113
ASV_4718	0.00391	0.005780794	0.003940685	0.002009261
ASV_4338	0.003889	0.0087342348	0.0005941305	0.0023373565
ASV_4539	0.00362	0.0000000	0.0108585	0.0000000
ASV_4725	0.003635	0.003740522	0.003822198	0.003342103
ASV_4437	0.003864	0.006304130	0.002286840	0.003002333
ASV_4730	0.003671	0.006417849	0.001237062	0.003358222
ASV_4936	0.003233	0.0095583787	0.0001393977	0.0000000000
ASV_1057	0.004523	0.002465896	0.001773715	0.009328158
ASV_2524	0.004547	0.003362850	0.006111465	0.004165979
ASV_2344	0.002938	0.001122758	0.005559229	0.002133412
ASV_2859	0.004967	0.002185001	0.006228819	0.006487669
ASV_3621	0.003814	0.002479290	0.007069125	0.001894048
ASV_3081	0.004312	0.006759227	0.004278475	0.001898538
ASV_3571	0.005066	0.002460463	0.012737817	0.000000000
ASV_5085	0.005015	0.002267186	0.007627621	0.005149824
ASV_3235	0.003764	0.003083475	0.001144396	0.007063087
ASV_3780	0.004384	0.009224440	0.002737953	0.001189410
ASV_3751	0.003576	0.003504397	0.001809505	0.005415251
ASV_3525	0.003556	0.006050698	0.001879607	0.002738509
ASV_3999	0.003521	0.003636711	0.002871039	0.004054997
ASV_4282	0.004486	0.001062329	0.009298275	0.003096000
ASV_3925	0.002929	0.000000000	0.000000000	0.008787979
ASV_4096	0.004085	0.005524683	0.005294112	0.001436878
ASV_4439	0.004417	0.0035338842	0.0095958165	0.0001204448
ASV_5917	0.004948	0.001661311	0.008540366	0.004642390
ASV_6569	0.004315	0.002954920	0.006471825	0.003519353
ASV_4617	0.004385	0.0076083962	0.0046479940	0.0008972468
ASV_8185	0.004711	0.004042986	0.005110278	0.004979895
ASV_4462	0.004186	0.007450048	0.001054953	0.004051862
ASV_6651	0.004078	0.003426370	0.007389492	0.001417061
ASV_4398	0.004688	0.006505715	0.002406224	0.005152476
ASV_4611	0.003581	0.002909139	0.003189277	0.004645906
ASV_5308	0.004172	0.006632032	0.001325909	0.004557246
ASV_7091	0.006617	0.001424165	0.016684115	0.001742371
ASV_4836	0.003159	0.0028328943	0.0005190426	0.0061254088
ASV_4528	0.002539	0.0066121941	0.0008673485	0.0001386255
ASV_1139	0.00457	0.004465012	0.002264573	0.006981876
ASV_1700	0.004039	0.003307619	0.007583150	0.001227056
ASV_3012	0.004583	0.006006027	0.004520748	0.003223296
ASV_5259	0.003952	0.001193521	0.004477661	0.006184584
ASV_6927	0.005463	0.001974964	0.008630886	0.005782783
ASV_3614	0.00358	0.004761233	0.004772803	0.001206328
ASV_3379	0.003561	0.0046532874	0.0003562776	0.0056728802
ASV_3855	0.00404	0.005732253	0.003021525	0.003366285
ASV_4057	0.003948	0.0061059766	0.0001423406	0.0055946200
ASV_5053	0.005217	0.00000000	0.01565027	0.00000000
ASV_4523	0.004341	0.0109366337	0.0011738373	0.0009112662
ASV_4243	0.003532	0.006549263	0.001232071	0.002813911
ASV_4667	0.003538	0.004071929	0.003063022	0.003479466
ASV_4579	0.004692	0.0046546567	0.0087105005	0.0007106711
ASV_5840	0.003636	0.001466322	0.001274459	0.008168709
ASV_5331	0.004443	0.0007859305	0.0069154044	0.0056283835
ASV_4471	0.00464	0.0009525242	0.0111087545	0.0018592539
ASV_4641	0.00362	0.0000000000	0.0107212476	0.0001386255
ASV_4779	0.004661	0.0008610145	0.0000000000	0.0131212882
ASV_2992	0.004102	0.0091033806	0.0007330487	0.0024710558
ASV_2794	0.003559	0.0007418816	0.0090352176	0.0008993357
ASV_2349	0.003731	0.005631222	0.001096944	0.004465888
ASV_2641	0.004437	0.002539267	0.004864719	0.005907933
ASV_2419	0.003311	0.0022993260	0.0072972110	0.0003368546
ASV_2819	0.004162	0.0049644528	0.0065416694	0.0009809214
ASV_8710	0.004073	0.001967426	0.002089724	0.008161795
ASV_3477	0.004067	0.007177991	0.002370055	0.002654340
ASV_3049	0.004313	0.003802635	0.002229317	0.006906313
ASV_4911	0.003461	0.004965724	0.002741506	0.002674551
ASV_8993	0.004247	0.000000000	0.011054654	0.001685764
ASV_6078	0.004172	0.002350961	0.005040601	0.005123727
ASV_5329	0.005088	0.0006974412	0.0098430671	0.0047247318
ASV_6540	0.006577	0.005569434	0.011300770	0.002861377
ASV_4182	0.003646	0.005131731	0.003490657	0.002315561
ASV_4361	0.004148	0.005990033	0.000000000	0.006454603
ASV_5936	0.003549	0.005293929	0.002257742	0.003094294
ASV_7061	0.004919	0.000884594	0.010414321	0.003457698
ASV_4121	0.003837	0.0048222923	0.0004181931	0.0062703903
ASV_6174	0.003301	0.0008619755	0.0041063522	0.0049339539
ASV_7819	0.00367	0.004390220	0.001873789	0.004745104
ASV_4195	0.003452	0.007105880	0.001900182	0.001349099
ASV_5024	0.003883	0.0051105901	0.0058821691	0.0006571404
ASV_4541	0.004048	0.000000000	0.008229278	0.003914440
ASV_4247	0.004443	0.000646468	0.009496967	0.003184089
ASV_4817	0.003637	0.003965155	0.001332790	0.005612222
ASV_5055	0.004911	0.00000000	0.01473341	0.00000000
ASV_4252	0.003433	0.000000000	0.001268973	0.009028877
ASV_4396	0.004269	0.0126868304	0.0000000000	0.0001204448
ASV_4359	0.002324	0.0068340841	0.0000000000	0.0001386255
ASV_4503	0.0036	0.01079854	0.00000000	0.00000000
ASV_4628	0.003725	0.003450936	0.006150883	0.001571952
ASV_4640	0.003653	0.00000000	0.01096023	0.00000000
ASV_5037	0.003864	0.004771794	0.003210330	0.003611240
ASV_664	0.003428	0.005183157	0.004263744	0.000838438
ASV_779	0.005131	0.0007050232	0.0118476368	0.0028407055
ASV_1788	0.003823	0.005400642	0.004031347	0.002036959
ASV_2782	0.003748	0.0007542175	0.0063071840	0.0041840359
ASV_2473	0.003494	0.000000000	0.003026103	0.007454441
ASV_2700	0.004112	0.002363450	0.004480079	0.005493219
ASV_2897	0.003839	0.006034972	0.001054160	0.004426758
ASV_5114	0.004104	0.004682668	0.003798150	0.003829760
ASV_2855	0.00345	0.006642824	0.002321136	0.001386004
ASV_2877	0.004142	0.005172667	0.002753719	0.004500250
ASV_4070	0.004115	0.002395434	0.008843275	0.001107108
ASV_3553	0.004008	0.005517284	0.006263421	0.000242051
ASV_4591	0.004389	0.00000000	0.01316796	0.00000000
ASV_3657	0.005382	0.00413350	0.01201244	0.00000000
ASV_4389	0.004049	0.005183925	0.004681118	0.002282906
ASV_3511	0.003894	0.002766550	0.002324699	0.006590480
ASV_5170	0.003711	0.0090377044	0.0008899779	0.0012053979
ASV_4517	0.003669	0.0058390613	0.0042348675	0.0009324734
ASV_4112	0.004073	0.0092048933	0.0021834310	0.0008301787
ASV_4429	0.003074	0.0055657737	0.0003562776	0.0032984880
ASV_5155	0.003812	0.004989220	0.004771627	0.001674853
ASV_4336	0.003936	0.003039777	0.001095159	0.007674213
ASV_6557	0.003912	0.002129470	0.004383970	0.005223094
ASV_4776	0.003843	0.001332933	0.005488345	0.004706454
ASV_5808	0.003327	0.005421382	0.002622089	0.001936344
ASV_5040	0.003899	0.003065278	0.001470646	0.007162193
ASV_5527	0.004324	0.0104166609	0.0007009522	0.0018555322
ASV_2476	0.004111	0.001663464	0.006276118	0.004393043
ASV_2398	0.004243	0.001223315	0.003310621	0.008194428
ASV_3606	0.004444	0.004362323	0.001759606	0.007211529
ASV_4458	0.004418	0.003368926	0.006578251	0.003305572
ASV_3096	0.003862	0.002897714	0.004966896	0.003720623
ASV_3229	0.00458	0.003482147	0.008070311	0.002187731
ASV_3717	0.002993	0.0071296891	0.0010729614	0.0007756936
ASV_4235	0.004933	0.005191132	0.006839368	0.002768799
ASV_8798	0.005782	0.006464841	0.006023035	0.004859173
ASV_3691	0.003349	0.002159463	0.001922557	0.005963865
ASV_9490	0.003844	0.001084701	0.001140118	0.009308162
ASV_5888	0.004993	0.003559267	0.009892781	0.001526314
ASV_3755	0.002813	0.005849314	0.001116077	0.001473295
ASV_3645	0.003939	0.005721010	0.004254679	0.001842329
ASV_3516	0.003879	0.005553268	0.002308982	0.003775232
ASV_3879	0.003971	0.005104956	0.000000000	0.006806772
ASV_4294	0.003573	0.003463651	0.001587159	0.005668659
ASV_3616	0.004565	0.002114861	0.003877771	0.007701222
ASV_3863	0.00465	0.001975427	0.002147113	0.009828445
ASV_4566	0.004124	0.007227421	0.003881886	0.001263174
ASV_3967	0.003682	0.003260913	0.006158006	0.001626038
ASV_4533	0.003511	0.004524999	0.004918271	0.001089080
ASV_4000	0.004028	0.003361889	0.005190444	0.003531457
ASV_5167	0.003455	0.001610536	0.006942368	0.001812029
ASV_7249	0.002978	0.001844380	0.001670767	0.005419811
ASV_5619	0.004663	0.0009618278	0.0125764476	0.0004501287
ASV_4925	0.003584	0.003541355	0.004184932	0.003026720
ASV_4840	0.003151	0.002020964	0.003457100	0.003976062
ASV_5340	0.00271	0.000000000	0.008129855	0.000000000
ASV_5400	0.004211	0.005315559	0.004286809	0.003029871
ASV_1487	0.00292	0.0008140786	0.0077993463	0.0001475997
ASV_2065	0.003572	0.000000000	0.001924754	0.008792002
ASV_2230	0.004155	0.001903227	0.006693223	0.003869708
ASV_2390	0.003973	0.0000000000	0.0002554996	0.0116647699
ASV_2528	0.003675	0.0000000000	0.0108187413	0.0002076171
ASV_2693	0.003789	0.005214509	0.001899146	0.004254203
ASV_2731	0.00322	0.008536108	0.000000000	0.001122849
ASV_3116	0.003146	0.003074625	0.004941573	0.001421322
ASV_3385	0.003495	0.0065413542	0.0034952107	0.0004491394
ASV_3223	0.004002	0.004130156	0.002502200	0.005373557
ASV_3287	0.003299	0.005750047	0.001701622	0.002444916
ASV_3722	0.003339	0.0078693019	0.0015364475	0.0006105412
ASV_3932	0.00388	0.0052914592	0.0057588880	0.0005903989
ASV_9122	0.004753	0.005387099	0.005146961	0.003726251
ASV_6061	0.003829	0.003651937	0.004415794	0.003418544
ASV_7618	0.003423	0.0084378656	0.0003562776	0.0014741274
ASV_7657	0.004837	0.0018930909	0.0117714427	0.0008465614
ASV_4393	0.003387	0.002545129	0.002054496	0.005560061
ASV_4415	0.00425	0.001764734	0.001799393	0.009185100
ASV_5103	0.003484	0.0004585518	0.0043242840	0.0056689381
ASV_4474	0.004929	0.0126129665	0.0003576538	0.0018178779
ASV_5684	0.008013	0.0000000000	0.0233184900	0.0007202267
ASV_4764	0.003689	0.003710929	0.001581568	0.005773536
ASV_4933	0.003557	0.001641969	0.006540771	0.002488520
ASV_5057	0.002996	0.00000000	0.00000000	0.00898839
ASV_5054	0.002643	0.000000000	0.007927699	0.000000000
ASV_5096	0.005365	0.003838179	0.010633284	0.001622146
ASV_1911	0.004563	0.0019174043	0.0005478605	0.0112247927
ASV_2069	0.004397	0.006392454	0.003683096	0.003114709
ASV_2318	0.003513	0.001504235	0.003161910	0.005871890
ASV_2381	0.003303	0.003536986	0.004164554	0.002208899
ASV_2573	0.003785	0.003919587	0.005197886	0.002236035
ASV_2792	0.003364	0.00000000	0.01009176	0.00000000
ASV_3799	0.003624	0.0009957902	0.0017203583	0.0081561620
ASV_2826	0.003474	0.001087600	0.002332746	0.007000706
ASV_3059	0.004251	0.002066240	0.007638876	0.003047561
ASV_3207	0.003541	0.009479605	0.001144730	0.000000000
ASV_3363	0.003904	0.004454021	0.005573679	0.001682801
ASV_3319	0.002569	0.000000000	0.000000000	0.007705764
ASV_3700	0.003102	0.000000000	0.009306621	0.000000000
ASV_4413	0.004041	0.005615113	0.002754915	0.003752548
ASV_5517	0.004428	0.006529093	0.005314554	0.001441850
ASV_3846	0.003461	0.002545242	0.003532517	0.004306636
ASV_4084	0.003784	0.003044668	0.002764003	0.005542864
ASV_4563	0.003889	0.003638993	0.006965013	0.001064363
ASV_4229	0.003987	0.006203979	0.002858760	0.002898634
ASV_4352	0.002859	0.003496459	0.003705721	0.001374188
ASV_8980	0.006066	0.003231832	0.007930366	0.007035686
ASV_8225	0.004583	0.001946563	0.007679704	0.004122957
ASV_4932	0.003333	0.002549590	0.002401351	0.005047398
ASV_4426	0.003811	0.005091484	0.000618323	0.005723002
ASV_4608	0.002761	0.0004249316	0.0078569778	0.0000000000
ASV_9407	0.003862	0.004470375	0.000000000	0.007114510
ASV_4242	0.003645	0.001737498	0.002008664	0.007189161
ASV_6675	0.00392	0.003202300	0.002288101	0.006269018
ASV_4990	0.00396	0.0000000000	0.0003114256	0.0115695330
ASV_5285	0.003114	0.0084994013	0.0008419599	0.0000000000
ASV_4726	0.002914	0.0064326297	0.0008184942	0.0014907123
ASV_5520	0.00342	0.004533383	0.003419663	0.002306088
ASV_4682	0.004067	0.002330351	0.007500882	0.002371064
ASV_4873	0.004014	0.003464251	0.004192265	0.004386470
ASV_4882	0.003922	0.0001473622	0.0000000000	0.0116177087
ASV_1428	0.004637	0.001312102	0.009730738	0.002869650
ASV_1514	0.003745	0.0020402802	0.0008007294	0.0083950527
ASV_1711	0.003813	0.0000000000	0.0001393977	0.0112988595
ASV_2060	0.004528	0.001414892	0.007410934	0.004757578
ASV_2951	0.004341	0.003443461	0.005281547	0.004298248
ASV_2925	0.004657	0.004567706	0.002319055	0.007082993
ASV_2862	0.004088	0.0030736664	0.0002322039	0.0089586005
ASV_3900	0.003927	0.003701717	0.005822923	0.002257008
ASV_3431	0.003292	0.002820876	0.001852307	0.005202155
ASV_4959	0.004884	0.0059835749	0.0083633015	0.0003048373
ASV_4340	0.003184	0.0083949304	0.0006127218	0.0005455429
ASV_4214	0.003729	0.005305873	0.004752039	0.001129999
ASV_3802	0.003887	0.004654176	0.002281907	0.004723497
ASV_8186	0.004193	0.002266051	0.007164588	0.003147406
ASV_3965	0.003827	0.0001230430	0.0003873447	0.0109713725
ASV_3541	0.003819	0.000546064	0.001654207	0.009255587
ASV_3929	0.003645	0.003403619	0.004598454	0.002934197
ASV_3693	0.003821	0.003032983	0.006896955	0.001531803
ASV_6120	0.003339	0.002520863	0.004445682	0.003049955
ASV_3988	0.003328	0.0008498632	0.0009748088	0.0081585985
ASV_7828	0.003903	0.0008819047	0.0088767668	0.0019504229
ASV_3935	0.003471	0.0080829557	0.0020377372	0.0002916608
ASV_4197	0.003526	0.001521865	0.005630158	0.003426252
ASV_4980	0.004079	0.002597062	0.005354854	0.004283835
ASV_4088	0.003899	0.005162198	0.004366771	0.002167841
ASV_4677	0.003163	0.006484542	0.000786675	0.002217332
ASV_4064	0.002838	0.002040174	0.001644372	0.004828249
ASV_5228	0.00344	0.002184643	0.005625910	0.002509604
ASV_4827	0.003818	0.0114527	0.0000000	0.0000000
ASV_5418	0.003402	0.0004109352	0.0094042006	0.0003895359
ASV_5999	0.002926	0.0005848550	0.0080804364	0.0001122849
ASV_4876	0.003279	0.003117424	0.003606643	0.003112840
ASV_7664	0.004814	0.003570631	0.003752715	0.007119423
ASV_1333	0.004253	0.003481384	0.001027895	0.008249977
ASV_1847	0.004772	0.00000000	0.01431636	0.00000000
ASV_3224	0.00339	0.004052171	0.001845399	0.004273164
ASV_2827	0.004626	0.0006389231	0.0028490116	0.0103886453
ASV_2906	0.003477	0.006243151	0.002578925	0.001608564
ASV_3460	0.004632	0.002979514	0.006284320	0.004631340
ASV_3148	0.003389	0.002816886	0.003305090	0.004046341
ASV_3109	0.003637	0.0022600611	0.0008001634	0.0078518711
ASV_5240	0.004057	0.0000000000	0.0119772048	0.0001944406
ASV_4382	0.007214	7.368111e-05	1.496366e-02	6.605654e-03
ASV_3366	0.002942	0.0066074782	0.0016849277	0.0005348765
ASV_3908	0.003936	0.000000000	0.009097314	0.002711943
ASV_4177	0.003879	0.002036522	0.006218325	0.003381986
ASV_4104	0.003967	0.0050991790	0.0058797978	0.0009217546
ASV_5439	0.003743	0.003373269	0.004151652	0.003705399
ASV_4049	0.003709	0.007435587	0.001596378	0.002094288
ASV_4570	0.005387	0.002750605	0.007186801	0.006224459
ASV_4202	0.004436	0.0006156968	0.0007746893	0.0119183413
ASV_7033	0.003147	0.005180284	0.002694353	0.001567646
ASV_3917	0.00211	0.004807019	0.001245087	0.000277251
ASV_4762	0.003686	0.003379822	0.001971530	0.005708002
ASV_6153	0.003497	0.002529432	0.004586064	0.003375696
ASV_4392	0.003266	0.000000000	0.009798817	0.000000000
ASV_4149	0.003359	0.003796777	0.004312294	0.001967046
ASV_4583	0.003647	0.002323388	0.004652853	0.003963379
ASV_4833	0.0029	0.0017100090	0.0009866633	0.0060041695
ASV_5275	0.003457	0.002592294	0.004326117	0.003451753
ASV_4199	0.00438	0.005937436	0.002302726	0.004899796
ASV_5346	0.003778	0.0002124658	0.0008127136	0.0103086711
ASV_4440	0.003011	0.003393593	0.004449671	0.001189940
ASV_5743	0.003062	0.002565531	0.001203381	0.005416617
ASV_5977	0.003109	0.002807472	0.001585543	0.004934093
ASV_4868	0.00335	0.001968306	0.003513455	0.004566825
ASV_4930	0.003021	0.002015384	0.002072429	0.004974709
ASV_4940	0.002993	0.000000000	0.002731762	0.006247324
ASV_5249	0.003061	0.000000000	0.000000000	0.009181635
ASV_1353	0.00273	0.000000000	0.000000000	0.008191388
ASV_2313	0.003473	0.002888845	0.001594759	0.005936031
ASV_3222	0.003797	0.002738126	0.001917668	0.006734265
ASV_3051	0.003622	0.0016008117	0.0006361278	0.0086277608
ASV_3636	0.003734	0.001361622	0.007504596	0.002336316
ASV_3880	0.004169	0.006553551	0.004940964	0.001013605
ASV_3669	0.003404	0.0003863856	0.0002419527	0.0095825654
ASV_3674	0.003232	0.005367771	0.003180337	0.001147482
ASV_3791	0.003381	0.002992729	0.003085936	0.004064554
ASV_5157	0.002783	0.005625233	0.002137491	0.000584900
ASV_4793	0.003956	0.000000000	0.000758437	0.011110564
ASV_5369	0.002935	0.004911679	0.001156351	0.002738218
ASV_4150	0.002893	0.0003758325	0.0000000000	0.0083041498
ASV_5127	0.003317	0.002747254	0.005803233	0.001399572
ASV_5195	0.0029	0.0044694482	0.0035582537	0.0006737092
ASV_3930	0.003862	0.004465346	0.003019817	0.004101564
ASV_5381	0.003669	0.002528929	0.005563554	0.002913542
ASV_7297	0.004401	0.004146095	0.006860096	0.002197895
ASV_7334	0.00361	0.002850717	0.005771545	0.002206935
ASV_5629	0.003469	0.002659683	0.005950415	0.001797734
ASV_4771	0.00376	0.001864671	0.005895718	0.003520280
ASV_4543	0.002268	0.000000000	0.000000000	0.006805419
ASV_4856	0.003451	0.0086629579	0.0013969521	0.0002916608
ASV_5602	0.002703	0.0050712100	0.0002616368	0.0027774290
ASV_7473	0.003914	0.005323273	0.003932687	0.002486177
ASV_4505	0.005688	0.00000000	0.01706356	0.00000000
ASV_4627	0.002782	0.0080317326	0.0003156566	0.0000000000
ASV_1909	0.003985	0.006288049	0.003455466	0.002211408
ASV_3097	0.003641	0.003715705	0.004101508	0.003104460
ASV_2630	0.003645	0.001852071	0.005376453	0.003706033
ASV_2632	0.003641	0.005742966	0.003297588	0.001881718
ASV_3291	0.004929	0.002210665	0.010551971	0.002025036
ASV_4216	0.003782	0.0002419843	0.0111051349	0.0000000000
ASV_3453	0.003325	0.006010295	0.002573853	0.001392344
ASV_4029	0.003414	0.002662228	0.005428685	0.002151204
ASV_3550	0.003712	0.005407848	0.004670196	0.001059343
ASV_3655	0.003499	0.003764970	0.002226258	0.004504944
ASV_3437	0.00278	0.001756813	0.000000000	0.006582358
ASV_3518	0.003848	0.00000000	0.01154542	0.00000000
ASV_4145	0.003389	0.007090150	0.003075536	0.000000000
ASV_9733	0.003914	0.005551601	0.001934732	0.004256442
ASV_4929	0.003296	0.002416472	0.004061036	0.003411609
ASV_4095	0.003394	0.0072282061	0.0002584426	0.0026958897
ASV_4004	0.003009	0.0007617589	0.0003493375	0.0079147414
ASV_5603	0.003694	0.001968083	0.008076855	0.001035925
ASV_4390	0.002974	0.0082778581	0.0006436877	0.0000000000
ASV_4866	0.003431	0.002815691	0.005905035	0.001573040
ASV_5063	0.002846	0.003466428	0.001689410	0.003381395
ASV_4397	0.003666	0.0049054497	0.0003873447	0.0057066717
ASV_4622	0.003891	0.0098237083	0.0014003306	0.0004495957
ASV_4405	0.003451	0.0005809589	0.0051237522	0.0046485016
ASV_5216	0.002775	0.0051418127	0.0006969885	0.0024876562
ASV_6652	0.003125	0.004825048	0.003419849	0.001131392
ASV_5095	0.003499	0.004624745	0.003391873	0.002480159
ASV_4524	0.003074	0.0057259982	0.0028118832	0.0006831243
ASV_4593	0.003623	7.368111e-05	7.660370e-04	1.002912e-02
ASV_7996	0.003476	0.006654488	0.001414613	0.002358964
ASV_5209	0.003241	0.006950558	0.001662819	0.001109004
ASV_4838	0.002976	0.0032875760	0.0001423406	0.0054980372
ASV_4890	0.003442	0.000000	0.010327	0.000000
ASV_5276	0.003015	0.0076107201	0.0005745277	0.0008605398
ASV_5391	0.003132	0.003340740	0.001620280	0.004434701
ASV_1319	0.002621	0.0000000000	0.0003576538	0.0075051583
ASV_3555	0.004128	0.002250995	0.006640239	0.003492759
ASV_2228	0.003537	0.002383851	0.002319327	0.005908629
ASV_3260	0.003615	0.005023043	0.003026304	0.002795796
ASV_2677	0.003707	0.001808222	0.002140834	0.007171250
ASV_3157	0.003946	0.003320973	0.004348411	0.004168615
ASV_3277	0.005323	0.0000000000	0.0001423406	0.0158280220
ASV_3269	0.004077	0.0004600667	0.0040253217	0.0077456252
ASV_4710	0.004025	0.005771241	0.004165113	0.002139277
ASV_4045	0.003404	0.003768454	0.001655713	0.004788400
ASV_3912	0.003597	0.0072404027	0.0002846813	0.0032658762
ASV_4938	0.005732	0.00000000	0.01719624	0.00000000
ASV_6375	0.002988	0.0009464460	0.0003873447	0.0076309972
ASV_4001	0.003072	0.0044019948	0.0007769797	0.0040384476
ASV_5728	0.004101	0.0082542438	0.0038142551	0.0002358458
ASV_5319	0.003434	0.004521840	0.003127105	0.002654548
ASV_5227	0.003635	0.001699726	0.004937824	0.004266825
ASV_4515	0.003604	0.0060258609	0.0045928541	0.0001944406
ASV_4880	0.003584	0.0005613789	0.0033613739	0.0068306006
ASV_5307	0.002784	0.0066521964	0.0003884898	0.0013103845
ASV_5466	0.003854	0.006224520	0.002324068	0.003012284
ASV_5660	0.003648	0.002638268	0.001546900	0.006760230
ASV_4770	0.002618	0.0022439286	0.0001915092	0.0054195492
ASV_5217	0.002901	0.0058876440	0.0019278666	0.0008885585
ASV_9203	0.003017	0.006118916	0.001058335	0.001872317
ASV_4996	0.00342	0.01026049	0.00000000	0.00000000
ASV_5664	0.004148	0.0095625839	0.0026723935	0.0002095051
ASV_4931	0.003484	0.01045282	0.00000000	0.00000000
ASV_5151	0.003195	0.006590885	0.002993523	0.000000000
ASV_2175	0.002712	0.001876309	0.000000000	0.006260790
ASV_6864	0.004348	0.005246325	0.003478178	0.004318228
ASV_7873	0.004248	0.000000000	0.006396084	0.006346784
ASV_3992	0.004326	0.002980937	0.006029098	0.003968726
ASV_4007	0.003425	0.001125238	0.004071204	0.005077503
ASV_3874	0.00262	0.0038943030	0.0031350275	0.0008301787
ASV_4451	0.002886	0.003706808	0.002247223	0.002704576
ASV_4107	0.003454	0.0000000	0.0000000	0.0103616
ASV_5379	0.003437	0.003531110	0.001194457	0.005586457
ASV_4378	0.003009	0.0059563265	0.0007651918	0.0023068179
ASV_5175	0.003891	0.00000000	0.01167254	0.00000000
ASV_5026	0.003808	0.008684656	0.001128418	0.001610230
ASV_6144	0.00386	0.006107834	0.002265269	0.003208341
ASV_4223	0.003683	0.0059951400	0.0044420412	0.0006132978
ASV_4446	0.003263	0.000000000	0.000000000	0.009789007
ASV_4919	0.003508	0.0080827596	0.0005660538	0.0018743570
ASV_5710	0.002447	0.0042582136	0.0004734848	0.0026087514
ASV_4358	0.002897	0.0049571848	0.0008540439	0.0028790998
ASV_4516	0.003144	0.006035973	0.002036326	0.001359513
ASV_8472	0.00309	0.0021408501	0.0061574516	0.0009703785
ASV_4469	0.002949	0.0051243439	0.0030279217	0.0006944004
ASV_4719	0.002815	0.003736705	0.003106601	0.001601385
ASV_6660	0.003131	0.0006718848	0.0056542812	0.0030653651
ASV_4724	0.002892	0.0076055965	0.0003156566	0.0007543606
ASV_4850	0.003487	0.0051747667	0.0046991054	0.0005877649
ASV_5161	0.00365	0.004003332	0.003174949	0.003771515
ASV_4982	0.002799	0.008395943	0.000000000	0.000000000
ASV_5049	0.002908	0.006265851	0.000000000	0.002456860
ASV_6089	0.005815	0.000000000	0.017204167	0.000242051
ASV_4792	0.003702	0.004084026	0.004671881	0.002349614
ASV_1862	0.003561	0.001543379	0.000000000	0.009139236
ASV_2021	0.005063	0.002731660	0.009657812	0.002798824
ASV_2370	0.003116	0.0006373974	0.0014996630	0.0072105454
ASV_2662	0.005546	0.0001230430	0.0162030347	0.0003112294
ASV_2926	0.003481	0.0037956943	0.0057692494	0.0008790885
ASV_3778	0.004277	0.004573785	0.005840670	0.002416748
ASV_4144	0.003371	0.0070406837	0.0001578283	0.0029154590
ASV_5198	0.003486	0.004055966	0.005160290	0.001242978
ASV_3309	0.00329	0.003609738	0.001543985	0.004715041
ASV_4117	0.004098	0.006257743	0.006035256	0.000000000
ASV_5702	0.00333	0.0009404749	0.0041370869	0.0049131703
ASV_3716	0.003171	0.004578934	0.003094734	0.001837967
ASV_4444	0.003664	0.0000000000	0.0108534563	0.0001386255
ASV_3682	0.002437	0.0056264550	0.0006457873	0.0010377957
ASV_4571	0.003412	0.002321321	0.003400798	0.004514683
ASV_4828	0.004404	0.010531682	0.002681722	0.000000000
ASV_6990	0.003907	0.0032305224	0.0007237859	0.0077671869
ASV_4410	0.003993	0.002805254	0.006177169	0.002995327
ASV_5050	0.003383	0.000000000	0.005270903	0.004878125
ASV_4290	0.002838	0.000000000	0.000000000	0.008514077
ASV_4572	0.002744	0.001854704	0.000000000	0.006376773
ASV_5313	0.003138	0.0079793949	0.0006499148	0.0007856279
ASV_8854	0.003518	0.0066557128	0.0002846813	0.0036129868
ASV_6332	0.002596	0.003333622	0.000000000	0.004454302
ASV_6538	0.005512	0.0025062301	0.0137638147	0.0002646196
ASV_5395	0.003534	0.004246818	0.002669738	0.003684874
ASV_6291	0.003636	0.006177051	0.003028971	0.001702233
ASV_6678	0.003288	0.002748754	0.005640173	0.001474579
ASV_5243	0.005835	0.0003215124	0.0167681028	0.0004152341
ASV_6050	0.003054	0.003843975	0.002608274	0.002710752
ASV_5976	0.002842	0.0052109432	0.0007452696	0.0025695898
ASV_4894	0.002649	0.00000000	0.00000000	0.00794593
ASV_5163	0.002879	0.0034416897	0.0009630946	0.0042322168
ASV_5101	0.003466	0.0009762478	0.0033181747	0.0061048871
ASV_1223	0.003711	0.001620441	0.001460870	0.008052751
ASV_2550	0.0028	0.003347679	0.003416044	0.001637333
ASV_2020	0.00298	0.000000000	0.000774310	0.008165123
ASV_3898	0.004328	0.002389609	0.007091740	0.003503625
ASV_3670	0.003264	0.002688139	0.003617185	0.003487743
ASV_2896	0.003217	0.002220225	0.003305372	0.004125663
ASV_2832	0.003877	0.004502462	0.005875993	0.001252279
ASV_3027	0.003819	0.004718061	0.003675304	0.003063744
ASV_3376	0.003152	0.0067169507	0.0019209864	0.0008174469
ASV_3591	0.003018	0.0025667359	0.0055698274	0.0009182882
ASV_3609	0.002506	0.0062987340	0.0009774704	0.0002408896
ASV_3997	0.003161	0.002545751	0.004695262	0.002242560
ASV_4604	0.003822	0.001009354	0.004439039	0.006017569
ASV_3673	0.003082	0.0039117141	0.0045964017	0.0007388398
ASV_4065	0.00263	0.003726123	0.001719634	0.002443647
ASV_4076	0.003946	0.00000000	0.00000000	0.01183862
ASV_4160	0.002582	0.003804749	0.002254860	0.001687498
ASV_7974	0.004573	0.002243214	0.010408330	0.001067167
ASV_4061	0.003215	0.006184287	0.000000000	0.003460929
ASV_4101	0.003143	0.005900993	0.002523775	0.001004216
ASV_4116	0.003262	0.003411721	0.004265007	0.002109184
ASV_5023	0.004053	0.005484374	0.002519366	0.004156520
ASV_4847	0.004208	0.0007362071	0.0000000000	0.0118866481
ASV_5471	0.002759	0.001358362	0.001531420	0.005386408
ASV_4089	0.002659	0.0043702929	0.0009132255	0.0026948367
ASV_4506	0.002772	0.000000000	0.001256658	0.007059120
ASV_7234	0.003456	0.0003651236	0.0088573056	0.0011446687
ASV_5251	0.003167	0.002504689	0.003472353	0.003525195
ASV_5470	0.002954	0.002326321	0.001116692	0.005417955
ASV_5518	0.0033	0.0070977201	0.0005745277	0.0022270462
ASV_4831	0.003232	0.007192635	0.000000000	0.002502013
ASV_5986	0.003813	0.008783545	0.002656767	0.000000000
ASV_6484	0.002654	0.0011037566	0.0063444753	0.0005133792
ASV_4874	0.003779	0.002633992	0.005074564	0.003629540
ASV_5461	0.003081	0.002151785	0.004498635	0.002592222
ASV_8264	0.004131	0.0008701788	0.0108058048	0.0007157487
ASV_6059	0.00246	0.001268661	0.003210581	0.002901055
ASV_4934	0.002941	0.006248364	0.000000000	0.002574320
ASV_5180	0.003617	0.000000000	0.002324068	0.008526045
ASV_4832	0.002875	0.008624933	0.000000000	0.000000000
ASV_4979	0.003219	0.006576428	0.001614202	0.001466646
ASV_5168	0.003293	0.009878895	0.000000000	0.000000000
ASV_5284	0.00402	0.0008049089	0.0088974331	0.0023564776
ASV_5296	0.002474	0.000000000	0.000000000	0.007423286
ASV_5670	0.003025	0.006170599	0.000000000	0.002905625
ASV_1588	0.003985	0.001168520	0.008144615	0.002643155
ASV_2332	0.003944	0.001280150	0.004915522	0.005637084
ASV_2995	0.003491	0.006216633	0.001719356	0.002537554
ASV_3395	0.002817	0.003835971	0.003083425	0.001531475
ASV_5500	0.004366	0.002449876	0.008185394	0.002463881
ASV_3583	0.002532	0.002245516	0.005349449	0.000000000
ASV_3731	0.003933	0.006168025	0.005388670	0.000242051
ASV_3843	0.003559	0.003010675	0.005924572	0.001740621
ASV_6278	0.003258	0.005549430	0.004224394	0.000000000
ASV_4232	0.003767	0.001618268	0.001749784	0.007932969
ASV_4717	0.003109	0.002735911	0.002229720	0.004361608
ASV_7389	0.004149	0.001688821	0.008041536	0.002716242
ASV_8731	0.003939	0.0004249316	0.0063122931	0.0050799505
ASV_4066	0.00315	0.005174353	0.004275331	0.000000000
ASV_4712	0.002799	0.0036133576	0.0005400202	0.0042440356
ASV_6242	0.002918	0.004644495	0.000000000	0.004108999
ASV_4722	0.00343	0.0089482372	0.0008565033	0.0004847957
ASV_6876	0.003553	0.0001117893	0.0021365748	0.0084092781
ASV_5663	0.003479	0.002416242	0.005361951	0.002660023
ASV_7867	0.003147	0.0023490695	0.0061462714	0.0009464569
ASV_5093	0.002385	0.00715495	0.00000000	0.00000000
ASV_5582	0.00352	0.004841313	0.003395720	0.002324067
ASV_4954	0.003419	0.00000000	0.00000000	0.01025664
ASV_5543	0.002627	0.0000000000	0.0076558932	0.0002245697
ASV_5272	0.002851	0.003948176	0.003241985	0.001362548
ASV_5045	0.002698	0.004603845	0.001218447	0.002270931
ASV_5242	0.003367	0.00000000	0.01010101	0.00000000
ASV_5998	0.003367	0.00000000	0.01010101	0.00000000
ASV_1184	0.002622	0.000000000	0.003066749	0.004797813
ASV_1453	0.00505	0.000000000	0.012231878	0.002918187
ASV_1684	0.003979	0.0009841667	0.0044322065	0.0065220427
ASV_2722	0.003748	0.00000000	0.00000000	0.01124428
ASV_2770	0.00318	0.0007672708	0.0006936662	0.0080802297
ASV_2306	0.003831	0.0002124658	0.0000000000	0.0112791228
ASV_9693	0.005136	0.0007983182	0.0114196109	0.0031886173
ASV_3869	0.003526	0.0055027436	0.0008703835	0.0042040659
ASV_3955	0.004285	0.001981262	0.010872938	0.000000000
ASV_3323	0.002814	0.004210159	0.002151107	0.002081792
ASV_3258	0.003272	0.004042434	0.003748359	0.002024927
ASV_5698	0.003363	0.001536780	0.006566746	0.001986010
ASV_4261	0.002615	0.0004814211	0.0065131183	0.0008512194
ASV_5600	0.002897	0.004338026	0.002436125	0.001917414
ASV_4468	0.00306	0.002053346	0.002840576	0.004287096
ASV_6233	0.003782	0.0077468319	0.0031150663	0.0004841021
ASV_4400	0.003182	0.0057112879	0.0008110578	0.0030234345
ASV_4713	0.003917	0.003431258	0.004779041	0.003541470
ASV_5610	0.00279	0.002141141	0.001603842	0.004624385
ASV_4813	0.00266	0.0007668925	0.0037269442	0.0034865831
ASV_5028	0.003278	0.005932602	0.002520766	0.001380136
ASV_4778	0.002693	0.001651753	0.003401001	0.003025592
ASV_6574	0.003286	0.0003334579	0.0093847019	0.0001386255
ASV_4788	0.002373	0.0000000000	0.0001578283	0.0069614309
ASV_4819	0.002871	0.0079696807	0.0001161019	0.0005273742
ASV_4981	0.003	0.002677196	0.003833495	0.002490536
ASV_5156	0.003339	0.003847422	0.001070501	0.005097900
ASV_7326	0.004132	0.0035614776	0.0082358155	0.0005972678
ASV_5535	0.003081	0.004951177	0.003097674	0.001193738
ASV_5815	0.003705	0.001808075	0.003219229	0.006089115
ASV_5549	0.00257	0.0007967941	0.0000000000	0.0069143854
ASV_4881	0.002789	0.0010104821	0.0005071658	0.0068487259
ASV_5648	0.002765	0.006400375	0.001893540	0.000000000
ASV_4829	0.002389	0.0026932925	0.0007178799	0.0037556771
ASV_5920	0.005081	0.00000000	0.01524302	0.00000000
ASV_5225	0.002634	0.001202383	0.003003351	0.003695717
ASV_6376	0.003437	0.002244124	0.001816501	0.006249186
ASV_5406	0.002486	0.0065119955	0.0009449354	0.0000000000
ASV_6074	0.003345	0.008609440	0.001424923	0.000000000
ASV_1254	0.005879	0.002695581	0.013211444	0.001730420
ASV_1692	0.002571	0.001699736	0.004210031	0.001801938
ASV_2064	0.002746	0.0003124424	0.0004839053	0.0074415343
ASV_2584	0.003427	0.003645466	0.003598399	0.003037398
ASV_6287	0.004393	0.005904993	0.004346776	0.002928152
ASV_5560	0.003167	0.0047487057	0.0009846127	0.0037691357
ASV_2975	0.005179	0.0068973988	0.0083929076	0.0002480454
ASV_2699	0.003323	0.002051229	0.004755088	0.003161376
ASV_3193	0.003746	0.005076944	0.004107492	0.002053114
ASV_3815	0.003396	0.0067662043	0.0007746893	0.0026477247
ASV_3475	0.003371	0.0052270255	0.0039555732	0.0009310658
ASV_4684	0.003608	0.0009910475	0.0098321056	0.0000000000
ASV_3810	0.003075	0.005429086	0.003794732	0.000000000
ASV_3781	0.002788	0.001857239	0.002806863	0.003700669
ASV_4207	0.00296	0.0001879162	0.0005224162	0.0081701395
ASV_3734	0.002865	0.0042971389	0.0038638231	0.0004340749
ASV_3905	0.004675	0.0001231394	0.0129188945	0.0009817782
ASV_4745	0.003936	0.003491564	0.004403404	0.003913216
ASV_4155	0.003763	0.002429520	0.002581418	0.006276981
ASV_6310	0.003888	0.004754084	0.005775003	0.001136200
ASV_4496	0.0032	0.0018015275	0.0071574959	0.0006404462
ASV_4794	0.003441	0.007946743	0.000000000	0.002375919
ASV_8881	0.002918	0.003554144	0.003297606	0.001901130
ASV_4311	0.003195	0.002724191	0.003848729	0.003011551
ASV_5264	0.002896	0.0016993261	0.0001915092	0.0067961897
ASV_8376	0.004929	0.0001893939	0.0144577897	0.0001386255
ASV_4488	0.002817	0.0064883398	0.0012730467	0.0006905314
ASV_4635	0.003671	0.000000000	0.001531607	0.009480018
ASV_4943	0.002685	0.001220530	0.003366730	0.003468592
ASV_6964	0.002625	0.0009997648	0.0017784920	0.0050960835
ASV_5044	0.002714	0.0024254740	0.0005436295	0.0051717936
ASV_5031	0.003054	0.002110904	0.002596914	0.004453319
ASV_5572	0.002536	0.005220464	0.002386970	0.000000000
ASV_6452	0.003421	0.009166555	0.001097059	0.000000000
ASV_5274	0.002691	0.002148979	0.003005812	0.002919406
ASV_6143	0.002667	0.0059942293	0.0008571235	0.0011498232
ASV_4926	0.003273	0.004015551	0.002645404	0.003159517
ASV_6420	0.003609	0.004474281	0.002885167	0.003468314
ASV_4823	0.003177	0.001403515	0.002364648	0.005761423
ASV_6350	0.00308	0.001451082	0.001743631	0.006046494
ASV_5403	0.003367	0.005807623	0.004294355	0.000000000
ASV_4690	0.002869	0.000000000	0.001630824	0.006976780
ASV_7624	0.002627	0.004562557	0.003317238	0.000000000
ASV_1122	0.003342	0.002706196	0.005191448	0.002127506
ASV_2570	0.004065	0.0087368140	0.0007063604	0.0027515289
ASV_3093	0.002815	0.001053410	0.002229332	0.005162387
ASV_2656	0.004052	0.002152624	0.007779035	0.002224777
ASV_4184	0.004312	0.0007496732	0.0107026213	0.0014824011
ASV_4636	0.004766	0.003191110	0.009241802	0.001864126
ASV_4650	0.002906	0.003921934	0.001465613	0.003331134
ASV_9598	0.003775	0.004471659	0.001873809	0.004979928
ASV_8999	0.002991	0.002040675	0.002790012	0.004141251
ASV_6932	0.002569	7.368111e-05	1.423406e-04	7.491380e-03
ASV_3388	0.002689	0.0044953941	0.0003156566	0.0032567693
ASV_6780	0.003968	0.002454836	0.003717409	0.005730511
ASV_3752	0.003759	0.007242706	0.002606079	0.001428614
ASV_3705	0.002872	0.004275067	0.002735171	0.001605101
ASV_3450	0.002688	0.0055239928	0.0005775643	0.0019612930
ASV_4043	0.003182	0.004502719	0.003557829	0.001485231
ASV_5211	0.003148	0.0020051014	0.0066239647	0.0008143197
ASV_4759	0.002727	0.0057080005	0.0005949617	0.0018774837
ASV_6607	0.003174	0.003278028	0.003514046	0.002729540
ASV_4567	0.005467	0.001792898	0.000000000	0.014608042
ASV_4418	0.003286	0.0090232357	0.0005860852	0.0002480454
ASV_6866	0.003603	0.001869955	0.004152181	0.004788111
ASV_4511	0.003451	0.002233790	0.002847521	0.005272125
ASV_6227	0.002984	0.0034918450	0.0050652148	0.0003963593
ASV_7144	0.002689	0.004331892	0.001592481	0.002141364
ASV_6228	0.002898	0.0061972230	0.0016289310	0.0008691736
ASV_5189	0.003753	0.002432277	0.008826292	0.000000000
ASV_5851	0.003092	0.002821194	0.003887978	0.002567557
ASV_4681	0.002945	0.0048881404	0.0006618139	0.0032836509
ASV_5291	0.002809	7.368111e-05	8.354219e-03	0.000000e+00
ASV_7340	0.00293	0.002529855	0.004770704	0.001488288
ASV_5048	0.002571	0.0004598758	0.0000000000	0.0072545851
ASV_4750	0.003717	0.000000000	0.010080942	0.001069201
ASV_5066	0.003765	0.0050309664	0.0052716365	0.0009921816
ASV_9310	0.00269	0.0009893153	0.0065469927	0.0005348041
ASV_4624	0.001773	0.0050423357	0.0001392370	0.0001386255
ASV_5143	0.002634	0.001896341	0.002987760	0.003016671
ASV_5221	0.003153	0.002014169	0.006225623	0.001220074
ASV_5531	0.002941	0.005071651	0.001458479	0.002292421
ASV_7051	0.003023	0.0051074631	0.0035185676	0.0004427992
ASV_4985	0.002998	0.0079125163	0.0009442926	0.0001386255
ASV_7843	0.003346	0.0003583727	0.0069255340	0.0027533007
ASV_4879	0.002864	0.001919461	0.002835434	0.003837964
ASV_5324	0.002826	0.005648767	0.000000000	0.002828325
ASV_5611	0.003107	0.0007479332	0.0042845352	0.0042881859
ASV_5919	0.003153	0.000000000	0.009460016	0.000000000
ASV_6551	0.002394	0.002665301	0.001664979	0.002850561
ASV_6048	0.003705	0.003841579	0.002506598	0.004765812
ASV_1987	0.003505	0.004374979	0.003991305	0.002149379
ASV_1670	0.003235	0.0010847009	0.0005996064	0.0080212163
ASV_2014	0.003974	0.001282484	0.001927147	0.008712676
ASV_2103	0.003457	0.001009752	0.002018074	0.007343902
ASV_3094	0.003895	0.0108890750	0.0004839053	0.0003115032
ASV_4178	0.003868	0.003561075	0.002970774	0.005071862
ASV_2917	0.003009	0.003852875	0.002431326	0.002741866
ASV_4751	0.003192	0.004912626	0.002434407	0.002230153
ASV_2338	0.003419	0.001210756	0.005556480	0.003490079
ASV_2568	0.002638	0.003986536	0.002540733	0.001385948
ASV_3940	0.003346	0.002450584	0.002360984	0.005227382
ASV_7410	0.003333	0.0007324531	0.0055539069	0.0037119754
ASV_3038	0.002664	0.003427669	0.000421136	0.004143897
ASV_3740	0.003141	0.003758656	0.001516398	0.004148300
ASV_6489	0.00363	0.003350983	0.003883983	0.003653656
ASV_3876	0.003323	0.002644118	0.003593893	0.003732253
ASV_4550	0.003513	0.001734011	0.002056654	0.006749048
ASV_3958	0.003655	0.005477926	0.000000000	0.005486580
ASV_4315	0.0037	0.0002348378	0.0003562776	0.0105084026
ASV_5584	0.00251	0.0030745151	0.0003716016	0.0040826634
ASV_9780	0.003348	0.002508459	0.001523899	0.006011652
ASV_6676	0.003538	0.002742664	0.001283467	0.006586833
ASV_3998	0.002384	0.003950622	0.002017422	0.001184058
ASV_6436	0.002254	0.001656568	0.000000000	0.005105726
ASV_9631	0.002378	0.0002124658	0.0046929122	0.0022275178
ASV_4810	0.002573	0.006287444	0.001430615	0.000000000
ASV_6222	0.003165	0.006234525	0.001174341	0.002086109
ASV_5017	0.003319	0.0082234309	0.0001393977	0.0015935840
ASV_6148	0.003161	0.001432719	0.004520190	0.003531116
ASV_4535	0.002786	0.0018553693	0.0006351446	0.0058688083
ASV_5206	0.003171	0.005307418	0.000590221	0.003614513
ASV_4597	0.002226	0.000000000	0.000000000	0.006676833
ASV_4775	0.002787	0.0006004479	0.0031335266	0.0046270961
ASV_9044	0.002787	0.0053962504	0.0004039775	0.0025594970
ASV_5805	0.002395	0.0049429421	0.0003593082	0.0018823201
ASV_8205	0.003189	0.002790819	0.003290744	0.003486309
ASV_7223	0.004475	0.0000000000	0.0133119596	0.0001122849
ASV_5958	0.002484	0.0070279499	0.0003114256	0.0001122849
ASV_6814	0.002738	0.001796413	0.004812093	0.001605453
ASV_4974	0.001946	0.0044847111	0.0008695315	0.0004848681
ASV_5534	0.002757	0.006810858	0.000139237	0.001322042
ASV_5590	0.002623	0.0049888531	0.0009237494	0.0019564021
ASV_7481	0.002575	0.005780401	0.001945688	0.000000000
ASV_4889	0.00415	0.0000000	0.0124495	0.0000000
ASV_5765	0.003157	0.000000000	0.009469697	0.000000000
ASV_5766	0.002732	0.0000000000	0.0074028351	0.0007927162
ASV_6054	0.002537	0.003124037	0.002520951	0.001967037
ASV_1748	0.003528	0.002962525	0.001873926	0.005748682
ASV_2510	0.002515	0.0045900804	0.0027920945	0.0001636297
ASV_2805	0.002776	0.0009730025	0.0000000000	0.0073539523
ASV_3579	0.004179	0.000000000	0.002369761	0.010166144
ASV_3017	0.003341	0.002188847	0.004926373	0.002908955
ASV_5300	0.003499	0.001086921	0.001826254	0.007583060
ASV_3771	0.003156	0.0006049607	0.0002846813	0.0085791971
ASV_5290	0.004704	0.0003758325	0.0135971237	0.0001386255
ASV_3784	0.00406	0.0007859305	0.0040147099	0.0073788641
ASV_3978	0.002538	0.0003355142	0.0053008290	0.0019765912
ASV_3708	0.003028	0.005498222	0.002117320	0.001469334
ASV_4027	0.002961	0.0045716158	0.0007125552	0.0035991642
ASV_4220	0.002792	0.002344348	0.002013172	0.004017946
ASV_4021	0.003363	0.0008218656	0.0049266841	0.0043417179
ASV_8229	0.002635	0.0051241793	0.0005338129	0.0022472478
ASV_4989	0.003581	0.00000000	0.00271971	0.00802371
ASV_4230	0.003196	0.0008877597	0.0056885652	0.0030128158
ASV_4965	0.00208	0.0050399019	0.0007045835	0.0004960908
ASV_4884	0.002953	0.0001984694	0.0032602892	0.0053999967
ASV_4885	0.003872	0.00000000	0.01161489	0.00000000
ASV_6663	0.003468	0.003028462	0.006175113	0.001200088
ASV_5056	0.002325	0.000000000	0.000000000	0.006975545
ASV_5004	0.00252	0.002352259	0.001600438	0.003605931
ASV_4653	0.002252	0.004066992	0.001032319	0.001656094
ASV_4790	0.004484	0.00000000	0.00000000	0.01345286
ASV_4824	0.003395	0.007095364	0.000000000	0.003088377
ASV_9499	0.003472	0.001487958	0.004819467	0.004107709
ASV_5717	0.002513	0.0009303618	0.0032619325	0.0033471436
ASV_6123	0.003467	0.003004802	0.001132343	0.006265290
ASV_5247	0.002431	0.0000000000	0.0003576538	0.0069339722
ASV_5322	0.00201	0.006029976	0.000000000	0.000000000
ASV_5651	0.0022	0.0044262294	0.0005976492	0.0015747176
ASV_4869	0.0021	0.0057240358	0.0005755392	0.0000000000
ASV_5090	0.002538	0.004214602	0.001208607	0.002191908
ASV_5532	0.002849	0.003767127	0.001684905	0.003096220
ASV_5858	0.003179	0.001117079	0.001957641	0.006463733
ASV_4927	0.002662	0.0061692730	0.0013830962	0.0004340749
ASV_6609	0.002497	0.002613455	0.001918573	0.002959490
ASV_5140	0.00279	0.0003691399	0.0080013143	0.0000000000
ASV_6530	0.002567	0.007700776	0.000000000	0.000000000
ASV_4883	0.00284	0.008520423	0.000000000	0.000000000
ASV_5281	0.003397	0.0100761022	0.0001161019	0.0000000000
ASV_5479	0.002185	0.000000000	0.006554973	0.000000000
ASV_6427	0.002771	0.001962474	0.006352021	0.000000000
ASV_2889	0.003062	0.0026106459	0.0006428264	0.0059327513
ASV_8374	0.004379	0.0001209921	0.0000000000	0.0130154211
ASV_3702	0.002856	0.002033325	0.002723449	0.003810460
ASV_3733	0.003365	0.002253594	0.006584682	0.001255614
ASV_3446	0.003016	0.007924579	0.000000000	0.001122849
ASV_3331	0.003285	0.004250620	0.002279561	0.003323645
ASV_4749	0.002701	0.001591159	0.005190256	0.001322766
ASV_3964	0.003723	0.004022861	0.004827919	0.002317086
ASV_4312	0.002693	0.0007062454	0.0044229886	0.0029490157
ASV_4190	0.003041	0.003078873	0.001369212	0.004674746
ASV_4554	0.003049	0.001956268	0.004387080	0.002803838
ASV_4765	0.003193	0.002840152	0.001882860	0.004854818
ASV_5628	0.002955	0.001492825	0.002347296	0.005024342
ASV_9049	0.002434	0.002855992	0.001408172	0.003037288
ASV_4855	0.003327	0.0050877911	0.0043710727	0.0005227006
ASV_5793	0.002786	0.0078373907	0.0000000000	0.0005191202
ASV_5422	0.003402	0.001898470	0.004092797	0.004214875
ASV_4493	0.002962	0.001151750	0.007733804	0.000000000
ASV_4654	0.002328	0.004268551	0.001048796	0.001667189
ASV_6079	0.002478	0.003473154	0.001071151	0.002888750
ASV_4814	0.002942	0.0083435802	0.0004839053	0.0000000000
ASV_4923	0.00273	0.001982322	0.003897865	0.002309998
ASV_4502	0.002831	0.0010498164	0.0009963845	0.0064455917
ASV_4652	0.002898	0.003145926	0.003519929	0.002027573
ASV_5139	0.002876	0.003160232	0.003061313	0.002407162
ASV_5134	0.003031	0.0066498657	0.0009622371	0.0014822781
ASV_4669	0.002356	0.001992015	0.001690184	0.003387067
ASV_5257	0.002901	0.0076498821	0.0005788539	0.0004748591
ASV_6110	0.003082	0.003478582	0.002657601	0.003108743
ASV_7468	0.002977	0.003430843	0.001386407	0.004112732
ASV_5579	0.00292	0.006639688	0.002120218	0.000000000
ASV_5099	0.002404	0.001141736	0.002260598	0.003810311
ASV_6898	0.003058	0.001849097	0.007324992	0.000000000
ASV_5035	0.002539	0.0052019628	0.0017235832	0.0006905314
ASV_5459	0.002533	0.0012042927	0.0060054427	0.0003888811
ASV_5903	0.003515	0.0046459254	0.0055537681	0.0003450145
ASV_6097	0.004783	0.0001230485	0.0007746893	0.0134516414
ASV_614	0.002446	0.005500378	0.000808456	0.001029504
ASV_2416	0.003214	0.003202690	0.002869572	0.003568890
ASV_7134	0.002603	0.004601976	0.001740888	0.001467105
ASV_3076	0.002797	0.001607994	0.004417283	0.002366138
ASV_8040	0.00415	0.002881666	0.002765274	0.006802343
ASV_3602	0.003089	0.003317566	0.005950775	0.000000000
ASV_7074	0.003027	0.0002460860	0.0079062346	0.0009274713
ASV_4157	0.003236	0.0019448175	0.0076515025	0.0001122849
ASV_5429	0.003257	0.003553756	0.003113972	0.003102568
ASV_8494	0.002404	0.0025816267	0.0005914154	0.0040390718
ASV_4915	0.003203	0.003763667	0.002421684	0.003424210
ASV_4755	0.002369	0.0004249316	0.0001161019	0.0065657775
ASV_4303	0.002639	0.0063652938	0.0010688328	0.0004841021
ASV_5266	0.002743	0.003242142	0.003962200	0.001023811
ASV_4715	0.00226	0.002904326	0.002626632	0.001248220
ASV_5019	0.003491	0.0060700635	0.0042861784	0.0001170198
ASV_4301	0.003086	0.006352611	0.002904075	0.000000000
ASV_5148	0.002412	0.0004915578	0.0067452114	0.0000000000
ASV_8275	0.003639	0.003685600	0.004886547	0.002344077
ASV_7531	0.003339	0.000000000	0.005383043	0.004633808
ASV_4649	0.002428	0.003404760	0.002509709	0.001368457
ASV_4826	0.002683	0.004455114	0.000000000	0.003595331
ASV_6057	0.002856	0.003740661	0.001461917	0.003364206
ASV_5033	0.002165	0.0024936241	0.0007982526	0.0032031699
ASV_5451	0.002261	0.002162018	0.002682413	0.001939959
ASV_7056	0.002559	0.003845727	0.001959455	0.001872018
ASV_8395	0.003147	0.004990218	0.002779085	0.001672112
ASV_5891	0.002733	0.004128097	0.002268507	0.001802580
ASV_9025	0.003087	0.002483835	0.003855946	0.002920363
ASV_6909	0.002639	0.0060727188	0.0010621665	0.0007807702
ASV_9027	0.001836	0.0037678776	0.0007891414	0.0009506234
ASV_6229	0.002207	0.004586769	0.001397464	0.000637831
ASV_9550	0.003278	0.0002124658	0.0039825158	0.0056401683
ASV_5397	0.002721	0.002192600	0.001794001	0.004175881
ASV_9136	0.002733	0.002276766	0.003902725	0.002018671
ASV_5393	0.002561	0.003314916	0.000000000	0.004368533
ASV_5160	0.00293	0.004149097	0.001810081	0.002829477
ASV_5598	0.003102	0.0020040421	0.0064195083	0.0008824136
ASV_5654	0.002042	0.0043391997	0.0004644078	0.0013210678
ASV_6062	0.003032	0.009096839	0.000000000	0.000000000
ASV_6272	0.002634	0.000000000	0.000000000	0.007901654
ASV_1777	0.002128	0.0002124658	0.0003483058	0.0058234387
ASV_3252	0.002716	0.0001209921	0.0080279597	0.0000000000
ASV_2837	0.002933	0.000000000	0.002090965	0.006708818
ASV_3409	0.003071	0.0001122758	0.0063242370	0.0027770774
ASV_9306	0.002937	0.002051797	0.003128487	0.003629715
ASV_4514	0.002243	0.004212103	0.001336466	0.001181238
ASV_3931	0.003406	0.0063306998	0.0009086831	0.0029780495
ASV_3549	0.002943	0.001724580	0.004135796	0.002969271
ASV_4605	0.003923	0.003583457	0.003486102	0.004698779
ASV_5712	0.002956	0.000300192	0.004366353	0.004202297
ASV_4010	0.002189	0.0009679371	0.0000000000	0.0055995380
ASV_4520	0.003034	0.0046080272	0.0043759852	0.0001170198
ASV_4081	0.002865	0.001740626	0.003611782	0.003242636
ASV_4500	0.002779	0.0069057365	0.0009336752	0.0004966958
ASV_7681	0.003592	0.001551449	0.005346794	0.003878032
ASV_5098	0.002651	0.003502252	0.001636629	0.002813984
ASV_5837	0.004584	0.0003758325	0.0022408824	0.0111351140
ASV_4747	0.00248	0.002341768	0.001396920	0.003699866
ASV_5476	0.003338	0.0002124658	0.0070689281	0.0027320327
ASV_5475	0.002847	0.0060296096	0.0004906465	0.0020193842
ASV_8002	0.002633	0.003510470	0.002425458	0.001963954
ASV_5644	0.002993	0.0039008809	0.0046808136	0.0003976958
ASV_5489	0.002363	0.004787447	0.000000000	0.002300427
ASV_5295	0.002558	0.000000000	0.000000000	0.007675327
ASV_5150	0.002289	0.001837773	0.004587412	0.000442486
ASV_7384	0.003162	0.0004445554	0.0037166733	0.0053247125
ASV_7860	0.003628	0.0003827902	0.0074092494	0.0030907354
ASV_5222	0.002335	0.002255338	0.001321960	0.003428874
ASV_5455	0.002861	0.002005038	0.001850428	0.004728182
ASV_5345	0.003287	0.0009336597	0.0007125552	0.0082155085
ASV_6760	0.002606	0.001064488	0.002628017	0.004125268
ASV_6809	0.002553	0.0028597261	0.0007623793	0.0040383379
ASV_5213	0.002697	0.005537356	0.001299626	0.001253281
ASV_5537	0.002286	0.006859302	0.000000000	0.000000000
ASV_5959	0.002589	0.004611030	0.001477868	0.001679524
ASV_4977	0.002833	0.008499703	0.000000000	0.000000000
ASV_5231	0.002096	0.006287444	0.000000000	0.000000000
ASV_5394	0.003027	0.009080882	0.000000000	0.000000000
ASV_1826	0.004231	0.000000000	0.001104798	0.011588400
ASV_7987	0.002712	0.003642454	0.001996877	0.002497435
ASV_2721	0.003094	0.0026000400	0.0009763926	0.0057047132
ASV_2808	0.00287	0.004971523	0.001914510	0.001724979
ASV_2774	0.003196	0.000000000	0.000000000	0.009589365
ASV_3025	0.002875	0.0066611416	0.0008100404	0.0011533760
ASV_3057	0.003493	0.000000000	0.007427905	0.003051561
ASV_4193	0.003017	0.003302589	0.001271441	0.004477431
ASV_3612	0.003641	0.003864038	0.004755808	0.002301949
ASV_4024	0.002323	0.001419573	0.002747629	0.002801830
ASV_6146	0.002418	0.006180075	0.001074522	0.000000000
ASV_3721	0.003001	0.0054091917	0.0008071009	0.0027877563
ASV_4499	0.002663	0.0074941229	0.0001161019	0.0003795151
ASV_4187	0.002524	0.002435906	0.003408781	0.001726541
ASV_5310	0.002642	0.001249240	0.004345266	0.002331010
ASV_4163	0.002935	0.000000000	0.008803665	0.000000000
ASV_5992	0.003765	0.00000000	0.01129628	0.00000000
ASV_4798	0.002599	0.002873654	0.003044532	0.001879314
ASV_4559	0.002554	0.0063034084	0.0007139314	0.0006441087
ASV_5065	0.003767	0.0002245516	0.0044603191	0.0066148546
ASV_5408	0.003305	0.001354182	0.006499626	0.002060114
ASV_5270	0.002513	0.004493143	0.001037470	0.002007775
ASV_5208	0.003746	0.005076417	0.004684727	0.001476284
ASV_5385	0.002696	0.002820363	0.001611981	0.003656658
ASV_6065	0.002918	0.007082567	0.001672854	0.000000000
ASV_6688	0.002288	0.0049410991	0.0011465347	0.0007777622
ASV_6803	0.002707	0.0062546705	0.0003001689	0.0015650999
ASV_5282	0.003	0.001647559	0.001395166	0.005956880
ASV_5680	0.002491	0.0003363409	0.0004177109	0.0067196488
ASV_5015	0.002547	0.0045503403	0.0028501929	0.0002408896
ASV_5431	0.002594	0.003515000	0.001507021	0.002758962
ASV_5830	0.002708	0.001551226	0.000000000	0.006573833
ASV_5737	0.002378	0.0065285185	0.0002784740	0.0003272594
ASV_5739	0.002778	0.004586791	0.002366247	0.001379573
ASV_6020	0.002738	0.002751970	0.002662307	0.002798860
ASV_5551	0.002706	0.000000000	0.000000000	0.008117985
ASV_5409	0.002305	0.0013161151	0.0009159944	0.0046841738
ASV_5621	0.002553	0.000000000	0.007658034	0.000000000
ASV_5688	0.002381	0.0001879162	0.0000000000	0.0069538463
ASV_6264	0.003705	0.00000000	0.01111487	0.00000000
ASV_1697	0.003126	0.006402634	0.001666177	0.001308031
ASV_1359	0.00396	0.00000000	0.00068840	0.01119041
ASV_1768	0.003189	0.0023039257	0.0065198432	0.0007432959
ASV_1603	0.00296	0.0069623373	0.0003576538	0.0015591650
ASV_3245	0.002987	0.005563905	0.001830088	0.001565915
ASV_2583	0.002663	0.000123043	0.003457100	0.004410171
ASV_9591	0.003203	0.003041371	0.001073383	0.005494230
ASV_4015	0.002107	0.002398439	0.001012373	0.002909561
ASV_5361	0.003355	0.003578216	0.004086028	0.002399810
ASV_3909	0.003062	0.005034584	0.001199614	0.002951256
ASV_4156	0.002764	0.003827475	0.003258402	0.001206771
ASV_3954	0.002518	0.004291157	0.001154758	0.002108347
ASV_4536	0.002999	0.0005109063	0.0007746893	0.0077118806
ASV_3828	0.003109	0.0009525242	0.0045264139	0.0038492790
ASV_3808	0.002482	0.003884549	0.001694426	0.001867670
ASV_9563	0.003122	0.0006808019	0.0031912766	0.0054952882
ASV_4421	0.003001	0.0043251883	0.0044846654	0.0001944406
ASV_9558	0.002893	0.002127601	0.004075550	0.002475574
ASV_4903	0.002759	0.003785156	0.001178173	0.003313850
ASV_7612	0.003176	0.002308846	0.001249388	0.005968953
ASV_5879	0.003013	0.0051661022	0.0002606692	0.0036127863
ASV_5505	0.002667	0.002762270	0.001097055	0.004141653
ASV_4902	0.002729	0.002186498	0.001951680	0.004048084
ASV_4555	0.002633	0.002526085	0.001575988	0.003796599
ASV_4704	0.003637	0.0035790170	0.0003873447	0.0069438697
ASV_4964	0.002877	0.002568831	0.003100201	0.002963232
ASV_4888	0.002458	0.0001984694	0.0068633898	0.0003115032
ASV_7663	0.002837	0.001642916	0.002972021	0.003897052
ASV_5059	0.002512	0.002087690	0.000000000	0.005448008
ASV_5833	0.003063	0.000000000	0.009188442	0.000000000
ASV_5052	0.001991	0.000000000	0.005974463	0.000000000
ASV_5145	0.002706	0.0036236061	0.0001038085	0.0043912803
ASV_6642	0.002388	0.0054582748	0.0004398209	0.0012653494
ASV_6432	0.002361	0.001208150	0.001412630	0.004462312
ASV_6433	0.002533	0.0048309090	0.0026511200	0.0001170198
ASV_8276	0.004775	0.0003969388	0.0126063520	0.0013215953
ASV_5970	0.00256	0.0029644867	0.0002419527	0.0044747134
ASV_7646	0.002586	0.002145104	0.002660016	0.002952648
ASV_5742	0.003215	0.00964368	0.00000000	0.00000000
ASV_5748	0.002395	0.0063535462	0.0008300333	0.0000000000
ASV_5836	0.003575	0.0002124658	0.0013806779	0.0091319652
ASV_5895	0.00153	0.004588511	0.000000000	0.000000000
ASV_6691	0.002497	0.001039944	0.000000000	0.006451218
ASV_5463	0.002888	0.008662837	0.000000000	0.000000000
ASV_5538	0.002153	0.0003368274	0.0061211337	0.0000000000
ASV_964	0.00288	0.000000000	0.000000000	0.008641132
ASV_1304	0.003087	0.001939892	0.005327913	0.001994448
ASV_1617	0.003884	0.0001231394	0.0078940203	0.0036336186
ASV_2587	0.003417	0.0079010520	0.0022385840	0.0001122849
ASV_2957	0.002835	0.001772479	0.003270214	0.003461724
ASV_2668	0.002473	0.001160917	0.004491286	0.001765724
ASV_9369	0.003269	0.003901057	0.002217495	0.003689088
ASV_4614	0.002946	0.004949906	0.003611285	0.000277251
ASV_8756	0.003342	0.003500121	0.003208534	0.003316466
ASV_4613	0.003288	0.001359962	0.003698975	0.004806117
ASV_3866	0.003158	0.000000000	0.002931042	0.006542565
ASV_4162	0.002684	0.003209687	0.002270373	0.002572517
ASV_3377	0.002996	0.003984906	0.002927071	0.002075157
ASV_9294	0.003097	0.003353357	0.001902239	0.004036326
ASV_4023	0.003082	0.004760641	0.002308789	0.002175211
ASV_4334	0.003142	0.0003758325	0.0020308269	0.0070205529
ASV_4406	0.002677	0.001521858	0.005405096	0.001103895
ASV_4181	0.002844	0.002689117	0.002994546	0.002847811
ASV_6971	0.002538	0.001707020	0.003878625	0.002027639
ASV_4668	0.002296	0.002422329	0.002338448	0.002126809
ASV_4670	0.00272	0.003708794	0.003828586	0.000622634
ASV_4969	0.002244	0.0043643556	0.0007260446	0.0016412879
ASV_6265	0.001916	0.00000000	0.00574772	0.00000000
ASV_4795	0.003176	0.001734977	0.003202985	0.004589328
ASV_4696	0.002871	0.001390392	0.003763902	0.003458057
ASV_4262	0.002514	0.0044788237	0.0028558604	0.0002076171
ASV_4808	0.002948	0.005143507	0.002404447	0.001294566
ASV_4849	0.002258	0.002934563	0.001071806	0.002769051
ASV_4746	0.002688	0.003639949	0.001399740	0.003022862
ASV_5020	0.002537	0.003052124	0.001781589	0.002776895
ASV_5263	0.003159	0.004970143	0.001420455	0.003085401
ASV_4656	0.003083	0.002960044	0.002616776	0.003671120
ASV_4901	0.002321	0.005666797	0.001295437	0.000000000
ASV_7168	0.002613	0.003819724	0.002382023	0.001637116
ASV_5092	0.002819	0.002000496	0.003647203	0.002810270
ASV_5458	0.002175	0.0050876212	0.0006584403	0.0007799702
ASV_5548	0.002137	0.000000000	0.000000000	0.006411437
ASV_6132	0.002656	0.004402469	0.001229094	0.002336577
ASV_5580	0.002167	0.005154675	0.000000000	0.001347430
ASV_7303	0.002071	0.002475876	0.001831793	0.001905067
ASV_7701	0.003447	0.000000000	0.007735843	0.002603927
ASV_5182	0.002145	0.000000000	0.000000000	0.006435096
ASV_5525	0.002679	0.004301357	0.001160895	0.002574604
ASV_8974	0.002494	0.001832463	0.001335285	0.004314382
ASV_6649	0.002232	0.004562294	0.002133382	0.000000000
ASV_6344	0.003095	0.0005492931	0.0016538344	0.0070824863
ASV_7734	0.002261	0.0020745046	0.0009952332	0.0037130407
ASV_5417	0.002111	0.0003758325	0.0037107175	0.0022456972
ASV_5302	0.002127	0.001306473	0.003235852	0.001839173
ASV_6157	0.002485	0.004808636	0.001261209	0.001384380
ASV_7227	0.003414	0.0000000	0.0102416	0.0000000
ASV_5604	0.002176	0.0053042537	0.0001915092	0.0010324611
ASV_5607	0.002199	0.00659553	0.00000000	0.00000000
ASV_6822	0.002106	0.002260252	0.001794712	0.002262565
ASV_1484	0.002351	0.0004491031	0.0003830185	0.0062200203
ASV_1890	0.001759	0.000000000	0.000000000	0.005276248
ASV_3804	0.002686	0.004157651	0.001993209	0.001907738
ASV_7583	0.003047	0.002364485	0.003983366	0.002793973
ASV_4213	0.003333	0.003728715	0.004079485	0.002191098
ASV_4834	0.002691	0.002621211	0.001861734	0.003591209
ASV_4453	0.002646	0.0009617121	0.0007157084	0.0062599920
ASV_4754	0.002707	0.001818706	0.003088306	0.003214192
ASV_5358	0.003194	0.003124801	0.003807113	0.002651282
ASV_5887	0.003251	0.002898904	0.004353388	0.002500188
ASV_7769	0.002298	0.002262108	0.002526366	0.002104895
ASV_5426	0.002599	0.003823682	0.001823820	0.002150813
ASV_5556	0.002776	0.003796369	0.002339122	0.002193434
ASV_7952	0.003063	0.003395331	0.002265586	0.003529363
ASV_5067	0.002699	0.001220311	0.001746098	0.005130623
ASV_4501	0.002705	0.001427274	0.001430615	0.005256804
ASV_5362	0.002894	0.003762707	0.001706688	0.003211237
ASV_4791	0.002449	0.0041179994	0.0027004517	0.0005273742
ASV_4920	0.002539	0.000000000	0.000000000	0.007617206
ASV_5183	0.002409	0.0036994380	0.0031664376	0.0003613343
ASV_5341	0.002391	0.0001122758	0.0022122506	0.0048496013
ASV_4863	0.0027	0.002261516	0.001130967	0.004707182
ASV_5960	0.002376	0.002946426	0.003559523	0.000622634
ASV_8414	0.002846	0.001839540	0.003445672	0.003253313
ASV_4867	0.002568	0.0052413480	0.0016276977	0.0008349535
ASV_4897	0.002638	0.006572109	0.001342225	0.000000000
ASV_5965	0.002985	0.003077840	0.004218494	0.001659297
ASV_8178	0.00189	4.746630e-03	8.261482e-04	9.722028e-05
ASV_6161	0.0025	0.0053236540	0.0016833724	0.0004916191
ASV_5811	0.00255	0.002207472	0.002798265	0.002644243
ASV_7791	0.002215	0.003658973	0.001808353	0.001178661
ASV_9029	0.00189	0.0028074879	0.0006313131	0.0022300235
ASV_5280	0.002767	0.004185193	0.000000000	0.004116621
ASV_5675	0.003008	0.000000000	0.002197158	0.006827087
ASV_5192	0.002338	0.0061193283	0.0001423406	0.0007527311
ASV_5668	0.002088	0.0019013963	0.0007999095	0.0035617254
ASV_5963	0.00253	0.001552898	0.003098488	0.002938513
ASV_5396	0.00268	0.0077930592	0.0000000000	0.0002480454
ASV_5905	0.002425	0.005619460	0.001046547	0.000608639
ASV_6782	0.002513	0.004771657	0.001307504	0.001459631
ASV_5528	0.002691	0.0038711686	0.0009929094	0.0032077707
ASV_6188	0.002933	0.0003969388	0.0000000000	0.0084032997
ASV_5279	0.003332	0.001988982	0.005885293	0.002122618
ASV_5480	0.002413	0.000000000	0.007240323	0.000000000
ASV_5533	0.003596	0.0008834888	0.0003562776	0.0095470545
ASV_5814	0.002886	0.0038200052	0.0041051041	0.0007333604
ASV_6542	0.002419	0.0001879162	0.0000000000	0.0070699005
ASV_3861	0.003712	0.0033528735	0.0075742177	0.0002076171
ASV_1282	0.005275	0.0007617589	0.0137379353	0.0013255953
ASV_2509	0.003192	0.003995379	0.001166447	0.004415644
ASV_2240	0.002957	0.003521325	0.004310096	0.001040129
ASV_2209	0.002994	0.001467811	0.003924030	0.003590812
ASV_2356	0.003029	0.0009312203	0.0052244221	0.0029325808
ASV_2355	0.002578	0.0004018597	0.0000000000	0.0073318208
ASV_3202	0.002333	0.0003368274	0.0020372584	0.0046235097
ASV_3216	0.003261	0.000000000	0.000000000	0.009783955
ASV_6195	0.003211	0.0009007407	0.0052689519	0.0034644463
ASV_7086	0.003002	0.0004839685	0.0075536886	0.0009694307
ASV_4025	0.002695	0.003787208	0.002528260	0.001768605
ASV_6196	0.002588	0.0031212205	0.0042052999	0.0004368494
ASV_4699	0.00236	0.003767775	0.002260532	0.001053178
ASV_3671	0.002553	0.003297301	0.001396397	0.002965264
ASV_4276	0.002673	0.002691440	0.005327662	0.000000000
ASV_5229	0.00295	0.0007254617	0.0072792165	0.0008443995
ASV_4219	0.002654	0.001765105	0.004106487	0.002091733
ASV_4602	0.003028	0.0066051907	0.0023673075	0.0001122849
ASV_3952	0.002633	0.0001209921	0.0000000000	0.0077767613
ASV_9573	0.002744	0.002029428	0.002220425	0.003980904
ASV_4325	0.00248	0.006428599	0.000000000	0.001010564
ASV_4258	0.002391	0.0045363693	0.0019925228	0.0006427203
ASV_6108	0.0029	0.0041786166	0.0036554263	0.0008661628
ASV_6121	0.002876	0.003706181	0.001055914	0.003865028
ASV_4470	0.002044	0.0008510211	0.0025458888	0.0027358421
ASV_5018	0.002385	0.0046745788	0.0003499577	0.0021289650
ASV_5490	0.003468	0.0006816787	0.0095826327	0.0001386255
ASV_7515	0.00308	0.001670436	0.005162676	0.002406307
ASV_5933	0.002532	0.003171941	0.002547443	0.001875400
ASV_5081	0.002594	0.003402792	0.002686103	0.001691657
ASV_8950	0.003088	0.0017688749	0.0073315835	0.0001636297
ASV_5902	0.002553	0.003151630	0.001619815	0.002888885
ASV_5034	0.002621	0.0056718934	0.0004956753	0.0016963298
ASV_5214	0.001998	0.0036655258	0.0005569479	0.0017708604
ASV_5961	0.00287	0.002184729	0.000000000	0.006424745
ASV_6815	0.002999	0.001061902	0.005869241	0.002066007
ASV_8603	0.002736	0.0072007148	0.0005213384	0.0004868711
ASV_5734	0.002913	0.0041992722	0.0036136308	0.0009274713
ASV_5199	0.002385	0.0062652318	0.0002846813	0.0006061157
ASV_6308	0.002712	0.006149343	0.000000000	0.001988142
ASV_6682	0.00259	0.0058554032	0.0014328967	0.0004817791
ASV_7794	0.002433	0.0035970402	0.0007891414	0.0029124918
ASV_5618	0.003245	0.0002124658	0.0095233507	0.0000000000
ASV_6429	0.002613	0.004101388	0.001899758	0.001837978
ASV_5595	0.003578	0.001243585	0.005272242	0.004216772
ASV_5597	0.002088	0.002102684	0.000000000	0.004161070
ASV_5657	0.002669	0.0057868567	0.0004839053	0.0017363178
ASV_6531	0.002135	0.0011753907	0.0049013080	0.0003279894
ASV_9537	0.003425	0.0003758325	0.0056724969	0.0042272762
ASV_1995	0.002298	0.0001893939	0.0007258580	0.0059789889
ASV_1845	0.002533	0.0001122758	0.0007056151	0.0067817463
ASV_6496	0.002899	0.002233662	0.004199390	0.002265151
ASV_2537	0.002712	0.0077885677	0.0000000000	0.0003462426
ASV_3776	0.003179	0.0028505113	0.0060427435	0.0006431454
ASV_3043	0.002148	0.0048814153	0.0004734848	0.0010900632
ASV_4211	0.003297	0.000975886	0.001923015	0.006991608
ASV_3718	0.003303	0.001337685	0.004822358	0.003747995
ASV_3521	0.00285	0.002481506	0.002372675	0.003694735
ASV_4895	0.002779	0.004175276	0.002618481	0.001542856
ASV_3574	0.002306	0.004239129	0.001105382	0.001573330
ASV_4052	0.003271	0.003035056	0.004452900	0.002326059
ASV_4449	0.00282	0.004307900	0.001265826	0.002885571
ASV_4852	0.002327	0.0014798625	0.0001393977	0.0053605615
ASV_5197	0.003292	0.0007923640	0.0083046375	0.0007777353
ASV_4295	0.00303	0.004289459	0.003178993	0.001621425
ASV_4226	0.002812	0.0030308041	0.0047833020	0.0006230064
ASV_3985	0.002369	0.000000000	0.007108473	0.000000000
ASV_5123	0.002491	0.002955983	0.002084258	0.002432359
ASV_3942	0.001931	0.0010646269	0.0004692539	0.0042592477
ASV_4265	0.002679	0.005054988	0.001401251	0.001580547
ASV_4372	0.002728	0.0028185109	0.0009397125	0.0044251248
ASV_5410	0.002044	0.001128851	0.001521497	0.003481347
ASV_4672	0.001856	0.002174690	0.003393203	0.000000000
ASV_5141	0.002865	0.005814943	0.000703415	0.002077781
ASV_4716	0.003107	0.0010454235	0.0078903994	0.0003866709
ASV_4825	0.002678	0.005029385	0.000973654	0.002030896
ASV_9753	0.002332	0.001953686	0.003286363	0.001757007
ASV_4802	0.002482	0.005057806	0.001244029	0.001143953
ASV_6547	0.002433	0.0040824321	0.0005313361	0.0026853168
ASV_5877	0.002959	0.003972901	0.003265617	0.001637939
ASV_6033	0.002186	0.0033761201	0.0029436333	0.0002374646
ASV_6421	0.002872	0.0011173854	0.0067171306	0.0007829219
ASV_8934	0.00269	0.001600234	0.003238023	0.003230501
ASV_7973	0.00226	0.002500019	0.002992458	0.001286296
ASV_5311	0.003515	0.0006044696	0.0093170842	0.0006230064
ASV_6055	0.002349	0.0051088308	0.0004579972	0.0014792339
ASV_6670	0.002	0.0014105095	0.0005401108	0.0040500500
ASV_7772	0.002842	0.001267528	0.001576254	0.005683577
ASV_6504	0.005246	0.0000000000	0.0152571180	0.0004817791
ASV_5813	0.002852	0.002601802	0.004280201	0.001674634
ASV_5893	0.001667	0.0045036211	0.0000000000	0.0004960908
ASV_5539	0.001871	0.005613789	0.000000000	0.000000000
ASV_5736	0.001487	0.0042963217	0.0000000000	0.0001636297
ASV_5823	0.002541	0.0002245516	0.0030815728	0.0043159282
ASV_5910	0.002151	0.0029272622	0.0031683182	0.0003579094
ASV_5927	0.002727	0.000000000	0.000000000	0.008181485
ASV_7320	0.002644	0.0009804052	0.0032505008	0.0037006330
ASV_8507	0.001879	0.0012895781	0.0006407251	0.0037057530
ASV_1119	0.003101	0.003954573	0.002721080	0.002628166
ASV_1417	0.003293	0.002759510	0.003924947	0.003195530
ASV_2172	0.002583	0.005109253	0.001321775	0.001319285
ASV_6890	0.002952	0.002556661	0.001964082	0.004335728
ASV_3060	0.002818	0.0040643857	0.0041022505	0.0002862252
ASV_4380	0.002538	0.0033991580	0.0040767752	0.0001386255
ASV_3534	0.002876	0.002402664	0.004060428	0.002166151
ASV_3514	0.002491	0.003009829	0.002464621	0.001999366
ASV_4342	0.003426	0.000783080	0.007954639	0.001541152
ASV_5586	0.002923	0.0007773651	0.0066135765	0.0013769364
ASV_4432	0.00332	0.0000000000	0.0092328169	0.0007261531
ASV_4300	0.00246	0.001306724	0.002743996	0.003329384
ASV_6842	0.002488	0.0005003586	0.0035308197	0.0034320208
ASV_5482	0.00308	0.0016143967	0.0003830185	0.0072423188
ASV_9009	0.003532	0.002357054	0.004788940	0.003449783
ASV_4293	0.00251	0.0039906647	0.0003562776	0.0031824890
ASV_4905	0.002817	0.001498819	0.002283007	0.004670665
ASV_5402	0.002682	0.0044399302	0.0033722954	0.0002340397
ASV_6304	0.003174	0.0005234305	0.0057514877	0.0032468802
ASV_5220	0.003523	0.0026661353	0.0003562776	0.0075451382
ASV_5605	0.003371	0.0006964343	0.0092687754	0.0001475997
ASV_6426	0.003009	0.0061843396	0.0020203469	0.0008209149
ASV_6147	0.002452	0.0004924665	0.0054208188	0.0014430705
ASV_4851	0.003011	0.0008440960	0.0072531356	0.0009346181
ASV_4878	0.00311	0.0001209921	0.0072841263	0.0019259518
ASV_5544	0.002815	0.0001122758	0.0081848428	0.0001475997
ASV_8345	0.002538	0.003914894	0.002242631	0.001456330
ASV_8859	0.003394	0.0033640978	0.0004839053	0.0063330186
ASV_9950	0.004256	0.0004388176	0.0000000000	0.0123296514
ASV_4958	0.002115	0.003424283	0.000000000	0.002921231
ASV_5453	0.002115	0.001127194	0.003186455	0.002031359
ASV_5882	0.002403	0.003026494	0.002914882	0.001267288
ASV_4773	0.002744	0.008233441	0.000000000	0.000000000
ASV_5816	0.002024	0.0037940444	0.0006597314	0.0016189234
ASV_8856	0.002587	0.003988946	0.002434758	0.001335858
ASV_5468	0.00233	0.001229557	0.001428299	0.004332733
ASV_9633	0.003068	0.0006298476	0.0074329824	0.0011423084
ASV_5810	0.002587	0.0051130493	0.0008555069	0.0017929277
ASV_4871	0.002608	0.001690458	0.003227956	0.002904386
ASV_6127	0.00309	0.003172375	0.002279154	0.003818878
ASV_6135	0.002703	0.002085679	0.002235320	0.003788024
ASV_8615	0.002318	0.001729920	0.002980888	0.002243601
ASV_6347	0.002868	0.0058060581	0.0004152341	0.0023838474
ASV_5652	0.002229	0.0043829513	0.0017293232	0.0005753048
ASV_5399	0.002277	0.0036461241	0.0024939957	0.0006904546
ASV_5540	0.002067	0.002433194	0.000000000	0.003766955
ASV_5750	0.002524	0.0061705995	0.0007821448	0.0006189202
ASV_6731	0.002156	0.0048663938	0.0009293366	0.0006737092
ASV_7252	0.002301	0.001476802	0.001516554	0.003910141
ASV_7640	0.002828	0.006033156	0.001321151	0.001129589
ASV_5911	0.002655	0.003656826	0.004306914	0.000000000
ASV_6164	0.002705	0.0038329466	0.0009678106	0.0033129040
ASV_5596	0.002275	0.004509882	0.000000000	0.002315125
ASV_6334	0.002534	0.007603489	0.000000000	0.000000000
ASV_6559	0.002381	0.005993472	0.001148726	0.000000000
ASV_8872	0.002458	0.002683497	0.002222277	0.002467648
ASV_5467	0.002149	0.0003969388	0.0000000000	0.0060497049
ASV_5593	0.002082	0.0022112109	0.0034930636	0.0005425712
ASV_5754	0.002518	0.0024995391	0.0044023986	0.0006529952
ASV_6088	0.003124	0.000000000	0.009370547	0.000000000
ASV_6807	0.001983	0.0024487533	0.0026809644	0.0008186337
ASV_8847	0.002852	0.0022937116	0.0054324682	0.0008304682
ASV_695	0.00265	0.000000000	0.002730517	0.005219208
ASV_915	0.002989	0.001181000	0.002986464	0.004798283
ASV_1046	0.002244	0.002081562	0.002737898	0.001913068
ASV_1308	0.003028	0.0009155088	0.0040207497	0.0041484238
ASV_8346	0.002872	0.002645332	0.004288053	0.001682938
ASV_3357	0.00269	0.002334169	0.003429538	0.002305258
ASV_3987	0.002463	0.0025776095	0.0038629049	0.0009485142
ASV_3213	0.002152	0.000000000	0.004090635	0.002365072
ASV_3959	0.002282	0.0004921938	0.0010523388	0.0053028086
ASV_3506	0.00306	0.002504713	0.004712795	0.001963486
ASV_4093	0.002589	0.005545704	0.001136445	0.001084063
ASV_8018	0.003251	0.0008030196	0.0072178510	0.0017309106
ASV_4508	0.002462	0.0017863284	0.0046880859	0.0009111801
ASV_6573	0.003035	0.002500490	0.001477472	0.005125794
ASV_4484	0.002437	0.0040357105	0.0022938486	0.0009817782
ASV_4512	0.00301	0.002329283	0.002455424	0.004246305
ASV_5069	0.002511	0.001643723	0.002902145	0.002988391
ASV_8070	0.003592	0.002260012	0.006269151	0.002246650
ASV_4655	0.001763	0.0031888622	0.0017456993	0.0003551444
ASV_9382	0.00202	0.002549169	0.001665095	0.001847024
ASV_5097	0.002503	5.593485e-03	1.818604e-03	9.722028e-05
ASV_5778	0.002683	0.001888848	0.002718587	0.003440306
ASV_4787	0.00185	0.000000000	0.000000000	0.005550199
ASV_5238	0.002228	0.0000000000	0.0065441381	0.0001386255
ASV_4960	0.002108	0.0005904614	0.0023223767	0.0034118966
ASV_8663	0.00205	0.0003787879	0.0016088122	0.0041637783
ASV_5233	0.002379	0.001117079	0.003444735	0.002575975
ASV_5881	0.002496	0.003759739	0.001978237	0.001751030
ASV_7039	0.002272	0.002988586	0.002412109	0.001416270
ASV_4767	0.002228	0.002738704	0.001287681	0.002656721
ASV_5515	0.00278	0.001832079	0.002883930	0.003625163
ASV_6925	0.001906	0.0001231394	0.0000000000	0.0055938819
ASV_8586	0.002501	0.001220585	0.003443393	0.002838000
ASV_5962	0.002104	0.0038148329	0.0018222266	0.0006737092
ASV_7508	0.002704	0.001152450	0.004495658	0.002463838
ASV_5979	0.002298	0.0043196268	0.0001038085	0.0024702670
ASV_5585	0.002337	0.002137503	0.001081282	0.003791214
ASV_5124	0.001954	0.0009267679	0.0024007398	0.0025330597
ASV_5937	0.002291	0.0007859305	0.0015911351	0.0044961407
ASV_6073	0.00239	0.00319651	0.00000000	0.00397456
ASV_5822	0.002587	0.0027632365	0.0044583814	0.0005406831
ASV_8224	0.002207	0.001709687	0.002352600	0.002559888
ASV_6851	0.002362	0.007085013	0.000000000	0.000000000
ASV_6168	0.002555	0.005245175	0.002419768	0.000000000
ASV_6444	0.001936	0.005807623	0.000000000	0.000000000
ASV_7360	0.00215	0.0046701904	0.0001423406	0.0016382777
ASV_7801	0.002627	0.005139463	0.001633736	0.001107430
ASV_1825	0.002833	0.002817946	0.000000000	0.005680155
ASV_2132	0.002554	0.0043631658	0.0002419527	0.0030565349
ASV_3009	0.002336	0.002956569	0.001913875	0.002137632
ASV_2052	0.002104	0.0007620722	0.0000000000	0.0055508406
ASV_2933	0.003502	0.0029971474	0.0070535620	0.0004556625
ASV_3300	0.00347	0.002615407	0.002641112	0.005153030
ASV_2861	0.003324	0.0004904102	0.0039708718	0.0055113253
ASV_6615	0.002844	0.001946659	0.001819749	0.004765184
ASV_3108	0.002601	0.0000000000	0.0009469697	0.0068566912
ASV_3455	0.001968	0.004506358	0.001396451	0.000000000
ASV_4490	0.002349	0.000000000	0.004942556	0.002103787
ASV_3914	0.002187	0.006560248	0.000000000	0.000000000
ASV_3748	0.002112	0.001145061	0.000000000	0.005191797
ASV_3996	0.00252	0.003380580	0.002157643	0.002020470
ASV_4796	0.002943	0.002626354	0.003479551	0.002722512
ASV_7656	0.00238	0.0010950982	0.0004839053	0.0055623917
ASV_4589	0.002222	0.0000000000	0.0001393977	0.0065280261
ASV_4434	0.002321	0.0044414428	0.0017581795	0.0007627011
ASV_4921	0.002763	0.001315652	0.005971376	0.001003206
ASV_4676	0.002283	0.003882413	0.001456164	0.001511048
ASV_5177	0.002521	0.0000000000	0.0009632576	0.0066005623
ASV_6014	0.002034	0.0020281060	0.0039092318	0.0001636297
ASV_7119	0.002302	0.0048674716	0.0010532156	0.0009858416
ASV_7337	0.002167	0.001896538	0.001664682	0.002940610
ASV_7838	0.00211	0.001442468	0.003150589	0.001737735
ASV_5493	0.002692	0.0009259765	0.0049370749	0.0022133116
ASV_5436	0.002043	0.0018097261	0.0006571868	0.0036618118
ASV_5817	0.002261	0.0054771411	0.0008175732	0.0004896850
ASV_9566	0.002218	0.0028016372	0.0034464116	0.0004045193
ASV_5634	0.002924	0.002018727	0.001058335	0.005694500
ASV_7124	0.002133	0.0000000000	0.0057799123	0.0006194005
ASV_7988	0.002109	0.001399651	0.002168042	0.002759815
ASV_5524	0.001831	0.0025558206	0.0021454400	0.0007921451
ASV_5907	0.002301	0.002830999	0.000000000	0.004072431
ASV_5801	0.002381	0.002244665	0.003737991	0.001161567
ASV_6680	0.00231	0.0008074046	0.0019095750	0.0042136709
ASV_5343	0.001913	0.0001230430	0.0003576538	0.0052580867
ASV_6241	0.001928	0.001456271	0.000000000	0.004327749
ASV_5320	0.002045	0.0036647937	0.0009963605	0.0014736862
ASV_5526	0.002752	0.003588286	0.002472184	0.002194843
ASV_5971	0.00266	0.001372850	0.005170393	0.001435362
ASV_6441	0.001946	0.0033247628	0.0016478367	0.0008643612
ASV_6526	0.002647	0.0069566858	0.0007660370	0.0002176651
ASV_7095	0.002181	0.0000000000	0.0061265879	0.0004158765
ASV_5791	0.002259	0.002935490	0.000000000	0.003842118
ASV_6070	0.002071	0.001183321	0.001841117	0.003189243
ASV_6543	0.002386	0.003446105	0.000000000	0.003711279
ASV_6775	0.002325	0.0006156968	0.0063579740	0.0000000000
ASV_6345	0.002439	0.0009974882	0.0042534721	0.0020659098
ASV_5745	0.002351	0.0003247416	0.0065657480	0.0001636297
ASV_5838	0.002474	0.000000000	0.000000000	0.007422352
ASV_5978	0.002278	0.001176763	0.003344865	0.002311332
ASV_6090	0.003588	0.00000000	0.01076445	0.00000000
ASV_6165	0.001932	0.002407536	0.000139237	0.003250185
ASV_6248	0.002043	0.002269422	0.002070471	0.001787656
ASV_6810	0.002467	0.003387780	0.001239569	0.002774253
ASV_6914	0.002945	0.0030316158	0.0051215553	0.0006805419
ASV_1197	0.002239	0.003099533	0.000000000	0.003617041
ASV_1324	0.002959	0.000000000	0.001707207	0.007169534
ASV_1511	0.00293	0.0083722093	0.0004181931	0.0000000000
ASV_3115	0.002486	0.001178077	0.002494079	0.003786510
ASV_5351	0.002241	0.000590500	0.003367007	0.002766966
ASV_3134	0.002108	0.0000000	0.0000000	0.0063246
ASV_2912	0.00234	0.000000000	0.004189960	0.002830806
ASV_3852	0.0022	0.0004752522	0.0000000000	0.0061245886
ASV_3990	0.002535	0.0007694992	0.0056842319	0.0011508890
ASV_3567	0.00206	0.0008982063	0.0007897947	0.0044923072
ASV_3457	0.002313	0.0007496732	0.0030641479	0.0031245261
ASV_3774	0.002523	0.004143735	0.001141279	0.002282979
ASV_3963	0.001815	0.002387775	0.000919462	0.002138738
ASV_4924	0.002794	0.002758380	0.003466283	0.002158452
ASV_4709	0.002594	0.001426349	0.003752248	0.002602579
ASV_9170	0.002592	0.0038385829	0.0031795832	0.0007565849
ASV_4625	0.001617	0.0041349650	0.0000000000	0.0007161405
ASV_8761	0.003287	0.002160121	0.004541057	0.003159323
ASV_7338	0.002671	0.005909062	0.002104864	0.000000000
ASV_5575	0.001777	0.0033561227	0.0018272042	0.0001475997
ASV_5995	0.00363	0.0001984694	0.0045103921	0.0061797617
ASV_6632	0.00182	0.002035795	0.002193740	0.001229626
ASV_5897	0.002514	0.0009743306	0.0065683952	0.0000000000
ASV_5283	0.002341	0.0009655715	0.0051331767	0.0009244488
ASV_9165	0.00214	0.002332453	0.001275725	0.002810854
ASV_5348	0.001911	0.0004092991	0.0003830185	0.0049407265
ASV_5953	0.002272	0.002878115	0.002224535	0.001714412
ASV_5577	0.001943	0.0041013733	0.0007023922	0.0010254392
ASV_6315	0.002034	0.005479414	0.000000000	0.000622634
ASV_6155	0.002403	0.001887500	0.003791963	0.001528798
ASV_5741	0.001991	0.0018240879	0.0009690901	0.0031803052
ASV_6817	0.002138	0.0008104922	0.0020461225	0.0035570098
ASV_6000	0.001815	0.000000000	0.000278474	0.005166886
ASV_7536	0.002508	0.000000000	0.007523298	0.000000000
ASV_5940	0.002402	0.0034960398	0.0002419527	0.0034668543
ASV_5996	0.001823	0.000000000	0.005470358	0.000000000
ASV_6180	0.002867	0.0001968333	0.0046774150	0.0037252826
ASV_7233	0.002162	0.0002235786	0.0037867794	0.0024756060
ASV_5599	0.001825	0.002341648	0.001471513	0.001660977
ASV_5809	0.002111	0.005056504	0.000000000	0.001277153
ASV_5896	0.002335	0.007005872	0.000000000	0.000000000
ASV_5975	0.002456	0.0003355142	0.0000000000	0.0070314256
ASV_6181	0.002685	0.000000000	0.008054569	0.000000000
ASV_6349	0.00223	0.0038156542	0.0023439373	0.0005294071
ASV_6654	0.002085	0.0037891072	0.0017203129	0.0007441362
ASV_7705	0.002068	0.002497383	0.002135110	0.001571988
ASV_28	0.003295	0.0038243843	0.0054980651	0.0005614243
ASV_1547	0.002953	0.008859631	0.000000000	0.000000000
ASV_1989	0.003168	0.002392625	0.005097000	0.002013942
ASV_2435	0.002536	0.001742334	0.003101032	0.002765806
ASV_3199	0.00279	0.001926196	0.003647833	0.002794963
ASV_2841	0.002575	0.002399457	0.003912264	0.001413518
ASV_3714	0.002598	0.001327913	0.004216935	0.002250250
ASV_4374	0.002877	0.001768273	0.003471867	0.003389604
ASV_3560	0.002727	0.0029543215	0.0047358083	0.0004908891
ASV_3427	0.002086	0.0033107124	0.0001393977	0.0028087426
ASV_5772	0.002735	0.0069489192	0.0008419599	0.0004152341
ASV_6321	0.002747	0.0006373974	0.0020086972	0.0055941233
ASV_4188	0.002098	0.006293377	0.000000000	0.000000000
ASV_7017	0.002309	0.002005686	0.002054141	0.002866160
ASV_5945	0.002836	0.001536324	0.004218982	0.002753782
ASV_4337	0.001818	0.003912399	0.000000000	0.001541209
ASV_3773	0.002396	0.000000000	0.002105569	0.005083530
ASV_4386	0.002562	0.001773726	0.002755740	0.003156847
ASV_5075	0.002175	0.001571861	0.003877555	0.001075767
ASV_5248	0.001914	0.00000000	0.00000000	0.00574113
ASV_4492	0.001982	0.0006736547	0.0001393977	0.0051330424
ASV_5203	0.002849	0.0025531618	0.0052939013	0.0006994289
ASV_7440	0.002208	0.000666697	0.001634817	0.004321829
ASV_4862	0.003047	0.006649417	0.000000000	0.002492026
ASV_4564	0.002282	0.002007888	0.000000000	0.004838683
ASV_4804	0.002781	0.0034964089	0.0042676916	0.0005803642
ASV_6290	0.001688	0.0036456111	0.0005569479	0.0008601557
ASV_5842	0.00213	0.002466924	0.002172699	0.001751797
ASV_8793	0.002334	0.001626319	0.003304887	0.002071904
ASV_5592	0.002151	0.0042893979	0.0016037113	0.0005592748
ASV_5445	0.002459	0.0071696684	0.0000000000	0.0002076171
ASV_5522	0.002226	0.0019988891	0.0043508984	0.0003272594
ASV_6492	0.003121	0.001292671	0.005875463	0.002195875
ASV_5645	0.001981	0.004053519	0.000000000	0.001889472
ASV_9127	0.001818	0.0019974219	0.0005046823	0.0029513619
ASV_5506	0.001753	0.003358053	0.000808392	0.001091086
ASV_5191	0.002359	0.001723951	0.004173601	0.001179330
ASV_6377	0.002241	0.002906276	0.002212358	0.001603411
ASV_9561	0.002413	0.001324972	0.002628035	0.003285790
ASV_5438	0.002392	0.0036777522	0.0006362885	0.0028608432
ASV_5589	0.002693	0.003007849	0.002612167	0.002457709
ASV_5705	0.002373	0.0005410289	0.0046667507	0.0019124728
ASV_8330	0.001829	0.001445415	0.002295987	0.001745643
ASV_5909	0.002311	0.002000323	0.001185188	0.003748739
ASV_6069	0.002283	0.003280187	0.000000000	0.003569281
ASV_6534	0.002268	0.001285696	0.003184142	0.002332840
ASV_6167	0.002853	0.0046469356	0.0037640571	0.0001475997
ASV_9449	0.002439	0.001648979	0.004387355	0.001281239
ASV_5783	0.002265	0.005620699	0.001174451	0.000000000
ASV_5727	0.001721	0.000447790	0.000000000	0.004715964
ASV_5806	0.002249	0.0045708072	0.0003842933	0.0017914397
ASV_5834	0.002652	0.0000000000	0.0073491958	0.0006067048
ASV_6071	0.002381	0.0070294954	0.0000000000	0.0001122849
ASV_6529	0.001874	0.002310580	0.000634639	0.002678160
ASV_7810	0.002348	0.001800803	0.003202628	0.002041653
ASV_5738	0.001801	0.0044635250	0.0003873447	0.0005535542
ASV_5980	0.002001	0.002484912	0.002475686	0.001043709
ASV_6156	0.002375	0.0024733070	0.0004270219	0.0042245318
ASV_6454	0.002412	0.001216138	0.006018474	0.000000000
ASV_7344	0.002784	0.001363999	0.005106901	0.001879968
ASV_5773	0.001752	0.0002245516	0.0000000000	0.0050318528
ASV_5839	0.00319	0.000000000	0.000000000	0.009568576
ASV_5926	0.003135	0.000246086	0.000000000	0.009158264
ASV_6068	0.002374	0.004011611	0.001427529	0.001684273
ASV_7409	0.002079	0.000000000	0.000000000	0.006238148
ASV_1146	0.002233	0.0058119008	0.0000000000	0.0008859888
ASV_2057	0.002691	0.0012313936	0.0060379870	0.0008021886
ASV_2107	0.001943	0.002304076	0.001672252	0.001853217
ASV_3618	0.002754	0.001114476	0.005131048	0.002017246
ASV_3132	0.003039	0.000000000	0.002317731	0.006799334
ASV_4355	0.002265	0.002868684	0.001009184	0.002916337
ASV_3915	0.00311	0.000000000	0.004246714	0.005083072
ASV_5008	0.002594	0.0027660318	0.0008450574	0.0041696376
ASV_4044	0.002027	0.0036404011	0.0018609367	0.0005807519
ASV_5624	0.002327	0.001735001	0.002791481	0.002455222
ASV_4034	0.002093	0.001812705	0.001194803	0.003272419
ASV_7165	0.002672	0.0018740057	0.0057110231	0.0004321868
ASV_4231	0.002194	0.002218908	0.001393515	0.002968200
ASV_4333	0.002532	0.003314752	0.004280829	0.000000000
ASV_4341	0.002265	0.0009786732	0.0058162504	0.0000000000
ASV_5029	0.002737	0.0045607544	0.0008573508	0.0027938783
ASV_5485	0.001866	0.0000000000	0.0007125552	0.0048864785
ASV_5798	0.001837	0.001645638	0.002003901	0.001861837
ASV_6384	0.002064	0.001952521	0.001310628	0.002927793
ASV_4872	0.00209	0.0028229630	0.0003114256	0.0031343052
ASV_5041	0.002359	0.0031352512	0.0004734848	0.0034672732
ASV_5650	0.002207	0.002122342	0.002122172	0.002377548
ASV_5232	0.002385	0.0013631646	0.0050149745	0.0007763988
ASV_9045	0.002441	0.003314897	0.002553293	0.001455779
ASV_5164	0.001934	0.002424097	0.001189001	0.002189798
ASV_5349	0.001983	0.0042645661	0.0005629501	0.0011228486
ASV_5072	0.002176	0.0036566677	0.0004468482	0.0024259412
ASV_5622	0.001949	0.0001968333	0.0005745277	0.0050753043
ASV_8577	0.002376	0.0009679371	0.0019154212	0.0042457186
ASV_7771	0.002653	0.000000000	0.004205213	0.003754449
ASV_6439	0.00223	0.002376288	0.002222163	0.002092646
ASV_5912	0.00241	0.0010108862	0.0053707280	0.0008484799
ASV_6342	0.002106	0.002246333	0.002237989	0.001833039
ASV_8424	0.002222	0.0023027889	0.0040103239	0.0003531744
ASV_5100	0.00173	0.0004839685	0.0000000000	0.0047069699
ASV_5038	0.001745	0.001083447	0.000000000	0.004151104
ASV_5153	0.001986	0.004193034	0.000000000	0.001764328
ASV_6318	0.002054	0.001214682	0.001723116	0.003224540
ASV_6380	0.001678	0.0004747657	0.0015502149	0.0030085375
ASV_6711	0.001775	0.000938715	0.000000000	0.004385745
ASV_6687	0.002034	0.0052043448	0.0008967814	0.0000000000
ASV_7266	0.002275	0.0036183337	0.0023877681	0.0008181485
ASV_6300	0.001828	0.0038495497	0.0012102805	0.0004252097
ASV_5606	0.002814	0.0009989875	0.0065582349	0.0008842711
ASV_5707	0.00167	0.0042070899	0.0001423406	0.0006597205
ASV_6474	0.002092	0.0002124658	0.0016790101	0.0043840530
ASV_8007	0.002145	0.0008345352	0.0043371157	0.0012622396
ASV_5567	0.001921	0.0030648642	0.0024585862	0.0002408896
ASV_5601	0.001976	0.002067448	0.001170635	0.002688429
ASV_5947	0.002226	0.0019543629	0.0039249180	0.0007975618
ASV_6873	0.002079	0.0009676278	0.0042336185	0.0010366554
ASV_6556	0.001722	0.003662998	0.000000000	0.001503888
ASV_5469	0.002129	0.004319221	0.000000000	0.002068167
ASV_5899	0.002481	0.007442532	0.000000000	0.000000000
ASV_7712	0.003159	0.0005480710	0.0009086831	0.0080200720
ASV_6053	0.002299	0.0051276251	0.0016525216	0.0001170198
ASV_6152	0.002101	0.001877814	0.003238077	0.001188128
ASV_6217	0.00221	0.002222994	0.002489004	0.001919194
ASV_5964	0.001844	0.0035164378	0.0015657471	0.0004501287
ASV_6658	0.001773	0.0027810601	0.0007025085	0.0018359469
ASV_6672	0.002037	0.0051228492	0.0006127218	0.0003769044
ASV_7057	0.002375	0.000423021	0.003448803	0.003251732
ASV_6578	0.002079	0.0001209921	0.0061147620	0.0000000000
ASV_7050	0.002372	0.00711559	0.00000000	0.00000000
ASV_6706	0.003769	0.000000000	0.009899192	0.001408789
ASV_2893	0.00307	0.001261190	0.001991643	0.005958519
ASV_3329	0.001867	0.0009841667	0.0046173960	0.0000000000
ASV_3570	0.002508	0.002184066	0.000000000	0.005341187
ASV_3968	0.002769	0.001055921	0.003157412	0.004092774
ASV_4135	0.003468	0.00000000	0.01040396	0.00000000
ASV_4273	0.002213	0.001362526	0.002989813	0.002287509
ASV_6626	0.002474	0.0030696915	0.0036554696	0.0006964796
ASV_9672	0.002752	0.003024182	0.001513693	0.003719308
ASV_5068	0.002587	0.002816956	0.003859919	0.001084139
ASV_5128	0.002087	0.002173735	0.002919680	0.001168744
ASV_4620	0.00281	0.0008879598	0.0000000000	0.0075423136
ASV_4151	0.002567	0.002176846	0.001075195	0.004449569
ASV_5365	0.001986	0.001231394	0.001708940	0.003018275
ASV_5588	0.001982	0.0041982936	0.0007779158	0.0009694041
ASV_5386	0.002144	0.0005492931	0.0034736000	0.0024076747
ASV_5640	0.003507	0.000000000	0.003431002	0.007090717
ASV_7842	0.002394	0.001576251	0.002021415	0.003583451
ASV_5173	0.003591	0.0000000000	0.0103307796	0.0004427992
ASV_6562	0.002501	0.0006219185	0.0045395313	0.0023414019
ASV_6087	0.002267	0.000000000	0.002681156	0.004120815
ASV_9416	0.002461	0.001573051	0.002069697	0.003740547
ASV_5193	0.002051	0.000518303	0.000000000	0.005635783
ASV_9160	0.002541	0.001601674	0.004918613	0.001103445
ASV_7984	0.002568	0.001371884	0.003595270	0.002737294
ASV_6435	0.002204	0.0034109918	0.0007125552	0.0024885204
ASV_8825	0.001977	0.002421039	0.002302725	0.001208513
ASV_9548	0.002162	0.001123760	0.001274881	0.004087428
ASV_7093	0.002124	0.0000000000	0.0062233113	0.0001475997
ASV_5969	0.002082	0.001666216	0.002468739	0.002110723
ASV_6486	0.002161	0.0009507292	0.0043044605	0.0012288878
ASV_7404	0.001938	0.0000000000	0.0002554996	0.0055582107
ASV_9582	0.001909	0.002573509	0.001820751	0.001332308
ASV_6231	0.001569	0.004707443	0.000000000	0.000000000
ASV_6236	0.002656	0.0033935810	0.0038680056	0.0007068949
ASV_6920	0.00226	0.0066333758	0.0000000000	0.0001475997
ASV_5803	0.00189	0.0047119010	0.0009575462	0.0000000000
ASV_6363	0.002138	0.0001879162	0.0013033459	0.0049223849
ASV_6555	0.001772	0.0049606776	0.0002419527	0.0001122849
ASV_6160	0.002048	0.002248581	0.002106602	0.001789315
ASV_6225	0.001725	0.0015737240	0.0031354879	0.0004654593
ASV_6791	0.002315	0.0006973449	0.0009291923	0.0053182499
ASV_7325	0.00175	0.0025224114	0.0023377237	0.0003888811
ASV_7393	0.001437	0.0003124424	0.0002076171	0.0037915908
ASV_7812	0.0019	0.002703018	0.001397673	0.001598329
ASV_5288	0.002106	0.002291601	0.002825656	0.001201965
ASV_2598	0.002183	0.0029193454	0.0005925437	0.0030368058
ASV_3007	0.002402	0.000123043	0.005082114	0.002000315
ASV_3554	0.002191	0.001897810	0.002363468	0.002310645
ASV_3028	0.002227	0.002130400	0.002091768	0.002458597
ASV_3255	0.001471	0.000000000	0.000000000	0.004414442
ASV_5732	0.00231	0.002355501	0.003071584	0.001501758
ASV_5061	0.002876	0.0002977462	0.0050569532	0.0032738943
ASV_5775	0.002372	0.0003935575	0.0028846487	0.0038392928
ASV_4412	0.001992	0.003250933	0.000000000	0.002724392
ASV_4510	0.002385	0.0001473622	0.0005393039	0.0064671865
ASV_4540	0.002531	0.000000000	0.002367585	0.005224696
ASV_5424	0.002147	0.002714079	0.001658226	0.002067474
ASV_5643	0.002417	0.002945704	0.001428818	0.002877318
ASV_4472	0.001641	0.0009851149	0.0000000000	0.0039393149
ASV_5082	0.001793	0.0033351958	0.0014838241	0.0005614243
ASV_9842	0.002447	0.002898432	0.002054888	0.002386533
ASV_5695	0.002756	0.0002419843	0.0074022390	0.0006230064
ASV_6962	0.001835	0.0004721038	0.0010955737	0.0039358814
ASV_7304	0.002624	0.0037858285	0.0039661425	0.0001204448
ASV_5462	0.002019	0.0040944238	0.0009937815	0.0009690937
ASV_5265	0.002142	0.0055972360	0.0007153076	0.0001122849
ASV_5720	0.00168	0.0046268530	0.0000000000	0.0004122193
ASV_6721	0.001952	0.0003215124	0.0010260269	0.0045094642
ASV_5407	0.002119	0.000720028	0.004058803	0.001577502
ASV_5523	0.002199	0.0026844316	0.0031200264	0.0007924447
ASV_6043	0.001629	0.000000000	0.004886667	0.000000000
ASV_6885	0.002126	0.0054402229	0.0007911157	0.0001475997
ASV_7413	0.002704	0.001331294	0.004218108	0.002562648
ASV_6212	0.001831	0.002072424	0.002186946	0.001233414
ASV_5373	0.001416	0.0025152988	0.0008332428	0.0008982789
ASV_6214	0.002524	0.003505879	0.002909723	0.001155811
ASV_6128	0.002015	0.0009090699	0.0027646484	0.0023700817
ASV_8501	0.002077	0.0002419843	0.0009956697	0.0049932152
ASV_5672	0.002214	0.0006736547	0.0010015497	0.0049681844
ASV_6434	0.001899	0.0031672201	0.0001161019	0.0024143131
ASV_7071	0.001887	0.000000000	0.005659882	0.000000000
ASV_9471	0.001896	0.0037606960	0.0009194329	0.0010063852
ASV_6622	0.001994	0.0006736547	0.0042147420	0.0010940631
ASV_6942	0.001878	0.000000000	0.001303346	0.004329734
ASV_7874	0.001732	0.000000000	0.005194845	0.000000000
ASV_9389	0.002864	0.003779139	0.004813834	0.000000000
ASV_6216	0.001912	0.000000000	0.005734741	0.000000000
ASV_6296	0.001705	0.0005564112	0.0006175901	0.0039410734
ASV_6223	0.001758	0.0029052010	0.0015596351	0.0008090385
ASV_5906	0.001748	0.0028316784	0.0014178173	0.0009954992
ASV_6340	0.001678	0.005033484	0.000000000	0.000000000
ASV_7088	0.002414	0.000000000	0.006157364	0.001084003
ASV_1625	0.001788	0.0033140267	0.0017057495	0.0003450145
ASV_2669	0.0024	0.002940217	0.002374365	0.001884697
ASV_2494	0.004434	0.0009817939	0.0110756730	0.0012458575
ASV_5256	0.002138	0.0001231394	0.0029062718	0.0033860376
ASV_2829	0.002483	0.002495705	0.004952715	0.000000000
ASV_4217	0.003068	0.001396947	0.006024206	0.001782377
ASV_3679	0.002227	0.003001938	0.002240534	0.001439305
ASV_3650	0.001835	0.004365031	0.000000000	0.001139781
ASV_4040	0.001967	0.0007388362	0.0034275102	0.0017335945
ASV_5473	0.001995	0.0013284142	0.0004631167	0.0041927876
ASV_4313	0.001722	0.0004599667	0.0015617484	0.0031438457
ASV_4019	0.001885	0.0005998312	0.0008052663	0.0042509063
ASV_3870	0.00219	0.0038791095	0.0009732188	0.0017189508
ASV_4297	0.002038	0.003843535	0.000000000	0.002270673
ASV_4702	0.002669	0.0001879162	0.0061667022	0.0016529621
ASV_4947	0.002475	0.001995115	0.001220516	0.004207949
ASV_7757	0.002243	0.003467000	0.001770104	0.001492715
ASV_8306	0.002436	0.002079831	0.003019029	0.002209051
ASV_5014	0.001743	0.002166170	0.001485259	0.001577780
ASV_5046	0.001676	0.0002245516	0.0000000000	0.0048041278
ASV_5258	0.001557	0.003366429	0.001303769	0.000000000
ASV_5441	0.001868	0.0037358486	0.0017550256	0.0001122849
ASV_6208	0.001864	5.495399e-03	0.000000e+00	9.722028e-05
ASV_7062	0.002012	0.002312232	0.002040166	0.001682172
ASV_5924	0.003173	0.000000000	0.004264908	0.005255480
ASV_4629	0.002014	0.0021953207	0.0004660597	0.0033812992
ASV_6224	0.001953	0.0040186563	0.0012847467	0.0005545196
ASV_5620	0.001682	0.0004446219	0.0004270219	0.0041753302
ASV_5434	0.001949	0.0013834005	0.0006676998	0.0037969845
ASV_5709	0.002564	0.0039250964	0.0006548798	0.0031131700
ASV_6523	0.00143	0.0028764143	0.0001915092	0.0012208104
ASV_5781	0.002046	0.001153162	0.002627241	0.002357028
ASV_5951	0.001982	0.0031351609	0.0004741565	0.0023378851
ASV_8240	0.001779	0.0014094532	0.0008796419	0.0030480512
ASV_4912	0.001599	0.0000000000	0.0004275275	0.0043693729
ASV_5669	0.001809	0.0009458898	0.0008551211	0.0036256686
ASV_7514	0.002354	0.001942156	0.002934546	0.002186269
ASV_6230	0.0019	0.0032474891	0.0018712011	0.0005814247
ASV_7729	0.002038	0.002777544	0.001516072	0.001819703
ASV_7992	0.001723	0.001356781	0.001423406	0.002387767
ASV_6039	0.002048	0.003531556	0.000000000	0.002611346
ASV_8946	0.00211	0.0006479512	0.0042155674	0.0014671030
ASV_6713	0.002313	0.0004599084	0.0014380618	0.0050409681
ASV_8726	0.002011	0.000000000	0.000000000	0.006033453
ASV_5776	0.002272	0.00260664	0.00294166	0.00126667
ASV_6200	0.00203	0.002688749	0.001526823	0.001874015
ASV_6666	0.002709	0.0002124658	0.0043377080	0.0035761185
ASV_6950	0.001417	0.0003684055	0.0036893044	0.0001944406
ASV_9157	0.001988	0.0045184225	0.0007660370	0.0006804338
ASV_5328	0.001767	0.0007388362	0.0000000000	0.0045621249
ASV_6507	0.002044	0.0031563669	0.0007511749	0.0022249251
ASV_5722	0.001881	0.002802144	0.002840909	0.000000000
ASV_6910	0.001768	0.001641004	0.001999725	0.001663431
ASV_7790	0.001901	0.003425862	0.001430633	0.000845225
ASV_6047	0.001559	0.0026291240	0.0018070216	0.0002408896
ASV_6495	0.002661	0.0002124658	0.0015452986	0.0062259351
ASV_8939	0.001755	0.000000000	0.005264499	0.000000000
ASV_6058	0.002259	0.001991913	0.003307690	0.001476809
ASV_6018	0.002067	0.004149778	0.002051024	0.000000000
ASV_6271	0.003193	0.000000000	0.000000000	0.009579843
ASV_6662	0.001824	0.0010234050	0.0043286888	0.0001204448
ASV_6811	0.002193	0.001287399	0.002716801	0.002573859
ASV_7028	0.001643	0.0001209921	0.0035141201	0.0012944055
ASV_7471	0.002282	0.001244830	0.004093435	0.001507684
ASV_6066	0.002379	0.001937449	0.004042060	0.001158033
ASV_7327	0.002018	0.0041914365	0.0005577345	0.0013035483
ASV_7333	0.001987	0.0037782180	0.0015023499	0.0006802322
ASV_5892	0.001461	0.0033740403	0.0003873447	0.0006226340
ASV_6330	0.00158	0.0024655384	0.0019470540	0.0003272594
ASV_6415	0.001249	0.0035569754	0.0001915092	0.0000000000
ASV_6548	0.001526	0.0004249316	0.0000000000	0.0041529103
ASV_6583	0.001599	0.000000000	0.000000000	0.004797813
ASV_6683	0.001783	0.0026939618	0.0017561050	0.0008982789
ASV_6921	0.00297	0.002719663	0.003753984	0.002436811
ASV_7090	0.001528	0.000000000	0.004584199	0.000000000
ASV_7184	0.002311	0.002396648	0.001611258	0.002925607
ASV_7487	0.001989	0.004317014	0.000000000	0.001650278
ASV_7863	0.002157	0.00000000	0.00647096	0.00000000
ASV_9102	0.002369	0.002035521	0.004026987	0.001044970
ASV_1401	0.002117	0.003987622	0.001254579	0.001109004
ASV_1863	0.001667	0.0003936667	0.0000000000	0.0046082635
ASV_3610	0.002813	0.001620724	0.002772933	0.004044635
ASV_2679	0.002409	0.0000000000	0.0067094241	0.0005181406
ASV_3695	0.002168	0.0001230485	0.0000000000	0.0063815583
ASV_4048	0.001989	0.0023463121	0.0029816114	0.0006391098
ASV_4146	0.001986	0.0003109647	0.0015180906	0.0041292645
ASV_5557	0.002319	0.001462758	0.002653209	0.002840085
ASV_4663	0.002363	0.001691213	0.003497369	0.001900640
ASV_3597	0.002508	0.001230837	0.004572424	0.001720204
ASV_5016	0.002157	0.002228866	0.002380333	0.001862592
ASV_4700	0.002356	0.0008589338	0.0042131457	0.0019968913
ASV_5142	0.001689	0.001764344	0.001664874	0.001636697
ASV_4154	0.001995	0.0006131859	0.0034039745	0.0019686426
ASV_4482	0.001877	0.0044435094	0.0001915092	0.0009968007
ASV_4562	0.002197	0.002487144	0.002645188	0.001459994
ASV_4800	0.00217	0.002024893	0.001899029	0.002585378
ASV_5941	0.002482	0.0001117893	0.0025915878	0.0047437813
ASV_4951	0.001516	0.0025030730	0.0006569487	0.0013891680
ASV_4129	0.002121	0.0010044910	0.0050220202	0.0003368546
ASV_4407	0.001606	0.000000000	0.000000000	0.004817791
ASV_7294	0.002444	0.001858028	0.002743981	0.002728499
ASV_4741	0.002553	0.0000000000	0.0002419527	0.0074161114
ASV_5788	0.002118	0.002583934	0.001976790	0.001793438
ASV_7776	0.00214	0.003434456	0.001474261	0.001512033
ASV_4679	0.001577	0.0009008407	0.0005693626	0.0032603966
ASV_5691	0.002228	0.0006091588	0.0027080105	0.0033657771
ASV_5120	0.001966	0.001370980	0.002760915	0.001764769
ASV_4946	0.002013	0.0040686124	0.0005190426	0.0014528126
ASV_4908	0.002194	0.0015893731	0.0002787954	0.0047135823
ASV_5321	0.00187	0.001327110	0.002478800	0.001803794
ASV_7520	0.001929	0.000423235	0.003145208	0.002219781
ASV_4701	0.00145	0.003345978	0.001004439	0.000000000
ASV_5576	0.001913	0.002658200	0.001217928	0.001863982
ASV_9383	0.002073	0.0021226345	0.0031848329	0.0009101597
ASV_5007	0.002259	0.0009264731	0.0031682372	0.0026820565
ASV_9460	0.002354	0.0018498799	0.0045077782	0.0007037079
ASV_5829	0.001701	0.000000000	0.000651669	0.004451505
ASV_5521	0.002568	0.003794808	0.003910038	0.000000000
ASV_6793	0.00233	0.002338824	0.003266816	0.001384750
ASV_5389	0.001483	0.0026682180	0.0010815507	0.0006984338
ASV_5696	0.002146	0.003257613	0.001736533	0.001445337
ASV_7323	0.001653	0.0028964524	0.0006976434	0.0013646817
ASV_5706	0.001483	0.0011335305	0.0009143545	0.0024009171
ASV_9135	0.002298	0.001051380	0.002450521	0.003390619
ASV_5733	0.001831	0.005493919	0.000000000	0.000000000
ASV_5957	0.001535	0.0029620182	0.0012990300	0.0003450145
ASV_9719	0.002054	0.002414715	0.001731253	0.002014577
ASV_7805	0.002143	0.003204752	0.001028993	0.002196220
ASV_8390	0.001843	0.001284994	0.002354160	0.001889889
ASV_7226	0.00181	0.0005018363	0.0033178565	0.0016113772
ASV_5880	0.001823	0.0028721867	0.0005506567	0.0020473865
ASV_6172	0.002271	0.000000000	0.004342581	0.002470669
ASV_6182	0.002553	0.00000000	0.00766037	0.00000000
ASV_6736	0.002179	0.001934495	0.001463380	0.003139503
ASV_9764	0.00211	0.001847879	0.002725652	0.001755749
ASV_9155	0.001859	0.0022707512	0.0023186207	0.0009879441
ASV_6052	0.001949	0.003427879	0.001167422	0.001253143
ASV_8381	0.002482	0.0026081495	0.0043735665	0.0004632624
ASV_6235	0.003099	0.0016973407	0.0070410675	0.0005595486
ASV_5448	0.00182	0.002963725	0.001446034	0.001049430
ASV_6343	0.001949	0.002584728	0.002985483	0.000277251
ASV_5667	0.001542	0.002769681	0.000000000	0.001855885
ASV_5752	0.001919	0.002502346	0.001802063	0.001453846
ASV_6476	0.00195	0.0003691454	0.0054806598	0.0000000000
ASV_6648	0.001591	0.0019866840	0.0025776193	0.0002095051
ASV_7321	0.002146	0.001569867	0.001341671	0.003525947
ASV_5854	0.00159	0.002782878	0.001987894	0.000000000
ASV_7228	0.001859	0.000000000	0.005575908	0.000000000
ASV_6250	0.00216	0.0016540725	0.0002616368	0.0045650655
ASV_7335	0.002124	0.0020202214	0.0035273173	0.0008251212
ASV_6159	0.001687	0.002845560	0.002214196	0.000000000
ASV_6232	0.001676	0.004406194	0.000000000	0.000622634
ASV_6339	0.001711	0.0029469728	0.0006793478	0.0015078110
ASV_6239	0.002024	0.006071641	0.000000000	0.000000000
ASV_6244	0.001901	0.0037698567	0.0008791363	0.0010550039
ASV_6778	0.001759	0.001382496	0.002061009	0.001833884
ASV_7489	0.002094	0.002168903	0.002560169	0.001551906
ASV_7502	0.002221	0.001216079	0.003630055	0.001816435
ASV_7713	0.00169	0.0000000000	0.0008548352	0.0042155672
ASV_6067	0.002222	0.002874476	0.001730439	0.002061643
ASV_6096	0.001709	0.0005681818	0.0000000000	0.0045594208
ASV_6162	0.001886	0.004094777	0.001564508	0.000000000
ASV_6240	0.001839	0.0019802692	0.0001161019	0.0034210328
ASV_6577	0.002553	0.00000000	0.00766037	0.00000000
ASV_2067	0.002042	0.001437085	0.000000000	0.004688667
ASV_3220	0.002214	0.0046632745	0.0016410378	0.0003368546
ASV_4568	0.002097	0.002606185	0.001808361	0.001876420
ASV_5931	0.002158	0.0040213431	0.0019241518	0.0005294071
ASV_3782	0.001348	0.001405012	0.000000000	0.002639253
ASV_6880	0.002234	0.002084928	0.002101725	0.002516064
ASV_5952	0.002347	0.002619338	0.001391998	0.003030142
ASV_9036	0.002679	0.0034458642	0.0040177595	0.0005724505
ASV_3547	0.002238	0.003968066	0.001552609	0.001193276
ASV_4711	0.00217	0.000300192	0.002740103	0.003470418
ASV_4465	0.001964	0.0008479526	0.0041860568	0.0008583916
ASV_8353	0.002696	0.0007799431	0.0052739796	0.0020350733
ASV_5204	0.001982	0.0024560696	0.0005034466	0.0029862326
ASV_5080	0.002261	0.002820844	0.002895806	0.001066194
ASV_4595	0.002069	0.000000000	0.000000000	0.006206745
ASV_5122	0.002376	0.0006373974	0.0043427561	0.0021464371
ASV_4678	0.001822	0.0007932261	0.0027024662	0.0019704804
ASV_7329	0.002487	0.002443479	0.002891549	0.002124922
ASV_5573	0.001801	0.004059335	0.001097390	0.000244820
ASV_4853	0.001885	0.002136098	0.001449570	0.002068561
ASV_7167	0.002201	0.003203205	0.001567818	0.001831524
ASV_4861	0.002301	0.001006308	0.004541570	0.001354767
ASV_8466	0.00204	0.0039489515	0.0015054445	0.0006667869
ASV_4997	0.002164	0.001632212	0.003374798	0.001485789
ASV_5491	0.002471	0.0020696731	0.0043553702	0.0009869799
ASV_5530	0.002072	0.0023085171	0.0034241376	0.0004841021
ASV_9074	0.002437	0.002146059	0.001478893	0.003685071
ASV_6984	0.002265	0.0021600248	0.0039019133	0.0007329135
ASV_7446	0.002054	0.0034367585	0.0006689746	0.0020564214
ASV_5202	0.002162	0.001782879	0.002799656	0.001904627
ASV_8271	0.003093	0.0008619755	0.0079667593	0.0004501287
ASV_6267	0.001729	0.0000000000	0.0005898577	0.0045972269
ASV_9041	0.001958	0.001605474	0.002937966	0.001331380
ASV_6285	0.001369	0.0030592457	0.0006871845	0.0003603303
ASV_4984	0.002262	0.0013778334	0.0004986183	0.0049088910
ASV_8315	0.00212	0.0029374814	0.0005154821	0.0029074222
ASV_6857	0.001997	0.001581143	0.002092840	0.002316668
ASV_5932	0.001877	0.0028655764	0.0005213384	0.0022443084
ASV_7959	0.001928	0.002227589	0.001895290	0.001660484
ASV_6327	0.002162	0.004607965	0.001878951	0.000000000
ASV_8437	0.002191	0.0002245516	0.0049682641	0.0013792447
ASV_9441	0.001795	0.001943059	0.002460584	0.000981381
ASV_5874	0.001811	0.0023154245	0.0023912138	0.0007269909
ASV_6249	0.002301	0.001181225	0.002738477	0.002984638
ASV_5938	0.001801	0.0038223589	0.0011490555	0.0004321144
ASV_7089	0.00167	0.000000000	0.005009633	0.000000000
ASV_7570	0.001721	0.0027741896	0.0005745277	0.0018128776
ASV_7348	0.001932	0.0021215245	0.0007063229	0.0029679330
ASV_6700	0.001732	7.368111e-05	5.123065e-03	0.000000e+00
ASV_7192	0.002044	0.002436417	0.001055231	0.002640565
ASV_7198	0.001482	0.001586162	0.000278474	0.002581153
ASV_6653	0.001492	0.001960277	0.001392081	0.001122849
ASV_9768	0.00211	0.001139234	0.002374475	0.002815910
ASV_7188	0.002295	0.0019025774	0.0046706788	0.0003115032
ASV_8647	0.001884	0.001613666	0.001605689	0.002431255
ASV_5898	0.001959	0.003792486	0.000000000	0.002085261
ASV_6336	0.001949	0.001003084	0.001573211	0.003270060
ASV_6667	0.00189	0.0047665016	0.0009042287	0.0000000000
ASV_6365	0.002299	0.0001893939	0.0055537681	0.0011539782
ASV_6467	0.001789	0.0000000000	0.0009901772	0.0043756880
ASV_6468	0.001893	0.00000000	0.00567835	0.00000000
ASV_7343	0.001972	0.002973235	0.001496785	0.001447169
ASV_2182	0.002966	0.000000000	0.008899195	0.000000000
ASV_2507	0.001905	0.000000000	0.000000000	0.005716082
ASV_3933	0.002094	0.0006156968	0.0032385979	0.0024274102
ASV_5116	0.002003	0.0023632391	0.0008902512	0.0027542096
ASV_7208	0.002264	0.0028690884	0.0036829757	0.0002408896
ASV_4661	0.001853	0.000000000	0.004193527	0.001364983
ASV_3875	0.001923	0.0041962514	0.0013240882	0.0002480454
ASV_4285	0.003072	0.000000000	0.000000000	0.009215923
ASV_4291	0.001626	0.004176103	0.000000000	0.000702119
ASV_5359	0.002425	0.0020853205	0.0042915674	0.0008988017
ASV_4606	0.001732	0.002377881	0.002818859	0.000000000
ASV_4860	0.00143	0.0020681416	0.0002606692	0.0019610860
ASV_5000	0.002032	0.004581882	0.000000000	0.001514933
ASV_6798	0.001952	0.001180446	0.001804653	0.002871121
ASV_4612	0.002314	0.001820981	0.001656148	0.003465791
ASV_6637	0.002232	0.002755667	0.002321478	0.001620058
ASV_9873	0.002435	0.0009930778	0.0045742892	0.0017390073
ASV_5655	0.001768	0.0013053087	0.0034227410	0.0005761072
ASV_7007	0.00197	0.003968397	0.000812708	0.001129283
ASV_6397	0.002105	0.001491727	0.002459173	0.002362776
ASV_6590	0.002065	0.0053240332	0.0001161019	0.0007559754
ASV_7773	0.002271	0.002332870	0.002731323	0.001749769
ASV_5246	0.002173	0.000000000	0.000000000	0.006520194
ASV_5923	0.001545	0.001345221	0.000000000	0.003290507
ASV_5371	0.001508	0.000000000	0.001217718	0.003306913
ASV_5665	0.001857	0.002702624	0.000000000	0.002869308
ASV_5376	0.002126	0.002591247	0.001687798	0.002098279
ASV_6744	0.001761	0.0027968176	0.0008286572	0.0016579594
ASV_8407	0.001821	0.002088738	0.001672242	0.001703213
ASV_6403	0.001899	0.001777171	0.001405602	0.002513699
ASV_6919	0.002767	0.001627082	0.005424401	0.001248854
ASV_6999	0.001799	0.003283362	0.002113071	0.000000000
ASV_6450	0.001961	7.368111e-05	2.482347e-03	3.327012e-03
ASV_8405	0.002225	0.002081015	0.000000000	0.004594912
ASV_6445	0.001829	0.001147325	0.000000000	0.004339552
ASV_8849	0.001827	0.0031831542	0.0018833490	0.0004150893
ASV_7044	0.002206	0.001370816	0.001793290	0.003453670
ASV_7336	0.001685	0.0021468761	0.0006961849	0.0022128418
ASV_8560	0.001864	0.0035812546	0.0001915092	0.0018179564
ASV_7059	0.001551	0.0032559978	0.0002419527	0.0011537967
ASV_8582	0.001238	0.0026651963	0.0003114256	0.0007369804
ASV_7668	0.00175	0.0008047271	0.0019896654	0.0024570960
ASV_8201	0.001837	0.0029832542	0.0008176171	0.0017114325
ASV_6324	0.001189	0.002865849	0.000000000	0.000702119
ASV_6325	0.001697	0.0025931702	0.0004734848	0.0020244964
ASV_6906	0.001307	0.003919877	0.000000000	0.000000000
ASV_7703	0.001768	0.0002419843	0.0050609076	0.0000000000
ASV_7972	0.001659	0.0025472158	0.0003076112	0.0021231076
ASV_8004	0.001608	0.0045083472	0.0003156566	0.0000000000
ASV_2269	0.001697	0.001794812	0.001359485	0.001936773
ASV_2202	0.001637	0.0000000000	0.0007153076	0.0041961965
ASV_6142	0.002069	0.003360833	0.001794237	0.001053391
ASV_3873	0.002224	0.0007622181	0.0054129220	0.0004960908
ASV_3209	0.001684	0.0048940700	0.0001578283	0.0000000000
ASV_4457	0.001907	0.0017432017	0.0008597242	0.0031184910
ASV_3226	0.002104	3.911571e-03	2.303319e-03	9.722028e-05
ASV_3215	0.002167	0.000000000	0.000000000	0.006502431
ASV_3823	0.002056	0.004019810	0.002148173	0.000000000
ASV_4215	0.001484	0.001671324	0.002779614	0.000000000
ASV_4489	0.002298	0.0023396479	0.0044079661	0.0001475997
ASV_4260	0.002064	0.001108072	0.002543492	0.002540770
ASV_8347	0.002582	0.001550667	0.001859305	0.004334665
ASV_5255	0.00199	0.0006815877	0.0049399763	0.0003497495
ASV_4607	0.001771	0.001516290	0.002705059	0.001091159
ASV_5928	0.002092	0.0006491233	0.0044201476	0.0012057925
ASV_7904	0.001723	0.001197630	0.001515679	0.002455607
ASV_6976	0.002193	0.002092306	0.002373753	0.002113787
ASV_4495	0.001689	0.0004445554	0.0011313433	0.0034922529
ASV_4657	0.001421	0.002431269	0.001831876	0.000000000
ASV_5935	0.001589	0.001363611	0.002278628	0.001126252
ASV_5089	0.002407	0.001740187	0.004390374	0.001089355
ASV_8189	0.00223	0.0025008957	0.0007744707	0.0034135707
ASV_6035	0.002406	0.0017260890	0.0047493963	0.0007423487
ASV_5200	0.002057	0.0008848074	0.0034820570	0.0018032180
ASV_5721	0.001637	0.0025574955	0.0006190368	0.0017331605
ASV_5536	0.001623	0.0027508540	0.0005698682	0.0015491135
ASV_7434	0.001926	0.002121106	0.001757277	0.001900803
ASV_4580	0.001865	0.0037609163	0.0007635399	0.0010714188
ASV_4896	0.001967	0.002377596	0.002106303	0.001416998
ASV_5496	0.001981	0.003292982	0.000000000	0.002648786
ASV_6252	0.001633	0.0008378919	0.0004376584	0.0036236525
ASV_6013	0.001839	0.002357434	0.001071681	0.002086598
ASV_8128	0.002078	0.001717720	0.001236246	0.003279407
ASV_5412	0.00207	0.000000000	0.006209461	0.000000000
ASV_5740	0.002211	0.0009498398	0.0019931727	0.0036890448
ASV_6056	0.002465	0.0006921708	0.0019875762	0.0047167426
ASV_5374	0.001888	0.0005726658	0.0026701932	0.0024223224
ASV_5559	0.001952	0.002063144	0.002790672	0.001000843
ASV_6382	0.001875	0.0001879162	0.0026958071	0.0027421574
ASV_6630	0.002222	0.0002245516	0.0050048574	0.0014364324
ASV_5701	0.001695	0.001884062	0.001217723	0.001982279
ASV_6431	0.002161	0.0038815030	0.0018583354	0.0007441362
ASV_6400	0.001783	0.005348939	0.000000000	0.000000000
ASV_7469	0.001961	0.002260204	0.001732330	0.001889412
ASV_6105	0.001546	0.0042356507	0.0004030098	0.0000000000
ASV_6783	0.001857	0.001229507	0.001560905	0.002780108
ASV_7650	0.002214	0.001182031	0.002972931	0.002486065
ASV_7976	0.001429	0.001145860	0.001975074	0.001167033
ASV_6112	0.001571	0.0018590877	0.0005544711	0.0023001243
ASV_6277	0.001695	0.0018603192	0.0004000669	0.0028253299
ASV_8219	0.002307	0.0007339369	0.0008001338	0.0053883638
ASV_6669	0.001891	0.0049788765	0.0000000000	0.0006931275
ASV_7512	0.002017	0.0036812661	0.0006783363	0.0016922421
ASV_6428	0.001589	0.002716741	0.001038616	0.001011515
ASV_7542	0.001587	0.000000000	0.001131476	0.003628259
ASV_8159	0.001914	0.002958118	0.001052122	0.001732599
ASV_6679	0.001663	0.004990022	0.000000000	0.000000000
ASV_6735	0.001851	0.0051017061	0.0004499518	0.0000000000
ASV_6806	0.001544	0.001319922	0.002043306	0.001270207
ASV_7177	0.001544	0.002560067	0.001063089	0.001008688
ASV_9934	0.001785	0.002022819	0.001007947	0.002323572
ASV_6584	0.002082	0.000000000	0.000000000	0.006246673
ASV_6661	0.002212	0.0035562886	0.0007570609	0.0023222650
ASV_6922	0.001662	0.001620532	0.002226833	0.001139097
ASV_7205	0.001867	0.0001946732	0.0012001445	0.0042075914
ASV_7354	0.001755	0.002824327	0.002440157	0.000000000
ASV_8065	0.001565	0.000000000	0.004694102	0.000000000
ASV_8633	0.001704	0.0019380214	0.0003714409	0.0028040111
ASV_8873	0.002302	0.0003368274	0.0041770670	0.0023911274
ASV_788	0.001474	0.000000000	0.000000000	0.004423112
ASV_4083	0.002176	0.001671136	0.002926031	0.001929599
ASV_3546	0.002341	0.001217312	0.002897586	0.002907530
ASV_3684	0.002252	0.0008609053	0.0001038085	0.0057910294
ASV_3408	0.001933	0.002310771	0.001881411	0.001605598
ASV_4225	0.001929	0.002668049	0.001914855	0.001203346
ASV_3834	0.002396	0.0008589338	0.0000000000	0.0063277925
ASV_3902	0.002221	0.001226521	0.004252745	0.001184810
ASV_3894	0.001874	0.000434195	0.000000000	0.005187614
ASV_4299	0.002238	0.0001209921	0.0010691252	0.0055244166
ASV_4782	0.003003	0.000000000	0.005658867	0.003351365
ASV_4998	0.002191	0.0001122758	0.0062193421	0.0002408896
ASV_4907	0.001637	0.0004491031	0.0037366635	0.0007263904
ASV_4087	0.001867	0.000000000	0.004587272	0.001013620
ASV_4078	0.001545	0.000000000	0.000000000	0.004634917
ASV_5859	0.001957	0.0024466032	0.0009326034	0.0024910235
ASV_5758	0.001668	1.178964e-03	3.728634e-03	9.722028e-05
ASV_5725	0.002207	0.0012991814	0.0043582017	0.0009635582
ASV_8277	0.002319	0.0017138993	0.0006195486	0.0046228327
ASV_4913	0.001232	0.0033993014	0.0000000000	0.0002951995
ASV_5309	0.00155	0.001500327	0.000000000	0.003149784
ASV_9183	0.001877	0.002787923	0.001216723	0.001625185
ASV_5878	0.001623	0.0027513828	0.0015364048	0.0005803642
ASV_5946	0.001972	0.001701757	0.001922616	0.002291664
ASV_5989	0.001972	0.0002460969	0.0043422724	0.0013290362
ASV_5561	0.002045	0.003149396	0.000000000	0.002986767
ASV_5683	0.00217	0.0000000000	0.0005745277	0.0059340862
ASV_7736	0.001624	0.0032438512	0.0011699406	0.0004590601
ASV_8487	0.002246	0.0009204602	0.0055070626	0.0003115032
ASV_6307	0.001516	0.0017697604	0.0009899721	0.0017868159
ASV_5516	0.001717	0.001618915	0.003531799	0.000000000
ASV_6854	0.001581	0.001830559	0.001357526	0.001555247
ASV_5904	0.001904	0.001861772	0.002302900	0.001546738
ASV_6329	0.002259	0.0005994159	0.0023496072	0.0038290688
ASV_7613	0.001739	0.003061207	0.002155305	0.000000000
ASV_7243	0.002041	0.0002124658	0.0000000000	0.0059098965
ASV_6406	0.001842	0.0006033394	0.0035943867	0.0013283976
ASV_6442	0.001499	0.0009369976	0.0019442095	0.0016171099
ASV_6136	0.001583	0.0033572231	0.0007891414	0.0006022239
ASV_6781	0.001707	0.002195865	0.001177457	0.001748178
ASV_9804	0.001204	0.0018445630	0.0004550543	0.0013127449
ASV_7048	0.001818	0.0045125930	0.0009422502	0.0000000000
ASV_6820	0.001766	0.0006172453	0.0041910465	0.0004908891
ASV_7799	0.001764	0.0024658585	0.0018287879	0.0009978833
ASV_6533	0.001178	0.0032736139	0.0002606692	0.0000000000
ASV_6570	0.001931	0.0002124658	0.0013774712	0.0042024047
ASV_6656	0.001626	3.944460e-03	8.354219e-04	9.722028e-05
ASV_7218	0.001525	0.000000000	0.004575571	0.000000000
ASV_9254	0.001251	0.0002124658	0.0000000000	0.0035413066
ASV_6453	0.001764	0.005292236	0.000000000	0.000000000
ASV_6576	0.002298	0.000000000	0.006894333	0.000000000
ASV_6913	0.001015	0.0028495909	0.0000000000	0.0001944406
ASV_6947	0.00155	0.000123043	0.004525610	0.000000000
ASV_6953	0.002655	0.000000000	0.002977849	0.004985743
ASV_7032	0.001285	0.0032844312	0.0005693626	0.0000000000
ASV_7104	0.00142	0.0000000000	0.0001578283	0.0041036105
ASV_9149	0.001554	0.0023172240	0.0003156566	0.0020299380
ASV_4329	0.002435	0.0007781151	0.0043735895	0.0021537186
ASV_2685	0.001696	0.0003969388	0.0019356212	0.0027551866
ASV_7900	0.001939	0.002118152	0.002645561	0.001052832
ASV_2967	0.001735	0.0019820949	0.0030767983	0.0001475997
ASV_2854	0.001584	0.0001968333	0.0000000000	0.0045552232
ASV_3520	0.001689	0.0036362721	0.0009401947	0.0004908891
ASV_3599	0.002367	0.0004408685	0.0027393885	0.0039216676
ASV_3712	0.00226	0.0002460969	0.0060833206	0.0004501287
ASV_3281	0.002133	0.0001231394	0.0000000000	0.0062764893
ASV_3865	0.001691	0.001865012	0.001944833	0.001264518
ASV_3960	0.002456	0.0020384913	0.0052114474	0.0001170198
ASV_4072	0.001485	0.0004249316	0.0015270799	0.0025036397
ASV_6293	0.002723	0.0000000000	0.0078575570	0.0003115032
ASV_4671	0.00211	0.0001879162	0.0037176562	0.0024241729
ASV_4573	0.001576	0.001137876	0.000000000	0.003590605
ASV_6134	0.001927	0.001312114	0.002577217	0.001893061
ASV_5553	0.00208	0.002738915	0.002492689	0.001009398
ASV_5574	0.001633	0.0023988014	0.0005996064	0.0019004335
ASV_5384	0.001518	0.0004881721	0.0023886956	0.0016785963
ASV_5425	0.002431	0.0001879162	0.0061357932	0.0009682042
ASV_8681	0.002021	0.000000000	0.003907402	0.002155451
ASV_5689	0.002165	0.003334781	0.002018473	0.001142030
ASV_5117	0.002169	0.0012919178	0.0047102040	0.0005059437
ASV_9200	0.002312	0.001580260	0.003725014	0.001629458
ASV_5064	0.002097	0.0002124658	0.0060795138	0.0000000000
ASV_5566	0.001717	0.0032849616	0.0001161019	0.0017509100
ASV_6107	0.002019	0.002091511	0.002292014	0.001672739
ASV_6351	0.002172	0.0004924611	0.0013508291	0.0046741480
ASV_5863	0.001836	0.0017007872	0.0031950767	0.0006121363
ASV_8001	0.001671	0.0018020867	0.0008859533	0.0023257571
ASV_5512	0.001337	0.0034807770	0.0001423406	0.0003888811
ASV_5993	0.002306	0.000000000	0.003105421	0.003811499
ASV_5554	0.001512	0.002430159	0.001830028	0.000277251
ASV_6801	0.001637	0.0031615738	0.0005253591	0.0012230845
ASV_5514	0.001413	0.001433633	0.002804411	0.000000000
ASV_5484	0.001434	0.000000000	0.000000000	0.004301332
ASV_6387	0.002149	0.002506445	0.002573845	0.001367233
ASV_8082	0.001514	0.0005817930	0.0004752494	0.0034863404
ASV_7540	0.003243	0.000000000	0.009729437	0.000000000
ASV_8662	0.002111	0.001110322	0.002743808	0.002478535
ASV_5636	0.001611	0.001477672	0.001003716	0.002350495
ASV_5876	0.001384	0.0032997558	0.0008509402	0.0000000000
ASV_6036	0.001685	0.0016997263	0.0008717537	0.0024844719
ASV_8876	0.001691	0.0032116654	0.0010678663	0.0007929591
ASV_9169	0.002	0.002310889	0.001799668	0.001889001
ASV_9528	0.001545	0.000000000	0.001325871	0.003310172
ASV_9792	0.00164	0.001967152	0.001859487	0.001092379
ASV_5703	0.001433	0.0025215684	0.0001038085	0.0016728741
ASV_6671	0.001309	0.0037024550	0.0000000000	0.0002245697
ASV_5974	0.001942	0.0007938776	0.0000000000	0.0050310998
ASV_6552	0.001327	0.0026607902	0.0009588636	0.0003613343
ASV_6215	0.001973	0.001685260	0.002908300	0.001326352
ASV_6274	0.001637	0.004910132	0.000000000	0.000000000
ASV_7732	0.001813	0.0047940479	0.0002553389	0.0003881994
ASV_9386	0.001834	0.001748779	0.002120442	0.001634204
ASV_6044	0.001495	0.0009418105	0.0009963845	0.0025475603
ASV_6674	0.001442	0.0019354377	0.0002322039	0.0021593751
ASV_6879	0.002362	0.0024825493	0.0036678085	0.0009345096
ASV_6714	0.002755	0.000000000	0.000000000	0.008264748
ASV_7250	0.001324	0.000000000	0.000000000	0.003970675
ASV_6466	0.001211	0.000000000	0.003633298	0.000000000
ASV_6591	0.002503	0.001675402	0.003308310	0.002525042
ASV_6785	0.001411	0.0035145037	0.0001915092	0.0005273742
ASV_7711	0.001411	0.001976924	0.000000000	0.002255866
ASV_9815	0.001456	0.0017782249	0.0009293366	0.0016601169
ASV_7463	0.001772	0.0028655030	0.0018162820	0.0006347163
ASV_7494	0.001916	0.001035224	0.002212383	0.002500437
ASV_7820	0.001444	0.0033396182	0.0002846813	0.0007063488
ASV_6362	0.002126	0.000000000	0.006377819	0.000000000
ASV_7035	0.001787	0.003167325	0.001454917	0.000739871
ASV_7040	0.001692	0.0031585311	0.0011124865	0.0008041152
ASV_6419	0.001179	0.002441618	0.000000000	0.001096626
ASV_6437	0.001507	0.0039441848	0.0005772934	0.0000000000
ASV_6846	0.001499	0.000000000	0.000000000	0.004496812
ASV_7174	0.001401	0.003131322	0.000000000	0.001072674
ASV_7230	0.001552	0.0001893939	0.0010376444	0.0034279951
ASV_7248	0.001848	0.000000000	0.000000000	0.005543796
ASV_7405	0.002351	0.0000000000	0.0007753647	0.0062787255
ASV_7480	0.001461	0.001155442	0.001585071	0.001642962
ASV_7620	0.001337	0.004010504	0.000000000	0.000000000
ASV_7700	0.002062	0.000000000	0.006186475	0.000000000
ASV_604	0.001552	0.0001967241	0.0044607261	0.0000000000
ASV_1964	0.001747	0.0050003038	0.0002419527	0.0000000000
ASV_4062	0.002867	0.000000000	0.003166248	0.005435079
ASV_2282	0.001572	0.001452593	0.003262047	0.000000000
ASV_2660	0.00182	0.000000000	0.005459131	0.000000000
ASV_3313	0.002599	0.0003109647	0.0065173086	0.0009694307
ASV_5297	0.002114	0.001584825	0.003412651	0.001343181
ASV_2536	0.001874	0.001263693	0.002482792	0.001874943
ASV_3504	0.002191	0.002303685	0.001064415	0.003205276
ASV_3268	0.001893	0.002342067	0.001633476	0.001704640
ASV_3336	0.002028	0.0020250000	0.0033764273	0.0006830248
ASV_3482	0.001851	0.0016880785	0.0031423952	0.0007215667
ASV_3410	0.001703	0.0006156968	0.0000000000	0.0044944876
ASV_8956	0.001681	0.000123043	0.000000000	0.004921186
ASV_3787	0.001528	0.001799703	0.000000000	0.002784922
ASV_5174	0.003153	0.0003102587	0.0082149414	0.0009345096
ASV_4063	0.001879	0.0000000000	0.0053431094	0.0002951995
ASV_3882	0.0017	0.001982472	0.001764774	0.001351687
ASV_3969	0.002864	0.000409049	0.008183187	0.000000000
ASV_3818	0.001726	0.002147394	0.001421125	0.001608158
ASV_3854	0.001389	0.0014683809	0.0009054347	0.0017931601
ASV_4891	0.001844	0.0006739356	0.0001161019	0.0047413631
ASV_4558	0.00201	0.002680841	0.002114267	0.001235013
ASV_7114	0.002156	0.0024918981	0.0032086301	0.0007673474
ASV_7617	0.001816	0.0023232694	0.0022869256	0.0008390222
ASV_5009	0.001817	0.0005472747	0.0033920888	0.0015119321
ASV_4910	0.001989	0.0019306286	0.0033015764	0.0007352912
ASV_8026	0.001761	0.0005789186	0.0023968336	0.0023067136
ASV_6629	0.00161	0.0022563477	0.0020732993	0.0005011213
ASV_5875	0.001826	0.002666936	0.001271509	0.001540047
ASV_9355	0.001675	0.0004773031	0.0031491970	0.0013994901
ASV_5430	0.001954	0.002795828	0.001172530	0.001893653
ASV_4961	0.001732	0.000000000	0.005195968	0.000000000
ASV_5452	0.002412	0.0001879162	0.0039356746	0.0031109996
ASV_7890	0.001494	0.0004861158	0.0013539266	0.0026412898
ASV_7180	0.002371	0.0033581191	0.0034448138	0.0003115032
ASV_6723	0.001601	0.002086717	0.001505453	0.001210553
ASV_6514	0.002666	0.0004478809	0.0073085769	0.0002420510
ASV_5435	0.001918	0.0014443465	0.0004723796	0.0038370791
ASV_5820	0.001669	0.0012866937	0.0031439195	0.0005756292
ASV_6189	0.001637	0.0000000000	0.0044555834	0.0004556625
ASV_8899	0.002049	0.0027687799	0.0031538766	0.0002245697
ASV_5853	0.001474	0.0020327568	0.0005941305	0.0017937376
ASV_6010	0.002176	0.002609924	0.001788269	0.002128738
ASV_8563	0.001804	0.0024215358	0.0025158982	0.0004751329
ASV_9932	0.001831	0.0003672709	0.0003873447	0.0047374367
ASV_6007	0.002228	0.0006156968	0.0060677676	0.0000000000
ASV_6023	0.001629	0.004888001	0.000000000	0.000000000
ASV_6524	0.001288	0.0026134068	0.0007651918	0.0004841021
ASV_7001	0.002457	0.001037761	0.005842185	0.000489685
ASV_6158	0.001836	0.0047692699	0.0001161019	0.0006230064
ASV_5735	0.001896	0.002246064	0.001409441	0.002031035
ASV_6198	0.001477	0.002500962	0.000000000	0.001928567
ASV_6536	0.002238	0.002584521	0.003575162	0.000554502
ASV_7121	0.00177	0.002845920	0.000278474	0.002185312
ASV_6448	0.001802	0.000990132	0.004414994	0.000000000
ASV_6416	0.001223	0.003428320	0.000000000	0.000242051
ASV_6623	0.00141	0.0033929789	0.0002815776	0.0005545196
ASV_6117	0.001472	0.0004655629	0.0039489652	0.0000000000
ASV_7948	0.001432	0.001429350	0.001436820	0.001429968
ASV_8592	0.001441	0.0022126945	0.0012091667	0.0009023086
ASV_6080	0.001641	0.002046330	0.001665941	0.001210348
ASV_6333	0.001877	0.0051351995	0.0000000000	0.0004960908
ASV_7411	0.001618	0.0040957076	0.0000000000	0.0007572338
ASV_7895	0.001364	0.0000000000	0.0007897947	0.0033020200
ASV_7470	0.001292	0.0028511992	0.0001915092	0.0008333441
ASV_6928	0.002055	0.001596234	0.002168611	0.002400605
ASV_7331	0.001857	0.0019342643	0.0031870140	0.0004501287
ASV_8419	0.001506	0.0008425231	0.0026455026	0.0010299821
ASV_8167	0.00153	0.0027297274	0.0012052852	0.0006555297
ASV_8202	0.001949	0.0035104968	0.0020953601	0.0002408896
ASV_9424	0.00163	0.0030046562	0.0010768898	0.0008071908
ASV_6701	0.002307	0.000000000	0.000486827	0.006433885
ASV_7347	0.001337	0.0027090660	0.0004270219	0.0008749825
ASV_7914	0.001992	0.001535703	0.001002754	0.003438634
ASV_6915	0.001763	0.0041297210	0.0001915092	0.0009682042
ASV_6715	0.001365	0.000000000	0.000000000	0.004095122
ASV_6777	0.001446	0.002119000	0.001597074	0.000622634
ASV_6965	0.001773	0.000000000	0.000000000	0.005318116
ASV_7206	0.001517	0.0008046362	0.0007105519	0.0030350602
ASV_7246	0.001326	0.0000000000	0.0002322039	0.0037446346
ASV_7658	0.002295	0.002221124	0.003524187	0.001139781
ASV_7671	0.002121	0.0008602036	0.0046188498	0.0008833134
ASV_8397	0.001691	0.001168202	0.001525827	0.002377665
ASV_2769	0.001722	0.0009306712	0.0038876626	0.0003462426
ASV_3296	0.002197	0.0041351363	0.0001578283	0.0022993172
ASV_4859	0.001515	0.0009957902	0.0001423406	0.0034083160
ASV_7606	0.001765	0.001961755	0.001827183	0.001507318
ASV_8349	0.001497	0.001558972	0.001249145	0.001682085
ASV_4326	0.001551	0.0001879162	0.0044636691	0.0000000000
ASV_5352	0.001758	0.001447732	0.001439623	0.002388132
ASV_5723	0.00178	0.0009970504	0.0030507459	0.0012914824
ASV_5073	0.002161	0.002611821	0.001222909	0.002649314
ASV_4757	0.001963	0.003289005	0.001082729	0.001516137
ASV_6371	0.001552	0.003103998	0.000000000	0.001553058
ASV_8746	0.001746	0.001103756	0.002830679	0.001302970
ASV_7765	0.001596	0.002392400	0.001041496	0.001354285
ASV_4371	0.001651	0.0047197030	0.0000000000	0.0002327296
ASV_4744	0.001375	0.0025855730	0.0005682163	0.0009707822
ASV_4534	0.002153	0.0005974517	0.0054910025	0.0003712468
ASV_4192	0.001946	0.000000000	0.004098373	0.001738508
ASV_6520	0.002008	0.0029490319	0.0022185725	0.0008559748
ASV_4461	0.001799	0.003921488	0.001475674	0.000000000
ASV_5852	0.001783	0.0000000000	0.0045832683	0.0007647516
ASV_6738	0.001771	0.0036286196	0.0009659600	0.0007171839
ASV_6513	0.001926	0.001364835	0.002485236	0.001928571
ASV_6133	0.002017	0.001972275	0.002309607	0.001769530
ASV_6808	0.001819	0.001792600	0.000734154	0.002931132
ASV_8755	0.002089	0.001510634	0.003028482	0.001726945
ASV_6138	0.001401	0.0027509461	0.0009528867	0.0004992055
ASV_5363	0.001913	0.001715530	0.002557733	0.001465398
ASV_5001	0.001629	0.0000000000	0.0042325861	0.0006545188
ASV_5364	0.001366	0.002004602	0.002093837	0.000000000
ASV_5464	0.002357	0.0009678166	0.0048306058	0.0012716552
ASV_5637	0.001474	0.0016474561	0.0019082331	0.0008674445
ASV_5091	0.001375	0.0015687944	0.0001038085	0.0024527319
ASV_7282	0.00198	0.0004673349	0.0009283784	0.0045431363
ASV_8801	0.001902	0.001794580	0.002701245	0.001210255
ASV_5510	0.002229	0.003706983	0.002137407	0.000843173
ASV_5802	0.001343	0.001158223	0.001234119	0.001636083
ASV_9245	0.001694	0.0007496732	0.0038079363	0.0005257005
ASV_5388	0.001794	0.000000000	0.003664470	0.001718627
ASV_5939	0.001586	0.0024291210	0.0021337702	0.0001944406
ASV_7685	0.001733	0.002865720	0.001094722	0.001237663
ASV_9564	0.001811	0.0001968333	0.0001393977	0.0050975235
ASV_6875	0.001702	7.368111e-05	4.892677e-03	1.386255e-04
ASV_6905	0.001466	0.001669549	0.001533122	0.001196410
ASV_7296	0.00166	0.0008510211	0.0025881480	0.0015400902
ASV_7577	0.001498	0.0010406284	0.0033136689	0.0001386255
ASV_6270	0.001832	0.0005372074	0.0001161019	0.0048430515
ASV_8356	0.001608	0.001993390	0.002185739	0.000644394
ASV_6394	0.001745	0.0039797012	0.0003483058	0.0009077659
ASV_9872	0.001879	0.000000000	0.004254464	0.001383503
ASV_5635	0.001742	0.0035471779	0.0006169468	0.0010633181
ASV_7659	0.002096	0.001028617	0.003834474	0.001423935
ASV_9236	0.001625	0.0016454616	0.0024175394	0.0008130938
ASV_6045	0.001827	0.001838088	0.002466463	0.001175362
ASV_6886	0.001418	0.001278397	0.001608799	0.001366453
ASV_6930	0.001522	0.001088588	0.001799898	0.001676968
ASV_7015	0.002841	0.0001122758	0.0076134179	0.0007983460
ASV_8833	0.001678	0.001335458	0.001938838	0.001760380
ASV_6425	0.001303	0.0025607505	0.0001038085	0.0012452680
ASV_6881	0.001235	0.0000000	0.0000000	0.0037054
ASV_7817	0.001245	0.0006954332	0.0029011776	0.0001386255
ASV_6335	0.001735	0.001743012	0.003461367	0.000000000
ASV_6770	0.001331	0.0035096066	0.0004839053	0.0000000000
ASV_7027	0.001653	0.001911769	0.001654177	0.001394173
ASV_6443	0.001336	0.004007699	0.000000000	0.000000000
ASV_9370	0.001887	0.001655480	0.002068077	0.001936727
ASV_6470	0.001297	0.000000000	0.000000000	0.003890316
ASV_7641	0.00158	0.001654115	0.001750472	0.001335675
ASV_7956	0.001571	0.0002615973	0.0025235996	0.0019268839
ASV_8000	0.002584	0.002742675	0.003420944	0.001589361
ASV_7191	0.00156	0.002227196	0.001802970	0.000649613
ASV_7573	0.001702	0.0008481039	0.0013562878	0.0029023857
ASV_6912	0.001433	0.0035062591	0.0007915165	0.0000000000
ASV_7363	0.001952	0.0008709762	0.0033874459	0.0015990152
ASV_7651	0.001694	0.002432241	0.001296619	0.001351798
ASV_5955	0.00156	0.000000000	0.001732609	0.002947615
ASV_7330	0.001559	0.0021234609	0.0003114256	0.0022409408
ASV_7432	0.001984	0.0010189012	0.0046848315	0.0002480454
ASV_6115	0.001585	0.0033341399	0.0001038085	0.0013159829
ASV_6923	0.001642	0.0044290142	0.0004983844	0.0000000000
ASV_6194	0.001332	0.002032561	0.001963069	0.000000000
ASV_6289	0.001594	0.0015672194	0.0029725629	0.0002408896
ASV_7244	0.001773	0.000000000	0.000000000	0.005320187
ASV_9208	0.001915	0.000000000	0.004271108	0.001472667
ASV_7399	0.001383	0.0000000000	0.0007891414	0.0033593975
ASV_7544	0.001558	0.000000000	0.001723583	0.002951561
ASV_8296	0.001428	0.0005483202	0.0004839053	0.0032520090
ASV_8403	0.001529	0.001859679	0.001426137	0.001300918
ASV_6149	0.001463	0.0028163209	0.0005772934	0.0009954992
ASV_6247	0.001481	0.004443093	0.000000000	0.000000000
ASV_6366	0.001532	0.00000000	0.00459482	0.00000000
ASV_6532	0.000874	0.002622018	0.000000000	0.000000000
ASV_6686	0.001724	0.0045530282	0.0000000000	0.0006189202
ASV_6946	0.001837	0.0003355088	0.0051769037	0.0000000000
ASV_7232	0.002117	0.0000000000	0.0059367866	0.0004150893
ASV_7390	0.00152	0.0002124658	0.0043472573	0.0000000000
ASV_7539	0.001467	0.000000000	0.004400173	0.000000000
ASV_7872	0.002342	0.0006373974	0.0056338085	0.0007559754
ASV_8246	0.002815	0.000123043	0.008080745	0.000242051
ASV_9123	0.001799	0.0008233543	0.0022565645	0.0023157753
ASV_9156	0.002302	0.0001122758	0.0056544171	0.0011384124
ASV_9875	0.001671	0.0013821748	0.0034222837	0.0002076171
ASV_9886	0.001392	0.0008917791	0.0032840250	0.0000000000
ASV_2108	0.001548	0.0038769739	0.0007676973	0.0000000000
ASV_2908	0.002369	0.001763819	0.002499448	0.002843613
ASV_5108	0.001762	0.0001117893	0.0029898833	0.0021852072
ASV_4598	0.001687	0.0041121408	0.0009474622	0.0000000000
ASV_4271	0.0019	0.0005183458	0.0039341323	0.0012461023
ASV_3737	0.001895	0.0014396068	0.0036823490	0.0005631052
ASV_8141	0.001724	0.002079776	0.001180090	0.001911684
ASV_4159	0.001633	0.0034877203	0.0010215410	0.0003895359
ASV_4141	0.001631	0.0027492560	0.0002322039	0.0019106504
ASV_3397	0.001834	0.001766797	0.002430000	0.001304266
ASV_4705	0.001791	0.002183074	0.001300269	0.001888923
ASV_3652	0.001536	0.004607271	0.000000000	0.000000000
ASV_4137	0.001373	0.000000000	0.000000000	0.004119754
ASV_5860	0.001648	0.001176787	0.001921442	0.001844631
ASV_4369	0.001552	0.001564873	0.001438642	0.001651621
ASV_4422	0.001755	0.0003109592	0.0020903754	0.0028623903
ASV_4509	0.001681	0.0024856234	0.0007998123	0.0017578067
ASV_6038	0.001737	0.0028932423	0.0007157234	0.0016014118
ASV_5325	0.002511	0.0009726982	0.0029922102	0.0035676909
ASV_5176	0.001349	0.000000000	0.001114713	0.002933739
ASV_4962	0.001764	0.0014472444	0.0008602756	0.0029849125
ASV_6234	0.001476	0.0039405010	0.0001423406	0.0003462426
ASV_5261	0.001668	0.0007378623	0.0026647951	0.0016026907
ASV_5641	0.001518	0.001807276	0.001733799	0.001011732
ASV_5179	0.001641	0.0000000000	0.0001393977	0.0047826879
ASV_5564	0.001455	0.0004249316	0.0009575462	0.0029824908
ASV_7550	0.002225	0.000992347	0.000000000	0.005682447
ASV_5848	0.001494	0.001896587	0.002584305	0.000000000
ASV_8198	0.002084	0.0025407992	0.0029374383	0.0007744918
ASV_6596	0.001808	0.0027307546	0.0017642793	0.0009297785
ASV_6673	0.001459	0.0019875450	0.0007347237	0.0016536576
ASV_6100	0.001452	0.0003086226	0.0036328673	0.0004158765
ASV_8421	0.001698	0.0019143015	0.0007746893	0.0024050517
ASV_8599	0.001665	0.0005815557	0.0017920212	0.0026207062
ASV_6199	0.001899	0.0023468756	0.0025892289	0.0007616319
ASV_6098	0.001643	0.001773190	0.001384572	0.001771831
ASV_7426	0.001638	0.001552660	0.000000000	0.003362665
ASV_6748	0.0015	0.0025532456	0.0008575319	0.0010895857
ASV_9298	0.001819	0.0008382286	0.0025336793	0.0020855229
ASV_5792	0.001463	0.0017440530	0.0022842940	0.0003603303
ASV_9621	0.001141	0.002722826	0.000000000	0.000700809
ASV_5929	0.001509	0.0014020434	0.0026484726	0.0004754801
ASV_6275	0.001516	0.0026334177	0.0002787954	0.0016362970
ASV_6621	0.001185	0.002057271	0.000000000	0.001498362
ASV_7488	0.001515	0.001838392	0.000000000	0.002707333
ASV_7506	0.002091	0.0001968333	0.0026427773	0.0034322073
ASV_7037	0.001424	0.0005815829	0.0007660370	0.0029254958
ASV_8718	0.001848	0.0004986127	0.0048982505	0.0001475997
ASV_9152	0.001605	0.0027571723	0.0011490555	0.0009102593
ASV_6028	0.001455	0.0017849904	0.0019775613	0.0006033854
ASV_6699	0.001269	0.0000000000	0.0030161367	0.0007908663
ASV_6949	0.001753	0.000000000	0.005258977	0.000000000
ASV_7025	0.001306	0.0014595852	0.0015678798	0.0008900471
ASV_9278	0.001329	0.003986786	0.000000000	0.000000000
ASV_6545	0.001816	0.0008828913	0.0022207933	0.0023438822
ASV_6911	0.001309	0.0014645548	0.0022330151	0.0002293047
ASV_7129	0.00116	0.0026270974	0.0002584426	0.0005940640
ASV_8173	0.002268	0.003472464	0.003330767	0.000000000
ASV_6896	0.001244	0.0022679179	0.0004270219	0.0010377233
ASV_7386	0.002043	0.000000000	0.006128296	0.000000000
ASV_7423	0.001144	0.0033208852	0.0000000000	0.0001122849
ASV_9535	0.001692	0.0006912303	0.0024526623	0.0019323315
ASV_7565	0.002037	0.000844790	0.003844407	0.001421358
ASV_7965	0.00202	0.0005691223	0.0052492177	0.0002408896
ASV_6752	0.001495	0.001479744	0.001880793	0.001125378
ASV_7280	0.001697	0.003060608	0.002031566	0.000000000
ASV_8239	0.001668	0.0023090150	0.0024710211	0.0002245697
ASV_8410	0.001365	0.0018598264	0.0007298725	0.0015063252
ASV_7201	0.001581	0.0002419843	0.0015665183	0.0029347004
ASV_7247	0.001437	0.0000000000	0.0001161019	0.0041937038
ASV_7391	0.001267	0.0003368274	0.0002787954	0.0031857258
ASV_7500	0.001238	0.001841614	0.000000000	0.001873538
ASV_7503	0.001267	0.0001122758	0.0036901546	0.0000000000
ASV_7535	0.001684	0.000000000	0.005050505	0.000000000
ASV_7538	0.001704	0.0001230430	0.0046008832	0.0003888811
ASV_8009	0.001205	0.0014595852	0.0001915092	0.0019642479
ASV_8221	0.001338	0.004013968	0.000000000	0.000000000
ASV_9405	0.002163	0.006161508	0.000000000	0.000326525
ASV_9802	0.001742	0.000962139	0.002676903	0.001585768
ASV_460	0.001477	0.0001984694	0.0004970515	0.0037352538
ASV_1780	0.001597	0.000000000	0.002088555	0.002701544
ASV_2818	0.001376	0.0011373235	0.0027437488	0.0002480454
ASV_3195	0.001933	0.0017146172	0.0033457737	0.0007389345
ASV_3041	0.00147	0.0006736547	0.0028476650	0.0008881590
ASV_2940	0.001367	0.000000000	0.002370482	0.001731514
ASV_2750	0.001964	0.001333879	0.002493943	0.002063509
ASV_5558	0.001586	0.001815994	0.001010648	0.001931818
ASV_3842	0.001923	0.0026489097	0.0026354280	0.0004841021
ASV_3713	0.001584	0.0013668799	0.0009958079	0.0023894592
ASV_3558	0.001534	0.0028743794	0.0001161019	0.0016127430
ASV_4339	0.001765	0.001226244	0.002277841	0.001789852
ASV_8379	0.002058	0.0001879162	0.0045216903	0.0014648791
ASV_5730	0.001488	0.001134150	0.001569432	0.001761275
ASV_9314	0.001807	0.001124798	0.002883342	0.001413749
ASV_6893	0.001387	0.0007832846	0.0015105504	0.0018668226
ASV_8351	0.002222	0.0002124658	0.0038654461	0.0025884106
ASV_4914	0.001534	0.0004354908	0.0002419527	0.0039252422
ASV_5118	0.001848	0.0031340624	0.0004737557	0.0019369669
ASV_9031	0.001895	0.0001893939	0.0023033139	0.0031927786
ASV_4423	0.00173	0.0017059901	0.0001423406	0.0033402050
ASV_5375	0.002027	0.001189399	0.002108884	0.002783916
ASV_8668	0.001898	0.001357340	0.002336995	0.001998329
ASV_5271	0.001508	0.0013929044	0.0024853753	0.0006468776
ASV_4835	0.001388	0.001477218	0.000535567	0.002151969
ASV_5250	0.001846	0.0001122758	0.0011062347	0.0043204495
ASV_5299	0.001765	0.002041389	0.001314504	0.001938905
ASV_8311	0.001585	0.0018756289	0.0020072381	0.0008723403
ASV_6981	0.001737	0.0006863101	0.0033575374	0.0011669353
ASV_5421	0.001436	0.0009679371	0.0000000000	0.0033405868
ASV_8584	0.001648	0.001337551	0.002077365	0.001528075
ASV_6546	0.001457	0.0004109352	0.0016935590	0.0022674173
ASV_5714	0.00172	0.001889664	0.001362646	0.001907560
ASV_5690	0.00173	0.001609385	0.002445322	0.001136495
ASV_5201	0.001128	0.0000000000	0.0001161019	0.0032691946
ASV_5353	0.000955	0.002866201	0.000000000	0.000000000
ASV_6500	0.001412	0.0009516631	0.0019352830	0.0013491167
ASV_8493	0.001768	0.0017339091	0.0029998520	0.0005695842
ASV_8552	0.001601	0.000000000	0.003525085	0.001277225
ASV_5158	0.00146	0.002148444	0.000000000	0.002230917
ASV_6451	0.001675	0.0006044696	0.0011362684	0.0032832197
ASV_7154	0.001638	0.0025543207	0.0008543346	0.0015064075
ASV_5638	0.001973	0.002223007	0.002641842	0.001055121
ASV_8752	0.001795	0.0008992992	0.0021127011	0.0023741494
ASV_9451	0.001357	0.001474503	0.000872882	0.001722738
ASV_6022	0.00154	0.0044560563	0.0000000000	0.0001636297
ASV_7672	0.001468	0.0028917563	0.0011498673	0.0003613343
ASV_9376	0.001568	0.0001117893	0.0038297496	0.0007627346
ASV_6410	0.001402	0.0030235398	0.0003468540	0.0008360601
ASV_6917	0.001532	0.0015654457	0.0003576538	0.0026734870
ASV_7127	0.001696	0.0021400733	0.0025326184	0.0004150893
ASV_9445	0.002088	0.0005812596	0.0013900774	0.0042919992
ASV_9943	0.001284	0.0007382907	0.0011700144	0.0019450510
ASV_7633	0.00136	0.0032825748	0.0007978755	0.0000000000
ASV_9166	0.001698	0.0006305788	0.0029752400	0.0014887624
ASV_6460	0.001681	0.0000000000	0.0049222361	0.0001204448
ASV_6759	0.001644	0.001984430	0.001849232	0.001098472
ASV_8885	0.001299	0.0009932903	0.0000000000	0.0029040314
ASV_6603	0.001306	0.0018706911	0.0005575908	0.0014886778
ASV_7019	0.001463	0.0014558908	0.0009930757	0.0019398415
ASV_7222	0.001341	0.000000000	0.001391659	0.002631471
ASV_8386	0.001157	2.415110e-03	9.575462e-04	9.722028e-05
ASV_6794	0.001451	0.00435171	0.00000000	0.00000000
ASV_7182	0.001797	0.0051492963	0.0002419527	0.0000000000
ASV_8413	0.001578	0.001310896	0.000000000	0.003422917
ASV_6465	0.002256	0.000000000	0.006767509	0.000000000
ASV_6535	0.000927	0.002779521	0.000000000	0.000000000
ASV_6847	0.001391	0.00000000	0.00000000	0.00417311
ASV_6931	0.001217	0.003649664	0.000000000	0.000000000
ASV_6951	0.001085	0.000000000	0.003254945	0.000000000
ASV_7097	0.004003	0.00000000	0.01200768	0.00000000
ASV_7316	0.001136	0.0025517044	0.0008548959	0.0000000000
ASV_7806	0.001637	0.0040342124	0.0003873447	0.0004889350
ASV_8012	0.002543	0.0003328326	0.0055584310	0.0017363178
ASV_8436	0.001259	0.0019234902	0.0006783363	0.0011755299
ASV_8626	0.001839	0.001325294	0.002936289	0.001254039
ASV_1745	0.001597	0.0002997055	0.0026591186	0.0018331022
ASV_3458	0.001619	0.0009506657	0.0028542953	0.0010516704
ASV_4003	0.001888	0.0010772495	0.0036001090	0.0009880716
ASV_4801	0.001525	0.0027090660	0.0011727580	0.0006917191
ASV_3913	0.001679	0.0003355142	0.0000000000	0.0047026577
ASV_4018	0.00158	0.0000000000	0.0002606692	0.0044778594
ASV_4147	0.001618	0.0036506897	0.0005391432	0.0006639219
ASV_4171	0.001706	0.001067962	0.001066903	0.002984306
ASV_9305	0.002003	0.001030888	0.002682374	0.002296846
ASV_4450	0.001585	0.001541552	0.001536202	0.001677235
ASV_6955	0.002054	0.0003356052	0.0047437872	0.0010823642
ASV_7897	0.001873	0.001173856	0.002750490	0.001695219
ASV_7453	0.001478	0.0007904535	0.0020186780	0.0016240673
ASV_6359	0.001425	0.000000000	0.003998229	0.000277251
ASV_5749	0.001726	0.0007723182	0.0034328879	0.0009718756
ASV_9931	0.001535	0.0014186453	0.0008277977	0.0023590471
ASV_5360	0.00182	0.001591509	0.001489301	0.002380008
ASV_6802	0.001596	0.0012940388	0.0003830185	0.0031100852
ASV_5370	0.001519	0.0032081031	0.0003562776	0.0009914932
ASV_6361	0.001609	0.0000000000	0.0045141820	0.0003115032
ASV_5070	0.001163	0.003490302	0.000000000	0.000000000
ASV_7951	0.001751	0.001386883	0.001721785	0.002144427
ASV_5633	0.001223	0.0002245516	0.0034445915	0.0000000000
ASV_7022	0.001561	0.0023890033	0.0007223397	0.0015722577
ASV_5205	0.001328	0.000000000	0.001766488	0.002217142
ASV_6805	0.001659	0.002562769	0.002413478	0.000000000
ASV_7649	0.001642	0.001310724	0.001392166	0.002222410
ASV_7564	0.00164	0.0022973546	0.0008284013	0.0017943233
ASV_6761	0.001614	0.0029463379	0.0011091720	0.0007866361
ASV_6766	0.001322	0.0007062454	0.0027683426	0.0004908891
ASV_5344	0.001344	0.0000000000	0.0003873447	0.0036446371
ASV_8860	0.001501	0.0006494832	0.0038530950	0.0000000000
ASV_6412	0.001646	0.0020494861	0.0007211946	0.0021675969
ASV_8580	0.001452	0.0007054699	0.0024595080	0.0011901036
ASV_7394	0.001325	0.0002124658	0.0007117032	0.0030501550
ASV_6210	0.001297	0.0003215179	0.0015031288	0.0020667131
ASV_9474	0.001328	0.0028654369	0.0004181931	0.0007003415
ASV_6571	0.001813	0.000000000	0.002498708	0.002940094
ASV_8561	0.001339	0.0024167479	0.0009808662	0.0006189202
ASV_9142	0.001332	0.001051097	0.001753078	0.001192674
ASV_8329	0.001993	0.001027074	0.002276570	0.002674901
ASV_6418	0.001348	0.0009385806	0.0019571045	0.0011479712
ASV_6883	0.001575	0.0031037188	0.0005693626	0.0010521789
ASV_7998	0.001443	0.003666675	0.000139237	0.000521700
ASV_7788	0.001228	0.0033866224	0.0001038085	0.0001944406
ASV_8685	0.002055	0.000000000	0.006165507	0.000000000
ASV_6537	0.00159	0.003055289	0.000000000	0.001714718
ASV_7287	0.001437	0.003516641	0.000000000	0.000794154
ASV_9228	0.001543	0.0005589465	0.0021077178	0.0019621991
ASV_6326	0.00099	0.0029698	0.0000000	0.0000000
ASV_8187	0.001425	0.0030136846	0.0003309069	0.0009312245
ASV_6338	0.001519	0.0040319068	0.0005253591	0.0000000000
ASV_6988	0.001543	0.001095363	0.000953278	0.002579310
ASV_6756	0.00185	0.0005791371	0.0030636265	0.0019066815
ASV_6800	0.001848	0.003511728	0.002033248	0.000000000
ASV_7315	0.001268	0.0015979920	0.0017268861	0.0004783542
ASV_7513	0.001771	0.0007382907	0.0043668803	0.0002076171
ASV_7525	0.00172	0.0000000000	0.0047485226	0.0004116751
ASV_7610	0.001139	0.0021948803	0.0009016465	0.0003198295
ASV_8357	0.001628	0.001682823	0.001725478	0.001474512
ASV_7113	0.001662	0.0048222796	0.0000000000	0.0001636297
ASV_9757	0.001385	0.001285354	0.001705835	0.001163614
ASV_7183	0.001411	0.0035237553	0.0001038085	0.0006067027
ASV_7358	0.001556	0.0002861469	0.0007819206	0.0036007354
ASV_7654	0.00129	0.000367089	0.001759284	0.001744674
ASV_7579	0.001607	0.002886571	0.000732356	0.001201083
ASV_7775	0.001846	0.0022285617	0.0007820076	0.0025281033
ASV_8014	0.001111	0.0027853755	0.0004363022	0.0001122849
ASV_8644	0.001124	0.0023773714	0.0000000000	0.0009954992
ASV_8714	0.001886	0.0002210433	0.0054375401	0.0000000000
ASV_7036	0.001417	0.0029324543	0.0007337561	0.0005861552
ASV_7107	0.002673	0.000000000	0.000000000	0.008020142
ASV_7225	0.001578	0.000000000	0.004734848	0.000000000
ASV_7341	0.00162	0.0027377334	0.0012496361	0.0008729275
ASV_7352	0.002256	0.0006049607	0.0061617441	0.0000000000
ASV_7509	0.001439	0.0005585393	0.0037575583	0.0000000000
ASV_7835	0.001743	0.001051129	0.001950654	0.002226053
ASV_7989	0.001182	0.001252094	0.001373496	0.000920831
ASV_8637	0.001369	0.0007909176	0.0015339132	0.0017827427
ASV_9797	0.001977	0.0015674352	0.0037585714	0.0006064289
ASV_1441	0.001077	0.000000000	0.003231729	0.000000000
ASV_6979	0.001411	0.0004428156	0.0022872921	0.0015016328
ASV_2579	0.001709	0.0012120686	0.0034299137	0.0004841021
ASV_2663	0.001917	0.001501226	0.001905400	0.002344693
ASV_6197	0.001504	0.0025716146	0.0011266408	0.0008128633
ASV_3596	0.002111	0.0002124658	0.0061204393	0.0000000000
ASV_4909	0.002238	0.000000000	0.002182988	0.004530699
ASV_4172	0.002209	0.0004716173	0.0052723450	0.0008828910
ASV_4618	0.00133	0.001748073	0.001125683	0.001115576
ASV_3373	0.001492	0.0025164905	0.0014414345	0.0005190479
ASV_6399	0.001367	0.0001984694	0.0039031353	0.0000000000
ASV_3710	0.001364	0.0024643457	0.0011138959	0.0005124544
ASV_4381	0.001869	0.0007470436	0.0048586799	0.0000000000
ASV_5692	0.001266	0.0009344518	0.0006190368	0.0022455153
ASV_8284	0.001341	0.0001122758	0.0008803101	0.0030318843
ASV_6131	0.001533	0.002262923	0.000972374	0.001363369
ASV_6041	0.002033	0.0005585393	0.0010839126	0.0044556823
ASV_6372	0.001698	0.001696843	0.002224764	0.001171103
ASV_5390	0.001026	0.0024199430	0.0004956753	0.0001636297
ASV_5570	0.001408	0.0024794357	0.0003830185	0.0013600627
ASV_4734	0.001061	0.000000000	0.003182555	0.000000000
ASV_5133	0.001124	0.001922727	0.000000000	0.001449129
ASV_7259	0.003068	0.0001893939	0.0090131110	0.0000000000
ASV_5666	0.001937	0.0010511877	0.0043435129	0.0004158765
ASV_5207	0.001419	0.0004445554	0.0002784740	0.0035334599
ASV_5030	0.00162	0.000000000	0.004859787	0.000000000
ASV_5292	0.002942	0.000000000	0.000000000	0.008825236
ASV_7242	0.001738	0.0002235786	0.0009461353	0.0040430121
ASV_5716	0.001894	0.0010274688	0.0041594272	0.0004960908
ASV_5914	0.001535	0.000000000	0.004606388	0.000000000
ASV_6207	0.001927	0.0020095290	0.0029079433	0.0008647786
ASV_7940	0.001516	0.0019378408	0.0009864855	0.0016247409
ASV_8098	0.001508	0.001742032	0.001255698	0.001527678
ASV_5807	0.001572	0.0009954774	0.0021646371	0.0015546100
ASV_5864	0.001544	0.0011605953	0.0028963804	0.0005753048
ASV_5136	0.001329	0.0002245516	0.0000000000	0.0037638613
ASV_5756	0.002299	0.0001231394	0.0007535423	0.0060202139
ASV_7083	0.001287	0.000000000	0.002550912	0.001309038
ASV_7815	0.001304	0.0014111125	0.0009052538	0.0015941954
ASV_5821	0.001317	0.0018532919	0.0009002695	0.0011986688
ASV_5755	0.001432	0.003105139	0.000000000	0.001191513
ASV_5981	0.001244	0.002309587	0.001423376	0.000000000
ASV_7660	0.001557	0.0005613789	0.0031696882	0.0009400285
ASV_6657	0.001707	0.001090116	0.004030112	0.000000000
ASV_6841	0.002287	0.0000000000	0.0002419527	0.0066192794
ASV_7156	0.001375	0.001160524	0.001538194	0.001427498
ASV_6237	0.00144	0.0010623290	0.0026448667	0.0006134508
ASV_7137	0.001171	0.0019424723	0.0006038030	0.0009654191
ASV_6494	0.001105	0.0012350530	0.0012380498	0.0008427555
ASV_8817	0.001272	0.0033056329	0.0001393977	0.0003721695
ASV_6549	0.002107	0.0009525242	0.0014306152	0.0039386800
ASV_7047	0.001683	0.001180293	0.001724370	0.002143103
ASV_9525	0.001397	0.0000000000	0.0033455446	0.0008454364
ASV_6799	0.001717	0.0004986127	0.0030904910	0.0015614982
ASV_9949	0.001374	0.0004003820	0.0001161019	0.0036042630
ASV_7170	0.001426	0.0017224560	0.0017007035	0.0008559748
ASV_8502	0.001433	0.001477646	0.000000000	0.002821718
ASV_9779	0.001374	0.0031520910	0.0000000000	0.0009689489
ASV_6796	0.001536	0.0040648759	0.0005436295	0.0000000000
ASV_7046	0.001478	0.003080020	0.001033536	0.000321790
ASV_7464	0.000839	0.002517834	0.000000000	0.000000000
ASV_6634	0.001681	0.001499592	0.001640132	0.001901974
ASV_8618	0.002012	0.0008498632	0.0038805374	0.0013044744
ASV_8879	0.001385	0.0012350336	0.0025176032	0.0004020576
ASV_9222	0.001519	0.0006319785	0.0022887168	0.0016348531
ASV_7158	0.001507	0.002259350	0.001117217	0.001143881
ASV_7528	0.00155	0.0001209921	0.0014689173	0.0030609279
ASV_7741	0.001708	0.002219993	0.001923061	0.000979982
ASV_7478	0.001691	0.0044445581	0.0003873447	0.0002420510
ASV_8850	0.002054	0.006161508	0.000000000	0.000000000
ASV_9890	0.001191	0.0010375790	0.0020184864	0.0005162306
ASV_7990	0.001687	0.0009742247	0.0023663693	0.0017217395
ASV_9717	0.001809	0.001987844	0.001554114	0.001886190
ASV_9758	0.001282	0.001380427	0.001466048	0.001000969
ASV_9800	0.001722	0.0008054195	0.0033734476	0.0009862757
ASV_7043	0.001538	0.002177775	0.000000000	0.002437323
ASV_7787	0.000897	0.0024822611	0.0000000000	0.0002075447
ASV_6685	0.001286	0.002735994	0.000000000	0.001122849
ASV_6945	0.00129	0.000000000	0.003869346	0.000000000
ASV_7055	0.001453	0.0029693719	0.0011830050	0.0002075447
ASV_7063	0.001089	0.0001230485	0.0000000000	0.0031439761
ASV_7106	0.00094	0.000000000	0.000000000	0.002819388
ASV_7178	0.000738	0.002212969	0.000000000	0.000000000
ASV_7199	0.001193	0.00357923	0.00000000	0.00000000
ASV_7204	0.001573	0.0002591515	0.0002784740	0.0041804918
ASV_7472	0.001139	0.001310629	0.000000000	0.002106357
ASV_7479	0.001413	0.0032454224	0.0003830185	0.0006105412
ASV_7510	0.001353	0.0025793139	0.0004177109	0.0010619086
ASV_7862	0.001526	0.00000000	0.00457702	0.00000000
ASV_8408	0.001264	0.0016946680	0.0011942803	0.0009022603
ASV_8587	0.001013	0.0008155627	0.0006676998	0.0015555244
ASV_1302	0.001617	0.000000000	0.004852185	0.000000000
ASV_2393	0.001519	0.0033569779	0.0002322039	0.0009669908
ASV_2168	0.001529	0.0000000000	0.0001393977	0.0044474394
ASV_3523	0.001345	0.0023250641	0.0011648299	0.0005457269
ASV_3396	0.001546	0.003481820	0.001155178	0.000000000
ASV_3164	0.001392	0.0024047547	0.0009630446	0.0008076539
ASV_3744	0.001157	0.0014037040	0.0012171978	0.0008502693
ASV_3611	0.001681	0.001295501	0.001757532	0.001990219
ASV_7716	0.001878	0.001623810	0.002501022	0.001508745
ASV_4344	0.00132	0.0008691158	0.0019002230	0.0011907480
ASV_3412	0.001634	0.0001209921	0.0017322356	0.0030483733
ASV_5126	0.001316	0.001437584	0.001034783	0.001474456
ASV_8671	0.001568	0.000734349	0.002169868	0.001798367
ASV_5354	0.001364	0.0022951292	0.0009320802	0.0008660640
ASV_4425	0.001432	0.0031971069	0.0002606692	0.0008384443
ASV_4666	0.001247	0.0007794529	0.0006169468	0.0023442891
ASV_4703	0.001523	0.001787658	0.000000000	0.002781487
ASV_4497	0.001367	0.003236346	0.000000000	0.000865016
ASV_9861	0.001371	0.000000000	0.002490938	0.001621407
ASV_5405	0.001686	0.0005529435	0.0019565252	0.0025498035
ASV_6348	0.001899	0.0009041644	0.0024811363	0.0023121323
ASV_5488	0.001661	0.000992547	0.001833964	0.002157000
ASV_4955	0.001357	0.001316999	0.001270146	0.001484657
ASV_4772	0.002107	0.0001879162	0.0040056463	0.0021260154
ASV_6206	0.00158	0.002160474	0.001256636	0.001322259
ASV_5132	0.001714	0.0001968333	0.0026500170	0.0022952146
ASV_6488	0.001603	0.003285125	0.000139237	0.001384022
ASV_9824	0.001628	0.001586807	0.001151460	0.002145398
ASV_9403	0.001596	0.0023744881	0.0016262170	0.0007864809
ASV_5647	0.001319	0.002639081	0.000000000	0.001317080
ASV_9338	0.001559	0.0020989527	0.0021624032	0.0004150893
ASV_8943	0.001703	0.0005551951	0.0028851019	0.0016680707
ASV_6830	0.001582	0.0003355088	0.0023240346	0.0020862241
ASV_5587	0.000887	0.002661177	0.000000000	0.000000000
ASV_8104	0.001658	0.001599045	0.000000000	0.003375471
ASV_6169	0.00146	0.0013825515	0.0024075792	0.0005900857
ASV_7433	0.001466	0.0021386530	0.0019662431	0.0002916608
ASV_7345	0.001604	0.0040146644	0.0000000000	0.0007968219
ASV_5724	0.001216	0.0011453093	0.0015905685	0.0009128798
ASV_5770	0.00103	0.000000000	0.000000000	0.003089609
ASV_6414	0.001237	0.0030459682	0.0000000000	0.0006661717
ASV_8627	0.001151	0.0008671058	0.0013039957	0.0012815106
ASV_9076	0.001702	0.000907621	0.002698075	0.001499649
ASV_6986	0.001423	0.0025842724	0.0012681329	0.0004158765
ASV_6253	0.001735	0.0001967296	0.0013356975	0.0036713448
ASV_6750	0.001507	0.0013235246	0.0007773405	0.0024197807
ASV_7166	0.001229	0.002166672	0.001519952	0.000000000
ASV_8377	0.001599	0.001012455	0.002184436	0.001600611
ASV_9401	0.00194	0.002049525	0.002059862	0.001712074
ASV_6220	0.001045	0.0025176971	0.0006185312	0.0000000000
ASV_6902	0.001403	0.0004773994	0.0019045718	0.0018262435
ASV_7560	0.001764	0.0028443027	0.0017996283	0.0006477318
ASV_7635	0.000922	0.0022725807	0.0000000000	0.0004948896
ASV_7175	0.001566	0.0023573561	0.0019154056	0.0004237881
ASV_9209	0.001468	0.0008958143	0.0019951180	0.0015121472
ASV_8610	0.001385	0.0010649000	0.0004114197	0.0026783895
ASV_8916	0.001213	0.0002124658	0.0012032893	0.0022233768
ASV_6139	0.001004	0.003012978	0.000000000	0.000000000
ASV_8067	0.001312	0.0000000000	0.0037008569	0.0002340397
ASV_8534	0.000988	0.0022863108	0.0006783363	0.0000000000
ASV_9452	0.001385	0.002840117	0.000000000	0.001313924
ASV_5967	0.000895	0.002683614	0.000000000	0.000000000
ASV_7169	0.001673	0.0030195302	0.0018615985	0.0001386255
ASV_7216	0.001428	0.0001984694	0.0040861155	0.0000000000
ASV_9822	0.001202	0.000762599	0.000139237	0.002703550
ASV_6525	0.001185	0.0028209532	0.0000000000	0.0007349189
ASV_7669	0.001741	0.0004354908	0.0047877312	0.0000000000
ASV_9636	0.001247	0.0009976176	0.0027424904	0.0000000000
ASV_7362	0.001269	0.0034175813	0.0000000000	0.0003888811
ASV_7836	0.001278	0.0007249102	0.0000000000	0.0031093512
ASV_8008	0.001285	0.0008630487	0.0016940074	0.0012984831
ASV_8372	0.001206	0.0022670719	0.0007891414	0.0005614243
ASV_8606	0.001502	0.001049223	0.000947693	0.002507597
ASV_7196	0.001073	0.001297408	0.000000000	0.001921649
ASV_8177	0.001696	0.0009881861	0.0016955673	0.0024040559
ASV_8454	0.001411	0.0012295569	0.0007370469	0.0022654139
ASV_7349	0.001221	0.0019571452	0.0008160174	0.0008887085
ASV_7373	0.001092	0.000000000	0.000000000	0.003276555
ASV_9706	0.001117	0.0010754541	0.0014204887	0.0008536587
ASV_7511	0.0015	0.0042511450	0.0000000000	0.0002480454
ASV_7652	0.001272	0.0024907359	0.0008583184	0.0004658849
ASV_7786	0.000827	0.002482261	0.000000000	0.000000000
ASV_7967	0.001535	0.0007759704	0.0038282910	0.0000000000
ASV_9442	0.001422	0.0008938889	0.0031229697	0.0002480454
ASV_9946	0.001321	0.0000000000	0.0003873447	0.0035746340
ASV_7474	0.001339	0.0003086226	0.0031343567	0.0005753048
ASV_7625	0.00129	0.0016663989	0.0007539352	0.0014502452
ASV_8193	0.001385	0.0028739580	0.0001161019	0.0011659979
ASV_9518	0.001371	0.0002124658	0.0012103711	0.0026906053
ASV_8639	0.00144	0.0018448900	0.0017959879	0.0006798603
ASV_6966	0.000943	0.00000000	0.00000000	0.00282762
ASV_7179	0.000835	0.0022967907	0.0002076171	0.0000000000
ASV_7193	0.001672	0.001699726	0.001189955	0.002127186
ASV_7491	0.001005	0.0002124658	0.0028028302	0.0000000000
ASV_7655	0.001181	0.0014519056	0.0015721286	0.0005181141
ASV_8450	0.00137	0.004109084	0.000000000	0.000000000
ASV_8652	0.001665	0.0009083255	0.0040858477	0.0000000000
ASV_9138	0.001345	0.0032825893	0.0002784740	0.0004751329
ASV_9467	0.001256	0.001466419	0.000000000	0.002301527
ASV_9762	0.001228	0.001274795	0.001330304	0.001077655
ASV_2470	0.002045	0.0000000000	0.0054080274	0.0007261531
ASV_1981	0.001307	0.0007920206	0.0001915092	0.0029378260
ASV_3158	0.001565	0.0005208383	0.0029034505	0.0012700961
ASV_3280	0.001863	0.0034351775	0.0011820745	0.0009712237
ASV_4353	0.001738	0.0044945503	0.0003576538	0.0003624958
ASV_3091	0.00142	0.0033600031	0.0001393977	0.0007616319
ASV_3533	0.001326	0.001742497	0.001172311	0.001064234
ASV_3292	0.001082	0.001723951	0.000000000	0.001521258
ASV_3633	0.001479	0.0007764183	0.0017935694	0.0018669606
ASV_4552	0.001636	0.002438430	0.000000000	0.002468465
ASV_4498	0.002043	0.0009654602	0.0039190537	0.0012452680
ASV_4603	0.001738	0.0003109647	0.0002322039	0.0046696797
ASV_7253	0.001395	0.001157240	0.001407502	0.001620716
ASV_4706	0.001368	0.0005791371	0.0020399461	0.0014852524
ASV_5010	0.001423	0.0023761594	0.0013558947	0.0005356789
ASV_6145	0.001457	0.0036784903	0.0000000000	0.0006931275
ASV_6668	0.001655	0.0007202584	0.0028152982	0.0014294814
ASV_4366	0.001768	0.0001984694	0.0007660370	0.0043393551
ASV_4941	0.001142	0.0003629764	0.0000000000	0.0030634144
ASV_7689	0.001577	0.001629928	0.001419522	0.001681089
ASV_5856	0.001269	0.001359504	0.002170719	0.000277251
ASV_7231	0.001588	0.0005641042	0.0012607804	0.0029386193
ASV_4986	0.001481	0.0002460860	0.0005400202	0.0036573280
ASV_4966	0.001635	0.001819176	0.003084635	0.000000000
ASV_5356	0.001887	0.0001117893	0.0023857938	0.0031621871
ASV_6762	0.00201	0.000000000	0.004908209	0.001121839
ASV_5824	0.001813	0.0007382635	0.0047021625	0.0000000000
ASV_7484	0.001249	0.001622833	0.000000000	0.002124778
ASV_5305	0.001525	0.001356135	0.003218413	0.000000000
ASV_6483	0.001226	0.00000000	0.00367944	0.00000000
ASV_7150	0.001366	0.0015359869	0.0007554775	0.0018051284
ASV_5954	0.001364	0.0013880406	0.0018593474	0.0008457738
ASV_5210	0.001281	0.0018140006	0.0009093891	0.0011193232
ASV_6844	0.001693	0.001076327	0.001072961	0.002931075
ASV_6763	0.001602	0.001088674	0.002123722	0.001593683
ASV_5609	0.001653	0.001751606	0.001821387	0.001385468
ASV_6553	0.001539	0.0012781958	0.0023780092	0.0009619989
ASV_6357	0.001259	0.000000000	0.003777818	0.000000000
ASV_8073	0.001083	0.0006602242	0.0006597314	0.0019305399
ASV_6819	0.001376	0.0022466307	0.0016564899	0.0002245697
ASV_6163	0.00142	0.002601439	0.000000000	0.001659592
ASV_8598	0.001275	0.0023181123	0.0008160518	0.0006911363
ASV_6974	0.001567	0.001340786	0.002292262	0.001067184
ASV_7203	0.001396	0.0007797902	0.0024306077	0.0009776033
ASV_8595	0.001195	0.0009820650	0.0022153750	0.0003888811
ASV_6650	0.001035	0.0022593936	0.0006196914	0.0002245697
ASV_8715	0.001116	0.0006819949	0.0010814872	0.0015851533
ASV_8646	0.001228	0.0006033394	0.0017055686	0.0013747877
ASV_7117	0.001409	0.001967471	0.002259772	0.000000000
ASV_7445	0.001721	0.0019959247	0.0024723033	0.0006937184
ASV_7955	0.001514	0.0013281737	0.0029082384	0.0003047649
ASV_8597	0.001303	0.0014841084	0.0023038023	0.0001204448
ASV_9527	0.001418	0.0005392440	0.0035683086	0.0001475997
ASV_9901	0.001324	0.0005492219	0.0015533199	0.0018694418
ASV_6423	0.001452	0.001617968	0.001924007	0.000815362
ASV_7255	0.00149	0.0009860971	0.0003842933	0.0030984191
ASV_6639	0.00191	0.0001230430	0.0002606692	0.0053454840
ASV_6845	0.001368	0.000000000	0.000000000	0.004105083
ASV_7626	0.001361	0.002064723	0.001012681	0.001005488
ASV_7905	0.001396	0.0017653128	0.0002419527	0.0021813982
ASV_7608	0.001209	0.000000000	0.000000000	0.003625634
ASV_7813	0.001874	0.0008836761	0.0028664719	0.0018724286
ASV_8490	0.001286	0.000000000	0.003858685	0.000000000
ASV_8593	0.001192	0.0013528068	0.0013983720	0.0008241254
ASV_9404	0.00167	0.001661888	0.002276014	0.001070949
ASV_6804	0.001463	0.002911855	0.001478330	0.000000000
ASV_7374	0.001206	0.000000000	0.002427268	0.001189323
ASV_7827	0.001097	0.0012542304	0.0011482154	0.0008893654
ASV_8455	0.001377	0.0012526287	0.0004968908	0.0023801689
ASV_8814	0.00142	0.0007813781	0.0003562776	0.0031227464
ASV_9602	0.001187	0.0014474994	0.0005693626	0.0015426781
ASV_7148	0.00102	0.0008336249	0.0005745277	0.0016527447
ASV_7189	0.001944	0.0008498632	0.0002784740	0.0047035017
ASV_7190	0.001269	0.0034336596	0.0000000000	0.0003726652
ASV_7195	0.001132	0.0012227138	0.0009469868	0.0012255383
ASV_8400	0.001288	0.001909252	0.001955434	0.000000000
ASV_6948	0.002346	0.000000000	0.007038068	0.000000000
ASV_7492	0.001515	0.004545339	0.000000000	0.000000000
ASV_7674	0.001551	0.0003787879	0.0024646300	0.0018108651
ASV_8172	0.000891	0.002674176	0.000000000	0.000000000
ASV_8629	0.001441	0.002056213	0.002267213	0.000000000
ASV_9876	0.001355	0.0000000000	0.0032455784	0.0008181485
ASV_9893	0.001554	0.0001859569	0.0024536165	0.0020213959
ASV_7108	0.001868	0.000000000	0.000000000	0.005603706
ASV_7367	0.001488	0.0001230430	0.0040726299	0.0002680445
ASV_7501	0.001164	0.0014070331	0.0004000669	0.0016862269
ASV_7534	0.001955	0.0000000000	0.0053521349	0.0005124544
ASV_7628	0.001282	0.0004827301	0.0024086210	0.0009532834
ASV_7667	0.001431	0.0028783270	0.0009575462	0.0004586094
ASV_7824	0.001289	0.001320358	0.001352307	0.001195069
ASV_7999	0.001368	0.001722189	0.000000000	0.002382902
ASV_8064	0.000942	0.000000000	0.002827417	0.000000000
ASV_8273	0.001269	0.000000000	0.003805954	0.000000000
ASV_8585	0.000803	0.00240858	0.00000000	0.00000000
ASV_9114	0.001361	0.0025630724	0.0013113097	0.0002076171
ASV_9748	0.001417	0.0025735951	0.0015134521	0.0001636297
ASV_840	0.001949	0.001963588	0.003883012	0.000000000
ASV_4097	0.00123	0.0005938788	0.0009043204	0.0021916674
ASV_2271	0.001186	0.0020487881	0.0010780358	0.0004321144
ASV_2938	0.0011	0.003299664	0.000000000	0.000000000
ASV_2606	0.001606	0.0000000000	0.0043104550	0.0005089341
ASV_2600	0.001319	0.0005754422	0.0014303560	0.0019498162
ASV_4158	0.001371	0.0014908962	0.0017800188	0.0008431134
ASV_4028	0.001496	0.0003650327	0.0027443384	0.0013790552
ASV_3359	0.001149	0.002104334	0.000000000	0.001343073
ASV_4298	0.001694	0.0026419288	0.0017813881	0.0006577457
ASV_6594	0.001814	0.0006914129	0.0047495506	0.0000000000
ASV_5301	0.001407	0.0008619755	0.0010839126	0.0022751228
ASV_4565	0.001294	0.000000000	0.001871931	0.002010392
ASV_5581	0.001603	0.001302088	0.001546835	0.001960888
ASV_4411	0.001508	0.000000000	0.001588595	0.002936228
ASV_5119	0.00151	0.0034535106	0.0007803566	0.0002951995
ASV_5760	0.001573	0.000000000	0.002671534	0.002046346
ASV_4944	0.001354	0.0018834700	0.0019431564	0.0002358458
ASV_8114	0.001546	0.000655487	0.001786683	0.002196114
ASV_8775	0.00163	0.0001968333	0.0027747110	0.0019182226
ASV_8109	0.001381	0.000584855	0.000000000	0.003558697
ASV_5615	0.002286	0.000000000	0.006859259	0.000000000
ASV_4950	0.001188	0.0013728180	0.0008528976	0.0013382877
ASV_5649	0.001397	0.001891697	0.000000000	0.002298176
ASV_5751	0.001029	0.0002210433	0.0000000000	0.0028662388
ASV_5693	0.001375	0.001992325	0.000000000	0.002132479
ASV_6037	0.001409	0.0013621469	0.0020047957	0.0008585734
ASV_9940	0.001187	0.0010814815	0.0004968908	0.0019824122
ASV_7569	0.001631	0.0008113172	0.0020712525	0.0020101409
ASV_9637	0.001148	0.0012758945	0.0020466486	0.0001204448
ASV_6517	0.001284	0.0017511721	0.0013739958	0.0007257695
ASV_7519	0.001938	0.0004249316	0.0050943373	0.0002951995
ASV_5900	0.001629	0.001434718	0.001146485	0.002306031
ASV_6788	0.001774	0.0005819404	0.0038878285	0.0008532917
ASV_5901	0.001426	0.0023003320	0.0012380741	0.0007381418
ASV_7024	0.001233	0.0016381452	0.0007995434	0.0012612215
ASV_7163	0.000993	0.0012869547	0.0005853558	0.0011058791
ASV_6076	0.001532	0.001151314	0.001709573	0.001736060
ASV_7816	0.001186	0.0012861095	0.0008871081	0.0013852186
ASV_7272	0.00175	0.0001230485	0.0033218634	0.0018055580
ASV_6251	0.001391	0.0005477612	0.0009148663	0.0027097385
ASV_6407	0.001308	0.001152239	0.000000000	0.002770788
ASV_7011	0.001171	0.0013716629	0.0008177552	0.0013249360
ASV_9444	0.001378	0.0007921554	0.0024364590	0.0009054292
ASV_6051	0.001013	0.0018403086	0.0004723796	0.0007250540
ASV_8094	0.000987	8.909801e-04	1.971747e-03	9.722028e-05
ASV_5916	0.001207	0.000000000	0.003620162	0.000000000
ASV_6358	0.001889	0.000000000	0.004321493	0.001344966
ASV_7455	0.001205	0.0029112048	0.0003767711	0.0003272594
ASV_9003	0.001475	0.002051353	0.001357810	0.001016848
ASV_9662	0.001113	0.0010862399	0.0009925466	0.0012616658
ASV_9877	0.001472	0.0013911030	0.0027755752	0.0002480454
ASV_6202	0.001112	0.003337079	0.000000000	0.000000000
ASV_7465	0.00115	0.0013885409	0.0005569479	0.0015033173
ASV_7837	0.001469	0.001061951	0.001599883	0.001744296
ASV_8831	0.00138	0.0003328326	0.0036954781	0.0001122849
ASV_8148	0.001284	0.0030450124	0.0005638947	0.0002420510
ASV_6697	0.000973	0.000000000	0.001398685	0.001519208
ASV_6787	0.001349	0.0008867086	0.0000000000	0.0031602376
ASV_6926	0.001395	0.0009079415	0.0000000000	0.0032770268
ASV_9514	0.001934	0.000000000	0.003250556	0.002552446
ASV_9801	0.001138	0.0004247182	0.0011531706	0.0018358537
ASV_7030	0.001499	0.001502470	0.001211698	0.001781860
ASV_7504	0.001345	0.0018179867	0.0017168573	0.0004992779
ASV_7822	0.001023	0.0004925575	0.0000000000	0.0025756295
ASV_9143	0.001329	0.002649481	0.000814041	0.000524964
ASV_9296	0.001301	0.002615875	0.001287864	0.000000000
ASV_7600	0.001356	0.0015916755	0.0001423406	0.0023349677
ASV_7876	0.001854	0.0000000000	0.0048007097	0.0007604998
ASV_8102	0.001062	0.0009031421	0.0003237190	0.0019588259
ASV_9739	0.001293	0.0009134355	0.0022258691	0.0007397525
ASV_6789	0.00129	0.0028835312	0.0000000000	0.0009869186
ASV_7173	0.000902	0.0016966485	0.0001423406	0.0008681497
ASV_7319	0.001614	0.0032085835	0.0008474308	0.0007862637
ASV_7324	0.00114	0.000518303	0.002331615	0.000568879
ASV_8261	0.003088	0.000000000	0.009263218	0.000000000
ASV_8786	0.001343	0.002660721	0.000000000	0.001368181
ASV_8841	0.001511	0.003172911	0.000000000	0.001359360
ASV_9551	0.000967	0.0011004250	0.0002461492	0.0015555244
ASV_7146	0.001072	0.003214543	0.000000000	0.000000000
ASV_7894	0.001307	0.00000000	0.00000000	0.00392236
ASV_9752	0.001458	0.0039459775	0.0000000000	0.0004271702
ASV_7537	0.001151	0.000000000	0.001363669	0.002089483
ASV_8425	0.000994	0.0005388688	0.0018596438	0.0005826400
ASV_9771	0.001025	0.0020820191	0.0000000000	0.0009937798
ASV_7200	0.001421	0.0012927119	0.0004970515	0.0024743550
ASV_7361	0.001768	0.0004354908	0.0048688052	0.0000000000
ASV_7407	0.00121	0.000000000	0.000000000	0.003631405
ASV_7864	0.001368	0.000000000	0.004103535	0.000000000
ASV_7865	0.001368	0.000000000	0.004103535	0.000000000
ASV_8006	0.001049	0.003145796	0.000000000	0.000000000
ASV_8184	0.001257	0.003771354	0.000000000	0.000000000
ASV_8398	0.001301	0.0017857072	0.0007277185	0.0013907164
ASV_8451	0.001161	0.0029136886	0.0002076171	0.0003613343
ASV_8483	0.001062	0.0000000	0.0031852	0.0000000
ASV_8733	0.001014	0.000000000	0.000000000	0.003042516
ASV_8940	0.001257	0.0001968333	0.0030950778	0.0004785150
ASV_1914	0.001484	0.001124933	0.003328542	0.000000000
ASV_1741	0.001049	0.000000000	0.001898898	0.001247630
ASV_2633	0.001585	0.0019717951	0.0009572602	0.0018254778
ASV_2708	0.001047	0.0030194211	0.0000000000	0.0001204448
ASV_3559	0.00122	0.0008982063	0.0020585714	0.0007026838
ASV_3629	0.001658	0.001159435	0.002636439	0.001177157
ASV_3687	0.001318	0.0006143255	0.0024659907	0.0008725914
ASV_3372	0.001331	0.003993299	0.000000000	0.000000000
ASV_3893	0.002031	0.00000000	0.00609163	0.00000000
ASV_4477	0.001134	0.000000000	0.003400663	0.000000000
ASV_8152	0.001433	0.001798866	0.001474310	0.001025256
ASV_6978	0.001618	0.0012113275	0.0029674784	0.0006762197
ASV_3443	0.001053	0.001203261	0.000000000	0.001954988
ASV_7290	0.001978	0.0008591265	0.0032327411	0.0018416508
ASV_3598	0.001631	0.0007496732	0.0002554996	0.0038864659
ASV_3765	0.001555	0.0002419843	0.0040068387	0.0004151617
ASV_5786	0.001358	0.0008774493	0.0021912704	0.0010061864
ASV_4561	0.001191	0.001305679	0.002267776	0.000000000
ASV_7847	0.000988	0.001762402	0.001201198	0.000000000
ASV_8684	0.00142	0.0003086226	0.0009234365	0.0030283074
ASV_4228	0.001255	0.001517931	0.000000000	0.002246689
ASV_5789	0.001276	0.0007808220	0.0001038085	0.0029433252
ASV_5005	0.000987	0.0013204828	0.0012787682	0.0003613343
ASV_5769	0.001674	0.001196226	0.001271981	0.002554642
ASV_8800	0.001106	0.0014659044	0.0002584426	0.0015934200
ASV_5642	0.001095	0.0006141121	0.0008923496	0.0017792721
ASV_4820	0.001121	0.0012437180	0.0002199105	0.0019003112
ASV_5450	0.00157	0.001140222	0.002337626	0.001232527
ASV_4917	0.001406	0.000000000	0.003184497	0.001033198
ASV_5423	0.001195	0.0022425691	0.0005265817	0.0008172917
ASV_5529	0.001167	0.001004814	0.002496710	0.000000000
ASV_5269	0.001754	0.0005638022	0.0045856446	0.0001122849
ASV_6904	0.001912	0.000000000	0.000000000	0.005737247
ASV_5314	0.001023	0.0004491031	0.0017346970	0.0008837011
ASV_5511	0.001442	0.0005464707	0.0024930140	0.0012873423
ASV_5843	0.001495	0.0001984694	0.0015565364	0.0027293116
ASV_6823	0.001386	0.0019132856	0.0019085898	0.0003368546
ASV_5913	0.00125	0.0027456888	0.0007080123	0.0002951995
ASV_6150	0.001514	0.0005564112	0.0039868850	0.0000000000
ASV_7273	0.002128	0.000000000	0.003278338	0.003104208
ASV_8137	0.001106	0.0005815829	0.0016787710	0.0010575151
ASV_9935	0.001244	7.368111e-05	5.491630e-04	3.110095e-03
ASV_6818	0.001523	0.001304043	0.001213759	0.002051263
ASV_7439	0.001162	0.0016221846	0.0012196019	0.0006427631
ASV_9511	0.001396	0.0007323067	0.0012547860	0.0022014233
ASV_8530	0.001202	0.0007324405	0.0025699843	0.0003048373
ASV_6977	0.001238	0.0008182811	0.0004495697	0.0024454690
ASV_8380	0.001337	0.0019180734	0.0013311706	0.0007611713
ASV_7136	0.001167	0.001760130	0.000535567	0.001205609
ASV_6263	0.001162	0.000000000	0.003484942	0.000000000
ASV_6319	0.001449	0.0007916029	0.0033131994	0.0002408896
ASV_8080	0.001364	0.000000000	0.000000000	0.004090742
ASV_9388	0.001251	0.0034739509	0.0002786347	0.0000000000
ASV_6970	0.001461	0.0003629764	0.0027134889	0.0013065237
ASV_8643	0.001478	0.0020544546	0.0013925884	0.0009860441
ASV_6012	0.001404	0.0009743788	0.0000000000	0.0032371889
ASV_7461	0.001605	0.0012923855	0.0029189688	0.0006038909
ASV_7931	0.00123	0.0008501473	0.0004851589	0.0023550647
ASV_6745	0.0014	0.001803066	0.000000000	0.002397922
ASV_8497	0.001504	0.001229568	0.000000000	0.003283167
ASV_7556	0.001068	0.000000000	0.000000000	0.003203284
ASV_6757	0.000994	0.001187667	0.000000000	0.001793844
ASV_7314	0.001392	0.0009248168	0.0001038085	0.0031466636
ASV_7485	0.001062	0.001618973	0.000000000	0.001565782
ASV_7743	0.000731	0.0020732121	0.0000000000	0.0001204448
ASV_9799	0.001254	0.0012598661	0.0020017552	0.0005011213
ASV_6907	0.001275	0.0006049831	0.0006791667	0.0025402117
ASV_7155	0.001314	0.0021846173	0.0010308249	0.0007261531
ASV_7306	0.001229	0.0009953812	0.0026926947	0.0000000000
ASV_8005	0.001239	0.0006798042	0.0030358874	0.0000000000
ASV_9607	0.001718	7.185476e-04	4.337180e-03	9.722028e-05
ASV_6852	0.001335	0.0018956372	0.0016129358	0.0004960908
ASV_6929	0.000997	0.0003368274	0.0010703211	0.0015841123
ASV_7289	0.001177	0.003529525	0.000000000	0.000000000
ASV_8053	0.001401	0.0004249316	0.0034172573	0.0003613343
ASV_7212	0.001392	0.000000000	0.004175223	0.000000000
ASV_7627	0.00095	0.0009984979	0.0009054347	0.0009464335
ASV_8504	0.001331	0.000000000	0.000000000	0.003992273
ASV_8589	0.001343	0.001717596	0.001164210	0.001147309
ASV_9922	0.00114	0.0011659199	0.0004270219	0.0018270818
ASV_7207	0.001466	0.001058881	0.002007677	0.001330922
ASV_8039	0.001191	0.000000000	0.003574004	0.000000000
ASV_6727	0.001336	0.001396072	0.001009798	0.001603047
ASV_7038	0.001211	0.0027686432	0.0002616368	0.0006031740
ASV_7811	0.001271	0.0017231029	0.0013623071	0.0007263904
ASV_7979	0.000945	0.0020005822	0.0008347183	0.0000000000
ASV_7595	0.001668	0.001630069	0.002264319	0.001109722
ASV_7945	0.001196	0.0029150905	0.0006732106	0.0000000000
ASV_8084	0.001222	0.0000000000	0.0003811896	0.0032833503
ASV_8827	0.001318	0.0025280481	0.0004911532	0.0009343544
ASV_9085	0.001131	0.0027134347	0.0000000000	0.0006805419
ASV_9204	0.001327	0.000000000	0.002323491	0.001657907
ASV_6892	0.001167	0.0016791304	0.0011490555	0.0006729556
ASV_9614	0.001357	0.0002349287	0.0033459596	0.0004908891
ASV_7031	0.001349	0.001886766	0.001919381	0.000242051
ASV_7808	0.001219	0.0008568092	0.0000000000	0.0028008199
ASV_8236	0.001168	0.002300503	0.001202235	0.000000000
ASV_7058	0.00129	0.0003583672	0.0016712347	0.0018399142
ASV_7615	0.001154	0.0032005006	0.0002606692	0.0000000000
ASV_7621	0.000886	0.0015642232	0.0005071658	0.0005881094
ASV_7977	0.001255	0.0004801948	0.0026407648	0.0006441087
ASV_8343	0.001534	0.0001117893	0.0035879463	0.0009029947
ASV_8612	0.001522	0.0003878633	0.0013702113	0.0028074119
ASV_9128	0.001142	0.001399156	0.000000000	0.002026345
ASV_9697	0.00107	0.0013320703	0.0003156566	0.0015636438
ASV_7125	0.001203	0.003608125	0.000000000	0.000000000
ASV_7631	0.001156	0.0028051460	0.0004548935	0.0002075447
ASV_8016	0.001598	0.001361483	0.000000000	0.003432207
ASV_8170	0.001051	0.0019016399	0.0003873447	0.0008647786
ASV_8218	0.001521	0.0008268393	0.0027184298	0.0010188532
ASV_8650	0.001161	0.0013874893	0.0007608718	0.0013350278
ASV_9111	0.001386	0.004158736	0.000000000	0.000000000
ASV_7317	0.000776	0.0019614228	0.0001578283	0.0002076171
ASV_7351	0.001008	0.003024803	0.000000000	0.000000000
ASV_7557	0.00081	0.000000000	0.000000000	0.002430507
ASV_7893	0.001007	0.0000000000	0.0002322039	0.0027893474
ASV_8010	0.001266	0.003796948	0.000000000	0.000000000
ASV_8057	0.001116	0.000000000	0.003348143	0.000000000
ASV_8086	0.002029	0.000000000	0.000000000	0.006087242
ASV_8090	0.001364	0.000000000	0.000000000	0.004090742
ASV_8192	0.001882	0.001077027	0.003359038	0.001210961
ASV_8270	0.001261	0.000000000	0.003784496	0.000000000
ASV_8272	0.001468	0.001493707	0.002911477	0.000000000
ASV_8506	0.001419	0.000000000	0.000000000	0.004258442
ASV_9391	0.001352	0.002793229	0.000000000	0.001264193
ASV_9708	0.001444	0.001116635	0.001980815	0.001233136
ASV_1658	0.001384	0.0009201621	0.0028852680	0.0003462426
ASV_9555	0.001103	0.0007936894	0.0009017770	0.0016131053
ASV_3063	0.001628	0.000000000	0.004883001	0.000000000
ASV_4042	0.001759	0.0007443931	0.0032245659	0.0013093722
ASV_4307	0.001425	0.0010769094	0.0029506447	0.0002480454
ASV_3430	0.001358	0.0019659262	0.0019866682	0.0001204448
ASV_6579	0.001574	0.0023995347	0.0003948973	0.0019284115
ASV_4222	0.001591	0.001883776	0.001581208	0.001308826
ASV_4091	0.001448	0.000000000	0.002649946	0.001694357
ASV_9664	0.001194	0.001484853	0.000725858	0.001372282
ASV_7008	0.001179	0.000859625	0.001311943	0.001364566
ASV_4455	0.000913	0.0019218305	0.0005693626	0.0002480454
ASV_5012	0.001438	0.0000000000	0.0040889354	0.0002245697
ASV_4692	0.001444	0.0006156968	0.0007125552	0.0030033035
ASV_6046	0.001463	0.000000000	0.004147158	0.000242051
ASV_7738	0.001428	0.0009732903	0.0010110262	0.0023004183
ASV_9911	0.001152	0.0005340746	0.0000000000	0.0029231828
ASV_4877	0.001202	0.0009138690	0.0025540836	0.0001386255
ASV_7164	0.0016	0.0014467069	0.0006480139	0.0027040496
ASV_5673	0.00103	0.0015042664	0.0003499577	0.0012350616
ASV_6959	0.00123	0.0017495393	0.0002846813	0.0016547015
ASV_9333	0.00111	0.000000000	0.001143637	0.002187176
ASV_5708	0.001189	0.0017881555	0.0003156566	0.0014637402
ASV_5883	0.001204	0.0016068197	0.0004398209	0.0015647397
ASV_6173	0.001448	0.0000000000	0.0007744707	0.0035689647
ASV_8893	0.001696	0.0011497930	0.0030653637	0.0008717358
ASV_5419	0.000802	0.0001122758	0.0001038085	0.0021887748
ASV_5704	0.001005	0.000000000	0.003015517	0.000000000
ASV_7684	0.001475	0.0004316711	0.0005656717	0.0034277556
ASV_5481	0.001262	0.000000000	0.000000000	0.003785707
ASV_6773	0.000727	0.0017403795	0.0004398209	0.0000000000
ASV_5656	0.000802	0.002405643	0.000000000	0.000000000
ASV_8748	0.001237	0.0009931134	0.0009935716	0.0017237947
ASV_6140	0.001309	0.0000000000	0.0003156566	0.0036114344
ASV_8792	0.001454	0.0003862273	0.0015640019	0.0024122445
ASV_6647	0.000658	0.0018089901	0.0000000000	0.0001636297
ASV_7005	0.001495	0.00000000	0.00448586	0.00000000
ASV_5983	0.001413	0.0002419843	0.0024214613	0.0015755579
ASV_6813	0.000956	0.0005600658	0.0002076171	0.0021009335
ASV_8613	0.001581	0.0005182365	0.0004956753	0.0037299359
ASV_9161	0.001147	0.0023770910	0.0003114256	0.0007519439
ASV_6316	0.001016	0.0022117540	0.0008355826	0.0000000000
ASV_7688	0.001438	0.000000000	0.003216528	0.001097318
ASV_9168	0.001262	0.0021034422	0.0014763875	0.0002076171
ASV_6665	0.000932	0.002794809	0.000000000	0.000000000
ASV_6985	0.001301	0.003903566	0.000000000	0.000000000
ASV_8350	0.001392	0.001693421	0.001474160	0.001009217
ASV_8887	0.001068	0.0014000623	0.0001038085	0.0017011828
ASV_7954	0.001314	0.0014105329	0.0007841995	0.0017475231
ASV_9713	0.001288	0.001028541	0.001643878	0.001192704
ASV_7909	0.001367	0.0003862273	0.0032149959	0.0004986592
ASV_8572	0.001146	0.0015599701	0.0006838076	0.0011933234
ASV_7263	0.001412	0.0005954082	0.0000000000	0.0036394398
ASV_7939	0.00103	0.0017223071	0.0005730624	0.0007932943
ASV_9775	0.001092	0.0007586261	0.0012575988	0.0012586540
ASV_7264	0.00078	0.0019840449	0.0000000000	0.0003551444
ASV_8031	0.000976	0.0000000000	0.0027889624	0.0001386255
ASV_6771	0.00112	0.0004354908	0.0021462571	0.0007793405
ASV_7143	0.000935	0.0004924611	0.0001423406	0.0021712921
ASV_7456	0.001156	0.0005187895	0.0026267957	0.0003217900
ASV_8235	0.001399	0.0003691345	0.0018148741	0.0020123798
ASV_7197	0.001159	0.0021576451	0.0004180324	0.0009002574
ASV_7527	0.001065	0.000000000	0.000000000	0.003193715
ASV_7942	0.001198	0.0032658307	0.0000000000	0.0003272594
ASV_8442	0.001039	0.0018175437	0.0003076112	0.0009908060
ASV_8489	0.001496	0.0001122758	0.0042132034	0.0001636297
ASV_9217	0.001314	0.0000000000	0.0036300505	0.0003115032
ASV_9396	0.001154	0.001043161	0.001932486	0.000484950
ASV_7623	0.00064	0.001920779	0.000000000	0.000000000
ASV_8638	0.001062	0.0026414987	0.0004317585	0.0001122849
ASV_8888	0.001432	0.001139014	0.001413097	0.001745298
ASV_9406	0.001217	0.0007940606	0.0021003342	0.0007575457
ASV_7042	0.001348	0.00404377	0.00000000	0.00000000
ASV_7120	0.001361	0.0007845462	0.0029710337	0.0003265250
ASV_7809	0.002026	0.0006430248	0.0051939998	0.0002420510
ASV_8632	0.001342	0.0006047423	0.0010688328	0.0023522024
ASV_7060	0.001604	0.0002353242	0.0026030295	0.0019723745
ASV_8223	0.00126	0.0011680842	0.0004180324	0.0021952634
ASV_8588	0.001275	0.000825312	0.001278336	0.001719961
ASV_8982	0.000934	0.000000000	0.000766037	0.002034793
ASV_7482	0.001346	0.0038996203	0.0001393977	0.0000000000
ASV_7916	0.001332	0.003997359	0.000000000	0.000000000
ASV_8072	0.00285	0.000000000	0.008550663	0.000000000
ASV_8429	0.001174	0.0007938526	0.0018819508	0.0008455728
ASV_8882	0.00115	0.0007833043	0.0013347828	0.0013322642
ASV_9698	0.001245	0.0013950106	0.0005982303	0.0017406116
ASV_7490	0.001193	0.0006143255	0.0012376590	0.0017270471
ASV_7673	0.001228	0.003682963	0.000000000	0.000000000
ASV_7800	0.001611	0.001115579	0.001757525	0.001959418
ASV_7829	0.001061	0.001693890	0.001488063	0.000000000
ASV_8069	0.001206	0.0000000000	0.0007045835	0.0029146378
ASV_8083	0.001072	0.000000000	0.000000000	0.003215269
ASV_8265	0.000941	0.000000000	0.002822668	0.000000000
ASV_8509	0.001219	0.000000000	0.000000000	0.003658048
ASV_8602	0.001168	0.00350521	0.00000000	0.00000000
ASV_8699	0.001263	0.000000000	0.003787879	0.000000000
ASV_8709	0.001066	0.0002124658	0.0023743684	0.0006113339
ASV_8836	0.00122	0.0022182861	0.0010702090	0.0003712468
ASV_9392	0.0013	0.003901419	0.000000000	0.000000000
ASV_1091	0.000945	0.000000000	0.000766037	0.002067979
ASV_1364	0.001263	0.003788254	0.000000000	0.000000000
ASV_2565	0.001206	0.0000000000	0.0008363861	0.0027817049
ASV_3371	0.001583	0.001583490	0.002014939	0.001150822
ASV_2780	0.001471	0.0002460969	0.0015969443	0.0025702302
ASV_5027	0.001401	0.0007520394	0.0026582959	0.0007919402
ASV_4031	0.001581	0.0000000000	0.0001423406	0.0046004890
ASV_4525	0.001214	0.0005492219	0.0010365026	0.0020566077
ASV_9053	0.001285	0.001015456	0.001759327	0.001080735
ASV_4367	0.00122	0.0001968333	0.0012135053	0.0022495193
ASV_4549	0.0012	0.0029431989	0.0002419527	0.0004158765
ASV_5447	0.001673	0.0012050282	0.0031182544	0.0006964796
ASV_3928	0.001254	0.0019207575	0.0004177109	0.0014242426
ASV_4272	0.001267	0.0006528182	0.0013822637	0.0017655234
ASV_4599	0.001263	0.002482783	0.000000000	0.001307598
ASV_6170	0.001743	0.0012829981	0.0036352780	0.0003115032
ASV_7288	0.000976	0.0004768220	0.0005745277	0.0018764185
ASV_5368	0.001114	0.0012325177	0.0019607526	0.0001475997
ASV_8819	0.001299	0.0016837827	0.0002606692	0.0019525973
ASV_6130	0.001092	0.000000000	0.000963366	0.002313211
ASV_5508	0.001582	0.0013161151	0.0026675032	0.0007616319
ASV_5293	0.00097	0.0001879162	0.0000000000	0.0027209592
ASV_5819	0.001206	0.0012794780	0.0003813503	0.0019568366
ASV_6411	0.001376	0.0003367562	0.0031255681	0.0006659997
ASV_5753	0.001092	0.0001968333	0.0010546097	0.0020244964
ASV_6032	0.000994	0.0009742879	0.0003562776	0.0016501154
ASV_7849	0.001507	0.000000000	0.003221488	0.001298053
ASV_8937	0.00121	0.000000000	0.003630051	0.000000000
ASV_5659	0.001152	0.003456061	0.000000000	0.000000000
ASV_6740	0.001509	0.0004337882	0.0021610861	0.0019334179
ASV_6273	0.001174	0.000000000	0.003521016	0.000000000
ASV_8131	0.001271	0.0020970128	0.0012999740	0.0004152341
ASV_9259	0.002	0.000000000	0.006001087	0.000000000
ASV_7271	0.001032	0.0002245516	0.0024060025	0.0004666208
ASV_6776	0.001148	0.0007643999	0.0021949252	0.0004841021
ASV_7010	0.001202	0.0030413966	0.0003580546	0.0002075447
ASV_7755	0.001178	0.0026213612	0.0006720248	0.0002420510
ASV_8299	0.000994	0.0010896334	0.0008415848	0.0010494181
ASV_6243	0.001247	0.0009827277	0.0023338787	0.0004244797
ASV_6784	0.001068	0.0019799656	0.0011114043	0.0001122849
ASV_7662	0.001155	0.0006831034	0.0007125552	0.0020693332
ASV_8674	0.00142	0.0006373974	0.0027522435	0.0008710518
ASV_7332	0.00123	0.0015244567	0.0015971797	0.0005689514
ASV_6016	0.001517	0.001163399	0.003388784	0.000000000
ASV_7920	0.001115	0.0011889494	0.0003830185	0.0017725815
ASV_7961	0.00108	0.0018486109	0.0008390077	0.0005523927
ASV_8331	0.00089	0.0001231394	0.0000000000	0.0025472817
ASV_6218	0.001182	0.0020074079	0.0011678378	0.0003712468
ASV_8388	0.001252	0.001433659	0.000000000	0.002323712
ASV_9649	0.001181	0.001073772	0.001332649	0.001135355
ASV_8365	0.001202	0.0008880025	0.0002817383	0.0024375441
ASV_8175	0.001157	0.0011906772	0.0017864609	0.0004926142
ASV_9365	0.001379	0.002804913	0.001330878	0.000000000
ASV_6855	0.001058	0.0004706485	0.0013630839	0.0013413328
ASV_8835	0.001284	0.0013323817	0.0022705628	0.0002480454
ASV_9275	0.001229	0.0030740491	0.0002846813	0.0003272594
ASV_8387	0.000732	0.0016374179	0.0000000000	0.0005586042
ASV_9434	0.001472	0.001049455	0.001884576	0.001481040
ASV_6900	0.000633	0.0017822448	0.0000000000	0.0001170198
ASV_7814	0.001099	0.0009476446	0.0009611148	0.0013867827
ASV_7339	0.001123	0.0017245300	0.0009229246	0.0007203001
ASV_7605	0.000847	0.001333866	0.000000000	0.001207733
ASV_7760	0.001124	0.003371361	0.000000000	0.000000000
ASV_8640	0.001033	0.003098915	0.000000000	0.000000000
ASV_9187	0.001219	0.0000000000	0.0005478605	0.0031089643
ASV_7475	0.000832	0.0008650339	0.0016308884	0.0000000000
ASV_8486	0.00156	0.0000000000	0.0039263559	0.0007540286
ASV_9544	0.001821	0.0002245516	0.0008830200	0.0043569188
ASV_7981	0.001246	0.0029259311	0.0006961849	0.0001170198
ASV_8635	0.00103	0.001638063	0.000000000	0.001452493
ASV_8700	0.000866	0.000000000	0.001402916	0.001196091
ASV_9179	0.001108	0.0028099313	0.0002784740	0.0002358458
ASV_7588	0.001169	0.0025218678	0.0001915092	0.0007931443
ASV_7645	0.000937	0.002810478	0.000000000	0.000000000
ASV_7975	0.001213	0.0004801948	0.0031573200	0.0000000000
ASV_9167	0.001212	0.003001347	0.000634639	0.000000000
ASV_9423	0.001018	0.0009847513	0.0012425337	0.0008271949
ASV_7572	0.00112	0.001997703	0.001362655	0.000000000
ASV_7789	0.000931	0.0015462895	0.0011342650	0.0001122849
ASV_7997	0.001165	0.0008606043	0.0012324710	0.0014032506
ASV_8011	0.001164	0.0006615689	0.0009769315	0.0018525437
ASV_8220	0.000976	0.0010730563	0.0001915092	0.0016639219
ASV_8411	0.001197	0.0004249316	0.0016682394	0.0014978337
ASV_8596	0.001261	0.003784188	0.000000000	0.000000000
ASV_9230	0.001237	0.0004370174	0.0013526622	0.0019203715
ASV_8085	0.001198	0.0001231394	0.0000000000	0.0034719070
ASV_8087	0.001293	0.000000000	0.000000000	0.003878997
ASV_8482	0.00094	0.0000000000	0.0008185847	0.0020021682
ASV_8511	0.001474	0.000000000	0.000000000	0.004422208
ASV_8591	0.000911	0.0025249720	0.0002076171	0.0000000000
ASV_9153	0.001118	0.0003103861	0.0000000000	0.0030449765
ASV_9784	0.00115	0.0015038385	0.0011438937	0.0008025474
ASV_6099	0.001383	0.0022195156	0.0012035269	0.0007261531
ASV_3118	0.001472	0.000000000	0.002490102	0.001925319
ASV_3071	0.001081	0.000000000	0.000000000	0.003242524
ASV_3903	0.001093	0.0009499307	0.0002606692	0.0020682416
ASV_8780	0.001129	0.0012886943	0.0011993428	0.0008976556
ASV_5380	0.001267	0.0003328326	0.0024517333	0.0010161855
ASV_5855	0.001128	0.0020702867	0.0009244041	0.0003896508
ASV_4789	0.0014	0.000000000	0.000000000	0.004198952
ASV_5849	0.001469	0.0004769129	0.0028939826	0.0010349364
ASV_7562	0.001323	0.0020835913	0.0014343529	0.0004495957
ASV_6936	0.000962	0.0003356052	0.0017205587	0.0008307788
ASV_5934	0.000982	0.0011887957	0.0012645515	0.0004938423
ASV_5152	0.001381	0.0005330650	0.0031954539	0.0004150893
ASV_5492	0.001167	0.002981499	0.000000000	0.000519302
ASV_6185	0.001914	0.000000000	0.002025118	0.003717110
ASV_5260	0.001179	0.0014456731	0.0013202839	0.0007702124
ASV_6498	0.00138	0.0005637487	0.0015860504	0.0019912505
ASV_5312	0.00148	0.0002462787	0.0018920646	0.0023027569
ASV_5862	0.001206	0.001298715	0.002043344	0.000277251
ASV_6183	0.000815	0.000000000	0.000000000	0.002443517
ASV_8348	0.0012	0.0002348378	0.0019324154	0.0014328394
ASV_5474	0.001412	0.0003197726	0.0022656436	0.0016500575
ASV_6303	0.001092	0.0014441300	0.0011795731	0.0006530927
ASV_6519	0.00122	0.0023915739	0.0007953309	0.0004736192
ASV_7383	0.00111	0.000000000	0.003329631	0.000000000
ASV_5985	0.001216	0.0016218686	0.0003576538	0.0016682844
ASV_9592	0.00159	0.000909907	0.002401273	0.001457510
ASV_7630	0.001049	0.0009704279	0.0021763080	0.0000000000
ASV_7724	0.001111	0.0004249316	0.0022931957	0.0006163405
ASV_7053	0.001471	0.0005479746	0.0036239239	0.0002420510
ASV_9005	0.000971	0.0007967941	0.0012935587	0.0008225638
ASV_6741	0.001158	0.0000000000	0.0025707589	0.0009025642
ASV_7441	0.001417	0.0006973503	0.0014296382	0.0021237510
ASV_6869	0.000903	0.001708920	0.000000000	0.001000969
ASV_6512	0.000873	0.0002235786	0.0007260446	0.0016690048
ASV_6992	0.001552	0.0007259528	0.0039309745	0.0000000000
ASV_8617	0.001011	0.0010401629	0.0006614925	0.0013323038
ASV_7357	0.001071	0.0004491031	0.0004270219	0.0023368446
ASV_5930	0.001144	0.0021655811	0.0011528799	0.0001122849
ASV_6511	0.001151	0.0004109352	0.0014803490	0.0015619050
ASV_7693	0.001514	0.000000000	0.003032554	0.001508450
ASV_7782	0.00111	0.0012313936	0.0008043918	0.0012934730
ASV_6462	0.001489	0.0000000000	0.0001915092	0.0042758697
ASV_6764	0.001334	0.000000000	0.004003089	0.000000000
ASV_6982	0.001163	0.0023381206	0.0009427578	0.0002075447
ASV_7946	0.001301	0.0023006285	0.0010715852	0.0005294071
ASV_8444	0.00103	0.0021058660	0.0001578283	0.0008261496
ASV_8930	0.001121	0.0000000000	0.0008669238	0.0024952590
ASV_6838	0.001032	0.000000000	0.000000000	0.003095829
ASV_7614	0.001458	0.0001984694	0.0022229802	0.0019532299
ASV_7647	0.000963	0.0007386544	0.0001423406	0.0020086289
ASV_9191	0.001134	0.0008613119	0.0009948232	0.0015464823
ASV_7034	0.000956	0.0018788722	0.0008774623	0.0001122849
ASV_8562	0.000923	0.0017664587	0.0001578283	0.0008442200
ASV_9640	0.0012	0.0019460051	0.0003156566	0.0013382252
ASV_7116	0.001044	0.0005818839	0.0001393977	0.0024101474
ASV_7377	0.001109	0.0003787879	0.0002606692	0.0026886622
ASV_9795	0.001201	0.0026975066	0.0009040645	0.0000000000
ASV_7078	0.001099	0.000000000	0.003295772	0.000000000
ASV_7629	0.000874	0.0016538514	0.0003114256	0.0006571404
ASV_7933	0.001027	0.0022641575	0.0005586115	0.0002590703
ASV_9227	0.000836	0.0000000000	0.0023014615	0.0002076171
ASV_9395	0.001323	0.001333008	0.001392800	0.001242185
ASV_6606	0.001069	0.0010603756	0.0014000558	0.0007451717
ASV_7507	0.001009	0.0012139299	0.0014279360	0.0003850643
ASV_7622	0.001002	0.0014498871	0.0011866340	0.0003684902
ASV_9378	0.000888	0.0005474620	0.0015313109	0.0005859041
ASV_7437	0.001178	3.034290e-03	4.039775e-04	9.722028e-05
ASV_7452	0.000885	0.00265513	0.00000000	0.00000000
ASV_7493	0.001061	0.0014096729	0.0004194651	0.0013532085
ASV_8227	0.001176	0.0003753508	0.0017100844	0.0014439429
ASV_8304	0.000925	0.000000000	0.001765639	0.001009622
ASV_8810	0.000866	0.0011158322	0.0003360124	0.0011454007
ASV_7430	0.001129	0.0028811971	0.0005045918	0.0000000000
ASV_7603	0.00071	0.0019664934	0.0000000000	0.0001636297
ASV_9039	0.000993	0.0006248848	0.0011375789	0.0012159431
ASV_9724	0.001453	0.001113984	0.001794691	0.001449983
ASV_7495	0.001197	0.0022431160	0.0004177109	0.0009290073
ASV_7695	0.001142	0.000000000	0.003426368	0.000000000
ASV_7821	0.000943	0.0015922749	0.0003991263	0.0008361150
ASV_9937	0.000858	0.000000000	0.000000000	0.002574436
ASV_7985	0.000899	0.002696989	0.000000000	0.000000000
ASV_8191	0.00126	0.0020511927	0.0010998999	0.0006283105
ASV_8196	0.001278	0.0014067053	0.0017356563	0.0006905314
ASV_8217	0.000956	0.0012243156	0.0007023922	0.0009400285
ASV_8611	0.001069	0.0017581271	0.0011376695	0.0003115032
ASV_8654	0.00107	0.0022864969	0.0007153076	0.0002075447
ASV_8732	0.000858	0.000000000	0.000000000	0.002574436
ASV_7342	0.001062	0.0027612964	0.0000000000	0.0004237453
ASV_9803	0.001178	0.0007967032	0.0008540439	0.0018821557
ASV_7785	0.000715	0.0015316592	0.0001423406	0.0004715043
ASV_7921	0.001076	0.002193283	0.000000000	0.001035288
ASV_7968	0.000894	0.0013217107	0.0008743586	0.0004861014
ASV_7970	0.001355	0.0008066847	0.0025954910	0.0006625627
ASV_8604	0.001292	0.0027660294	0.0007820076	0.0003272594
ASV_8853	0.001215	0.001487261	0.001454696	0.000702119
ASV_9105	0.001095	0.0017282385	0.0001161019	0.0014402125
ASV_8060	0.001058	0.000000000	0.003174761	0.000000000
ASV_8174	0.000903	0.002569892	0.000139237	0.000000000
ASV_8183	0.001028	0.0028054670	0.0002787954	0.0000000000
ASV_8195	0.001186	0.003559297	0.000000000	0.000000000
ASV_8211	0.001505	0.000736689	0.002560375	0.001216767
ASV_8434	0.001033	0.0029338749	0.0000000000	0.0001636297
ASV_8505	0.001819	0.000000000	0.000000000	0.005456999
ASV_8624	0.001027	0.0006596230	0.0008788118	0.0015422773
ASV_8648	0.000941	0.001796413	0.000000000	0.001025693
ASV_8834	0.001126	0.0006170377	0.0000000000	0.0027598289
ASV_8848	0.001553	0.004036850	0.000000000	0.000622634
ASV_8945	0.000916	0.0001231394	0.0023777055	0.0002480454
ASV_9109	0.001287	0.002003582	0.001856047	0.000000000
ASV_9258	0.001154	7.368111e-05	1.239097e-03	2.148374e-03
ASV_9411	0.001006	0.0028279574	0.0001915092	0.0000000000
ASV_9819	0.00106	0.0030314365	0.0000000000	0.0001475997
ASV_9945	0.001071	0.000000000	0.001262626	0.001949239
ASV_681	0.000976	0.000000000	0.002927351	0.000000000
ASV_1823	0.001869	0.000123043	0.005483714	0.000000000
ASV_2212	0.001306	0.0029954689	0.0009216397	0.0000000000
ASV_3676	0.001269	0.0012416359	0.0019724640	0.0005921527
ASV_3102	0.000755	0.000000000	0.002266033	0.000000000
ASV_3183	0.000905	0.0000000000	0.0026016750	0.0001122849
ASV_3181	0.001288	0.0031584807	0.0001578283	0.0005473490
ASV_2844	0.001001	0.0010126356	0.0007563445	0.0012351335
ASV_3658	0.001173	0.0004354908	0.0030844256	0.0000000000
ASV_3326	0.001019	0.0007479332	0.0003873447	0.0019213387
ASV_3871	0.001449	0.001752415	0.001488621	0.001106108
ASV_4738	0.000965	0.0015905472	0.0011909668	0.0001122849
ASV_4346	0.001475	0.0016573919	0.0022151973	0.0005537148
ASV_4707	0.00119	0.0001122758	0.0030943299	0.0003624958
ASV_5188	0.001318	0.002408647	0.000000000	0.001545064
ASV_4452	0.001168	0.000000000	0.000000000	0.003502846
ASV_6859	0.001033	0.0002977462	0.0028009984	0.0000000000
ASV_5440	0.001193	0.0005791371	0.0009214053	0.0020782574
ASV_7016	0.001135	0.0012922464	0.0012944633	0.0008186189
ASV_5796	0.001145	0.001490560	0.001945915	0.000000000
ASV_9313	0.000901	0.0010751641	0.0006093809	0.0010192801
ASV_5036	0.001589	0.001642253	0.003124284	0.000000000
ASV_6109	0.000895	0.0004810256	0.0000000000	0.0022049656
ASV_5785	0.000969	0.0020204579	0.0007389531	0.0001475997
ASV_6747	0.001447	0.0011810001	0.0004761905	0.0026839878
ASV_8460	0.001483	0.0001209921	0.0040170806	0.0003115032
ASV_6754	0.000931	0.000895849	0.000139237	0.001759198
ASV_6515	0.000897	0.0008571792	0.0014751421	0.0003579094
ASV_6726	0.001392	0.002021727	0.002155048	0.000000000
ASV_8230	0.001209	0.0006735123	0.0001915092	0.0027610921
ASV_6084	0.001374	0.000000000	0.004122581	0.000000000
ASV_8297	0.001675	0.000000000	0.003810249	0.001213580
ASV_6850	0.001076	0.0004070002	0.0011205363	0.0016998695
ASV_7052	0.000972	0.0007270989	0.0001393977	0.0020480333
ASV_6184	0.000839	0.000000000	0.000000000	0.002515641
ASV_9676	0.000984	0.0001209921	0.0015986047	0.0012320865
ASV_6732	0.001118	0.0003691399	0.0015951881	0.0013904486
ASV_7094	0.001101	0.0001879162	0.0002784740	0.0028363777
ASV_9447	0.001234	0.0004491031	0.0023535280	0.0008984617
ASV_8168	0.001345	0.0010555170	0.0020612098	0.0009180506
ASV_7420	0.001038	0.001617432	0.001496840	0.000000000
ASV_7818	0.001009	0.0009863105	0.0018759421	0.0001636297
ASV_8068	0.000822	0.0000000000	0.0002786347	0.0021885430
ASV_9887	0.001073	0.0008942746	0.0010423163	0.0012826135
ASV_9936	0.000955	0.0001122758	0.0001392370	0.0026123435
ASV_6862	0.0012	0.000123043	0.000000000	0.003475702
ASV_8368	0.000959	0.0022633168	0.0004974523	0.0001170198
ASV_6863	0.000757	0.0001209921	0.0021499311	0.0000000000
ASV_7483	0.001215	0.0025505648	0.0008858161	0.0002076171
ASV_8614	0.001658	0.002029452	0.002943422	0.000000000
ASV_7029	0.000828	0.0016692337	0.0002606692	0.0005535542
ASV_7292	0.001045	0.0008388154	0.0015358047	0.0007604274
ASV_8301	0.001414	0.0005681818	0.0025864061	0.0010885189
ASV_9011	0.001255	0.003765952	0.000000000	0.000000000
ASV_9121	0.001199	0.001382070	0.001144496	0.001071720
ASV_8111	0.001432	0.0006152423	0.0034418888	0.0002374646
ASV_7217	0.001259	0.0001984694	0.0030414406	0.0005360890
ASV_8321	0.00094	0.0024588906	0.0003622511	0.0000000000
ASV_7346	0.001169	0.0007266013	0.0021013018	0.0006799934
ASV_8813	0.001023	0.0009154179	0.0020159907	0.0001386255
ASV_7574	0.001332	0.0008891108	0.0015500541	0.0015579390
ASV_7875	0.000755	0.000000000	0.002266033	0.000000000
ASV_7802	0.001502	0.000300192	0.001967765	0.002239320
ASV_8427	0.000955	0.0022262241	0.0000000000	0.0006396591
ASV_8453	0.000982	0.0006815823	0.0007660370	0.0014986904
ASV_7499	0.00088	0.0009000613	0.0001038085	0.0016357955
ASV_8020	0.000933	1.117079e-03	1.584010e-03	9.722028e-05
ASV_8143	0.000936	0.000595256	0.001123712	0.001090100
ASV_8212	0.00084	0.0006953819	0.0014091813	0.0004158765
ASV_9171	0.001542	0.0019594163	0.0021925044	0.0004726151
ASV_9397	0.001014	0.0009710071	0.0000000000	0.0020713918
ASV_7634	0.000709	0.0011328055	0.0001578283	0.0008365853
ASV_7661	0.001006	0.0013580766	0.0001915092	0.0014698377
ASV_7926	0.001042	0.0010865005	0.0014109611	0.0006295146
ASV_8269	0.000837	0.0000000000	0.0019680420	0.0005443993
ASV_8445	0.001039	0.0005167151	0.0005232736	0.0020769273
ASV_8554	0.000859	0.001117079	0.000000000	0.001459703
ASV_8855	0.001026	0.0029344034	0.0001423406	0.0000000000
ASV_8942	0.001609	0.0000000000	0.0046023289	0.0002245697
ASV_9112	0.001111	0.0018584098	0.0005631553	0.0009113249
ASV_9257	0.000857	0.0001122758	0.0006614925	0.0017965578
ASV_9826	0.001059	0.0008388771	0.0015419418	0.0007976145
ASV_7642	0.001126	0.0007581761	0.0020399864	0.0005789056
ASV_8136	0.001135	0.001962829	0.000000000	0.001441669
ASV_9716	0.000808	0.0004559849	0.0001161019	0.0018525178
ASV_9725	0.001227	0.002610391	0.001071755	0.000000000
ASV_9789	0.000835	0.0011144925	0.0007266597	0.0006647957
ASV_8274	0.001011	0.0000000000	0.0004986183	0.0025343284
ASV_8655	0.000954	0.0020352995	0.0003156566	0.0005123096
ASV_8984	0.001145	0.000000000	0.000000000	0.003436224
ASV_7892	0.000791	0.000000000	0.000000000	0.002372816
ASV_7966	0.001048	0.003142578	0.000000000	0.000000000
ASV_8071	0.001206	0.0001230430	0.0003562776	0.0031378735
ASV_8215	0.000848	0.002543545	0.000000000	0.000000000
ASV_8420	0.000925	0.002775465	0.000000000	0.000000000
ASV_8428	0.000922	0.0026526518	0.0000000000	0.0001122849
ASV_8435	0.001003	0.0001122758	0.0013869353	0.0015106325
ASV_8447	0.001471	0.0006938760	0.0032968008	0.0004218572
ASV_8701	0.000849	0.000000000	0.002548425	0.000000000
ASV_8857	0.000956	0.0011370386	0.0014386723	0.0002916608
ASV_9104	0.00152	0.0005549944	0.0038890125	0.0001170198
ASV_9126	0.000993	0.0008339135	0.0015421691	0.0006025298
ASV_9224	0.001889	0.0001122758	0.0046494993	0.0009055615
ASV_9464	0.00111	0.0003355142	0.0023066825	0.0006875897
ASV_9523	0.001105	0.000000000	0.003314394	0.000000000
ASV_9531	0.000776	0.0000000	0.0023275	0.0000000
ASV_1976	0.00165	0.0004249316	0.0045260304	0.0000000000
ASV_4221	0.000986	0.0010469841	0.0016708658	0.0002408896
ASV_2443	0.001419	0.000000000	0.000618323	0.003637183
ASV_3237	0.001155	0.0013124422	0.0016287332	0.0005227006
ASV_2824	0.001297	0.000000000	0.001271741	0.002618075
ASV_3405	0.00149	0.0012189803	0.0009759768	0.0022755768
ASV_3519	0.001347	0.0007246371	0.0022302315	0.0010866634
ASV_4143	0.001159	0.0016194568	0.0017098209	0.0001475997
ASV_3868	0.001033	0.0027434773	0.0000000000	0.0003543359
ASV_3301	0.001048	0.000000000	0.001012534	0.002130422
ASV_6825	0.0012	0.0003476909	0.0023880271	0.0008652180
ASV_4082	0.000867	0.002602445	0.000000000	0.000000000
ASV_4665	0.000892	0.002396671	0.000278474	0.000000000
ASV_3850	0.001073	0.0004544501	0.0027655324	0.0000000000
ASV_5115	0.001329	0.001570658	0.001201635	0.001213803
ASV_5060	0.001208	0.0001968333	0.0034267031	0.0000000000
ASV_9643	0.001109	0.002089181	0.001238839	0.000000000
ASV_9840	0.001231	0.0018689585	0.0003824432	0.0014405087
ASV_5383	0.001072	0.0008490922	0.0005265817	0.0018411000
ASV_8309	0.001575	0.0006324716	0.0026683570	0.0014229921
ASV_6692	0.001173	0.0010820999	0.0003900322	0.0020471181
ASV_6861	0.001036	0.0006375241	0.0010669222	0.0014039809
ASV_6587	0.000923	0.0001209921	0.0012920933	0.0013566306
ASV_8341	0.001276	0.0006906523	0.0030194340	0.0001170198
ASV_8531	0.001001	0.0009540804	0.0009399664	0.0011093396
ASV_9015	0.000696	0.0012656389	0.0001392370	0.0006831791
ASV_7763	0.001394	0.000000000	0.002823361	0.001358546
ASV_7770	0.001342	0.0005756212	0.0021782815	0.0012735071
ASV_6790	0.000999	0.0018008822	0.0008592090	0.0003381098
ASV_7295	0.001279	0.0010154316	0.0007948035	0.0020262201
ASV_8255	0.001697	0.0006373974	0.0044531037	0.0000000000
ASV_6710	0.001035	0.000000000	0.000000000	0.003103597
ASV_7115	0.00141	0.0008469449	0.0030551805	0.0003272594
ASV_7172	0.001181	0.003542505	0.000000000	0.000000000
ASV_6792	0.001723	0.000423235	0.004746597	0.000000000
ASV_6151	0.000948	0.0004827301	0.0015011757	0.0008601093
ASV_8845	0.001025	0.001148604	0.000000000	0.001926887
ASV_9660	0.001164	0.0005054560	0.0021481635	0.0008384443
ASV_8369	0.001072	0.0023226578	0.0008942995	0.0000000000
ASV_9770	0.000877	0.0016337462	0.0001915092	0.0008065769
ASV_6751	0.000789	0.0014442525	0.0006968117	0.0002245697
ASV_7754	0.001116	0.0028321615	0.0000000000	0.0005160899
ASV_8310	0.000588	1.666698e-03	0.000000e+00	9.722028e-05
ASV_9463	0.001092	0.0023101452	0.0006885607	0.0002759146
ASV_8216	0.001026	0.0021646448	0.0005860852	0.0003272594
ASV_9731	0.001424	0.0010294104	0.0025171353	0.0007267373
ASV_8197	0.000928	0.001530390	0.001254579	0.000000000
ASV_9450	0.000802	0.0015163592	0.0002846813	0.0006058645
ASV_9458	0.001016	0.000614710	0.001854029	0.000578719
ASV_9778	0.000822	0.0002705016	0.0004868270	0.0017074034
ASV_9923	0.001167	0.0002235786	0.0009620594	0.0023163362
ASV_7356	0.000982	0.0011862637	0.0007117032	0.0010471861
ASV_7454	0.000958	0.0014044674	0.0010543608	0.0004152341
ASV_8049	0.001022	0.0000000000	0.0028409091	0.0002245697
ASV_9023	0.001183	0.0006531955	0.0005477869	0.0023473627
ASV_7726	0.001285	0.001452918	0.000000000	0.002403151
ASV_9322	0.000799	0.0000000000	0.0021897512	0.0002075447
ASV_8392	0.000933	0.0016636264	0.0005755392	0.0005598190
ASV_7995	0.001077	0.0029908162	0.0000000000	0.0002408896
ASV_8226	0.000848	0.0009593340	0.0004194651	0.0011646231
ASV_9787	0.001324	0.0013628591	0.0003873447	0.0022204817
ASV_7980	0.00085	0.0004065137	0.0014188781	0.0007235660
ASV_8013	0.001018	0.001746239	0.000000000	0.001309038
ASV_9502	0.000847	0.0006049607	0.0000000000	0.0019362264
ASV_8432	0.00094	0.0008386637	0.0000000000	0.0019807819
ASV_8642	0.001046	0.0003247416	0.0017226459	0.0010912682
ASV_9902	0.002294	0.0001122758	0.0067692746	0.0000000000
ASV_7431	0.000861	0.0013121518	0.0008292914	0.0004427992
ASV_7871	0.001211	0.000000000	0.001649477	0.001984363
ASV_8203	0.001028	0.0005372074	0.0013383045	0.0012080609
ASV_8636	0.001445	0.0007566431	0.0003576538	0.0032193885
ASV_8737	0.000791	0.00000000	0.00000000	0.00237422
ASV_8952	0.001049	0.000000000	0.000000000	0.003147932
ASV_9098	0.001186	0.003558383	0.000000000	0.000000000
ASV_9178	0.001134	0.0009276792	0.0003873447	0.0020879618
ASV_9699	0.000867	0.0011364775	0.0002846813	0.0011797474
ASV_9704	0.00078	0.0015955526	0.0002606692	0.0004841021
ASV_7854	0.001252	0.000000000	0.000000000	0.003756303
ASV_8645	0.000791	0.0011502708	0.0003499577	0.0008720250
ASV_7978	0.00124	0.0004065137	0.0008652557	0.0024469934
ASV_8238	0.001238	0.0003124424	0.0026811294	0.0007200714
ASV_8481	0.001206	0.000000000	0.003617414	0.000000000
ASV_8485	0.001329	0.000000000	0.003986323	0.000000000
ASV_8938	0.001027	0.0000000	0.0030822	0.0000000
ASV_9532	0.00094	0.000000000	0.002820574	0.000000000
ASV_9552	0.001163	0.00000000	0.00000000	0.00348996
ASV_9774	0.000916	0.0020945648	0.0000000000	0.0006545188
ASV_1811	0.000881	0.0000000000	0.0021932200	0.0004501287
ASV_4459	0.001466	0.0015399652	0.0021314651	0.0007261531
ASV_3360	0.00091	0.000000000	0.000971157	0.001759351
ASV_3535	0.000935	0.0000000000	0.0020601589	0.0007441362
ASV_3725	0.000956	0.0001879162	0.0026788928	0.0000000000
ASV_5779	0.000958	0.0020953166	0.0005848502	0.0001944406
ASV_4586	0.001601	0.000123043	0.004679012	0.000000000
ASV_4030	0.000999	0.0021313117	0.0003309069	0.0005355341
ASV_4296	0.000947	0.0012389969	0.0007803566	0.0008218046
ASV_8144	0.001029	0.0012471585	0.0009295915	0.0009113249
ASV_4659	0.000929	0.0009923166	0.0009644441	0.0008301787
ASV_5022	0.000754	0.0000000000	0.0018453377	0.0004158765
ASV_5137	0.00122	0.0016219083	0.0014293504	0.0006083757
ASV_4442	0.000918	0.0005828476	0.0010812818	0.0010884818
ASV_5623	0.000997	0.0017285730	0.0009014506	0.0003603303
ASV_5454	0.001016	0.0005544267	0.0015745934	0.0009177474
ASV_4875	0.001028	0.0016241937	0.0003873447	0.0010723138
ASV_5262	0.00106	0.0022532848	0.0000000000	0.0009273989
ASV_5437	0.001228	0.000000000	0.000000000	0.003685208
ASV_7281	0.001018	0.0001117893	0.0011465766	0.0017961203
ASV_8132	0.001113	0.0018513123	0.0003562776	0.0011322527
ASV_5131	0.001134	0.000000000	0.001100557	0.002301727
ASV_6758	0.001098	0.0001473622	0.0011144438	0.0020331644
ASV_5794	0.00085	0.0004915578	0.0020597093	0.0000000000
ASV_6491	0.0011	0.0011252271	0.0015263121	0.0006479637
ASV_8546	0.001041	0.001147437	0.001974438	0.000000000
ASV_9061	0.000901	0.000000000	0.001205319	0.001496723
ASV_5244	0.001085	0.000000000	0.000000000	0.003254028
ASV_6447	0.001326	0.0004598758	0.0025847621	0.0009345096
ASV_7561	0.001004	0.0003353679	0.0025551637	0.0001204448
ASV_6031	0.000775	0.0013989680	0.0009271598	0.0000000000
ASV_5746	0.000819	2.360806e-03	0.000000e+00	9.722028e-05
ASV_7293	0.001179	0.0019409678	0.0008830200	0.0007142877
ASV_6389	0.001295	0.0001473622	0.0015526024	0.0021858655
ASV_6888	0.001133	0.0020099977	0.0008314095	0.0005563232
ASV_7902	0.000816	0.000000000	0.002448957	0.000000000
ASV_9162	0.001198	0.001310404	0.002282725	0.000000000
ASV_6297	0.000861	0.0011447855	0.0009062855	0.0005321092
ASV_6398	0.001299	0.0003124369	0.0032327399	0.0003510595
ASV_6708	0.000737	0.000000000	0.000000000	0.002211098
ASV_6972	0.00095	0.0012860496	0.0010272526	0.0005371356
ASV_7118	0.001232	0.000827891	0.002867666	0.000000000
ASV_7307	0.001145	0.0008982063	0.0012171989	0.0013202751
ASV_7276	0.00088	0.0023573875	0.0002817383	0.0000000000
ASV_7353	0.000864	0.001437178	0.000139237	0.001015173
ASV_7993	0.000972	0.0007847596	0.0013856288	0.0007464941
ASV_8048	0.001319	0.0000000000	0.0033459998	0.0006096747
ASV_9881	0.000883	0.0000000000	0.0022006825	0.0004491394
ASV_6816	0.000517	0.001552374	0.000000000	0.000000000
ASV_7151	0.001067	0.0013118530	0.0009627080	0.0009269013
ASV_7229	0.001024	0.0000000000	0.0007153076	0.0023566335
ASV_9113	0.001245	0.0024706296	0.0001915092	0.0010731351
ASV_9617	0.000979	0.0003016697	0.0021967786	0.0004388098
ASV_9835	0.000981	0.0006707987	0.0013981740	0.0008745048
ASV_7417	0.001043	0.0002235786	0.0000000000	0.0029047906
ASV_7935	0.001044	0.0023751451	0.0006452755	0.0001122849
ASV_7026	0.000851	0.001354340	0.001197174	0.000000000
ASV_8022	0.001122	0.0001230485	0.0011630092	0.0020805139
ASV_8234	0.00078	0.0004921938	0.0018480162	0.0000000000
ASV_9736	0.001317	0.0009864689	0.0029655989	0.0000000000
ASV_6998	0.000746	0.0014703524	0.0000000000	0.0007690414
ASV_7274	0.000805	0.0004249316	0.0000000000	0.0019893372
ASV_7723	0.000955	0.001241253	0.001625161	0.000000000
ASV_8843	0.000922	0.002486887	0.000278474	0.000000000
ASV_7275	0.000627	0.0010747143	0.0001915092	0.0006134508
ASV_7756	0.000808	0.0004925575	0.0002846813	0.0016463774
ASV_8015	0.00093	0.0007289679	0.0008635982	0.0011984080
ASV_8744	0.000972	0.0015852838	0.0004985451	0.0008323563
ASV_8898	0.000972	0.0005675984	0.0023498195	0.0000000000
ASV_8438	0.001294	0.0003935575	0.0023224285	0.0011662512
ASV_8908	0.001532	0.0000000	0.0045971	0.0000000
ASV_8544	0.000938	0.0009427849	0.0008470117	0.0010250640
ASV_8871	0.00093	0.0001209921	0.0006281329	0.0020423488
ASV_9108	0.000955	0.0020204579	0.0000000000	0.0008455204
ASV_8498	0.00143	0.000000000	0.000000000	0.004288761
ASV_8968	0.000736	0.000000000	0.000000000	0.002209172
ASV_9304	0.001	0.0001122758	0.0004761905	0.0024112606
ASV_7994	0.000934	0.0021349079	0.0006676998	0.0000000000
ASV_8456	0.001553	0.0003109592	0.0026438646	0.0017032529
ASV_9437	0.000766	0.002298851	0.000000000	0.000000000
ASV_9743	0.000951	0.0010328537	0.0010316984	0.0007872316
ASV_7963	0.000654	0.0015801445	0.0003830185	0.0000000000
ASV_8366	0.000945	0.0012497641	0.0005569479	0.0010267969
ASV_8385	0.000763	0.0006037223	0.0000000000	0.0016855446
ASV_8440	0.000693	0.0003684055	0.0008668429	0.0008431134
ASV_9190	0.001213	0.000000000	0.003638676	0.000000000
ASV_9705	0.00107	0.001153517	0.001023960	0.001031357
ASV_7722	0.00179	0.0006477866	0.0042311005	0.0004908891
ASV_8081	0.000626	0.000000000	0.000000000	0.001877314
ASV_8406	0.001045	0.0002124658	0.0029240210	0.0000000000
ASV_8416	0.000999	0.0025061884	0.0000000000	0.0004908891
ASV_8634	0.000755	0.0019117760	0.0001578283	0.0001944406
ASV_8706	0.000774	0.000000000	0.002323264	0.000000000
ASV_8713	0.000931	0.000000000	0.001096783	0.001696067
ASV_9430	0.000906	0.0008469449	0.0017530357	0.0001170198
ASV_9790	0.000834	0.0006049607	0.0009469697	0.0009488702
ASV_9791	0.000947	0.0012532492	0.0012968759	0.0002916608
ASV_9796	0.000877	0.0008274045	0.0009550492	0.0008472037
ASV_7797	0.000975	0.0013583352	0.0013591358	0.0002075447
ASV_7798	0.000581	0.001742915	0.000000000	0.000000000
ASV_8088	0.000653	0.000000000	0.000000000	0.001957582
ASV_8207	0.00109	0.003269627	0.000000000	0.000000000
ASV_8295	0.001089	0.000000000	0.000000000	0.003265587
ASV_8412	0.000957	0.002871555	0.000000000	0.000000000
ASV_8510	0.000626	0.000000000	0.000000000	0.001877314
ASV_8641	0.000822	0.0001122758	0.0002322039	0.0021223797
ASV_8826	0.000783	0.0020384197	0.0001161019	0.0001944406
ASV_8852	0.000895	0.001399156	0.000000000	0.001287218
ASV_8863	0.001167	0.003500891	0.000000000	0.000000000
ASV_8889	0.000716	0.0005165076	0.0010666008	0.0005652996
ASV_9096	0.000581	0.001742915	0.000000000	0.000000000
ASV_9251	0.000749	0.000000000	0.000139237	0.002106357
ASV_9443	0.001004	0.0010496030	0.0009822897	0.0009808490
ASV_9466	0.001112	0.0002460969	0.0025451796	0.0005444716
ASV_9884	0.001651	0.000000000	0.004952715	0.000000000
ASV_9939	0.000914	0.000000000	0.000000000	0.002743304
ASV_581	0.001058	0.0014129981	0.0014505307	0.0003115032
ASV_1194	0.000945	0.0005588120	0.0020675352	0.0002075447
ASV_2605	0.00146	0.0003109592	0.0035092199	0.0005595486
ASV_2539	0.00116	0.0003863856	0.0028875046	0.0002075447
ASV_2238	0.001195	0.0004925575	0.0006249711	0.0024682544
ASV_2427	0.001276	0.0002440351	0.0030708092	0.0005143425
ASV_3306	0.001195	0.000000000	0.002229407	0.001354534
ASV_8762	0.000894	0.0007079944	0.0010020991	0.0009726256
ASV_2815	0.000583	0.000000000	0.000000000	0.001749965
ASV_2626	0.001452	0.000000000	0.000000000	0.004356919
ASV_4327	0.000877	0.0011311770	0.0010042229	0.0004960908
ASV_3548	0.000946	0.0010266320	0.0002584426	0.0015534852
ASV_5679	0.001073	0.0013892858	0.0006658186	0.0011628494
ASV_3053	0.000562	0.001686889	0.000000000	0.000000000
ASV_3312	0.001134	0.0031493335	0.0001393977	0.0001122849
ASV_4740	0.001062	0.0007660678	0.0000000000	0.0024210249
ASV_4483	0.001224	0.0002124658	0.0028960892	0.0005624136
ASV_3745	0.001012	0.0012003059	0.0011587787	0.0006762197
ASV_3994	0.001079	0.0004814157	0.0008130904	0.0019439081
ASV_4758	0.001103	0.0005863327	0.0016546491	0.0010676832
ASV_4055	0.000932	0.0008698217	0.0011577679	0.0007671656
ASV_4574	0.001151	0.001698946	0.001754334	0.000000000
ASV_5303	0.000927	0.0021570724	0.0004177109	0.0002075447
ASV_5382	0.001208	0.0003198818	0.0022726135	0.0010323857
ASV_4547	0.001187	0.000000000	0.000000000	0.003561126
ASV_4971	0.001102	0.0010244894	0.0016224249	0.0006600541
ASV_6009	0.001464	0.0000000000	0.0036547726	0.0007369804
ASV_5457	0.000905	0.000000000	0.001113148	0.001600377
ASV_7457	0.001154	0.0005146588	0.0001915092	0.0027560647
ASV_6095	0.001869	0.000000000	0.000000000	0.005607057
ASV_5616	0.001939	0.000000000	0.005816537	0.000000000
ASV_6306	0.000905	0.001442312	0.001272032	0.000000000
ASV_5942	0.000827	0.0009730025	0.0004317585	0.0010776549
ASV_6320	9e-04	0.0010429470	0.0012291597	0.0004284802
ASV_6882	0.000752	1.031652e-03	1.126311e-03	9.722028e-05
ASV_5818	0.001013	0.0012067730	0.0002846813	0.0015476202
ASV_6354	0.001266	0.0004452472	0.0033513586	0.0000000000
ASV_6193	0.000982	0.0001230485	0.0025660114	0.0002556453
ASV_6008	0.000783	0.0006688334	0.0015688201	0.0001122849
ASV_7764	0.000838	0.000000000	0.001151821	0.001361498
ASV_8340	0.001108	0.0009671588	0.0015182301	0.0008384380
ASV_6478	0.001165	0.0003583618	0.0021317074	0.0010047856
ASV_7414	0.001112	0.0004003820	0.0024402743	0.0004960908
ASV_7928	0.000827	0.0006740320	0.0009181875	0.0008879493
ASV_6479	0.000697	0.0003694181	0.0000000000	0.0017230637
ASV_7402	0.000635	0.000000000	0.000000000	0.001904377
ASV_9265	0.000872	0.0000000000	0.0008164804	0.0018000889
ASV_6581	0.001083	0.0000000000	0.0007153076	0.0025325499
ASV_7459	0.000842	0.0014864001	0.0003811896	0.0006597205
ASV_6481	0.001002	0.0001859569	0.0021420374	0.0006768389
ASV_7213	0.000886	0.0000000000	0.0020036792	0.0006545188
ASV_7009	0.001226	0.002388745	0.001288743	0.000000000
ASV_9124	8e-04	0.0013530708	0.0001038085	0.0009430086
ASV_9599	0.001209	0.000777783	0.001186311	0.001662304
ASV_7795	0.000775	0.0020065095	0.0002076171	0.0001122849
ASV_6509	0.001036	0.0018948026	0.0005779651	0.0006347163
ASV_6939	0.000896	0.000000000	0.001653731	0.001032803
ASV_7279	0.001344	0.0005018363	0.0021760411	0.0013540517
ASV_7497	0.000809	0.0002441315	0.0005152282	0.0016684135
ASV_6908	0.000647	0.0015610000	0.0001161019	0.0002646196
ASV_7291	0.000701	0.0007866574	0.0000000000	0.0013165696
ASV_9603	0.001346	0.0006228285	0.0024633050	0.0009530121
ASV_7596	0.000845	0.0008771119	0.0005745277	0.0010842734
ASV_7041	0.001035	0.0027999327	0.0000000000	0.0003048373
ASV_7710	0.000817	0.0002124658	0.0002817383	0.0019561869
ASV_9145	0.000743	0.0007413448	0.0014874220	0.0000000000
ASV_9821	0.000757	0.0004565064	0.0016073266	0.0002076171
ASV_7257	0.000854	0.0009152948	0.0008528945	0.0007933409
ASV_8951	0.000872	7.368111e-05	1.767076e-03	7.763988e-04
ASV_9674	0.001124	0.0003863856	0.0007466528	0.0022388287
ASV_7841	0.000949	0.0005462835	0.0009281914	0.0013714455
ASV_6975	0.00104	0.0000000000	0.0007338527	0.0023856349
ASV_7991	0.00071	0.0002124658	0.0008037239	0.0011127287
ASV_9554	0.000817	0.0002124658	0.0000000000	0.0022386196
ASV_9920	0.000908	0.0007290346	0.0002322039	0.0017618070
ASV_8003	0.000867	0.0006802864	0.0011387527	0.0007832800
ASV_9422	0.000785	0.0013840249	0.0006937081	0.0002759146
ASV_7777	0.000748	0.0018253698	0.0004194651	0.0000000000
ASV_8969	0.000735	0.000000000	0.000000000	0.002205416
ASV_9412	0.000926	0.0014448732	0.0012209305	0.0001122849
ASV_9823	0.000742	0.0013064725	0.0000000000	0.0009201763
ASV_8522	0.000892	0.0005681818	0.0003900322	0.0017186272
ASV_8976	0.000976	0.0000000000	0.0003576538	0.0025691404
ASV_9172	0.001031	0.001144872	0.001621147	0.000326525
ASV_9862	0.001006	0.0003691399	0.0016006005	0.0010472123
ASV_8830	0.001065	0.0008582072	0.0003830185	0.0019536010
ASV_9107	0.001082	0.0010451535	0.0012815265	0.0009182058
ASV_9377	0.000531	0.0013401582	0.0001038085	0.0001475997
ASV_9860	0.000952	0.0000000000	0.0024882061	0.0003684902
ASV_8181	0.000531	0.001593017	0.000000000	0.000000000
ASV_8214	0.000671	0.0001231394	0.0012156543	0.0006737092
ASV_8757	0.001094	0.0023618964	0.0003562776	0.0005634762
ASV_9291	0.000742	0.0011128224	0.0007258580	0.0003884893
ASV_9766	0.001075	0.0006494832	0.0011471100	0.0014292507
ASV_9772	0.001061	0.0008785900	0.0015773628	0.0007265925
ASV_9850	0.001118	0.000000000	0.003353245	0.000000000
ASV_8194	0.000994	0.002981145	0.000000000	0.000000000
ASV_8619	0.00076	0.0006926606	0.0013638914	0.0002245697
ASV_9470	0.000852	0.0011267211	0.0005662589	0.0008636606
ASV_9534	0.000878	0.0002124658	0.0018644146	0.0005565641
ASV_8166	0.000849	0.0018599736	0.0005755392	0.0001122849
ASV_8267	0.001295	0.000000000	0.003884341	0.000000000
ASV_8532	0.000661	0.0009298873	0.0000000000	0.0010531785
ASV_8609	0.000931	0.0015864557	0.0004839053	0.0007226687
ASV_9159	0.000816	0.0010291878	0.0003562776	0.0010621433
ASV_9410	0.000857	0.0006479566	0.0003826039	0.0015396655
ASV_9465	0.000943	0.0007046596	0.0016128054	0.0005126650
ASV_9813	0.00116	0.0009841667	0.0004839053	0.0020124960
ASV_8089	0.001025	0.000000000	0.000000000	0.003074075
ASV_8188	0.000978	0.0014525278	0.0007110637	0.0007705478
ASV_8190	0.000872	0.002616916	0.000000000	0.000000000
ASV_8488	0.00067	0.0000000000	0.0002430455	0.0017664286
ASV_8623	0.000978	0.0019988924	0.0000000000	0.0009341372
ASV_8892	0.000871	0.002612945	0.000000000	0.000000000
ASV_8949	0.001149	0.000000000	0.003447166	0.000000000
ASV_8978	0.001225	0.000000000	0.000000000	0.003675859
ASV_9095	0.000966	0.0024485283	0.0001393977	0.0003115032
ASV_9154	0.000733	0.0008668691	0.0013317563	0.0000000000
ASV_9221	0.000871	0.0002124658	0.0023991564	0.0000000000
ASV_9225	0.000858	0.000000000	0.002019725	0.000554502
ASV_9256	0.000674	0.000000000	0.000000000	0.002021128
ASV_9375	0.001011	0.003032736	0.000000000	0.000000000
ASV_9399	0.000918	0.001481913	0.001273010	0.000000000
ASV_9400	0.001294	0.0005092146	0.0023867856	0.0009869799
ASV_9409	0.001069	0.0014137505	0.0015465370	0.0002480454
ASV_1286	0.001046	0.001143571	0.000000000	0.001995862
ASV_1480	0.000891	0.0019423922	0.0001915092	0.0005397062
ASV_1941	0.000927	0.0009862869	0.0009999653	0.0007960251
ASV_3048	0.001217	0.0001231394	0.0019243397	0.0016036141
ASV_3178	0.001009	0.0004861489	0.0014842888	0.0010563708
ASV_4332	0.001476	0.0001984694	0.0039814667	0.0002480454
ASV_6636	0.001161	0.001619191	0.001205428	0.000657472
ASV_4236	0.001211	7.368111e-05	7.449985e-04	2.813705e-03
ASV_5074	0.001343	0.0002327814	0.0014899969	0.0023050642
ASV_4475	0.001011	0.000000000	0.000000000	0.003034458
ASV_5294	0.00099	0.000000000	0.001578860	0.001391893
ASV_5086	0.00075	0.0017589596	0.0000000000	0.0004908891
ASV_6933	0.000716	0.0008898833	0.0006366893	0.0006204046
ASV_4556	0.000769	0.0008722670	0.0004644078	0.0009711924
ASV_5002	0.000854	0.001310515	0.001252824	0.000000000
ASV_4830	0.000721	0.0004249316	0.0017376559	0.0000000000
ASV_5125	0.000906	0.0003355088	0.0020784573	0.0003048373
ASV_5267	0.000649	0.0001968333	0.0000000000	0.0017487317
ASV_8760	0.0011	0.0000000000	0.0027906849	0.0005100956
ASV_4988	0.000722	0.0000000000	0.0007512465	0.0014160579
ASV_5342	0.001059	0.000000000	0.001072961	0.002104798
ASV_6608	0.000825	0.0007859974	0.0009483131	0.0007420109
ASV_5078	0.000946	0.0001122758	0.0000000000	0.0027242866
ASV_5083	0.000771	0.0003691454	0.0019428899	0.0000000000
ASV_4948	0.001041	0.0017741579	0.0009068168	0.0004427992
ASV_6508	0.001192	0.0001968333	0.0021011895	0.0012776475
ASV_5502	0.001328	0.0001122758	0.0000000000	0.0038728167
ASV_5726	0.001336	0.000000000	0.000000000	0.004007302
ASV_6085	0.000781	0.0001117893	0.0022303630	0.0000000000
ASV_8289	0.001028	0.0010375678	0.0007581215	0.0012894526
ASV_7761	0.000934	0.000000000	0.001474804	0.001328377
ASV_6659	0.000883	0.0011469677	0.0001161019	0.0013862550
ASV_8526	0.001034	0.0007528906	0.0018455555	0.0005028165
ASV_5984	0.000971	0.0005901778	0.0014880255	0.0008354632
ASV_6720	0.000705	0.0020036209	0.0000000000	0.0001122849
ASV_5686	0.00092	0.000000000	0.000000000	0.002760852
ASV_7616	0.001235	0.0022428874	0.0012151771	0.0002480454
ASV_9079	0.000843	0.000923216	0.001364867	0.000242051
ASV_7599	0.000604	0.001535219	0.000000000	0.000277251
ASV_9609	0.001115	0.0013073091	0.0013358582	0.0007014593
ASV_7762	0.00107	6.487833e-04	2.462712e-03	9.722028e-05
ASV_7768	0.000769	0.002306551	0.000000000	0.000000000
ASV_8122	0.001015	0.0001122758	0.0000000000	0.0029325056
ASV_8676	0.000662	0.0001209921	0.0009914188	0.0008749825
ASV_7846	0.000869	0.0001230430	0.0009368724	0.0015462068
ASV_5973	0.001056	0.0010259199	0.0019356212	0.0002076171
ASV_6643	0.000743	0.000499780	0.000000000	0.001728875
ASV_7082	0.001067	0.000400382	0.001587610	0.001213105
ASV_7141	0.000577	0.0001473622	0.0013495109	0.0002327296
ASV_7458	0.000845	0.0014289066	0.0009948232	0.0001122849
ASV_6017	0.000725	0.0017677214	0.0000000000	0.0004087235
ASV_7566	0.001039	0.0010577359	0.0019117727	0.0001475997
ASV_9068	0.001086	0.0006831997	0.0015118018	0.0010640381
ASV_6592	0.000665	0.0002124658	0.0013334081	0.0004491394
ASV_7322	0.000486	0.0012932223	0.0000000000	0.0001636297
ASV_7964	0.000906	0.0008575945	0.0017131521	0.0001475997
ASV_8747	0.000968	0.0006328777	0.0022725772	0.0000000000
ASV_6644	0.000721	0.000917952	0.000000000	0.001245548
ASV_7636	0.000901	0.0024657949	0.0001161019	0.0001204448
ASV_7911	0.000895	0.0005018309	0.0004741565	0.0017084762
ASV_9131	0.001076	0.0013821759	0.0003156566	0.0015310589
ASV_9806	0.00052	0.0014163745	0.0001423406	0.0000000000
ASV_8391	0.000835	0.0016619486	0.0004000669	0.0004427992
ASV_7731	0.000695	0.0000000000	0.0004531461	0.0016322784
ASV_8422	0.001255	0.0019080701	0.0016162485	0.0002408896
ASV_8430	0.000645	0.0005951522	0.0000000000	0.0013397913
ASV_7194	0.000796	0.0009828713	0.0011800902	0.0002245697
ASV_8156	0.000809	6.932630e-04	1.637363e-03	9.722028e-05
ASV_7080	0.000654	0.000000000	0.001963086	0.000000000
ASV_7301	0.00095	0.0003124369	0.0019019242	0.0006362448
ASV_8107	0.000687	0.0004366575	0.0010447025	0.0005789994
ASV_9567	0.000922	0.0013985449	0.0012036954	0.0001636297
ASV_7245	0.000675	0.0000000000	0.0003576538	0.0016659212
ASV_8679	0.001339	0.000000000	0.004016417	0.000000000
ASV_8607	0.00083	0.0009262815	0.0001392370	0.0014241040
ASV_7855	0.000772	0.000000000	0.000000000	0.002315125
ASV_8096	0.000674	0.0012179843	0.0002953178	0.0005089341
ASV_8367	0.000708	0.0017681759	0.0003562776	0.0000000000
ASV_9413	0.000862	0.0016853032	0.0005730624	0.0003272594
ASV_9570	0.001059	0.0015942304	0.0010688328	0.0005124544
ASV_7415	0.000751	0.0003247416	0.0019294190	0.0000000000
ASV_9106	0.000794	0.0006544521	0.0007685866	0.0009578873
ASV_9549	0.000759	0.000000000	0.000000000	0.002277105
ASV_7936	0.000985	0.000000000	0.002954438	0.000000000
ASV_8322	0.000773	0.0020074173	0.0001915092	0.0001204448
ASV_9501	0.001106	0.0003090053	0.0022390012	0.0007706061
ASV_8865	0.000997	0.0023476830	0.0005277268	0.0001170198
ASV_9738	0.000989	0.001185517	0.001780325	0.000000000
ASV_7917	0.000716	0.0004354908	0.0012648643	0.0004491394
ASV_8795	0.00097	0.0012658964	0.0004600861	0.0011849927
ASV_9147	0.000758	0.0002419843	0.0017896714	0.0002408896
ASV_7804	0.001292	0.0009910475	0.0024243967	0.0004591029
ASV_8199	0.00079	0.0009513020	0.0010854107	0.0003330661
ASV_9118	0.000836	0.0007496732	0.0013397241	0.0004171222
ASV_9130	0.001128	0.0007373685	0.0019632066	0.0006827499
ASV_8032	0.000901	0.0000000000	0.0009723724	0.0017318037
ASV_8571	0.00109	0.0001984694	0.0000000000	0.0030725733
ASV_8790	0.000739	0.0019203464	0.0000000000	0.0002951995
ASV_8846	0.000725	0.0010121538	0.0002846813	0.0008785211
ASV_9426	0.000725	0.0018470905	0.0000000000	0.0003279894
ASV_9897	0.000843	0.0000000000	0.0007028744	0.0018260531
ASV_8228	0.000784	7.368111e-05	2.277450e-03	0.000000e+00
ASV_8382	0.000503	1.219541e-03	1.915092e-04	9.722028e-05
ASV_8389	0.000699	0.0001117893	0.0009262334	0.0010588141
ASV_8394	0.000494	0.001481228	0.000000000	0.000000000
ASV_8503	0.000994	0.000000000	0.000000000	0.002982426
ASV_8630	0.000687	0.0015302410	0.0005313361	0.0000000000
ASV_8705	0.001439	0.000000000	0.003071821	0.001246013
ASV_8829	0.000578	0.0012601847	0.0004734848	0.0000000000
ASV_8858	0.000904	0.002710762	0.000000000	0.000000000
ASV_9120	0.001003	0.002729619	0.000278474	0.000000000
ASV_9148	0.000815	0.001029892	0.001138725	0.000277251
ASV_9220	0.000661	0.000000000	0.001982153	0.000000000
ASV_9367	0.00062	0.0017212401	0.0001393977	0.0000000000
ASV_9741	0.000806	0.0001984694	0.0002787954	0.0019407570
ASV_9749	0.000963	0.0014747480	0.0005982303	0.0008166249
ASV_1673	0.000901	0.0001984694	0.0025041282	0.0000000000
ASV_2041	0.001115	0.001878192	0.001225852	0.000242051
ASV_2490	0.000892	0.0008044499	0.0005207480	0.0013495989
ASV_2719	0.000704	0.000000000	0.002112117	0.000000000
ASV_9043	0.000889	0.0003936667	0.0011580480	0.0011140506
ASV_9653	0.000759	0.0006780374	0.0009601185	0.0006379034
ASV_4803	0.000759	0.0014729667	0.0004177109	0.0003866709
ASV_4431	0.001546	0.0001893939	0.0039666817	0.0004829406
ASV_3643	0.00098	0.0012321669	0.0006133935	0.0010956215
ASV_4864	0.000842	0.000000000	0.002525253	0.000000000
ASV_5715	0.000798	0.0009645372	0.0011787025	0.0002509104
ASV_3970	0.000842	0.000000000	0.002525253	0.000000000
ASV_8133	0.000675	0.0006869471	0.0004991204	0.0008396885
ASV_5563	0.000828	0.0012967193	0.0008419599	0.0003452657
ASV_6299	0.000968	0.0011514796	0.0015876034	0.0001636297
ASV_4473	0.000933	0.0013106741	0.0002419527	0.0012460128
ASV_7576	0.000844	0.0008046089	0.0002786347	0.0014484019
ASV_6258	0.000956	0.000000000	0.001723583	0.001145408
ASV_4481	0.00071	0.002129467	0.000000000	0.000000000
ASV_5630	0.000957	0.0005791371	0.0014824977	0.0008107345
ASV_5367	0.000842	0.0010990814	0.0007353925	0.0006919060
ASV_6015	0.000699	0.0003758325	0.0000000000	0.0017220045
ASV_5181	0.000743	0.0000000000	0.0003873447	0.0018404559
ASV_7545	0.000675	0.0012873713	0.0001915092	0.0005463597
ASV_5236	0.000734	0.0002124658	0.0011998051	0.0007907290
ASV_6617	0.000848	0.0024323039	0.0000000000	0.0001122849
ASV_5612	0.000803	0.0003089999	0.0005342950	0.0015663312
ASV_5079	0.001046	0.0016607008	0.0005788539	0.0008993362
ASV_7381	0.000902	0.0013858769	0.0009732244	0.0003481306
ASV_8935	0.000874	0.0004673478	0.0010079694	0.0011477917
ASV_6641	0.000752	0.0007274908	0.0011145387	0.0004152341
ASV_5627	0.000859	0.001225451	0.000000000	0.001350386
ASV_5729	0.00101	0.0006248848	0.0022924123	0.0001122849
ASV_5562	0.000431	0.001293222	0.000000000	0.000000000
ASV_6154	0.001013	0.001966138	0.001072961	0.000000000
ASV_5795	0.000734	0.0003670836	0.0010759345	0.0007583482
ASV_6126	0.000656	0.0006912303	0.0001161019	0.0011610658
ASV_6600	0.00078	0.0013820293	0.0008423989	0.0001170198
ASV_8149	0.000908	0.0014569925	0.0007641158	0.0005019356
ASV_5694	0.000631	0.0014414917	0.0000000000	0.0004523647
ASV_5713	0.001173	0.000000000	0.001153382	0.002364282
ASV_8523	0.000806	0.0007660787	0.0001393977	0.0015119852
ASV_5949	0.000821	0.001403519	0.000000000	0.001060137
ASV_5844	0.000858	0.0009752778	0.0002817383	0.0013164770
ASV_6795	0.000904	0.0012313231	0.0002606692	0.0012202061
ASV_7305	0.000794	0.0016193221	0.0002787954	0.0004841021
ASV_9670	0.00075	0.0003085134	0.0009033704	0.0010369583
ASV_6593	0.001029	0.0009798465	0.0004839053	0.0016228293
ASV_6422	0.000841	0.0010351220	0.0011307483	0.0003580703
ASV_7006	0.00085	0.001006421	0.000000000	0.001544382
ASV_9825	0.000971	0.0004355763	0.0011528581	0.0013231242
ASV_6430	0.000896	0.001085123	0.001601620	0.000000000
ASV_6539	0.000897	0.001496626	0.001194040	0.000000000
ASV_8100	0.000698	0.0016669754	0.0001915092	0.0002340397
ASV_6026	0.001243	0.0006912303	0.0028911924	0.0001475997
ASV_6391	0.001077	0.0016577211	0.0013238524	0.0002480454
ASV_7418	0.000848	0.0000000000	0.0002787954	0.0022650491
ASV_7590	0.000937	0.0001230485	0.0007744707	0.0019148453
ASV_8161	0.001011	0.0006669159	0.0011100198	0.0012573503
ASV_7704	0.000849	0.0000000000	0.0015642896	0.0009817782
ASV_9010	0.001432	0.000000000	0.001053485	0.003241417
ASV_7682	0.000898	0.0000000000	0.0023829727	0.0003115032
ASV_6554	0.001353	0.0001209921	0.0028502209	0.0010869079
ASV_7185	0.000835	0.001960561	0.000545173	0.000000000
ASV_7665	0.000975	0.0009103818	0.0011086680	0.0009048741
ASV_9387	0.000654	0.001453895	0.000507786	0.000000000
ASV_7707	0.000681	0.000000000	0.000000000	0.002043126
ASV_8266	0.000719	0.000000000	0.001088440	0.001067683
ASV_8449	0.000978	0.0004939893	0.0012887952	0.0011522795
ASV_9176	0.000802	0.0005585393	0.0010967832	0.0007513946
ASV_9805	0.000993	0.0004563621	0.0020041684	0.0005191202
ASV_8864	0.000993	0.0026224846	0.0003562776	0.0000000000
ASV_9101	0.000805	0.0001117893	0.0015113252	0.0007912903
ASV_9913	0.000866	0.0009975369	0.0004614623	0.0011390817
ASV_8286	0.000751	0.0001879162	0.0004839053	0.0015813328
ASV_8631	0.000713	0.0011444555	0.0003644777	0.0006293788
ASV_8716	0.000743	0.000000000	0.002227792	0.000000000
ASV_9048	0.000755	0.0010322092	0.0005693626	0.0006632795
ASV_9211	0.001054	0.0000000000	0.0024230569	0.0007400262
ASV_9325	0.000972	0.0022929515	0.0003830185	0.0002408896
ASV_9312	0.000869	0.001131529	0.000000000	0.001476190
ASV_8467	0.000696	0.0000000000	0.0016058280	0.0004817791
ASV_9503	0.000991	0.000000000	0.002973814	0.000000000
ASV_7691	0.000815	0.000000000	0.002444832	0.000000000
ASV_9181	0.000946	0.0014047679	0.0010368666	0.0003956451
ASV_9420	0.000725	0.0014629859	0.0007117032	0.0000000000
ASV_9715	0.000703	0.0009877894	0.0006291677	0.0004908891
ASV_9751	0.00069	0.0012737145	0.0002076171	0.0005885241
ASV_8317	0.000834	0.0015746668	0.0007635399	0.0001636297
ASV_8443	0.000944	0.0014958665	0.0005391432	0.0007956053
ASV_8692	0.00104	0.000000000	0.003119833	0.000000000
ASV_9090	0.000567	0.0014692768	0.0002322039	0.0000000000
ASV_9132	0.000914	0.0002124658	0.0000000000	0.0025287828
ASV_9500	0.000783	0.0004249316	0.0019241528	0.0000000000
ASV_9820	0.000781	0.0008709817	0.0003483058	0.0011224493
ASV_8878	0.000846	0.0008953612	0.0000000000	0.0016420469
ASV_9871	0.001086	0.0000000000	0.0030109370	0.0002480454
ASV_8682	0.000777	0.0000000000	0.0016140668	0.0007181317
ASV_8736	0.000819	0.0000000000	0.0001161019	0.0023414784
ASV_9620	0.000673	0.0000000000	0.0001423406	0.0018776171
ASV_9885	0.000863	0.0000000000	0.0003576538	0.0022310816
ASV_9929	0.000806	0.0001230485	0.0010622372	0.0012324507
ASV_8822	0.000603	0.0012627199	0.0005453505	0.0000000000
ASV_9368	0.000842	0.0019723528	0.0001423406	0.0004116751
ASV_8616	0.000876	0.0008373506	0.0005682163	0.0012214863
ASV_8708	0.000637	0.0000000000	0.0004114197	0.0014985800
ASV_8839	0.000635	0.0001879162	0.0002322039	0.0014846572
ASV_8947	0.000737	0.000000000	0.002210081	0.000000000
ASV_9115	0.000709	0.000707898	0.001419818	0.000000000
ASV_9174	0.000712	0.0003691454	0.0016032512	0.0001636297
ASV_9581	0.000713	0.0000000000	0.0015147865	0.0006230064
ASV_9948	0.000843	0.0000000000	0.0001423406	0.0023880361
ASV_8583	0.000552	0.0008180980	0.0000000000	0.0008380206
ASV_8594	0.00051	0.001530699	0.000000000	0.000000000
ASV_8707	0.000735	0.0000000000	0.0014932753	0.0007106711
ASV_8734	0.000614	0.000000000	0.000000000	0.001842244
ASV_8735	0.000886	0.000000000	0.000000000	0.002659492
ASV_8840	0.000775	0.002325099	0.000000000	0.000000000
ASV_8862	0.000768	0.002303373	0.000000000	0.000000000
ASV_8894	0.00094	0.0002460969	0.0001423406	0.0024304159
ASV_8975	0.000703	0.00000000	0.00000000	0.00210998
ASV_9093	0.000507	0.001521871	0.000000000	0.000000000
ASV_9137	0.000806	0.0015312375	0.0008859533	0.0000000000
ASV_9139	0.000698	0.001064800	0.001029954	0.000000000
ASV_9455	0.000652	0.0008160492	0.0002846813	0.0008541611
ASV_9526	0.000743	0.000000000	0.002230363	0.000000000
ASV_9747	0.001028	0.0021246579	0.0000000000	0.0009594886
ASV_9898	0.000759	0.00000000	0.00227745	0.00000000
ASV_9947	0.000958	0.0007622181	0.0000000000	0.0021114299
ASV_230	0.000922	0.0000000000	0.0002322039	0.0025350845
ASV_1004	0.000791	0.0003124424	0.0009283784	0.0011336438
ASV_2557	0.000594	0.001781909	0.000000000	0.000000000
ASV_3720	0.001166	0.0004313782	0.0023872817	0.0006802322
ASV_5121	0.000926	0.0008827511	0.0000000000	0.0018947458
ASV_4723	0.000684	0.0012350336	0.0008164804	0.0000000000
ASV_5950	0.000649	0.0010049567	0.0000000000	0.0009410178
ASV_4548	0.000956	0.0002245516	0.0021580764	0.0004841021
ASV_7750	0.000669	0.0010954540	0.0007028744	0.0002075447
ASV_6724	0.000878	0.0004249316	0.0010131745	0.0011971016
ASV_6753	0.000975	0.0003356052	0.0010631556	0.0015250833
ASV_5872	0.000601	0.0015548844	0.0000000000	0.0002480454
ASV_6522	0.001132	5.637487e-04	2.733603e-03	9.722028e-05
ASV_5317	0.000838	0.000000000	0.002512643	0.000000000
ASV_5446	0.001125	0.0005791371	0.0023064212	0.0004900964
ASV_5718	0.001005	0.0008218710	0.0015775867	0.0006165356
ASV_9852	0.000671	0.0007045078	0.0008093044	0.0004989558
ASV_5884	0.000788	0.0007146551	0.0002553389	0.0013940689
ASV_6203	0.001105	0.000000000	0.002102990	0.001213034
ASV_5509	0.000938	0.0000000000	0.0020976530	0.0007161405
ASV_6201	0.000867	0.0016230910	0.0005267424	0.0004501287
ASV_9553	0.000829	0.0000000000	0.0003576538	0.0021289166
ASV_9319	0.000802	0.0003109592	0.0010763495	0.0010201750
ASV_6311	0.000713	0.0005848550	0.0005215195	0.0010337931
ASV_5398	0.000639	0.0003969388	0.0000000000	0.0015212578
ASV_8794	0.000669	0.000000000	0.000000000	0.002007591
ASV_9625	0.000967	0.000000000	0.001816185	0.001086100
ASV_7265	0.000947	0.0003629764	0.0014974959	0.0009817782
ASV_7725	0.000839	0.000369129	0.001064013	0.001085289
ASV_6722	0.001009	0.0008029172	0.0016355189	0.0005874178
ASV_6627	0.000696	0.0004829802	0.0006843183	0.0009215880
ASV_6487	0.000761	0.0002460969	0.0018114322	0.0002245697
ASV_6938	0.000874	0.000000000	0.001377094	0.001246013
ASV_9838	0.000708	0.0005816912	0.0006446553	0.0008971693
ASV_7718	0.000563	0.0001473622	0.0000000000	0.0015416789
ASV_8559	0.00134	0.000000000	0.002555377	0.001464295
ASV_6612	0.000982	0.000123043	0.001552042	0.001271364
ASV_6891	0.000675	0.0010762021	0.0001915092	0.0007558649
ASV_8779	0.000771	0.0006831143	0.0008269281	0.0008040948
ASV_8139	0.000906	0.0023620001	0.0001393977	0.0002176651
ASV_6597	0.000866	0.0006712103	0.0017194240	0.0002076171
ASV_7123	0.000601	0.001803182	0.000000000	0.000000000
ASV_9301	0.001062	0.001871329	0.001314914	0.000000000
ASV_7706	0.000937	0.0009573701	0.0000000000	0.0018550150
ASV_7742	0.000742	0.0005613789	0.0000000000	0.0016658908
ASV_9353	0.000691	0.0016790156	0.0001161019	0.0002772510
ASV_7366	0.00103	0.000123043	0.001699048	0.001266757
ASV_8590	0.000803	0.0012716996	0.0006636790	0.0004748591
ASV_8948	0.000889	0.0001209921	0.0022502172	0.0002951995
ASV_9060	0.000931	0.0019121921	0.0005745277	0.0003067254
ASV_9290	0.000606	0.0012964858	0.0001578283	0.0003631952
ASV_9545	0.000638	0.0001473622	0.0000000000	0.0017679267
ASV_7869	0.000829	0.000000000	0.001844513	0.000643580
ASV_9094	6e-04	0.0010504148	0.0002432062	0.0005059437
ASV_7686	0.000697	0.000000000	0.002090965	0.000000000
ASV_8409	0.000743	0.0004249316	0.0018051130	0.0000000000
ASV_8781	0.000805	0.000000000	0.002137421	0.000277251
ASV_7567	0.001033	0.001108254	0.001989991	0.000000000
ASV_9339	0.000588	0.0007105710	0.0004007832	0.0006530499
ASV_7922	0.000871	0.0022301236	0.0003830185	0.0000000000
ASV_8446	0.000702	0.0014754513	0.0006313131	0.0000000000
ASV_9851	0.001055	0.0001879162	0.0000000000	0.0029779717
ASV_7962	0.000634	0.0010154691	0.0004194651	0.0004675016
ASV_9529	0.001251	0.000000000	0.003752244	0.000000000
ASV_9042	0.000901	0.0014391635	0.0009678106	0.0002951995
ASV_9348	0.000572	0.0009668100	0.0001038085	0.0006454088
ASV_9925	0.000613	0.0009089754	0.0000000000	0.0009296462
ASV_8292	0.000593	0.000000000	0.000000000	0.001778709
ASV_8439	0.000729	0.0015201802	0.0000000000	0.0006665307
ASV_8844	0.00068	0.0014833158	0.0005569479	0.0000000000
ASV_8861	0.000824	0.0011236793	0.0005477869	0.0008008786
ASV_9728	0.000807	0.0010016061	0.0007820076	0.0006360973
ASV_9756	0.000744	0.0021161032	0.0001161019	0.0000000000
ASV_8124	0.000842	0.0023862101	0.0000000000	0.0001386255
ASV_8130	0.000719	0.0009743788	0.0007660370	0.0004158765
ASV_9196	0.000529	0.0002245516	0.0013618043	0.0000000000
ASV_8169	0.00053	0.001588998	0.000000000	0.000000000
ASV_8179	0.000963	0.0007022893	0.0002606692	0.0019272355
ASV_8621	0.000824	0.0016997263	0.0000000000	0.0007734399
ASV_9134	0.000815	0.0004249316	0.0013066908	0.0007135608
ASV_9855	0.000681	0.0000000000	0.0017143480	0.0003272594
ASV_9151	0.000605	0.0010909855	0.0000000000	0.0007226687
ASV_9429	0.000622	0.0009503769	0.0001038085	0.0008122094
ASV_9504	0.000798	0.0000000000	0.0007581661	0.0016362970
ASV_9730	0.000823	0.0018974149	0.0001578283	0.0004152341
ASV_8206	0.000628	0.0004249316	0.0001423406	0.0013172892
ASV_8608	0.00069	0.0014183462	0.0000000000	0.0006504163
ASV_8653	0.000728	0.0001230485	0.0008517922	0.0012087701
ASV_8659	0.00069	0.0014198512	0.0004425096	0.0002075447
ASV_8704	0.000697	0.000000000	0.002090965	0.000000000
ASV_8824	0.000664	0.0008738615	0.0003499577	0.0007668195
ASV_8981	0.000596	0.000000000	0.000000000	0.001789494
ASV_9089	0.000666	0.001996563	0.000000000	0.000000000
ASV_9379	0.000562	0.0011091525	0.0005755392	0.0000000000
ASV_9390	0.000765	0.0015961200	0.0006987703	0.0000000000
ASV_9393	0.00073	0.002191219	0.000000000	0.000000000
ASV_9721	0.000611	0.001834209	0.000000000	0.000000000
ASV_9761	0.000822	0.0023226578	0.0001423406	0.0000000000
ASV_9786	0.000769	0.0012915004	0.0007820076	0.0002340397
ASV_324	0.00071	0.0008398738	0.0007271115	0.0005628338
ASV_2596	0.000819	0.0001893939	0.0022684813	0.0000000000
ASV_2552	0.000921	0.001505254	0.000000000	0.001257567
ASV_2265	0.000568	0.0009803766	0.0001393977	0.0005833217
ASV_3896	0.000913	0.0006339493	0.0018560635	0.0002480454
ASV_3768	0.000947	0.0000000000	0.0018897278	0.0009506234
ASV_4138	0.000726	0.000000000	0.000000000	0.002178606
ASV_3927	8e-04	0.0013567811	0.0001423406	0.0009002574
ASV_3807	0.000517	0.0006656652	0.0000000000	0.0008855984
ASV_4900	0.00078	0.0022242660	0.0001161019	0.0000000000
ASV_4904	0.000681	0.000000000	0.000000000	0.002044068
ASV_9287	0.000867	0.0004491031	0.0015566969	0.0005940640
ASV_8316	0.000863	0.0000000000	0.0009759768	0.0016124621
ASV_6305	0.000801	0.0011170937	0.0009669045	0.0003199019
ASV_5006	0.000725	0.0015530024	0.0000000000	0.0006230064
ASV_7012	0.000671	0.0007873334	0.0011054543	0.0001204448
ASV_7692	0.001252	0.000123043	0.002074984	0.001557516
ASV_6729	0.00075	0.0014244355	0.0007125552	0.0001122849
ASV_6379	0.001113	0.0008079846	0.0021682431	0.0003624958
ASV_5071	0.000681	0.0000000000	0.0016119728	0.0004321868
ASV_5378	0.00075	0.0004445663	0.0015572881	0.0002480454
ASV_6381	0.000671	0.0010646157	0.0001392370	0.0008098409
ASV_6125	0.000511	1.226729e-03	2.076171e-04	9.722028e-05
ASV_9341	0.000781	0.0000000000	0.0013748394	0.0009673572
ASV_9177	0.000769	0.0004340131	0.0006952239	0.0011777157
ASV_9691	0.000857	0.0002440351	0.0012374617	0.0010883104
ASV_6599	0.000721	0.0005302913	0.0008958138	0.0007369804
ASV_5845	0.000731	0.0016937252	0.0003873447	0.0001122849
ASV_7260	0.000804	0.0016513289	0.0001393977	0.0006226340
ASV_8318	0.000712	0.0000000000	0.0015455475	0.0005903989
ASV_7299	0.001063	0.000000000	0.001564015	0.001626132
ASV_5861	0.000956	0.0008027028	0.0020660694	0.0000000000
ASV_6469	0.001165	0.000000000	0.000000000	0.003495151
ASV_7521	0.000737	0.000000000	0.002209596	0.000000000
ASV_9808	0.000506	0.0012070714	0.0000000000	0.0003115032
ASV_6527	0.000886	0.0004588974	0.0014832927	0.0007164400
ASV_7298	0.001241	0.0001893939	0.0019043709	0.0016298778
ASV_8278	0.000692	0.0007128146	0.0009225365	0.0004402743
ASV_8423	0.000573	0.0001231394	0.0012897705	0.0003048373
ASV_9284	0.001029	0.0001984694	0.0022903053	0.0005977284
ASV_6501	0.00075	0.0006149760	0.0012360855	0.0003976694
ASV_7140	0.000652	0.001956197	0.000000000	0.000000000
ASV_7708	0.000692	0.0001893939	0.0007660370	0.0011214134
ASV_9017	0.000721	0.0019568648	0.0000000000	0.0002076171
ASV_8062	0.00074	0.0000000000	0.0015648380	0.0006545188
ASV_8360	0.000785	0.0004249316	0.0016240048	0.0003048373
ASV_6614	0.000847	0.0007992222	0.0015341399	0.0002075447
ASV_6867	0.000747	0.0014619674	0.0001038085	0.0006739990
ASV_6994	0.000778	0.0004370174	0.0009475115	0.0009501644
ASV_7462	0.000886	0.0008311338	0.0013465741	0.0004795157
ASV_7745	0.000662	0.000950922	0.000000000	0.001034105
ASV_7778	0.000773	0.002317725	0.000000000	0.000000000
ASV_7823	0.000773	0.0006114024	0.0004394059	0.0012674004
ASV_9381	0.000852	0.0009409468	0.0008067316	0.0008075940
ASV_9580	0.00056	0.0009405502	0.0005313361	0.0002095051
ASV_8035	0.000753	0.0001122758	0.0021477759	0.0000000000
ASV_8543	0.000803	0.0003215179	0.0019670715	0.0001204448
ASV_8919	0.000836	0.000000000	0.002265451	0.000242051
ASV_7548	0.000762	0.000000000	0.000000000	0.002284795
ASV_8093	0.000524	0.001571861	0.000000000	0.000000000
ASV_9180	0.000629	0.0004018597	0.0008038331	0.0006805419
ASV_9496	0.000631	0.0000000000	0.0015306796	0.0003613343
ASV_7582	0.000901	0.0007873334	0.0019150925	0.0000000000
ASV_8233	0.000785	0.0005585393	0.0011875205	0.0006095299
ASV_8690	0.001293	0.0000000000	0.0035686826	0.0003115032
ASV_7748	0.000675	0.0009356575	0.0000000000	0.0010890012
ASV_8208	0.000628	0.0010735151	0.0000000000	0.0008107811
ASV_8242	0.000681	0.0001230485	0.0004986183	0.0014198536
ASV_8324	0.000753	0.0011201660	0.0005638947	0.0005761228
ASV_8352	0.000734	0.0004491031	0.0017520253	0.0000000000
ASV_7639	0.000816	0.001189517	0.001017770	0.000242051
ASV_9709	0.000551	0.0004203082	0.0003338499	0.0008982789
ASV_7611	0.000729	0.0013419029	0.0007056151	0.0001386255
ASV_8393	8e-04	0.001773671	0.000626246	0.000000000
ASV_9056	0.00081	0.0019456076	0.0004839053	0.0000000000
ASV_9462	0.000909	0.0001230485	0.0018191050	0.0007848395
ASV_9610	0.000754	0.0003694181	0.0009109273	0.0009817782
ASV_8157	0.000571	0.0002460969	0.0002953178	0.0011701983
ASV_8285	0.000689	0.000000000	0.000000000	0.002066396
ASV_9385	0.000677	0.0009926020	0.0003830185	0.0006545188
ASV_9077	0.00059	0.001771199	0.000000000	0.000000000
ASV_9678	0.00103	0.0013738245	0.0008907913	0.0008239576
ASV_9793	0.00079	0.0004477900	0.0001915092	0.0017318283
ASV_9843	0.000948	0.0000000000	0.0023076386	0.0005348765
ASV_8994	0.000848	0.0015120157	0.0005491630	0.0004841021
ASV_9059	0.000593	0.0004801948	0.0002419527	0.0010578140
ASV_9345	0.000566	0.0007304940	0.0004521144	0.0005162306
ASV_9425	0.000634	0.0012355755	0.0003853862	0.0002806495
ASV_8738	0.00049	0.000000000	0.000000000	0.001471481
ASV_8897	0.000758	0.0001893939	0.0016116801	0.0004726151
ASV_9436	0.000544	0.0002419843	0.0006109743	0.0007777622
ASV_9690	7e-04	0.000000000	0.002101183	0.000000000
ASV_9723	0.000758	0.0014964464	0.0004737557	0.0003048373
ASV_8384	0.000761	0.0015264997	0.0005491630	0.0002075447
ASV_8519	0.000755	0.0008845940	0.0010079896	0.0003711744
ASV_9163	0.000705	0.0001473622	0.0007920052	0.0011749467
ASV_9273	0.000923	0.0008624986	0.0019056563	0.0000000000
ASV_9481	0.001117	0.00000000	0.00335004	0.00000000
ASV_9927	0.00059	0.0002124658	0.0000000000	0.0015576222
ASV_8730	0.000526	0.000000000	0.000000000	0.001576723
ASV_9119	0.000858	0.002573761	0.000000000	0.000000000
ASV_9311	0.000822	0.0001122758	0.0023548963	0.0000000000
ASV_9457	0.00064	0.0005091720	0.0009052604	0.0005059437
ASV_9494	0.000788	0.0000000000	0.0019095924	0.0004556625
ASV_9783	0.000674	0.0005323347	0.0004317585	0.0010567089
ASV_9141	0.000544	0.0009743788	0.0000000000	0.0006586446
ASV_9394	0.000704	0.0008249356	0.0000000000	0.0012882204
ASV_9421	0.001033	0.0003694181	0.0000000000	0.0027284994
ASV_9812	0.00066	0.0006147100	0.0006133935	0.0007517391
ASV_9218	0.000609	0.000000000	0.001827647	0.000000000
ASV_9229	0.00072	0.0000000000	0.0013405647	0.0008191388
ASV_9252	0.00113	0.000000000	0.000000000	0.003388715
ASV_9431	0.00079	0.001747493	0.000000000	0.000622634
ASV_9448	0.000681	0.002043633	0.000000000	0.000000000
ASV_9530	0.000754	0.0000000000	0.0008346307	0.0014269664
ASV_9536	0.00065	0.0000000000	0.0018100808	0.0001386255
ASV_9711	0.000725	0.0002235786	0.0008067316	0.0011454079
ASV_9726	0.000731	0.002054208	0.000139237	0.000000000
ASV_9883	0.001216	0.000000000	0.003649369	0.000000000
ASV_125	0.000679	0.0015525640	0.0004839053	0.0000000000
ASV_270	0.000677	0.0009645481	0.0010668295	0.0000000000
ASV_2158	0.000454	0.000000000	0.001361804	0.000000000
ASV_2098	0.000893	0.000000000	0.002679368	0.000000000
ASV_2801	0.000982	0.0001984694	0.0002322039	0.0025139400
ASV_5443	0.000876	0.0006214904	0.0004839053	0.0015225244
ASV_3036	0.000703	0.0008982063	0.0000000000	0.0012102552
ASV_3531	0.000616	0.001114090	0.000000000	0.000734442
ASV_3302	0.000719	0.0017705222	0.0001915092	0.0001944406
ASV_5578	0.000659	0.0006219185	0.0002419527	0.0011122017
ASV_4952	0.000676	0.0003691290	0.0012262532	0.0004340749
ASV_4224	0.000683	0.0003367562	0.0012961128	0.0004158765
ASV_4046	0.000748	0.0008291466	0.0011400828	0.0002759146
ASV_7752	0.000601	0.0014140793	0.0001392370	0.0002509104
ASV_4748	0.001053	0.000000000	0.002285029	0.000873542
ASV_3906	0.000684	0.000000000	0.002051768	0.000000000
ASV_3763	0.000582	0.0013309135	0.0000000000	0.0004150893
ASV_4210	0.000682	0.0000000000	0.0013293530	0.0007169803
ASV_4113	0.000522	0.000000000	0.000000000	0.001565782
ASV_5273	0.000804	0.0006373974	0.0011525369	0.0006230064
ASV_4545	0.000808	0.0000000000	0.0003576538	0.0020669139
ASV_5196	0.000458	0.00000000	0.00000000	0.00137426
ASV_5332	0.00046	0.0002210433	0.0001578283	0.0010011806
ASV_6312	0.000726	0.0006109372	0.0004737557	0.0010924122
ASV_5782	0.000684	0.0008415906	0.0001393977	0.0010700061
ASV_4805	0.000732	0.0005657403	0.0016309755	0.0000000000
ASV_8115	0.00074	0.0005936806	0.0001423406	0.0014832860
ASV_6595	0.000613	0.0005682606	0.0005790579	0.0006917191
ASV_5186	0.000696	0.0017737988	0.0003156566	0.0000000000
ASV_5330	0.000943	0.0003368274	0.0019961028	0.0004960908
ASV_6973	0.000714	0.0008785631	0.0000000000	0.0012622422
ASV_9856	0.000762	0.0008098347	0.0009173672	0.0005586766
ASV_5700	0.000506	0.0001879162	0.0002784740	0.0010514010
ASV_6878	0.000881	0.0003124424	0.0013055661	0.0010250640
ASV_8537	0.00071	0.0001879162	0.0002787954	0.0016637165
ASV_5870	0.000728	0.0016577804	0.0002784740	0.0002480454
ASV_6605	0.000717	0.0005570452	0.0015930433	0.0000000000
ASV_7068	0.000884	0.000000000	0.002650938	0.000000000
ASV_7543	0.000732	0.0003334579	0.0018625030	0.0000000000
ASV_9350	0.000885	0.000000000	0.000000000	0.002655222
ASV_8344	0.000645	0.0006442031	0.0004839053	0.0008066853
ASV_8539	0.000716	0.0001122758	0.0009395315	0.0010953995
ASV_5871	0.000508	0.0007774545	0.0004991204	0.0002480454
ASV_7697	0.000654	0.0002460915	0.0008627548	0.0008541997
ASV_6858	0.00108	0.0004340022	0.0028066403	0.0000000000
ASV_6005	0.000926	0.0012106232	0.0014039867	0.0001636297
ASV_6702	0.001257	0.0004340022	0.0033355024	0.0000000000
ASV_6141	0.000453	0.0008511357	0.0005071658	0.0000000000
ASV_8112	0.000807	0.0000000000	0.0002419527	0.0021781101
ASV_6585	0.000647	0.0007859305	0.0007406723	0.0004158765
ASV_6737	0.00073	0.0011836059	0.0003830185	0.0006226340
ASV_6739	0.00053	0.000000000	0.001590848	0.000000000
ASV_7013	0.000656	0.0005939697	0.0003493375	0.0010257656
ASV_8728	0.000726	0.0000000000	0.0007820076	0.0013952292
ASV_9830	0.000767	0.0003692308	0.0008672769	0.0010646631
ASV_6298	0.000587	0.0006883911	0.0000000000	0.0010738040
ASV_6506	0.000648	0.001945032	0.000000000	0.000000000
ASV_9182	0.000766	0.0007546203	0.0011570746	0.0003866709
ASV_7049	0.000734	0.0008942354	0.0007746893	0.0005325504
ASV_7160	0.000841	0.0017471673	0.0007746893	0.0000000000
ASV_9335	0.000837	0.0004337882	0.0017169291	0.0003603303
ASV_6837	0.000844	0.000000000	0.000000000	0.002531699
ASV_7575	0.000611	0.0004212757	0.0002554996	0.0011556027
ASV_9833	0.001064	0.0003107452	0.0021541216	0.0007267373
ASV_8314	0.000795	0.0005492931	0.0007577207	0.0010783068
ASV_9483	0.000798	0.0001230485	0.0016479382	0.0006230064
ASV_6967	0.000615	0.0012510963	0.0000000000	0.0005931105
ASV_7421	0.000873	0.001149579	0.001226868	0.000242051
ASV_6743	0.000611	0.0003691290	0.0011222188	0.0003415896
ASV_9584	0.000568	0.0006510333	0.0003830185	0.0006708890
ASV_8689	0.000694	0.0000000000	0.0012598223	0.0008207277
ASV_7065	0.000862	0.0001893939	0.0000000000	0.0023954209
ASV_7085	0.00113	0.000000000	0.003388699	0.000000000
ASV_7749	0.000755	0.0004925575	0.0000000000	0.0017734752
ASV_7784	0.000685	0.0005998312	0.0001423406	0.0013136379
ASV_8333	0.000552	0.0005410289	0.0008673485	0.0002480454
ASV_8656	6e-04	0.001798666	0.000000000	0.000000000
ASV_8457	0.001001	0.0001230430	0.0005682804	0.0023118183
ASV_8516	0.000708	0.0004089596	0.0006783363	0.0010377233
ASV_8838	0.000705	0.0008726571	0.0008804858	0.0003613343
ASV_8021	0.000778	0.0007382907	0.0010993176	0.0004960908
ASV_8054	0.000857	0.000000000	0.000000000	0.002569669
ASV_7632	0.00053	0.0009654602	0.0006251469	0.0000000000
ASV_7793	0.000579	0.001312484	0.000424079	0.000000000
ASV_8145	0.000625	0.0008668691	0.0000000000	0.0010078898
ASV_9459	0.000584	0.0006912303	0.0004860910	0.0005756292
ASV_9559	0.000599	0.0011436993	0.0004275275	0.0002245697
ASV_9046	0.00066	0.0008267913	0.0003156566	0.0008389388
ASV_9282	0.000622	7.368111e-05	1.193319e-03	5.987989e-04
ASV_9419	0.000851	0.0006156968	0.0000000000	0.0019364083
ASV_9760	0.000761	0.0013423243	0.0009395315	0.0000000000
ASV_8521	0.00053	0.0002982327	0.0004177109	0.0008731305
ASV_8669	0.000458	0.0000000000	0.0002199105	0.0011541611
ASV_9232	0.000839	7.368111e-05	9.139263e-04	1.529666e-03
ASV_8465	0.000531	0.0002460969	0.0013469896	0.0000000000
ASV_8842	0.000718	0.0013707460	0.0007820076	0.0000000000
ASV_9794	0.000727	0.0001122758	0.0020673592	0.0000000000
ASV_9859	0.000839	0.0000000000	0.0015364040	0.0009801929
ASV_8337	0.000539	0.0007859305	0.0000000000	0.0008317530
ASV_8601	0.000577	0.0011778839	0.0000000000	0.0005525108
ASV_9212	0.00061	0.0000000000	0.0017080878	0.0001204448
ASV_9246	0.000692	0.000000000	0.000000000	0.002075841
ASV_9557	0.000793	0.0012510230	0.0004737557	0.0006555297
ASV_9810	0.000585	0.0002210433	0.0006969885	0.0008384443
ASV_8517	0.000683	0.0001893939	0.0000000000	0.0018590298
ASV_8527	0.000729	0.001143383	0.000000000	0.001042718
ASV_8575	0.000608	0.0005945194	0.0001578283	0.0010713578
ASV_8828	0.000516	0.0003086226	0.0008783508	0.0003613343
ASV_9117	0.000717	0.0018897635	0.0002606692	0.0000000000
ASV_9328	0.000678	0.0010503699	0.0002784740	0.0007062039
ASV_9497	0.000786	0.000000000	0.001099441	0.001259370
ASV_9683	0.000799	0.0012627395	0.0002606692	0.0008737529
ASV_8725	0.000515	0.000000000	0.000000000	0.001545232
ASV_9373	0.000785	0.0006254383	0.0012904119	0.0004395443
ASV_9432	0.00051	0.0013047644	0.0000000000	0.0002245697
ASV_9841	0.000937	0.000000000	0.002810843	0.000000000
ASV_9926	0.000551	0.0003787879	0.0000000000	0.0012730132
ASV_9661	0.000421	0.00126272	0.00000000	0.00000000
ASV_8869	0.000647	0.0003629764	0.0015782828	0.0000000000
ASV_8891	0.00055	0.0006248848	0.0000000000	0.0010258076
ASV_9435	0.000524	0.001572898	0.000000000	0.000000000
ASV_8837	0.000759	0.0003709408	0.0000000000	0.0019070942
ASV_9231	0.000616	0.000000000	0.001847325	0.000000000
ASV_9371	0.000357	0.001072179	0.000000000	0.000000000
ASV_9398	0.000802	0.0013649301	0.0005453505	0.0004960908
ASV_9720	0.000521	0.0001117893	0.0007117032	0.0007408003
ASV_9727	0.000714	0.002142623	0.000000000	0.000000000
ASV_9785	0.000519	0.0014519056	0.0001038085	0.0000000000
ASV_9798	0.00071	0.0011629871	0.0007606636	0.0002076171
ASV_9816	0.000716	0.0019409998	0.0000000000	0.0002075447
ASV_9882	0.000843	0.0002124658	0.0009736979	0.0013430778
ASV_9894	0.00083	0.00000000	0.00248962	0.00000000
ASV_9933	0.000629	0.00000000	0.00000000	0.00188569
ASV_837	0.000625	0.0011023910	0.0007715117	0.0000000000
ASV_3297	0.000512	0.000000000	0.001535052	0.000000000
ASV_4011	0.000616	0.0003714273	0.0005267424	0.0009496398
ASV_3426	0.000487	0.0007388362	0.0000000000	0.0007226687
ASV_4086	0.000598	0.0002419843	0.0011260771	0.0004248507
ASV_3594	0.000899	7.368111e-05	0.000000e+00	2.623733e-03
ASV_4968	0.000785	0.0003839398	0.0003873447	0.0015845393
ASV_4133	0.000694	0.000000000	0.000000000	0.002082403
ASV_4409	0.000524	0.0005936629	0.0001161019	0.0008612942
ASV_6835	0.000625	0.0003758325	0.0003811896	0.0011179782
ASV_6402	0.000706	0.0008675587	0.0007627007	0.0004889350
ASV_4349	0.000629	0.0013239433	0.0003562776	0.0002076171
ASV_6396	0.00057	0.0003694181	0.0006233030	0.0007158188
ASV_4937	0.001024	0.000000000	0.003071587	0.000000000
ASV_5697	0.000571	0.0013121915	0.0004007832	0.0000000000
ASV_5355	0.000789	0.0007400807	0.0013149140	0.0003115032
ASV_6006	0.000557	0.001671136	0.000000000	0.000000000
ASV_5413	0.000621	0.0008785418	0.0004991204	0.0004838912
ASV_6983	0.000811	0.0006143255	0.0006361278	0.0011836805
ASV_5184	0.000567	0.0003936667	0.0000000000	0.0013085479
ASV_6337	0.000651	0.0004445554	0.0004181931	0.0010892548
ASV_8354	0.00066	0.0004340022	0.0001915092	0.0013531475
ASV_9264	0.000843	0.0000000000	0.0008503007	0.0016793771
ASV_8459	0.000579	0.0005319273	0.0008932818	0.0003112294
ASV_7159	0.000702	0.0005472801	0.0015576479	0.0000000000
ASV_7372	0.000609	0.0000000000	0.0016183461	0.0002076171
ASV_7069	0.000487	0.000000000	0.001461819	0.000000000
ASV_5486	0.000577	0.0002124658	0.0001038085	0.0014150690
ASV_6826	0.00059	0.0005479746	0.0006499148	0.0005724505
ASV_8820	0.000787	0.0008373925	0.0014115393	0.0001122849
ASV_6689	0.000661	0.0011170459	0.0008652557	0.0000000000
ASV_7553	0.00077	0.0005772573	0.0012333033	0.0004986592
ASV_7766	0.000663	0.0006973449	0.0002419527	0.0010510896
ASV_7467	0.000573	0.0007151364	0.0002787954	0.0007261531
ASV_7953	0.000528	0.0008408239	0.0007417514	0.0000000000
ASV_8770	0.000707	0.0012961963	0.0003830185	0.0004427992
ASV_9626	0.000798	0.0003355088	0.0009139263	0.0011454079
ASV_9081	0.000612	0.0006062596	0.0007592875	0.0004713557
ASV_7064	0.000893	0.0001230485	0.0009735168	0.0015814296
ASV_7530	0.000549	0.0000000000	0.0014116347	0.0002340397
ASV_6367	0.000414	0.000000000	0.000000000	0.001241107
ASV_7594	0.000722	0.0004340022	0.0014060670	0.0003272594
ASV_8101	0.001085	0.000000000	0.003254706	0.000000000
ASV_8520	0.00081	0.0000000000	0.0009572602	0.0014726673
ASV_9354	0.000649	0.0001209921	0.0013343174	0.0004931099
ASV_9521	0.000669	0.0000000000	0.0012633084	0.0007441362
ASV_8496	0.000585	0.0008142787	0.0000000000	0.0009400285
ASV_7746	0.000695	0.0003693272	0.0011901406	0.0005252964
ASV_8921	0.000635	0.0001230430	0.0014540512	0.0003272594
ASV_7126	0.000586	0.0016401191	0.0000000000	0.0001170198
ASV_8791	0.000787	0.0004430157	0.0016801171	0.0002374646
ASV_9013	0.000569	0.0002947244	0.0005477869	0.0008637245
ASV_7850	0.000727	0.0001230430	0.0014071545	0.0006519911
ASV_9515	0.001002	0.0000000000	0.0028673611	0.0001386255
ASV_7101	0.000664	0.000000000	0.000000000	0.001991266
ASV_7396	6e-04	0.000000000	0.000000000	0.001799845
ASV_9307	0.000528	0.0002124658	0.0008866521	0.0004861014
ASV_9694	0.000684	0.0007797467	0.0006131534	0.0006597205
ASV_8076	0.000731	0.0006815877	0.0000000000	0.0015120332
ASV_9323	0.00076	0.0003936667	0.0013065978	0.0005803642
ASV_7505	0.000505	0.0003199727	0.0000000000	0.0011936059
ASV_7957	0.000506	0.0011031416	0.0001393977	0.0002759146
ASV_8017	5e-04	0.0004429302	0.0005546318	0.0005018207
ASV_8326	0.000522	0.0006964343	0.0002786347	0.0005919491
ASV_9352	0.000574	0.0007786693	0.0000000000	0.0009437817
ASV_7733	0.00072	0.0018498947	0.0000000000	0.0003115032
ASV_7927	0.000596	0.0013709785	0.0004184975	0.0000000000
ASV_9769	0.000491	0.0011770757	0.0001578283	0.0001386255
ASV_9357	0.000639	0.0006845852	0.0010836903	0.0001475997
ASV_9569	0.000674	0.0001893939	0.0007323560	0.0011004190
ASV_8480	0.000628	0.0001231394	0.0011490555	0.0006127691
ASV_8990	0.000704	0.0018633069	0.0000000000	0.0002480454
ASV_9340	0.000719	0.0001209921	0.0000000000	0.0020347385
ASV_8540	0.000531	0.0008926558	0.0000000000	0.0006994442
ASV_8658	0.000734	0.0013161151	0.0005758026	0.0003115032
ASV_9612	0.000617	0.0000000000	0.0015232790	0.0003280618
ASV_9710	0.000718	0.0020063324	0.0000000000	0.0001475997
ASV_8549	0.000708	0.0005675984	0.0000000000	0.0015573882
ASV_9244	0.000793	0.000000000	0.000000000	0.002377847
ASV_9656	0.000612	0.0012280628	0.0001161019	0.0004908891
ASV_8066	0.000582	0.0000000000	0.0009165222	0.0008301787
ASV_9097	0.000536	0.0010356433	0.0002432062	0.0003280618
ASV_9577	0.000736	0.0005905000	0.0007233571	0.0008931309
ASV_9695	0.000476	0.0010275070	0.0000000000	0.0004019852
ASV_9892	0.000877	0.000000000	0.001391524	0.001240227
ASV_8325	0.000725	0.0012077453	0.0001915092	0.0007769275
ASV_9692	0.000511	0.0009468148	0.0002784740	0.0003067254
ASV_9754	0.000592	0.0010865005	0.0000000000	0.0006885937
ASV_9781	0.000511	0.001534408	0.000000000	0.000000000
ASV_9125	8e-04	0.001251723	0.001149055	0.000000000
ASV_9158	0.000458	0.0006844274	0.0001578283	0.0005312951
ASV_9438	0.000481	0.001442703	0.000000000	0.000000000
ASV_9150	0.000484	0.001451906	0.000000000	0.000000000
ASV_9417	0.000513	0.0003694181	0.0004548935	0.0007161405
ASV_9735	0.000963	0.0004299005	0.0000000000	0.0024577733
ASV_9814	0.000538	0.0004092991	0.0000000000	0.0012044478
ASV_9100	0.000527	0.0004747657	0.0002554996	0.0008502693
ASV_9092	0.000441	0.0008917791	0.0001038085	0.0003272594
ASV_9512	0.000814	0.0000000000	0.0022798038	0.0001636297
ASV_9374	0.000366	1.001033e-03	0.000000e+00	9.722028e-05
ASV_9408	0.000683	0.001263809	0.000278474	0.000507930
ASV_9250	0.000557	0.000000000	0.000000000	0.001669692
ASV_9418	0.000453	0.001358173	0.000000000	0.000000000
ASV_9732	0.00063	0.00189024	0.00000000	0.00000000
ASV_9773	0.000512	0.001534974	0.000000000	0.000000000
ASV_9817	0.000581	0.001741963	0.000000000	0.000000000
ASV_9896	0.000545	0.000000000	0.001633885	0.000000000
ASV_9938	0.000533	0.000000000	0.000000000	0.001598721
ASV_9941	0.000426	0.00000000	0.00000000	0.00127704
ASV_9942	0.000609	0.000000000	0.000000000	0.001826442
ASV_142	0.000657	0.0003969388	0.0002606692	0.0013143382
ASV_738	0.000847	0.0001117893	0.0020640096	0.0003650652
ASV_1006	0.000537	0.0010998249	0.0003948973	0.0001170198
ASV_1263	0.000536	0.0000000000	0.0013838760	0.0002245697
ASV_1501	0.000665	0.0001879162	0.0009337191	0.0008739167
ASV_1970	0.000693	0.0000000000	0.0003562776	0.0017234543
ASV_2865	0.000463	0.0001230430	0.0001038085	0.0011625172
ASV_2714	0.000577	0.0002982327	0.0007445745	0.0006893962
ASV_3953	0.000783	0.0001984694	0.0007139314	0.0014356625
ASV_3526	0.000455	0.0000000000	0.0003001689	0.0010655683
ASV_3887	0.000527	0.0012296587	0.0000000000	0.0003510595
ASV_5442	0.000857	0.0006143255	0.0016806101	0.0002772510
ASV_6118	0.000522	0.0006477866	0.0003813503	0.0005381010
ASV_7717	0.000612	0.0005708276	0.0010566042	0.0002095051
ASV_6191	0.000544	0.0002240651	0.0014081208	0.0000000000
ASV_9358	0.000746	0.0001230430	0.0014854225	0.0006305403
ASV_6190	0.000541	0.0001879162	0.0014350962	0.0000000000
ASV_7067	0.000629	0.0000000000	0.0004699832	0.0014174505
ASV_6114	0.000694	0.0010578478	0.0008858161	0.0001386255
ASV_5062	0.000533	0.001598768	0.000000000	0.000000000
ASV_6980	0.000631	0.0007873334	0.0011061414	0.0000000000
ASV_9083	0.000586	0.0009952823	0.0005154821	0.0002480454
ASV_8034	0.000908	0.0003863856	0.0017152965	0.0006228512
ASV_7270	0.000569	0.0000000000	0.0015585682	0.0001475997
ASV_5857	0.000513	0.0006817587	0.0004208146	0.0004364916
ASV_7687	0.000633	0.0004370174	0.0014624518	0.0000000000
ASV_6186	0.000583	0.000000000	0.000000000	0.001749918
ASV_7853	0.000597	0.0004491031	0.0008450574	0.0004960908
ASV_9703	0.000516	0.0002997055	0.0006689746	0.0005790542
ASV_6313	0.000511	0.0010673598	0.0000000000	0.0004658849
ASV_7442	0.000639	0.0001117893	0.0007466528	0.0010595670
ASV_6292	0.00054	0.0004968246	0.0003576538	0.0007640248
ASV_7130	0.000663	0.0000000000	0.0018780986	0.0001122849
ASV_7284	0.000862	0.000000000	0.001212198	0.001375095
ASV_7412	0.000656	0.0006819514	0.0012863470	0.0000000000
ASV_9560	0.000664	0.0004249316	0.0004270219	0.0011409733
ASV_6368	0.00063	0.000000000	0.000000000	0.001890412
ASV_7045	0.000807	0.000992347	0.001427857	0.000000000
ASV_7427	0.000571	0.0012434727	0.0002606692	0.0002076171
ASV_7840	0.000648	0.0003846403	0.0012784563	0.0002806495
ASV_6473	0.000723	0.000000000	0.000000000	0.002169972
ASV_6030	0.000594	0.0006867917	0.0003822825	0.0007135608
ASV_9129	0.000713	0.0016082527	0.0001161019	0.0004152341
ASV_6856	0.000467	0.0004922793	0.0007910667	0.0001170198
ASV_6870	0.000555	0.0011449222	0.0005213384	0.0000000000
ASV_7546	0.00077	0.0001984694	0.0000000000	0.0021119189
ASV_7312	0.000739	0.0003559208	0.0000000000	0.0018620795
ASV_8688	0.000445	0.0000000000	0.0010872590	0.0002480454
ASV_7882	0.000515	0.0007888175	0.0002606692	0.0004960908
ASV_7643	0.000602	0.0007496732	0.0006961849	0.0003603303
ASV_7371	0.000919	0.000000000	0.002755527	0.000000000
ASV_8963	0.000626	0.0002124658	0.0002606692	0.0014035611
ASV_9268	0.000815	0.0007873334	0.0004184975	0.0012402270
ASV_9144	0.000591	0.0006156968	0.0003948973	0.0007616319
ASV_9330	0.000532	0.0003355142	0.0003483058	0.0009117024
ASV_9516	0.000876	0.0001984694	0.0024280335	0.0000000000
ASV_8077	0.000492	0.000000000	0.000000000	0.001476913
ASV_8313	0.000511	0.0005924706	0.0004839053	0.0004555901
ASV_9050	0.000443	0.0008469449	0.0000000000	0.0004817791
ASV_6786	0.000599	0.0010959560	0.0007012034	0.0000000000
ASV_9021	0.000626	0.0015275201	0.0003493375	0.0000000000
ASV_9583	0.000506	0.0002354151	0.0006986751	0.0005850992
ASV_7559	0.000778	0.0005905000	0.0002616368	0.0014822781
ASV_9363	0.000568	0.0009780153	0.0004614623	0.0002646196
ASV_8547	0.000827	0.0006091642	0.0016654806	0.0002076171
ASV_8851	0.000601	0.0007943497	0.0004723796	0.0005374946
ASV_8703	0.00063	0.0000000000	0.0015782828	0.0003115032
ASV_9272	0.000493	0.0009829677	0.0003580546	0.0001386255
ASV_9622	0.000531	0.000505456	0.000000000	0.001086410
ASV_9827	0.000523	0.0004354799	0.0004968908	0.0006379854
ASV_9767	0.000604	0.0009817519	0.0006233030	0.0002076171
ASV_8789	0.000544	0.0010764648	0.0001392370	0.0004158765
ASV_9235	0.000661	0.0000000000	0.0001161019	0.0018668802
ASV_8719	0.000491	0.000000000	0.000000000	0.001472199
ASV_9811	0.000519	0.0007892251	0.0000000000	0.0007678146
ASV_8812	0.00052	0.0004925575	0.0009492774	0.0001170198
ASV_9632	0.000467	0.0010410192	0.0000000000	0.0003613343
ASV_8911	0.000696	0.00000000	0.00208799	0.00000000
ASV_9140	0.00047	0.001409249	0.000000000	0.000000000
ASV_9645	0.000517	0.0007146423	0.0002322039	0.0006045104
ASV_9839	0.000723	0.0006373974	0.0015320740	0.0000000000
ASV_8667	0.000797	0.000000000	0.000000000	0.002390837
ASV_9205	0.000693	0.000000000	0.002078519	0.000000000
ASV_8972	0.000433	0.000000000	0.000000000	0.001300413
ASV_9687	0.000567	0.0010728882	0.0003945759	0.0002340397
ASV_9440	0.000451	0.0004491031	0.0006790521	0.0002245697
ASV_9874	0.000659	0.000000000	0.001975512	0.000000000
ASV_9427	0.000518	0.001552751	0.000000000	0.000000000
ASV_9744	0.000601	0.0014450116	0.0003576538	0.0000000000
ASV_9755	0.000478	0.0004249316	0.0000000000	0.0010105638
ASV_9777	0.000447	0.00134165	0.00000000	0.00000000
ASV_9891	0.000537	0.0000000000	0.0013850738	0.0002245697
ASV_9900	0.00057	0.0001231394	0.0002784740	0.0013090376
ASV_9944	0.000461	0.000000000	0.000000000	0.001383075
ASV_90	0.000655	0.0014452666	0.0003562776	0.0001636297
ASV_2787	0.00059	6.801846e-04	9.911899e-04	9.722028e-05
ASV_2717	0.00041	0.0005661005	0.0006647568	0.0000000000
ASV_2899	0.000405	0.0010975181	0.0000000000	0.0001170198
ASV_3095	0.000372	0.000000000	0.000000000	0.001117034
ASV_3522	0.000641	0.0016126657	0.0000000000	0.0003115032
ASV_3044	0.000651	0.0015009728	0.0004521784	0.0000000000
ASV_5003	0.000483	0.0001473622	0.0001161019	0.0011846845
ASV_5298	0.000629	0.0004585518	0.0008415591	0.0005883756
ASV_4345	0.000559	0.0000000000	0.0001161019	0.0015618699
ASV_4970	0.000712	0.0002124658	0.0010675891	0.0008551617
ASV_4600	0.000544	0.001631428	0.000000000	0.000000000
ASV_4305	0.000855	0.0001230430	0.0018974900	0.0005443062
ASV_5571	0.000635	0.0007972174	0.0009945998	0.0001122849
ASV_4255	0.000462	0.000000000	0.000000000	0.001386255
ASV_5771	0.000526	0.0000000000	0.0002606692	0.0013165696
ASV_5011	0.000552	0.00000000	0.00000000	0.00165654
ASV_6137	0.00056	0.0009358331	0.0007455421	0.0000000000
ASV_4139	0.000791	0.000000000	0.000278474	0.002093589
ASV_7727	0.000572	0.0009679859	0.0006000073	0.0001475997
ASV_6102	0.000589	0.001247623	0.000520748	0.000000000
ASV_6282	0.000556	0.0006226956	0.0003156566	0.0007289221
ASV_5432	0.000574	0.0000000000	0.0005038754	0.0012184505
ASV_6187	0.000718	0.0000000000	0.0003562776	0.0017968272
ASV_5372	0.000613	0.0011036981	0.0006183230	0.0001170198
ASV_7268	0.000497	0.0003733866	0.0008694169	0.0002480454
ASV_5867	0.000818	0.0001984694	0.0015361142	0.0007200714
ASV_5915	0.000673	0.000000000	0.002018283	0.000000000
ASV_6021	0.000722	0.000000000	0.002164832	0.000000000
ASV_7286	0.000695	0.0004445554	0.0009139786	0.0007261531
ASV_7947	7e-04	0.0001209921	0.0012359330	0.0007434512
ASV_7796	0.000393	0.0004090490	0.0001392370	0.0006293788
ASV_9001	0.000517	0.0005883399	0.0002606692	0.0007026838
ASV_5444	0.000592	0.000000000	0.000000000	0.001775722
ASV_7014	0.000571	0.0007663569	0.0001161019	0.0008308052
ASV_8044	0.00078	0.000000000	0.001425110	0.000914512
ASV_5547	0.000529	0.000000000	0.000000000	0.001585595
ASV_5968	0.000575	0.0010910116	0.0002419527	0.0003924197
ASV_6940	0.000859	0.000000000	0.002578002	0.000000000
ASV_8468	0.000702	0.0001968333	0.0013086415	0.0006011219
ASV_9070	0.000541	0.0007230546	0.0006659793	0.0002327296
ASV_8741	0.000492	0.0004340077	0.0006845875	0.0003579094
ASV_6566	0.000346	0.000000000	0.000000000	0.001038612
ASV_7364	0.000463	0.0009940301	0.0003945759	0.0000000000
ASV_9906	0.000407	0.0003198689	0.0001915092	0.0007091298
ASV_6374	0.000433	0.000000000	0.000000000	0.001298448
ASV_9269	0.000616	0.0006736499	0.0009334563	0.0002420510
ASV_8557	0.00047	7.388362e-04	5.745277e-04	9.722028e-05
ASV_7899	0.000508	0.0006326644	0.0001392370	0.0007515761
ASV_7918	0.000687	0.0009169206	0.0005982303	0.0005468884
ASV_7715	0.000658	0.0003598280	0.0008517922	0.0007614043
ASV_8300	0.000563	0.0004706376	0.0007157084	0.0005036907
ASV_8556	0.000624	7.368111e-05	1.658685e-03	1.386255e-04
ASV_9696	0.00057	0.000000000	0.000707614	0.001003222
ASV_8558	0.000432	0.0005585393	0.0003493375	0.0003888811
ASV_9303	0.000503	0.0000000000	0.0002553389	0.0012530082
ASV_6895	0.000339	0.0007126011	0.0001393977	0.0001636297
ASV_6276	0.00039	0.000000000	0.000000000	0.001170198
ASV_8477	0.000483	0.0001968333	0.0012531328	0.0000000000
ASV_7096	0.000831	7.368111e-05	1.781583e-03	6.387626e-04
ASV_7318	0.000648	0.0011610339	0.0007820076	0.0000000000
ASV_7526	0.000901	0.000000000	0.002702639	0.000000000
ASV_8134	0.000485	0.0001230430	0.0009165775	0.0004152341
ASV_9006	0.000765	0.0003109592	0.0003873447	0.0015953714
ASV_9613	0.000587	0.0009221105	0.0000000000	0.0008393189
ASV_9635	0.000701	0.0006912303	0.0006147202	0.0007956053
ASV_7580	0.000586	0.0009434309	0.0004600861	0.0003543359
ASV_8110	0.000525	0.0004660494	0.0008683316	0.0002420510
ASV_8550	0.000645	0.0003016697	0.0006601457	0.0009741985
ASV_9648	0.000369	0.0005613789	0.0000000000	0.0005463597
ASV_9829	0.000561	0.0001230430	0.0012480437	0.0003115032
ASV_7919	0.000455	0.001366213	0.000000000	0.000000000
ASV_8213	0.000455	0.0001231394	0.0001578283	0.0010851645
ASV_8778	0.000514	0.0012308809	0.0000000000	0.0003115032
ASV_8917	0.001117	0.000000000	0.003350805	0.000000000
ASV_9667	0.000496	0.0007600624	0.0001393977	0.0005887542
ASV_6884	0.000564	0.0006373974	0.0009336752	0.0001204448
ASV_8171	0.000479	0.0003086226	0.0009193203	0.0002076171
ASV_8079	0.000434	0.000000000	0.000000000	0.001301943
ASV_9665	0.000618	0.0007727713	0.0005265817	0.0005547708
ASV_9454	0.000444	3.367562e-04	8.982467e-04	9.722028e-05
ASV_8693	0.000337	0.0003709408	0.0005190426	0.0001204448
ASV_8753	0.000552	0.0011834186	0.0004723796	0.0000000000
ASV_8966	0.00038	0.000000000	0.000000000	0.001140929
ASV_9428	0.000437	0.0009356567	0.0003767711	0.0000000000
ASV_8771	0.000431	0.0009089789	0.0003830185	0.0000000000
ASV_9058	0.000546	0.000000000	0.001636934	0.000000000
ASV_9702	0.00041	0.0007307688	0.0004991204	0.0000000000
ASV_9568	0.000532	0.0004585518	0.0010001188	0.0001386255
ASV_8287	0.000754	0.00000000	0.00000000	0.00226125
ASV_8565	0.000612	0.0010623290	0.0000000000	0.0007733044
ASV_8729	0.000432	0.0003969388	0.0000000000	0.0008982789
ASV_9372	0.000374	0.0008650339	0.0002554996	0.0000000000
ASV_9587	0.000413	0.0007228797	0.0002322039	0.0002840745
ASV_8995	0.000459	0.0001473622	0.0012295055	0.0000000000
ASV_9524	0.000591	0.0000000000	0.0012113777	0.0005628338
ASV_9712	0.000445	0.0003363409	0.0008354219	0.0001636297
ASV_9807	0.000364	0.0005408159	0.0005525649	0.0000000000
ASV_8880	0.000719	0.0003368274	0.0013241718	0.0004960908
ASV_9818	0.000606	0.0006912303	0.0008318103	0.0002951995
ASV_9788	0.000397	0.001192489	0.000000000	0.000000000
ASV_9238	0.000521	0.000000000	0.000000000	0.001563717
ASV_9782	0.000435	0.0008619755	0.0000000000	0.0004434628
ASV_8998	0.000364	0.000000000	0.000000000	0.001092719
ASV_9707	0.000462	0.0002591515	0.0005994838	0.0005279291
ASV_9714	0.000363	0.001088612	0.000000000	0.000000000
ASV_9750	0.000451	0.0002124658	0.0000000000	0.0011409698
ASV_9763	0.000653	0.0011833211	0.0007771189	0.0000000000
ASV_9878	0.000472	0.000000000	0.001415523	0.000000000
ASV_456	0.000376	0.0002947244	0.0005922925	0.0002420510
ASV_1664	0.000581	0.0000000000	0.0016046606	0.0001386255
ASV_1988	0.000495	0.0002419843	0.0007787898	0.0004631900
ASV_2177	0.000632	0.0000000000	0.0012374476	0.0006597205
ASV_2757	0.000429	0.0005598098	0.0000000000	0.0007274707
ASV_3200	0.000418	0.000000000	0.001253133	0.000000000
ASV_3246	0.000346	0.0008205438	0.0000000000	0.0002176651
ASV_2850	0.00049	0.0000000000	0.0012290428	0.0002408896
ASV_2833	0.00053	0.0005681818	0.0008129481	0.0002076171
ASV_2880	0.000527	0.000000000	0.000000000	0.001582123
ASV_4259	0.000726	0.000000000	0.001935621	0.000242051
ASV_3214	0.000421	0.0003969388	0.0000000000	0.0008650160
ASV_4949	0.000668	7.368111e-05	1.282002e-03	6.477318e-04
ASV_4634	0.000498	0.0000000000	0.0012876766	0.0002075447
ASV_9347	0.000386	0.0001230430	0.0004177109	0.0006169797
ASV_9541	0.000359	7.368111e-05	1.392370e-04	8.650160e-04
ASV_6092	0.000468	0.0001984694	0.0003237190	0.0008823155
ASV_4268	0.000642	0.0001893939	0.0017376398	0.0000000000
ASV_4811	0.000474	0.0009120124	0.0005109993	0.0000000000
ASV_5449	0.000399	0.0005795548	0.0003591475	0.0002590703
ASV_5287	0.000557	0.0001231394	0.0015481378	0.0000000000
ASV_7436	0.000716	0.0001879162	0.0018390606	0.0001204448
ASV_8953	0.000422	0.000263075	0.001002421	0.000000000
ASV_4906	0.000512	0.000000000	0.000000000	0.001537363
ASV_4963	0.000622	0.0000000000	0.0008991873	0.0009682042
ASV_6459	0.000607	0.0003441956	0.0014769391	0.0000000000
ASV_4766	0.000375	0.001124436	0.000000000	0.000000000
ASV_6482	0.000539	0.0005988514	0.0002322039	0.0007864809
ASV_4742	0.000383	0.0003334579	0.0000000000	0.0008141632
ASV_5333	0.000458	0.001372796	0.000000000	0.000000000
ASV_5268	0.000743	0.000000000	0.002227694	0.000000000
ASV_4992	0.000393	0.0000000000	0.0002419527	0.0009361587
ASV_6219	0.000567	0.0000000000	0.0012057471	0.0004960908
ASV_5286	0.000418	0.000000000	0.001254579	0.000000000
ASV_6521	0.000579	0.0006418629	0.0003576538	0.0007389345
ASV_5129	0.00049	0.000246086	0.001225331	0.000000000
ASV_8290	7e-04	0.0005988514	0.0002606692	0.0012402270
ASV_6631	0.000374	0.001121445	0.000000000	0.000000000
ASV_8023	0.000429	0.0011834241	0.0001038085	0.0000000000
ASV_5542	0.000557	0.000000000	0.001670856	0.000000000
ASV_8126	0.000427	0.0005659787	0.0000000000	0.0007157487
ASV_6502	0.000524	0.0001984694	0.0013722866	0.0000000000
ASV_6565	0.000405	0.0005681818	0.0003114256	0.0003368546
ASV_6314	0.000464	0.0005094286	0.0002199105	0.0006639219
ASV_7683	0.000438	0.0001968333	0.0008050120	0.0003112294
ASV_7903	0.000445	0.0004814211	0.0001161019	0.0007389345
ASV_6385	0.000526	0.0003215124	0.0006969885	0.0005595486
ASV_8512	0.000517	0.0004337882	0.0003900322	0.0007261531
ASV_6386	0.000426	0.001278709	0.000000000	0.000000000
ASV_9047	0.000374	0.0001209921	0.0001393977	0.0008612942
ASV_8529	0.000585	0.0000000000	0.0013405647	0.0004150893
ASV_6704	0.00045	0.0002124658	0.0008411789	0.0002951995
ASV_7149	0.000465	0.0008891163	0.0003842933	0.0001204448
ASV_7925	0.000404	0.0009265694	0.0002846813	0.0000000000
ASV_6383	0.000414	0.0001231394	0.0003947366	0.0007249288
ASV_8551	0.000593	0.0001117893	0.0010429112	0.0006228512
ASV_6894	0.000367	0.0003333191	0.0006552451	0.0001122849
ASV_9020	0.000533	0.0000000000	0.0014046699	0.0001944406
ASV_7176	0.000369	6.525997e-04	3.576538e-04	9.722028e-05
ASV_8059	5e-04	0.0000000000	0.0008874845	0.0006137584
ASV_7438	0.000646	0.0000000000	0.0005141059	0.0014242173
ASV_9478	0.000407	0.0005639950	0.0002419527	0.0004156442
ASV_6969	0.00048	0.0003125333	0.0006245566	0.0005027441
ASV_8661	0.000421	0.001263193	0.000000000	0.000000000
ASV_8988	0.000339	0.0001122758	0.0004181931	0.0004861014
ASV_8651	0.000508	7.368111e-05	0.000000e+00	1.449983e-03
ASV_9193	0.000405	0.000000000	0.001213874	0.000000000
ASV_8176	0.000287	0.0008624986	0.0000000000	0.0000000000
ASV_8723	0.000515	0.000000000	0.000000000	0.001545528
ASV_8396	0.000445	0.0009977509	0.0000000000	0.0003368546
ASV_6505	3e-04	0.000900982	0.000000000	0.000000000
ASV_6989	0.000327	0.0008641122	0.0001161019	0.0000000000
ASV_8244	0.000437	0.0010492172	0.0002606692	0.0000000000
ASV_6871	0.000651	0.0000000000	0.0011992129	0.0007540286
ASV_7072	0.000298	0.0000000000	0.0000000000	0.0008947821
ASV_7589	0.000459	0.0001893939	0.0000000000	0.0011866236
ASV_7901	0.000512	0.0002440351	0.0003644777	0.0009269013
ASV_8129	0.000444	0.0008292484	0.0002846813	0.0002176651
ASV_8245	0.000389	0.0005570452	0.0004983844	0.0001122849
ASV_7833	0.000367	0.0006844219	0.0001915092	0.0002245697
ASV_9659	0.000437	0.0000000000	0.0002076171	0.0011022230
ASV_8041	0.000445	0.0000000000	0.0008907978	0.0004427992
ASV_7832	0.000331	0.0009934327	0.0000000000	0.0000000000
ASV_8788	0.000409	0.0009925524	0.0000000000	0.0002340397
ASV_7740	0.000573	0.000000000	0.001719245	0.000000000
ASV_8364	0.000598	0.0007291755	0.0000000000	0.0010654245
ASV_8996	0.00032	0.0003328326	0.0004644078	0.0001636297
ASV_9361	0.000461	0.0010188788	0.0003644777	0.0000000000
ASV_7690	0.000726	0.0000000000	0.0014517159	0.0007261531
ASV_8433	0.000424	0.0004491031	0.0003562776	0.0004680793
ASV_8799	0.000491	0.000000000	0.000297226	0.001175426
ASV_9594	0.000395	0.000000000	0.001184531	0.000000000
ASV_9729	0.000511	0.0010606324	0.0004734848	0.0000000000
ASV_8355	0.00049	0.000000000	0.000000000	0.001468738
ASV_8905	0.000531	0.000000000	0.001593222	0.000000000
ASV_9267	0.000644	0.0004983023	0.0000000000	0.0014351703
ASV_9276	0.000373	0.000000000	0.000000000	0.001118719
ASV_9776	0.000491	0.0005249991	0.0001161019	0.0008322839
ASV_9918	0.000593	0.00000000	0.00000000	0.00177991
ASV_8904	0.000606	0.000000000	0.001817353	0.000000000
ASV_8914	0.00046	0.000000000	0.001379131	0.000000000
ASV_8915	0.000413	0.000000000	0.001240112	0.000000000
ASV_9054	0.000484	7.368111e-05	1.067615e-03	3.115032e-04
ASV_9189	0.000365	0.0000000000	0.0004521144	0.0006416919
ASV_9263	0.00061	0.0000000000	0.0013492968	0.0004820851
ASV_9593	0.000408	0.000000000	0.001223626	0.000000000
ASV_9308	0.000323	0.0009679955	0.0000000000	0.0000000000
ASV_9356	0.00034	0.0006694389	0.0000000000	0.0003510595
ASV_9492	0.000382	0.0000000000	0.0006961849	0.0004491394
ASV_9689	0.000364	0.001091076	0.000000000	0.000000000
ASV_9271	0.000475	0.0005676039	0.0000000000	0.0008580333
ASV_9619	0.00039	0.0004491031	0.0003830185	0.0003368546
ASV_9718	0.000316	0.0009475426	0.0000000000	0.0000000000
ASV_2655	0.000513	0.000123043	0.001175286	0.000242051
ASV_2821	0.000519	0.0003109592	0.0012456618	0.0000000000
ASV_3211	0.000446	0.000000000	0.001336674	0.000000000
ASV_2666	0.000259	0.0000000000	0.0000000000	0.0007777622
ASV_5109	0.000354	0.001063215	0.000000000	0.000000000
ASV_3232	0.000324	0.0003893465	0.0000000000	0.0005814247
ASV_4756	0.000455	0.0001230430	0.0008001338	0.0004403467
ASV_3447	0.000335	0.0000000000	0.0001423406	0.0008623502
ASV_6728	0.000462	0.0003691345	0.0005207480	0.0004960908
ASV_4408	0.000546	0.0000000000	0.0004270219	0.0012102552
ASV_4284	0.000695	0.0003969388	0.0014411655	0.0002480454
ASV_5626	0.000364	0.0008120484	0.0002787954	0.0000000000
ASV_4376	0.000535	0.0004337936	0.0007574347	0.0004150893
ASV_4691	0.000298	7.368111e-05	0.000000e+00	8.191388e-04
ASV_4809	0.000489	0.0000000000	0.0007403371	0.0007261531
ASV_5790	0.000389	0.0003242551	0.0002787954	0.0005632440
ASV_4637	0.000372	0.000000000	0.001115182	0.000000000
ASV_4736	0.000382	0.0005657403	0.0000000000	0.0005814247
ASV_5869	0.000541	0.0005998976	0.0003873447	0.0006347163
ASV_8121	0.000372	0.000000000	0.001115182	0.000000000
ASV_5130	0.000358	0.0001230430	0.0006761535	0.0002759146
ASV_5234	0.000501	0.0008373506	0.0003873447	0.0002772510
ASV_7187	0.000433	0.0010181567	0.0002817383	0.0000000000
ASV_6719	0.000442	0.000123043	0.001203412	0.000000000
ASV_8135	0.000443	0.0000000000	0.0002554996	0.0010736222
ASV_8259	0.000518	0.0001230485	0.0014313016	0.0000000000
ASV_8909	0.000541	0.0001230430	0.0005884815	0.0009113249
ASV_6824	0.000354	0.0001473622	0.0000000000	0.0009153688
ASV_8033	0.000345	0.0004425045	0.0001393977	0.0004538744
ASV_6677	0.000326	0.0009782023	0.0000000000	0.0000000000
ASV_7073	0.000381	0.000000000	0.001144489	0.000000000
ASV_6987	0.000369	0.0006033471	0.0003562776	0.0001475997
ASV_6075	0.000499	0.0006494832	0.0005213384	0.0003272594
ASV_7099	0.000365	7.368111e-05	0.000000e+00	1.022768e-03
ASV_6301	0.000525	0.0000000000	0.0001393977	0.0014348249
ASV_6620	0.000393	0.0002245516	0.0002606692	0.0006931275
ASV_8154	0.00051	0.0011810001	0.0001423406	0.0002075447
ASV_6561	0.000372	0.001117046	0.000000000	0.000000000
ASV_9578	0.000282	0.0003822909	0.0000000000	0.0004633444
ASV_6755	0.000403	0.0002245516	0.0004734848	0.0005124544
ASV_9295	0.000547	0.0002461878	0.0013946667	0.0000000000
ASV_8282	0.000649	0.000000000	0.000000000	0.001946005
ASV_8500	0.000553	0.000000000	0.000000000	0.001660357
ASV_8883	0.000545	0.0004232350	0.0005877138	0.0006230064
ASV_8962	0.000488	0.0001879162	0.0003576538	0.0009186930
ASV_7891	0.00032	0.0000000000	0.0001161019	0.0008431134
ASV_9087	0.000481	0.0001893939	0.0010905359	0.0001636297
ASV_9522	0.000411	0.0000000000	0.0008763570	0.0003579094
ASV_9908	0.000449	0.0006786418	0.0003562776	0.0003115032
ASV_7523	0.000444	0.000000000	0.001332061	0.000000000
ASV_7825	0.00052	0.0005573343	0.0010013415	0.0000000000
ASV_6997	0.000383	0.0004249316	0.0000000000	0.0007237247
ASV_9213	0.000484	0.0004249316	0.0003873447	0.0006404462
ASV_8513	0.000423	0.0011664553	0.0001038085	0.0000000000
ASV_8782	0.000392	0.0010603756	0.0001161019	0.0000000000
ASV_9084	0.000484	0.0001117893	0.0008731359	0.0004680793
ASV_8120	0.000396	0.0003694181	0.0000000000	0.0008181485
ASV_8808	0.000352	0.0006578587	0.0000000000	0.0003976958
ASV_9624	0.000633	0.0000000000	0.0008597242	0.0010380853
ASV_7541	0.000332	0.0000000000	0.0003114256	0.0006853297
ASV_8047	0.000311	0.0001231394	0.0005313361	0.0002772510
ASV_8678	0.000297	0.0000000000	0.0008919353	0.0000000000
ASV_8867	0.000363	0.0001231394	0.0002606692	0.0007055439
ASV_8335	0.000341	0.000000000	0.000000000	0.001022021
ASV_9575	0.000327	0.0005227842	0.0000000000	0.0004588292
ASV_8119	0.000476	0.0000000000	0.0008067316	0.0006226340
ASV_9110	0.000497	0.001491222	0.000000000	0.000000000
ASV_9116	0.000543	0.0003969388	0.0003873447	0.0008454364
ASV_9742	0.000411	0.0001984694	0.0002322039	0.0008025474
ASV_8672	0.000303	0.0000000000	0.0003237190	0.0005850992
ASV_9686	0.000345	0.0004925575	0.0001915092	0.0003510595
ASV_8991	0.000457	0.0000000000	0.0009220685	0.0004495957
ASV_9002	0.000516	7.368111e-05	0.000000e+00	1.473278e-03
ASV_9469	0.000414	0.0008806242	0.0000000000	0.0003613343
ASV_150	0.000334	0.0001117893	0.0003716016	0.0005193020
ASV_458	0.000486	0.0003773102	0.0008401829	0.0002408896
ASV_2718	0.000383	0.0000000000	0.0009406093	0.0002075447
ASV_1131	0.000433	0.0004018597	0.0007809706	0.0001170198
ASV_1657	0.000534	0.0003086226	0.0008784979	0.0004152341
ASV_1571	0.000387	0.0005356072	0.0003830185	0.0002420510
ASV_4185	0.000307	0.0008055773	0.0001161019	0.0000000000
ASV_6497	0.000546	0.0001209921	0.0013683015	0.0001475997
ASV_4616	0.000285	0.0002461824	0.0000000000	0.0006100848
ASV_4085	0.000392	0.0008852611	0.0001423406	0.0001475997
ASV_5494	0.000312	0.0001230430	0.0008137453	0.0000000000
ASV_5110	0.000475	0.000000000	0.000000000	0.001425171
ASV_6901	0.00045	0.0002419843	0.0011071311	0.0000000000
ASV_7568	0.000321	0.0005463744	0.0004177109	0.0000000000
ASV_5289	0.000348	0.0000000000	0.0003884898	0.0006545188
ASV_7308	0.000362	0.0000000000	0.0009381635	0.0001475997
ASV_5639	0.000273	0.0000000000	0.0000000000	0.0008191388
ASV_5245	0.000382	0.000000000	0.000000000	0.001145408
ASV_7251	0.000322	0.0001968333	0.0005109993	0.0002590703
ASV_5759	0.00049	0.0003629764	0.0011055963	0.0000000000
ASV_7425	0.000503	0.0005846967	0.0002606692	0.0006632795
ASV_8535	0.000344	0.0001230430	0.0002419527	0.0006667869
ASV_8985	0.000387	0.0002441315	0.0006754146	0.0002408896
ASV_7283	0.000453	0.000000000	0.001359064	0.000000000
ASV_7696	0.000262	0.0007859305	0.0000000000	0.0000000000
ASV_8929	0.000432	0.0000000000	0.0007995434	0.0004960908
ASV_8371	0.000315	0.0003758325	0.0002784740	0.0002916608
ASV_6960	0.000315	0.0000000000	0.0002606692	0.0006831791
ASV_9651	0.000326	0.0001230485	0.0002739302	0.0005802098
ASV_6103	0.000616	0.0004249316	0.0009325176	0.0004900964
ASV_6865	0.000422	0.0010578478	0.0000000000	0.0002075447
ASV_7285	0.000334	0.0002704052	0.0005235303	0.0002076171
ASV_8722	0.000328	0.0003476909	0.0006366893	0.0000000000
ASV_6695	0.000336	0.001008377	0.000000000	0.000000000
ASV_6849	0.000287	0.0008619755	0.0000000000	0.0000000000
ASV_7923	0.000312	0.0000000000	0.0006838076	0.0002509104
ASV_7592	0.000263	0.0000000000	0.0007881268	0.0000000000
ASV_7359	0.000258	0.0002705145	0.0001161019	0.0003888811
ASV_7910	0.000608	0.000000000	0.001824684	0.000000000
ASV_8153	0.000362	0.0003691290	0.0003580546	0.0003590709
ASV_7747	0.000457	0.0001230430	0.0001161019	0.0011324180
ASV_8533	0.000573	0.0003198763	0.0014003306	0.0000000000
ASV_8553	0.00039	0.0001122758	0.0008182784	0.0002408896
ASV_9331	0.000523	0.0005905000	0.0004839053	0.0004960908
ASV_7111	0.000242	0.0000000000	0.0007266597	0.0000000000
ASV_9071	0.000373	0.0006423663	0.0001161019	0.0003603303
ASV_7934	0.000608	0.0003969388	0.0014267790	0.0000000000
ASV_8463	0.000365	0.0003758325	0.0007180406	0.0000000000
ASV_7868	0.000503	0.0000000000	0.0007758469	0.0007321475
ASV_7887	0.000364	0.0008496516	0.0002419527	0.0000000000
ASV_8683	0.000415	0.0000000000	0.0004152341	0.0008306234
ASV_9309	0.000363	0.0001122758	0.0007335282	0.0002420510
ASV_9888	0.00029	0.0000000000	0.0008698253	0.0000000000
ASV_7238	0.000382	0.000000000	0.000000000	0.001145408
ASV_8125	0.000465	0.0002124658	0.0007660370	0.0004150893
ASV_8342	0.000346	0.0007782942	0.0002606692	0.0000000000
ASV_7666	0.000505	0.0005791371	0.0009351315	0.0000000000
ASV_8251	0.00063	0.0000000000	0.0016824606	0.0002076171
ASV_8742	0.000469	0.0008726571	0.0003873447	0.0001475997
ASV_7135	0.000294	0.0006049607	0.0000000000	0.0002772510
ASV_7759	0.000309	0.0009261742	0.0000000000	0.0000000000
ASV_8625	0.000399	0.0008498632	0.0000000000	0.0003463245
ASV_8776	0.000382	0.0007873334	0.0003593082	0.0000000000
ASV_8538	0.000391	0.0007130190	0.0004600861	0.0000000000
ASV_9270	0.000421	0.0005796236	0.0003562776	0.0003272594
ASV_9468	0.000254	0.0002460915	0.0001038085	0.0004121056
ASV_7653	0.000382	0.0001209921	0.0000000000	0.0010249088
ASV_7969	0.000463	0.0004204119	0.0003562776	0.0006132978
ASV_8581	0.000351	0.0005529435	0.0001038085	0.0003956451
ASV_8796	0.000456	0.0006969725	0.0006720260	0.0000000000
ASV_9597	0.000464	0.0000000000	0.0004839053	0.0009072186
ASV_9680	0.000456	0.0005652264	0.0000000000	0.0008019050
ASV_9260	0.000372	0.0005442272	0.0000000000	0.0005705735
ASV_9513	0.000395	0.000000000	0.000000000	0.001184431
ASV_8720	0.000315	0.0000000000	0.0000000000	0.0009440379
ASV_8257	0.00035	0.000000000	0.001050778	0.000000000
ASV_9007	0.000374	0.001120794	0.000000000	0.000000000
ASV_9456	0.000453	0.0001473622	0.0000000000	0.0012102552
ASV_8555	0.000272	0.0004925575	0.0003237190	0.0000000000
ASV_9164	0.000185	0.0005538759	0.0000000000	0.0000000000
ASV_9493	0.000352	0.0000000000	0.0004955146	0.0005614243
ASV_9639	0.000314	0.0000000000	0.0000000000	0.0009429385
ASV_9734	0.000368	0.0008958143	0.0002076171	0.0000000000
ASV_9837	0.000552	0.0002124658	0.0014427436	0.0000000000
ASV_9051	0.00051	0.0003016697	0.0005296853	0.0006977135
ASV_9336	0.000291	0.0003709408	0.0003644777	0.0001386255
ASV_161	0.000472	0.0004249316	0.0003576538	0.0006347163
ASV_321	0.000413	0.0004445554	0.0000000000	0.0007956053
ASV_8302	0.000285	0.0003691290	0.0001392370	0.0003462426
ASV_2555	0.000339	0.0004018597	0.0006152224	0.0000000000
ASV_3605	0.000327	0.0004249316	0.0005555079	0.0000000000
ASV_4354	0.000324	0.0006156968	0.0003562776	0.0000000000
ASV_5084	0.000484	0.000000000	0.001451716	0.000000000
ASV_4383	0.000147	0.0004420866	0.0000000000	0.0000000000
ASV_3760	0.000327	0.0008341702	0.0000000000	0.0001475997
ASV_4651	0.000365	0.0003368274	0.0007574347	0.0000000000
ASV_4643	0.000415	0.000000000	0.000000000	0.001245268
ASV_6029	0.000397	0.0005637487	0.0002419527	0.0003866709
ASV_7128	0.000338	0.0000000000	0.0006754146	0.0003381098
ASV_6024	0.000329	0.0003935629	0.0000000000	0.0005942880
ASV_6934	0.000246	0.0007382744	0.0000000000	0.0000000000
ASV_7219	0.00025	0.0000000000	0.0000000000	0.0007513757
ASV_4994	0.000194	0.0000000000	0.0000000000	0.0005833217
ASV_5676	0.000372	0.0000000000	0.0006480139	0.0004680793
ASV_7435	0.000244	0.0003440863	0.0000000000	0.0003866709
ASV_6211	0.000321	0.0001122758	0.0002972260	0.0005538596
ASV_6458	0.000443	7.368111e-05	1.254444e-03	0.000000e+00
ASV_6356	0.000351	0.000000000	0.001053266	0.000000000
ASV_9206	0.000322	0.0000000000	0.0004761905	0.0004908891
ASV_7209	0.000345	0.0003691454	0.0006661401	0.0000000000
ASV_6705	0.000388	7.368111e-05	0.000000e+00	1.089627e-03
ASV_8566	0.000426	0.0002124658	0.0005761881	0.0004900964
ASV_9909	0.000383	0.0002997055	0.0003644777	0.0004841021
ASV_9289	0.000267	0.0005455775	0.0002554996	0.0000000000
ASV_6378	0.000484	0.000000000	0.000000000	0.001452306
ASV_7400	0.000522	0.0006094046	0.0009572602	0.0000000000
ASV_7211	0.000333	0.0003629764	0.0006350730	0.0000000000
ASV_6401	0.000344	0.0005199873	0.0000000000	0.0005124544
ASV_7139	0.000324	0.0009728038	0.0000000000	0.0000000000
ASV_7885	0.000235	0.0001209921	0.0000000000	0.0005850992
ASV_6205	0.000353	0.001057848	0.000000000	0.000000000
ASV_9223	0.000391	0.0004429302	0.0005213384	0.0002076171
ASV_6373	0.000546	0.0000000000	0.0015005473	0.0001386255
ASV_7375	0.000442	0.0001122758	0.0007632910	0.0004501287
ASV_7913	0.000374	0.0005905000	0.0001161019	0.0004151617
ASV_8281	0.000279	0.0005947695	0.0001038085	0.0001386255
ASV_8092	0.000303	0.0003215124	0.0002817383	0.0003048373
ASV_8243	0.00029	0.0008709708	0.0000000000	0.0000000000
ASV_8783	0.000414	0.0003086226	0.0002419527	0.0006917191
ASV_6346	0.000279	0.0005410289	0.0000000000	0.0002951995
ASV_6774	0.000375	0.0003441956	0.0007820076	0.0000000000
ASV_6707	0.00051	0.000000000	0.000000000	0.001530087
ASV_8568	0.000735	0.000000000	0.002205305	0.000000000
ASV_7003	0.000285	0.0000000000	0.0000000000	0.0008554208
ASV_8042	0.000412	0.0002124658	0.0008164804	0.0002075447
ASV_8319	0.000383	0.0003692254	0.0001578283	0.0006230064
ASV_8605	0.000261	0.0001879162	0.0000000000	0.0005953740
ASV_7555	0.000306	0.0000000000	0.0007117032	0.0002075447
ASV_7571	0.00048	0.0003936667	0.0010477948	0.0000000000
ASV_7714	0.000302	0.0000000000	0.0006273388	0.0002772510
ASV_7744	0.000395	0.0004706430	0.0007153076	0.0000000000
ASV_7859	0.000395	0.0003091091	0.0005996064	0.0002772510
ASV_9248	0.000425	0.0001893939	0.0002419527	0.0008437571
ASV_9853	0.000246	0.0003934591	0.0000000000	0.0003452657
ASV_7235	0.000344	0.0002124658	0.0000000000	0.0008181485
ASV_8024	0.00029	0.0008709599	0.0000000000	0.0000000000
ASV_9210	0.000404	0.000000000	0.001211017	0.000000000
ASV_6937	0.000264	0.0002124658	0.0004152341	0.0001636297
ASV_7004	0.000228	0.0001230430	0.0004398209	0.0001204448
ASV_7889	0.000248	0.000000000	0.000000000	0.000743217
ASV_8061	0.000314	0.0000000000	0.0009406093	0.0000000000
ASV_9836	0.000249	0.0000000000	0.0003777388	0.0003679302
ASV_7844	0.000299	0.0002460860	0.0002787954	0.0003711744
ASV_9684	0.000294	0.0005200782	0.0000000000	0.0003618398
ASV_7971	0.000231	0.0004446219	0.0000000000	0.0002480454
ASV_8254	0.000327	0.0000000000	0.0000000000	0.0009817782
ASV_8458	0.000371	0.000000000	0.001112163	0.000000000
ASV_8328	0.000291	0.0005613789	0.0000000000	0.0003115032
ASV_8479	0.000484	0.000000000	0.000000000	0.001452306
ASV_8476	0.000429	0.000000000	0.001288094	0.000000000
ASV_8542	0.000277	0.0001473622	0.0003716016	0.0003115032
ASV_9032	3e-04	0.0001893939	0.0001915092	0.0005181406
ASV_9239	0.000243	0.0001230430	0.0000000000	0.0006067048
ASV_8765	0.000296	0.0000000000	0.0000000000	0.0008893893
ASV_8569	0.00029	0.0003475946	0.0003830185	0.0001386255
ASV_8336	0.000227	0.0006823711	0.0000000000	0.0000000000
ASV_9037	0.00025	0.0001122758	0.0006376214	0.0000000000
ASV_9075	0.000311	0.0004559849	0.0003576538	0.0001204448
ASV_9701	0.000229	0.0004446219	0.0002419527	0.0000000000
ASV_9334	0.000254	0.0000000000	0.0001161019	0.0006462590
ASV_9647	0.000351	0.0001230485	0.0002606692	0.0006699026
ASV_9857	0.000311	0.000000000	0.000000000	0.000934188
ASV_9700	0.000308	0.0003709408	0.0000000000	0.0005535542
ASV_1044	0.00022	0.000660037	0.000000000	0.000000000
ASV_1370	0.000251	0.0001231394	0.0004211360	0.0002076171
ASV_1288	0.000371	0.0000000000	0.0007746893	0.0003368546
ASV_1524	0.000279	0.0000000000	0.0000000000	0.0008361548
ASV_2186	0.000453	0.000000000	0.000000000	0.001358298
ASV_1771	0.000275	0.0000000000	0.0006601457	0.0001636297
ASV_2316	0.000201	0.0000000000	0.0000000000	0.0006022239
ASV_2734	0.000486	0.0001209921	0.0007125552	0.0006230064
ASV_4056	0.000314	0.0001122758	0.0000000000	0.0008302510
ASV_2806	0.000281	0.0001879162	0.0000000000	0.0006545188
ASV_3672	0.00019	0.0001473622	0.0002739302	0.0001475997
ASV_3143	0.000247	0.0003936667	0.0003483058	0.0000000000
ASV_6042	0.000302	0.0002630750	0.0005034466	0.0001386255
ASV_3256	0.000217	0.0000000000	0.0000000000	0.0006517223
ASV_3345	0.000202	0.0006048332	0.0000000000	0.0000000000
ASV_4237	0.000202	0.0006058824	0.0000000000	0.0000000000
ASV_4781	0.000395	0.0004018597	0.0007820076	0.0000000000
ASV_6409	0.000216	0.0003109592	0.0000000000	0.0003381098
ASV_3848	0.000326	0.0005018363	0.0000000000	0.0004751329
ASV_4615	0.000361	0.0003692254	0.0007125552	0.0000000000
ASV_4737	0.000202	0.0000000000	0.0000000000	0.0006067048
ASV_5306	0.000322	0.0003758325	0.0002787954	0.0003115032
ASV_4646	0.000201	0.0000000000	0.0000000000	0.0006022239
ASV_4486	0.000221	0.0002462787	0.0000000000	0.0004156442
ASV_5487	0.00024	0.0005815948	0.0001393977	0.0000000000
ASV_4647	0.00036	0.0002245516	0.0008548959	0.0000000000
ASV_6122	0.000273	0.0000000000	0.0000000000	0.0008181485
ASV_7602	0.000273	0.0005637487	0.0001161019	0.0001386255
ASV_4899	0.000227	0.0000000000	0.0004398209	0.0002420510
ASV_7262	0.000241	7.368111e-05	4.868270e-04	1.636297e-04
ASV_5988	0.000398	0.0001879162	0.0007577207	0.0002480454
ASV_9828	0.000296	0.0001122758	0.0004970515	0.0002772510
ASV_5625	0.000304	0.0001854704	0.0007258580	0.0000000000
ASV_5519	0.000332	0.0007873334	0.0000000000	0.0002076171
ASV_6019	0.00029	0.0003847496	0.0004851589	0.0000000000
ASV_5304	0.000363	0.0000000000	0.0007774136	0.0003115032
ASV_5171	0.000197	0.0000000000	0.0005913513	0.0000000000
ASV_6259	0.000263	0.0000000000	0.0001392370	0.0006483578
ASV_7943	0.000268	0.0000000000	0.0005631108	0.0002420510
ASV_5850	0.000251	0.0001968333	0.0005575908	0.0000000000
ASV_5918	0.00029	0.0000000000	0.0005575908	0.0003115032
ASV_6283	0.000331	0.0003878633	0.0006038030	0.0000000000
ASV_9479	0.000182	0.0001231394	0.0003114256	0.0001122849
ASV_7839	0.000179	0.0001473622	0.0003884898	0.0000000000
ASV_6280	0.000271	0.0008140786	0.0000000000	0.0000000000
ASV_6872	0.00021	0.0001231394	0.0003947366	0.0001122849
ASV_7912	0.000215	0.0001879162	0.0000000000	0.0004585546
ASV_8260	0.000201	0.0000000000	0.0000000000	0.0006022239
ASV_7450	0.000225	0.0006759865	0.0000000000	0.0000000000
ASV_6690	0.000249	0.0007479169	0.0000000000	0.0000000000
ASV_8920	0.000251	0.0001893939	0.0005634767	0.0000000000
ASV_6633	0.000332	0.0007873334	0.0000000000	0.0002075447
ASV_7153	0.000319	0.0000000000	0.0009567073	0.0000000000
ASV_7302	0.000305	0.0001984694	0.0007161092	0.0000000000
ASV_9286	0.00032	0.0005637487	0.0000000000	0.0003956451
ASV_9342	0.000286	0.0003629764	0.0000000000	0.0004960908
ASV_6733	0.000281	0.0001209921	0.0007230991	0.0000000000
ASV_7152	0.000279	0.0006973449	0.0001393977	0.0000000000
ASV_7938	0.000333	0.0000000000	0.0005391432	0.0004591029
ASV_9000	0.000205	0.0006156968	0.0000000000	0.0000000000
ASV_7021	0.000343	0.0004988755	0.0005296853	0.0000000000
ASV_8913	0.000403	0.0000000000	0.0009678106	0.0002420510
ASV_8095	0.000337	0.0003199727	0.0000000000	0.0006916468
ASV_9266	0.000418	0.0000000000	0.0004839053	0.0007706061
ASV_6958	0.000222	0.0000000000	0.0000000000	0.0006667869
ASV_7549	0.000213	0.0000000000	0.0000000000	0.0006393997
ASV_8784	0.000297	0.0006847408	0.0000000000	0.0002076171
ASV_7419	0.000299	0.0000000000	0.0001915092	0.0007055959
ASV_8495	0.000317	0.000707898	0.000000000	0.000242051
ASV_8763	0.000261	7.368111e-05	2.606692e-04	4.485066e-04
ASV_9618	0.000148	0.0004446219	0.0000000000	0.0000000000
ASV_8279	0.000476	0.0000000000	0.0003562776	0.0010731351
ASV_8564	0.00034	0.0004249316	0.0004839053	0.0001122849
ASV_9057	0.000403	0.000000000	0.001209763	0.000000000
ASV_8666	0.000267	0.0000000000	0.0008004843	0.0000000000
ASV_8806	0.000369	0.0001984694	0.0006661401	0.0002420510
ASV_9022	0.00023	0.0002461824	0.0001161019	0.0003280618
ASV_8570	0.000286	0.0000000000	0.0008565033	0.0000000000
ASV_8912	0.000213	0.0000000000	0.0000000000	0.0006385853
ASV_8907	0.000288	0.0000000000	0.0000000000	0.0008636171
ASV_9317	0.000223	0.0004139455	0.0001161019	0.0001386255
ASV_8116	0.000232	0.0000000000	0.0006961849	0.0000000000
ASV_8933	0.000286	0.0003629764	0.0003576538	0.0001386255
ASV_9033	0.000171	0.000000e+00	4.152341e-04	9.722028e-05
ASV_9055	0.00019	0.0003368274	0.0002322039	0.0000000000
ASV_8548	0.000173	0.0001473622	0.0003716016	0.0000000000
ASV_8660	0.000197	0.0001230485	0.0000000000	0.0004680793
ASV_9052	0.000339	0.0003691290	0.0006480139	0.0000000000
ASV_9868	0.000224	0.0000000000	0.0000000000	0.0006712896
ASV_9194	0.000316	0.0004249316	0.0005235303	0.0000000000
ASV_9446	0.000182	0.0001122758	0.0000000000	0.0004340749
ASV_9644	0.000287	0.0008610145	0.0000000000	0.0000000000
ASV_9688	0.000208	0.0000000000	0.0006238879	0.0000000000
ASV_9865	0.000311	0.0000000000	0.0002419527	0.0006908446
ASV_452	0.00027	0.0001879162	0.0006233030	0.0000000000
ASV_1154	0.000229	0.0001984694	0.0001161019	0.0003711744
ASV_1076	0.000197	0.0000000000	0.0005895868	0.0000000000
ASV_2106	0.000415	0.000000000	0.000000000	0.001246013
ASV_2285	0.000181	7.368111e-05	4.703046e-04	0.000000e+00
ASV_3073	0.000237	0.0005905000	0.0000000000	0.0001204448
ASV_3153	0.000328	0.0002124658	0.0003576538	0.0004152341
ASV_3592	0.000197	0.0003109647	0.0002787954	0.0000000000
ASV_5763	0.00016	0.000000e+00	3.824432e-04	9.722028e-05
ASV_3980	0.000175	0.0002462787	0.0002784740	0.0000000000
ASV_3680	0.000212	0.0001893939	0.0000000000	0.0004477042
ASV_3562	0.000277	0.0000000000	0.0000000000	0.0008304682
ASV_4441	0.000336	0.0000000000	0.0008703835	0.0001386255
ASV_4077	0.000188	0.0000000000	0.0000000000	0.0005634762
ASV_4987	0.000269	0.0002861469	0.0003562776	0.0001636297
ASV_3729	0.000213	0.0002245516	0.0000000000	0.0004152341
ASV_7735	0.000222	0.0003109592	0.0000000000	0.0003552168
ASV_5799	0.000263	0.0002245516	0.0003562776	0.0002076171
ASV_5021	0.000186	0.0000000000	0.0005569479	0.0000000000
ASV_6588	0.000198	0.0003355142	0.0000000000	0.0002590703
ASV_4480	0.000256	0.0005249082	0.0000000000	0.0002420510
ASV_5456	0.00018	0.0001230430	0.0004181931	0.0000000000
ASV_6961	0.000186	0.0002419843	0.0003156566	0.0000000000
ASV_6405	0.000496	0.000000000	0.001487245	0.000000000
ASV_4991	0.000282	0.0000000000	0.0000000000	0.0008470373
ASV_5047	0.000158	0.0003368274	0.0000000000	0.0001386255
ASV_5366	0.000203	0.000610402	0.000000000	0.000000000
ASV_6413	0.000249	0.0000000000	0.0004366237	0.0003115032
ASV_6025	0.000231	0.0000000000	0.0000000000	0.0006923403
ASV_5212	0.000245	0.0002440351	0.0004911532	0.0000000000
ASV_6177	0.000267	0.0000000000	0.0008001338	0.0000000000
ASV_5632	0.000186	0.0000000000	0.0005575908	0.0000000000
ASV_6624	3e-04	0.0000000000	0.0000000000	0.0008993362
ASV_5997	0.000279	0.000000000	0.000000000	0.000838438
ASV_6094	0.000168	0.0003455437	0.0001578283	0.0000000000
ASV_6370	0.000255	0.000000000	0.000766037	0.000000000
ASV_6455	0.000164	0.0004921829	0.0000000000	0.0000000000
ASV_7147	0.000287	0.0000000000	0.0002419527	0.0006192198
ASV_7607	0.00032	0.0001968333	0.0007632910	0.0000000000
ASV_9652	0.000346	0.0000000000	0.0007258580	0.0003115032
ASV_6490	0.000262	0.0000000000	0.0001392370	0.0006477318
ASV_6619	0.000296	0.0000000000	0.0004723796	0.0004152341
ASV_6388	0.000249	0.0001122758	0.0003562776	0.0002772510
ASV_7018	0.000267	7.368111e-05	4.839053e-04	2.420510e-04
ASV_6204	0.00027	0.0000000000	0.0000000000	0.0008107345
ASV_9024	0.000312	0.0000000000	0.0006233030	0.0003115032
ASV_6003	3e-04	0.0000000000	0.0000000000	0.0009002574
ASV_5777	0.00015	0.0004491031	0.0000000000	0.0000000000
ASV_6730	0.000186	0.0000000000	0.0005575908	0.0000000000
ASV_7675	0.00023	0.0006912248	0.0000000000	0.0000000000
ASV_7591	0.000175	0.0002460860	0.0001161019	0.0001636297
ASV_8515	0.00018	0.0002440406	0.0002972260	0.0000000000
ASV_7522	0.000209	0.0000000000	0.0004181931	0.0002076171
ASV_6684	0.000183	0.0005477612	0.0000000000	0.0000000000
ASV_6718	0.000186	0.0001209921	0.0004364630	0.0000000000
ASV_7277	0.000239	0.0007184512	0.0000000000	0.0000000000
ASV_7365	0.000216	0.0006479457	0.0000000000	0.0000000000
ASV_6255	0.00033	0.0000000000	0.0009910292	0.0000000000
ASV_6279	0.000153	0.0001230430	0.0000000000	0.0003368546
ASV_7077	0.00019	0.0000000000	0.0005693626	0.0000000000
ASV_9608	0.000185	0.0003064625	0.0000000000	0.0002480454
ASV_6749	0.000243	0.0002462787	0.0004839053	0.0000000000
ASV_9914	0.000213	0.0003969388	0.0000000000	0.0002408896
ASV_6261	0.000356	0.0000000000	0.0007125552	0.0003551444
ASV_6957	0.000185	0.000000000	0.000000000	0.000554502
ASV_8241	0.000233	0.0001230485	0.0005745277	0.0000000000
ASV_8359	0.000243	0.0001230430	0.0000000000	0.0006045469
ASV_8099	0.000247	0.0002353188	0.0003873447	0.0001170198
ASV_8600	0.000127	0.0003822909	0.0000000000	0.0000000000
ASV_9028	0.000277	0.0000000000	0.0008324682	0.0000000000
ASV_7781	0.000178	0.0000000000	0.0000000000	0.0005337119
ASV_7908	0.000211	0.0000000000	0.0003900322	0.0002420510
ASV_7023	0.000258	0.0000000000	0.0007744707	0.0000000000
ASV_8258	0.000269	0.0004249316	0.0003830185	0.0000000000
ASV_7783	0.000281	0.0000000000	0.0006361278	0.0002076171
ASV_8902	0.000301	0.0000000000	0.0009016281	0.0000000000
ASV_9188	0.000213	0.0000000000	0.0004928731	0.0001475997
ASV_8739	0.000205	0.0003558244	0.0002606692	0.0000000000
ASV_8541	0.00027	0.0001879162	0.0000000000	0.0006226340
ASV_9327	0.000246	0.0002419843	0.0004956753	0.0000000000
ASV_8043	0.000154	0.000000000	0.000462956	0.000000000
ASV_8165	0.000319	0.0001984694	0.0007577207	0.0000000000
ASV_8815	0.000153	0.0001473622	0.0001915092	0.0001204448
ASV_9299	0.000138	0.0000000000	0.0004152341	0.0000000000
ASV_9380	0.000149	0.0004471572	0.0000000000	0.0000000000
ASV_9486	0.000274	0.0005743019	0.0000000000	0.0002480454
ASV_9565	0.000241	0.0001231394	0.0000000000	0.0006011219
ASV_9905	0.00013	0.0000000000	0.0000000000	0.0003888811
ASV_8147	0.00021	0.0000000000	0.0006313131	0.0000000000
ASV_9679	0.000176	0.0002419843	0.0002846813	0.0000000000
ASV_8877	0.000295	0.0001122758	0.0003576538	0.0004152341
ASV_9329	0.00022	0.0000000000	0.0006597955	0.0000000000
ASV_9491	0.000246	0.0001230485	0.0006160964	0.0000000000
ASV_8958	0.000166	0.0000000000	0.0000000000	0.0004992779
ASV_9261	0.000215	0.0000000000	0.0001161019	0.0005275190
ASV_9654	0.000128	0.0002705016	0.0000000000	0.0001122849
ASV_9277	0.000263	0.0000000000	0.0003873447	0.0004020576
ASV_8754	0.000164	0.0004922847	0.0000000000	0.0000000000
ASV_9616	0.000185	0.0000000000	0.0001392370	0.0004158765
ASV_8961	0.000183	0.0000000000	0.0000000000	0.0005496573
ASV_9510	0.000274	0.0000000000	0.0000000000	0.0008207701
ASV_9904	0.000181	0.0000000000	0.0000000000	0.0005431448
ASV_9326	0.000407	0.0000000000	0.0010729614	0.0001475997
ASV_9589	0.000277	0.0000000000	0.0000000000	0.0008304682
ASV_9899	0.000203	0.0002460860	0.0002419527	0.0001204448
ASV_9343	0.000221	0.0006641811	0.0000000000	0.0000000000
ASV_1991	0.000149	0.0000000000	0.0000000000	0.0004477042
ASV_1537	0.000118	0.0001122758	0.0002430455	0.0000000000
ASV_2243	0.000207	0.0000000000	0.0006195486	0.0000000000
ASV_2791	0.000168	0.0001230430	0.0003811896	0.0000000000
ASV_1917	0.000187	0.0001984694	0.0000000000	0.0003624958
ASV_3264	0.000139	0.0000000000	0.0004177109	0.0000000000
ASV_2761	0.000342	0.0000000000	0.0007153076	0.0003115032
ASV_3699	0.000139	0.0000000000	0.0004181931	0.0000000000
ASV_2670	0.000125	0.0001230430	0.0000000000	0.0002509104
ASV_3663	0.000202	0.0001230430	0.0004839053	0.0000000000
ASV_3620	0.000122	0.0003650273	0.0000000000	0.0000000000
ASV_4445	0.000237	0.0000000000	0.0001915092	0.0005191202
ASV_3295	0.000219	0.0000000000	0.0000000000	0.0006571404
ASV_4999	0.000186	7.368111e-05	4.839053e-04	0.000000e+00
ASV_3991	0.000131	0.0000000000	0.0001161019	0.0002772510
ASV_3582	0.000258	7.368111e-05	3.873447e-04	3.115032e-04
ASV_4763	0.000204	0.0000000000	0.0000000000	0.0006131106
ASV_4658	0.000192	0.0000000000	0.0005758026	0.0000000000
ASV_4270	0.00012	0.0001231394	0.0000000000	0.0002374646
ASV_3924	0.000279	0.0001209921	0.0007153076	0.0000000000
ASV_5144	0.000133	0.0001209921	0.0000000000	0.0002772510
ASV_4368	0.000139	0.0000000000	0.0004181931	0.0000000000
ASV_4806	0.000143	0.0004299005	0.0000000000	0.0000000000
ASV_5337	0.000301	0.0001879162	0.0007153076	0.0000000000
ASV_7941	0.000218	0.0003936667	0.0002606692	0.0000000000
ASV_5731	0.000145	0.000434195	0.000000000	0.000000000
ASV_5787	0.000143	0.0004296148	0.0000000000	0.0000000000
ASV_8127	0.000242	0.0000000000	0.0000000000	0.0007261531
ASV_5948	0.000236	0.0001984694	0.0002606692	0.0002480454
ASV_7369	0.000121	0.0000000000	0.0001393977	0.0002245697
ASV_5885	0.00022	0.0000000000	0.0000000000	0.0006597205
ASV_4893	0.000117	0.0000000000	0.0000000000	0.0003510595
ASV_5504	0.000136	0.0001122758	0.0000000000	0.0002951995
ASV_6681	0.000112	0.0001122758	0.0000000000	0.0002245697
ASV_5921	0.000121	0.0003629764	0.0000000000	0.0000000000
ASV_7210	0.00013	0.0001473622	0.0000000000	0.0002420510
ASV_6613	0.000387	0.000000000	0.001162034	0.000000000
ASV_6176	0.000151	0.0000000000	0.0001578283	0.0002951995
ASV_6049	0.000112	0.0000000000	0.0000000000	0.0003368546
ASV_6640	0.000193	7.368111e-05	3.562776e-04	1.475997e-04
ASV_8028	0.000173	0.0000000000	0.0001578283	0.0003603303
ASV_5682	0.000158	0.0000000000	0.0004734848	0.0000000000
ASV_6457	0.000213	0.0000000000	0.0006392314	0.0000000000
ASV_6717	0.00012	0.0000000000	0.0000000000	0.0003613343
ASV_6943	0.000163	0.0002124658	0.0000000000	0.0002759146
ASV_6393	0.000174	0.0000000000	0.0003830185	0.0001386255
ASV_7601	0.000167	0.0003091091	0.0001915092	0.0000000000
ASV_7598	0.000145	0.0004337936	0.0000000000	0.0000000000
ASV_7000	0.000188	0.0004249316	0.0001392370	0.0000000000
ASV_8091	0.000164	0.0002124658	0.0002784740	0.0000000000
ASV_9605	0.000119	0.0003583618	0.0000000000	0.0000000000
ASV_6899	0.000271	0.0001968333	0.0006169468	0.0000000000
ASV_7261	0.000146	0.0000000000	0.0004366237	0.0000000000
ASV_7644	0.00018	0.0004249316	0.0001161019	0.0000000000
ASV_8758	0.000139	0.0000000000	0.0004181931	0.0000000000
ASV_7215	0.000242	0.000000000	0.000725858	0.000000000
ASV_7100	2e-04	0.0000000000	0.0003576538	0.0002408896
ASV_7214	0.000248	0.0000000000	0.0000000000	0.0007441362
ASV_7401	0.000208	0.0000000000	0.0000000000	0.0006228512
ASV_9034	0.000132	0.0000000000	0.0003948973	0.0000000000
ASV_8038	0.000273	0.0000000000	0.0008191161	0.0000000000
ASV_8151	0.000205	0.0001984694	0.0000000000	0.0004150893
ASV_7132	0.000112	0.0003368274	0.0000000000	0.0000000000
ASV_7237	0.00013	0.0000000000	0.0000000000	0.0003895359
ASV_8108	0.000202	0.0001984694	0.0002606692	0.0001475997
ASV_7960	0.000125	0.0000000000	0.0001578283	0.0002176651
ASV_8499	0.000118	0.0000000000	0.0002076171	0.0001475997
ASV_8927	0.000226	0.0000000000	0.0006791667	0.0000000000
ASV_9657	0.000171	0.0002721505	0.0002419527	0.0000000000
ASV_8370	0.000166	0.0004981749	0.0000000000	0.0000000000
ASV_7424	0.000112	0.0003353679	0.0000000000	0.0000000000
ASV_8323	0.000145	0.0001854704	0.0000000000	0.0002480454
ASV_7619	0.000118	0.0000000000	0.0000000000	0.0003531744
ASV_8478	0.000212	0.0000000000	0.0006364492	0.0000000000
ASV_9627	0.000202	0.0001209921	0.0004839053	0.0000000000
ASV_8890	0.000247	0.0001968333	0.0005451730	0.0000000000
ASV_8971	0.000185	0.0001984694	0.0000000000	0.0003552168
ASV_9574	0.000193	0.0000000000	0.0000000000	0.0005788638
ASV_8378	0.000284	0.0000000000	0.0008519529	0.0000000000
ASV_8536	0.000195	0.0001230430	0.0004614623	0.0000000000
ASV_8721	0.000185	0.0000000000	0.0000000000	0.0005538596
ASV_9012	0.000146	0.0000000000	0.0004366237	0.0000000000
ASV_8870	0.000121	0.0003629764	0.0000000000	0.0000000000
ASV_9067	0.000145	0.0004340022	0.0000000000	0.0000000000
ASV_9924	0.000106	0.000000e+00	2.199105e-04	9.722028e-05
ASV_9832	0.000127	0.0002419843	0.0001393977	0.0000000000
ASV_8573	0.000127	0.000000e+00	2.846813e-04	9.722028e-05
ASV_9346	0.000149	0.0002124658	0.0000000000	0.0002340397
ASV_9538	0.000142	0.0000000000	0.0004270219	0.0000000000
ASV_9576	0.000211	0.0000000000	0.0003562776	0.0002772510
ASV_9595	0.000141	0.0004242317	0.0000000000	0.0000000000
ASV_8965	0.000312	0.0000000000	0.0000000000	0.0009345096
ASV_9364	0.000224	0.0001879162	0.0004839053	0.0000000000
ASV_9663	0.000202	0.0001230430	0.0000000000	0.0004841021
ASV_243	0.000104	0.0003124369	0.0000000000	0.0000000000
ASV_1301	0.000147	0.0001984694	0.0002419527	0.0000000000
ASV_1312	9.8e-05	0.0000000000	0.0000000000	0.0002951995
ASV_1799	0.000132	0.0000000000	0.0000000000	0.0003956451
ASV_1530	0.000129	0.0000000000	0.0001393977	0.0002480454
ASV_1873	0.000138	0.0000000000	0.0000000000	0.0004150893
ASV_2215	0.000124	0.0001122758	0.0002606692	0.0000000000
ASV_2754	0.000168	0.0000000000	0.0003576538	0.0001475997
ASV_3020	0.000129	0.0003863856	0.0000000000	0.0000000000
ASV_3101	0.000128	0.0000000000	0.0003830185	0.0000000000
ASV_3210	8.2e-05	0.0002460969	0.0000000000	0.0000000000
ASV_4071	0.000126	0.0000000000	0.0002606692	0.0001170198
ASV_3698	9.3e-05	0.0000000000	0.0002787954	0.0000000000
ASV_3661	0.000119	0.0000000000	0.0003580546	0.0000000000
ASV_3847	0.000132	0.0000000000	0.0000000000	0.0003956451
ASV_4476	0.000104	0.0003107452	0.0000000000	0.0000000000
ASV_4058	7.4e-05	7.368111e-05	0.000000e+00	1.475997e-04
ASV_4248	9.8e-05	0.0000000000	0.0000000000	0.0002951995
ASV_4557	0.000258	0.0000000000	0.0007746893	0.0000000000
ASV_4208	0.000107	7.368111e-05	0.000000e+00	2.480454e-04
ASV_4094	9.3e-05	0.0000000000	0.0002787954	0.0000000000
ASV_4687	0.000132	0.0003969388	0.0000000000	0.0000000000
ASV_4443	9.3e-05	0.0000000000	0.0002787954	0.0000000000
ASV_5653	6.2e-05	0.0001854704	0.0000000000	0.0000000000
ASV_4590	8e-05	0.0001230430	0.0001161019	0.0000000000
ASV_9316	9.4e-05	0.0000000000	0.0001423406	0.0001386255
ASV_9638	7.6e-05	0.0001231394	0.0001038085	0.0000000000
ASV_6625	0.000127	0.0000000000	0.0003813503	0.0000000000
ASV_5495	8.2e-05	0.0002460969	0.0000000000	0.0000000000
ASV_5761	9.2e-05	0.000000000	0.000000000	0.000277251
ASV_4542	0.000208	0.0000000000	0.0000000000	0.0006230064
ASV_7929	9.3e-05	0.0000000000	0.0002787954	0.0000000000
ASV_5013	8e-05	0.0001230485	0.0001161019	0.0000000000
ASV_5613	9.3e-05	0.000000000	0.000278474	0.000000000
ASV_4594	0.000107	0.0000000000	0.0000000000	0.0003198295
ASV_5825	6.5e-05	0.0000000000	0.0000000000	0.0001944406
ASV_5420	0.000193	0.0000000000	0.0005788539	0.0000000000
ASV_6628	0.000127	0.0000000000	0.0003813503	0.0000000000
ASV_6944	0.000138	0.0000000000	0.0000000000	0.0004152341
ASV_6408	0.000147	0.0001984694	0.0002419527	0.0000000000
ASV_5568	7.3e-05	0.0000000000	0.0002199105	0.0000000000
ASV_7737	0.000233	0.0000000000	0.0003873447	0.0003115032
ASV_8805	9.3e-05	0.0000000000	0.0001161019	0.0001636297
ASV_7221	0.000133	0.0000000000	0.0003997809	0.0000000000
ASV_8673	8.2e-05	0.000246086	0.000000000	0.000000000
ASV_6091	0.00011	0.0002124658	0.0000000000	0.0001170198
ASV_7677	0.000238	0.0000000000	0.0007153076	0.0000000000
ASV_5685	9.8e-05	0.0000000000	0.0000000000	0.0002951995
ASV_6903	6.5e-05	0.0001946732	0.0000000000	0.0000000000
ASV_6709	0.00019	0.0002124658	0.0003562776	0.0000000000
ASV_5827	0.000138	0.0000000000	0.0000000000	0.0004150893
ASV_6746	0.000161	0.0000000000	0.0000000000	0.0004841021
ASV_6604	0.000117	0.0002124658	0.0001392370	0.0000000000
ASV_6499	9.3e-05	0.0000000000	0.0002786347	0.0000000000
ASV_7851	0.000119	0.0000000000	0.0003580546	0.0000000000
ASV_7112	7.5e-05	0.0002235786	0.0000000000	0.0000000000
ASV_9344	0.000121	0.0000000000	0.0002419527	0.0001204448
ASV_6935	0.00013	0.0000000000	0.0002419527	0.0001475997
ASV_8759	0.00012	0.0000000000	0.0000000000	0.0003603303
ASV_8029	0.000161	0.0000000000	0.0000000000	0.0004841021
ASV_6963	9.2e-05	0.000000000	0.000000000	0.000277251
ASV_9910	0.000168	0.0000000000	0.0003562776	0.0001475997
ASV_7267	7.8e-05	0.0002353188	0.0000000000	0.0000000000
ASV_9666	0.000105	0.0000000000	0.0003156566	0.0000000000
ASV_7379	0.000138	0.0000000000	0.0000000000	0.0004150893
ASV_7269	7.5e-05	0.0001122758	0.0000000000	0.0001122849
ASV_8298	0.00013	0.0000000000	0.0000000000	0.0003896508
ASV_8970	0.000238	0.0000000000	0.0007125552	0.0000000000
ASV_8524	0.000107	0.0003215124	0.0000000000	0.0000000000
ASV_7856	0.000102	0.0000000000	0.0000000000	0.0003048373
ASV_8469	0.000105	0.0000000000	0.0003156566	0.0000000000
ASV_7581	0.000154	0.0002124658	0.0000000000	0.0002480454
ASV_8037	9.8e-05	0.0000000000	0.0000000000	0.0002951995
ASV_9641	0.000121	0.0001209921	0.0002419527	0.0000000000
ASV_8036	6.9e-05	0.0000000000	0.0002076171	0.0000000000
ASV_8987	0.000167	0.0001893939	0.0000000000	0.0003115032
ASV_9362	8.2e-05	0.0002461824	0.0000000000	0.0000000000
ASV_7877	0.000103	0.0000000000	0.0001915092	0.0001170198
ASV_8030	2e-04	0.0000000000	0.0005996064	0.0000000000
ASV_8312	0.000107	7.368111e-05	0.000000e+00	2.480454e-04
ASV_8773	0.000125	0.0003758325	0.0000000000	0.0000000000
ASV_9571	0.000127	0.0000000000	0.0001393977	0.0002420510
ASV_9650	0.000185	0.0000000000	0.0000000000	0.0005535542
ASV_8327	7.6e-05	0.0001122758	0.0001161019	0.0000000000
ASV_8164	0.000108	0.0003247416	0.0000000000	0.0000000000
ASV_8717	9.3e-05	0.000000000	0.000278474	0.000000000
ASV_8959	0.000161	0.0000000000	0.0000000000	0.0004841021
ASV_9292	9.5e-05	0.0000000000	0.0000000000	0.0002840745
ASV_8525	9.2e-05	0.000000000	0.000000000	0.000277251
ASV_8724	0.000147	0.0000000000	0.0001915092	0.0002480454
ASV_9685	0.000176	0.0000000000	0.0005267424	0.0000000000
ASV_8055	9.8e-05	0.0000000000	0.0000000000	0.0002951995
ASV_8113	0.000106	0.0001984694	0.0000000000	0.0001204448
ASV_9065	0.000238	0.0000000000	0.0007153076	0.0000000000
ASV_9082	0.00011	0.0000000000	0.0003309069	0.0000000000
ASV_8461	9.9e-05	0.0000000000	0.0002970653	0.0000000000
ASV_9062	7.5e-05	0.0002245516	0.0000000000	0.0000000000
ASV_8303	9.2e-05	0.000000000	0.000000000	0.000277251
ASV_8687	9.2e-05	0.0000000000	0.0000000000	0.0002759146
ASV_8305	0.000161	0.0000000000	0.0000000000	0.0004841021
ASV_8989	0.000126	0.0003787879	0.0000000000	0.0000000000
ASV_9596	0.000107	0.0003215124	0.0000000000	0.0000000000
ASV_9867	8.7e-05	0.0000000000	0.0001392370	0.0001204448
ASV_8886	7.2e-05	7.368111e-05	1.423406e-04	0.000000e+00
ASV_9243	0.000258	0.0000000000	0.0007746893	0.0000000000
ASV_9318	8.7e-05	0.000123043	0.000139237	0.000000000
ASV_9586	0.000238	0.0000000000	0.0007125552	0.0000000000
ASV_9349	0.000109	0.0000000000	0.0000000000	0.0003280618
ASV_9489	0.000176	0.0000000000	0.0005267424	0.0000000000
ASV_9543	9.2e-05	0.000000000	0.000000000	0.000277251
ASV_9601	0.000126	0.0001879162	0.0001915092	0.0000000000
ASV_291	4.9e-05	0.0000000000	0.0000000000	0.0001475997
ASV_646	6.3e-05	0.0001893939	0.0000000000	0.0000000000
ASV_679	3.7e-05	0.0000000000	0.0000000000	0.0001122849
ASV_1323	5.5e-05	0.0000000000	0.0000000000	0.0001636297
ASV_1002	3.7e-05	0.0001117893	0.0000000000	0.0000000000
ASV_1112	6.3e-05	0.0001879162	0.0000000000	0.0000000000
ASV_1671	6.9e-05	0.0000000000	0.0000000000	0.0002075447
ASV_1576	3.9e-05	0.0000000000	0.0001161019	0.0000000000
ASV_1318	3.5e-05	0.0000000000	0.0001038085	0.0000000000
ASV_1926	4.1e-05	0.0001231394	0.0000000000	0.0000000000
ASV_2155	3.7e-05	0.0001117893	0.0000000000	0.0000000000
ASV_1841	3.2e-05	0.000000e+00	0.000000e+00	9.722028e-05
ASV_2441	5.3e-05	0.0000000000	0.0001578283	0.0000000000
ASV_2882	4.9e-05	0.0000000000	0.0000000000	0.0001475997
ASV_4689	4.1e-05	0.0001230485	0.0000000000	0.0000000000
ASV_2474	4e-05	0.0001209921	0.0000000000	0.0000000000
ASV_9630	6.4e-05	0.0000000000	0.0001915092	0.0000000000
ASV_3000	4.1e-05	0.000123043	0.000000000	0.000000000
ASV_3315	6.9e-05	0.0000000000	0.0000000000	0.0002076171
ASV_3173	3.5e-05	0.0000000000	0.0001038085	0.0000000000
ASV_4720	6.9e-05	0.0000000000	0.0000000000	0.0002076171
ASV_4098	6.9e-05	0.0000000000	0.0000000000	0.0002075447
ASV_3133	4.1e-05	0.000123043	0.000000000	0.000000000
ASV_3544	6.3e-05	0.0001893939	0.0000000000	0.0000000000
ASV_3631	8.1e-05	0.000000000	0.000000000	0.000242051
ASV_3640	3.9e-05	0.0000000000	0.0000000000	0.0001170198
ASV_4619	3.7e-05	0.0001117893	0.0000000000	0.0000000000
ASV_3703	8.7e-05	0.0000000000	0.0002606692	0.0000000000
ASV_4544	6.9e-05	0.0000000000	0.0000000000	0.0002076171
ASV_4251	5.5e-05	0.0000000000	0.0000000000	0.0001636297
ASV_4685	6.4e-05	0.0000000000	0.0001915092	0.0000000000
ASV_5828	0.000119	0.0000000000	0.0003562776	0.0000000000
ASV_5552	6.6e-05	0.0001984694	0.0000000000	0.0000000000
ASV_5784	0.000104	0.0000000000	0.0000000000	0.0003115032
ASV_5646	4.6e-05	0.0000000000	0.0001393977	0.0000000000
ASV_5111	3.9e-05	0.0000000000	0.0001161019	0.0000000000
ASV_5889	4e-05	0.0001209921	0.0000000000	0.0000000000
ASV_8051	4.1e-05	0.0001231394	0.0000000000	0.0000000000
ASV_5113	0.000129	0.0000000000	0.0003873447	0.0000000000
ASV_6712	3.2e-05	0.000000e+00	0.000000e+00	9.722028e-05
ASV_7529	0.000129	0.0000000000	0.0003873447	0.0000000000
ASV_8665	3.7e-05	0.0000000000	0.0000000000	0.0001122849
ASV_6284	0.000119	0.0000000000	0.0003576538	0.0000000000
ASV_5546	3.9e-05	0.0000000000	0.0001161019	0.0000000000
ASV_6477	0.000129	0.0000000000	0.0003873447	0.0000000000
ASV_5416	6.6e-05	0.0001984694	0.0000000000	0.0000000000
ASV_5922	5.5e-05	0.0000000000	0.0000000000	0.0001636297
ASV_6618	4.6e-05	0.0000000000	0.0001393977	0.0000000000
ASV_6772	5.3e-05	0.0000000000	0.0001578283	0.0000000000
ASV_9064	4e-05	0.0000000000	0.0000000000	0.0001204448
ASV_6995	3.9e-05	0.0000000000	0.0001161019	0.0000000000
ASV_7258	2.5e-05	7.368111e-05	0.000000e+00	0.000000e+00
ASV_6257	6.4e-05	0.0000000000	0.0001915092	0.0000000000
ASV_8358	4.6e-05	0.000000000	0.000139237	0.000000000
ASV_6860	6.9e-05	0.0000000000	0.0000000000	0.0002076171
ASV_6874	0.000104	0.0000000000	0.0000000000	0.0003115032
ASV_7254	3.9e-05	0.0000000000	0.0000000000	0.0001170198
ASV_7398	4.6e-05	0.0000000000	0.0000000000	0.0001386255
ASV_7256	4e-05	0.0000000000	0.0000000000	0.0001204448
ASV_7311	3.9e-05	0.0000000000	0.0001161019	0.0000000000
ASV_7416	0.000119	0.0000000000	0.0003562776	0.0000000000
ASV_6175	4e-05	0.0000000000	0.0000000000	0.0001204448
ASV_6101	3.7e-05	0.0001122758	0.0000000000	0.0000000000
ASV_7138	4.6e-05	0.0000000000	0.0001393977	0.0000000000
ASV_7679	4.6e-05	0.0000000000	0.0000000000	0.0001386255
ASV_8103	4e-05	0.0001209921	0.0000000000	0.0000000000
ASV_9658	4.7e-05	0.0000000000	0.0001423406	0.0000000000
ASV_7278	3.9e-05	0.0000000000	0.0001161019	0.0000000000
ASV_7609	0.000129	0.0000000000	0.0003873447	0.0000000000
ASV_6839	4e-05	0.0000000000	0.0000000000	0.0001204448
ASV_7848	8.1e-05	0.000000000	0.000000000	0.000242051
ASV_6221	3.7e-05	0.0000000000	0.0000000000	0.0001122849
ASV_8294	0.000119	0.0000000000	0.0003576538	0.0000000000
ASV_7224	6.6e-05	0.0001984694	0.0000000000	0.0000000000
ASV_7241	6.4e-05	0.0000000000	0.0001915092	0.0000000000
ASV_7547	7.1e-05	0.0002124658	0.0000000000	0.0000000000
ASV_7915	3.9e-05	0.0000000000	0.0000000000	0.0001170198
ASV_6560	4.1e-05	0.0001230485	0.0000000000	0.0000000000
ASV_7447	4.6e-05	0.0000000000	0.0000000000	0.0001386255
ASV_7852	6.3e-05	0.0001879162	0.0000000000	0.0000000000
ASV_8464	4.7e-05	0.0000000000	0.0001423406	0.0000000000
ASV_7753	6.6e-05	0.0001968333	0.0000000000	0.0000000000
ASV_6956	3.2e-05	0.000000e+00	0.000000e+00	9.722028e-05
ASV_7888	0.000104	0.0000000000	0.0000000000	0.0003115032
ASV_8785	8.1e-05	0.0000000000	0.0002419527	0.0000000000
ASV_9845	0.000129	0.0000000000	0.0003873447	0.0000000000
ASV_8150	3.7e-05	0.0000000000	0.0000000000	0.0001122849
ASV_8362	3.2e-05	0.000000e+00	0.000000e+00	9.722028e-05
ASV_7702	8.7e-05	0.0000000000	0.0002606692	0.0000000000
ASV_8675	8.7e-05	0.0000000000	0.0002606692	0.0000000000
ASV_8117	6.4e-05	0.0000000000	0.0001915092	0.0000000000
ASV_8528	3.7e-05	0.0001122758	0.0000000000	0.0000000000
ASV_9320	0.000129	0.0000000000	0.0003873447	0.0000000000
ASV_9332	0.000119	0.0000000000	0.0003562776	0.0000000000
ASV_8332	4.1e-05	0.000123043	0.000000000	0.000000000
ASV_8918	3.5e-05	0.0000000000	0.0001038085	0.0000000000
ASV_9572	4.6e-05	0.000000000	0.000139237	0.000000000
ASV_8291	3.9e-05	0.0000000000	0.0001161019	0.0000000000
ASV_8470	4.6e-05	0.0000000000	0.0001393977	0.0000000000
ASV_9201	8.1e-05	0.000000000	0.000000000	0.000242051
ASV_9579	4.1e-05	0.0001231394	0.0000000000	0.0000000000
ASV_9675	4.6e-05	0.000000000	0.000139237	0.000000000
ASV_8579	3.9e-05	0.0000000000	0.0001161019	0.0000000000
ASV_8697	0.000119	0.0000000000	0.0003562776	0.0000000000
ASV_9508	0.000129	0.0000000000	0.0003873447	0.0000000000
ASV_9606	6.6e-05	0.0001984694	0.0000000000	0.0000000000
ASV_8162	4e-05	0.0001209921	0.0000000000	0.0000000000
ASV_9069	4.7e-05	0.0000000000	0.0001423406	0.0000000000
ASV_8957	6.9e-05	0.0000000000	0.0000000000	0.0002076171
ASV_9360	4e-05	0.0001209921	0.0000000000	0.0000000000
ASV_9903	8.1e-05	0.0000000000	0.0002419527	0.0000000000
ASV_8567	4.6e-05	0.0000000000	0.0001393977	0.0000000000
ASV_8711	3.5e-05	0.0000000000	0.0001038085	0.0000000000
ASV_8925	0.000104	0.0000000000	0.0000000000	0.0003115032
ASV_8992	7.1e-05	0.0002124658	0.0000000000	0.0000000000
ASV_8740	0.000119	0.0000000000	0.0003562776	0.0000000000
ASV_9066	0.000129	0.0000000000	0.0003873447	0.0000000000
ASV_9472	6.3e-05	0.0001893939	0.0000000000	0.0000000000
ASV_9866	8.1e-05	0.0000000000	0.0002419527	0.0000000000
ASV_9844	3.7e-05	0.0000000000	0.0000000000	0.0001122849
ASV_9930	7.1e-05	0.0002124658	0.0000000000	0.0000000000
ASV_9854	3.7e-05	0.0000000000	0.0000000000	0.0001122849
ASV_9482	0.000119	0.0000000000	0.0003562776	0.0000000000
ASV_9831	0.000104	0.0000000000	0.0000000000	0.0003115032
