OTUID	All	CW	OW	PW
ASV_1	1.41328	1.638739	1.003656	1.597444
ASV_3	1.003656	0.0041720796	3.0063181515	0.0004771545
ASV_6	0.962312	0.000000	2.886935	0.000000
ASV_9	0.869065	1.4028953	1.0764170	0.1278837
ASV_22	0.763523	0.03855737	2.21900654	0.03300420
ASV_7	0.765933	1.2378948	0.2904229	0.7694817
ASV_4	0.666529	0.4652983	0.7271828	0.8071048
ASV_28	0.527137	1.443976	0.137434	0.000000
ASV_17	0.59222	0.4697628	0.2293906	1.0775052
ASV_34	0.570209	0.6914255	0.3549583	0.6642440
ASV_2	0.557116	0.3907410	0.4072422	0.8733645
ASV_30	0.465384	0.10734994	1.21018540	0.07861806
ASV_8	0.481385	0.02598819	0.58497933	0.83318757
ASV_45	0.533599	0.985309036	0.613209971	0.002277784
ASV_5	0.44228	0.37825170	0.07099652	0.87759081
ASV_24	0.595449	1.1775269	0.2334472	0.3753743
ASV_18	0.529603	0.6628181	0.4083163	0.5176751
ASV_20	0.503316	0.5471768	0.1850242	0.7777482
ASV_19	0.450933	0.2353042	0.3160073	0.8014873
ASV_100	0.389709	1.169126	0.000000	0.000000
ASV_14	0.427368	0.4162213	0.3820572	0.4838266
ASV_16	0.415638	0.4872340	0.2829122	0.4767672
ASV_76	0.377321	1.1310387970	0.0009234351	0.0000000000
ASV_125	0.352547	0.80798938	0.24654289	0.00310746
ASV_53	0.362508	0.8221237	0.1390079	0.1263922
ASV_23	0.415007	0.07864669	0.85258005	0.31379311
ASV_12	0.379254	0.3931085	0.3009455	0.4437067
ASV_35	0.344717	0.3121882	0.1480205	0.5739427
ASV_55	0.285937	0.01014221	0.61177247	0.23589541
ASV_26	0.345451	0.2767624	0.3142373	0.4453521
ASV_29	0.311092	0.3868989	0.1956185	0.3507584
ASV_108	0.253808	0.0004658226	0.7607646934	0.0001924735
ASV_95	0.259032	0.10500586	0.61793005	0.05416042
ASV_25	0.34963	0.4008648	0.2671038	0.3809223
ASV_64	0.303593	0.22891654	0.58315716	0.09870423
ASV_54	0.283575	0.2206686	0.1317202	0.4983375
ASV_83	0.320549	0.3292223	0.2597476	0.3726771
ASV_39	0.333072	0.4765333	0.2639521	0.2587314
ASV_27	0.335735	0.5149278	0.2390100	0.2532658
ASV_90	0.238716	0.0000000	0.7161475	0.0000000
ASV_10	0.309596	0.3891637	0.1840320	0.3555932
ASV_42	0.308163	0.4503142	0.1671063	0.3070678
ASV_21	0.240082	0.1619163	0.0577355	0.5005935
ASV_31	0.300099	0.2367977	0.1116635	0.5518344
ASV_115	0.217748	0.0000000000	0.6530076115	0.0002374225
ASV_13	0.283169	0.04139551	0.16831023	0.63980189
ASV_60	0.336325	0.73401648	0.05874319	0.21621539
ASV_65	0.345155	0.5525809	0.2807510	0.2021338
ASV_56	0.234456	0.27616104	0.34532344	0.08188369
ASV_150	0.189006	0.0010104177	0.5656776374	0.0003310276
ASV_142	0.18841	0.0003325087	0.5641873641	0.0007112393
ASV_47	0.254034	0.3308082	0.1232288	0.3080649
ASV_33	0.204685	0.1731568	0.3266408	0.1142587
ASV_40	0.259272	0.4302648	0.1130977	0.2344530
ASV_132	0.225582	0.0000000000	0.6764579337	0.0002883806
ASV_77	0.291534	0.56636230	0.24841131	0.05982947
ASV_32	0.221845	0.23588048	0.37281055	0.05684389
ASV_72	0.270479	0.74114157	0.03962305	0.03067121
ASV_84	0.195272	0.34263990	0.06332083	0.17985516
ASV_49	0.219078	0.05539094	0.33830833	0.26353517
ASV_71	0.236946	0.4159237	0.1115465	0.1833688
ASV_174	0.215766	0.03208282	0.00000000	0.61521456
ASV_102	0.185409	0.1454331	0.2781183	0.1326749
ASV_82	0.196076	0.2514388	0.1156501	0.2211380
ASV_48	0.180909	0.03030241	0.46976253	0.04266325
ASV_120	0.174447	0.026823728	0.488793521	0.007724442
ASV_116	0.211233	0.06596245	0.53853125	0.02920667
ASV_38	0.188871	0.1262631	0.1488023	0.2915463
ASV_43	0.193534	0.1175804	0.0301471	0.4328749
ASV_80	0.227052	0.3796403	0.1288960	0.1726201
ASV_66	0.189626	0.1667968	0.1615303	0.2405499
ASV_37	0.205574	0.2439015	0.1471570	0.2256630
ASV_68	0.188211	0.1388893	0.1223307	0.3034121
ASV_130	0.172986	0.1697243	0.1821765	0.1670576
ASV_96	0.206842	0.4333312	0.1815110	0.0056842
ASV_99	0.160275	0.09356292	0.14409412	0.24316688
ASV_137	0.1615	0.33485435	0.12699455	0.02265082
ASV_6099	0.17936	0.0039076195	0.5332266717	0.0009443233
ASV_147	0.197925	0.09022166	0.22988144	0.27367272
ASV_128	0.141025	0.377830991	0.043697681	0.001545463
ASV_85	0.16744	0.2112461	0.1129490	0.1781254
ASV_109	0.16899	0.15254088	0.08771918	0.26671049
ASV_172	0.182079	0.32540672	0.05158417	0.16924713
ASV_124	0.172893	0.2222270	0.1173430	0.1791098
ASV_59	0.151243	0.03053414	0.21402803	0.20916818
ASV_114	0.208291	0.22153756	0.01202009	0.39131405
ASV_275	0.159003	0.1674491	0.1243818	0.1851795
ASV_365	0.13357	0.01821204	0.28342601	0.09907203
ASV_98	0.162757	0.09012942	0.27152664	0.12661535
ASV_107	0.1515	0.06622633	0.09337888	0.29489474
ASV_101	0.156799	0.20956666	0.07053093	0.19030075
ASV_161	0.265929	0.0002772741	0.7975092491	0.0000000000
ASV_286	0.127922	0.01209812	0.36120941	0.01045729
ASV_171	0.150886	0.008730736	0.016690010	0.427236798
ASV_226	0.12923	0.21058309	0.09149334	0.08561392
ASV_58	0.16601	0.2563935	0.1376993	0.1039382
ASV_616	0.155861	0.08097177	0.02919676	0.35741519
ASV_117	0.146159	0.1156986	0.1173344	0.2054450
ASV_111	0.136302	0.19961934	0.14072536	0.06856208
ASV_79	0.141769	0.1450790	0.1201313	0.1600973
ASV_41	0.1622	0.1952482	0.1635339	0.1278181
ASV_92	0.144375	0.04859084	0.36167773	0.02285612
ASV_167	0.147651	0.1509275	0.1052210	0.1868039
ASV_183	0.149647	0.03318608	0.02232734	0.39342632
ASV_178	0.201249	0.54770644	0.01453997	0.04149942
ASV_509	0.131286	0.09378697	0.19700761	0.10306205
ASV_291	0.108836	0.0000000000	0.3257674792	0.0007400303
ASV_88	0.129416	0.000000	0.000000	0.388248
ASV_51	0.1427	0.109498142	0.001669051	0.316933697
ASV_146	0.125376	0.12346059	0.06733405	0.18533276
ASV_110	0.139165	0.1444501	0.1273154	0.1457302
ASV_50	0.159044	0.12673041	0.29660924	0.05379095
ASV_7408	0.17272	0.03552923	0.41795738	0.06467192
ASV_321	0.10528	0.001456475	0.314384851	0.000000000
ASV_229	0.18008	0.344311817	0.190929714	0.004998769
ASV_270	0.103473	2.369231e-04	3.100851e-01	9.612686e-05
ASV_224	0.115123	0.16891679	0.08021041	0.09624070
ASV_104	0.124606	0.12849942	0.02209358	0.22322457
ASV_253	0.111361	0.03045119	0.10084727	0.20278347
ASV_106	0.187063	0.05298694	0.36946804	0.13873518
ASV_156	0.137916	0.12506426	0.06738116	0.22130258
ASV_131	0.14149	0.03969226	0.18514019	0.19963725
ASV_452	0.098575	0.0000000	0.2957246	0.0000000
ASV_75	0.127981	0.19219058	0.11595371	0.07579995
ASV_11	0.110917	0.10532641	0.01333788	0.21408779
ASV_112	0.140024	0.18080024	0.06623753	0.17303513
ASV_67	0.127528	0.08343156	0.07722432	0.22192691
ASV_324	0.096079	1.312096e-03	2.868280e-01	9.612686e-05
ASV_228	0.127559	0.1237837	0.2588937	0.0000000
ASV_164	0.118052	0.06875814	0.17026114	0.11513812
ASV_103	0.15894	0.14487311	0.29559405	0.03635354
ASV_44	0.103102	0.07723164	0.20455812	0.02751721
ASV_235	0.109615	0.037257916	0.002633837	0.288952574
ASV_508	0.093668	0.0000000	0.2810026	0.0000000
ASV_230	0.093541	0.002992184	0.001406259	0.276224978
ASV_393	0.11554	0.07935110	0.07339443	0.19387298
ASV_129	0.113258	0.07501932	0.15475704	0.10999615
ASV_306	0.117532	0.12608463	0.04092341	0.18558938
ASV_186	0.109959	0.05139489	0.21040671	0.06807523
ASV_335	0.110336	0.04755307	0.01028665	0.27316864
ASV_208	0.123711	0.18538888	0.01345767	0.17228774
ASV_118	0.127212	0.1214094	0.1595845	0.1006434
ASV_36	0.126299	0.13427859	0.01885614	0.22576352
ASV_317	0.111951	0.10187179	0.07895075	0.15502915
ASV_372	0.088991	0.005230988	0.261743130	0.000000000
ASV_52	0.109941	0.09162505	0.08774184	0.15045715
ASV_180	0.122253	0.08508431	0.16560704	0.11606769
ASV_127	0.110619	0.24857948	0.02133514	0.06194190
ASV_288	0.154888	0.3618030	0.0000000	0.1028609
ASV_187	0.113913	0.05026137	0.09430755	0.19717055
ASV_804	0.115381	0.13192992	0.12704385	0.08716996
ASV_216	0.117043	0.06061707	0.18990535	0.10060583
ASV_257	0.111523	0.002330451	0.013876408	0.318363242
ASV_143	0.095391	0.05409692	0.21950128	0.01257522
ASV_149	0.09903	0.04605307	0.13386533	0.11717260
ASV_138	0.106144	0.06368096	0.10936506	0.14538525
ASV_243	0.111925	0.0000000000	0.3355814905	0.0001922537
ASV_210	0.108324	0.14157764	0.10075223	0.08264292
ASV_93	0.126638	0.1700207	0.1705036	0.0393885
ASV_245	0.104369	0.0181678782	0.0008335795	0.2941048437
ASV_223	0.095174	0.14065411	0.08191053	0.06295863
ASV_355	0.118506	0.1078982	0.1370603	0.1105580
ASV_94	0.10626	0.1701403	0.0351541	0.1134850
ASV_86	0.094839	0.02132148	0.02018766	0.24300798
ASV_352	0.090097	0.19495461	0.04302541	0.03231103
ASV_281	0.112053	0.04699562	0.04955469	0.23960837
ASV_185	0.114213	0.12746951	0.11624892	0.09891938
ASV_63	0.110187	0.11567404	0.08742018	0.12746710
ASV_376	0.108854	0.11890293	0.09504508	0.11261339
ASV_121	0.085194	0.053864863	0.002551296	0.199165047
ASV_278	0.09806	0.08293170	0.08494165	0.12630699
ASV_197	0.100641	0.08317121	0.06350728	0.15524315
ASV_410	0.094555	0.0000000	0.2836651	0.0000000
ASV_494	0.093675	0.280324078	0.000701046	0.000000000
ASV_182	0.08062	0.217150036	0.016752891	0.007958333
ASV_91	0.099059	0.005585339	0.147961694	0.143629205
ASV_70	0.148546	0.2854875	0.0566887	0.1034619
ASV_308	0.101111	0.16833764	0.06005708	0.07493714
ASV_378	0.101558	0.10336769	0.08450615	0.11679941
ASV_244	0.123123	0.32809833	0.02837073	0.01289934
ASV_344	0.099768	0.0036643755	0.0005522961	0.2950869170
ASV_345	0.083768	0.0000000000	0.2510262447	0.0002775881
ASV_61	0.122249	0.238496808	0.005823978	0.122427196
ASV_166	0.120238	0.26145052	0.04015030	0.05911442
ASV_57	0.083945	0.06133623	0.01910973	0.17138978
ASV_5237	0.075323	0.0000000	0.2259705	0.0000000
ASV_276	0.100991	0.08842267	0.12431610	0.09023295
ASV_501	0.08903	0.07943425	0.10102898	0.08662595
ASV_458	0.074657	0.0000000000	0.2235575269	0.0004121362
ASV_319	0.140758	0.413395762	0.000000000	0.008877324
ASV_194	0.09614	0.19586907	0.04354992	0.04900067
ASV_337	0.092193	0.027369579	0.003437521	0.245771807
ASV_135	0.098459	0.268110134	0.025659057	0.001608478
ASV_155	0.088988	0.153888731	0.009185415	0.103890974
ASV_62	0.091024	0.02863066	0.03246424	0.21197721
ASV_160	0.090179	0.05407763	0.05153315	0.16492611
ASV_73	0.09007	0.03420994	0.01212977	0.22387168
ASV_248	0.090549	0.09778979	0.05722042	0.11663761
ASV_179	0.093206	0.12278257	0.10602437	0.05081122
ASV_460	0.082521	0.03409888	0.01003551	0.20342899
ASV_1758	0.100706	0.13611791	0.09460794	0.07139322
ASV_837	0.071842	0.0009001114	0.2146267596	0.0000000000
ASV_144	0.1014	0.11730773	0.06324791	0.12364568
ASV_181	0.097073	0.18615610	0.01223216	0.09283097
ASV_74	0.087143	0.05891076	0.13009979	0.07241759
ASV_301	0.085111	0.07280904	0.02326993	0.15925429
ASV_113	0.088153	0.11254940	0.05383715	0.09807171
ASV_198	0.086182	0.05634039	0.04438041	0.15782545
ASV_134	0.090209	0.11155700	0.04700956	0.11205920
ASV_1115	0.074539	0.11210838	0.06953962	0.04196841
ASV_220	0.083279	0.04172436	0.00780984	0.20030158
ASV_313	0.083439	0.11719677	0.05574819	0.07737230
ASV_405	0.078347	0.04981604	0.02955576	0.15567011
ASV_479	0.079756	0.06219922	0.14467029	0.03239926
ASV_133	0.084025	0.07341709	0.05991951	0.11873968
ASV_175	0.074401	0.055396548	0.001823772	0.165982853
ASV_203	0.08388	0.03633613	0.13466414	0.08063959
ASV_391	0.078116	0.13724947	0.07782968	0.01926845
ASV_247	0.076092	0.15848090	0.02134538	0.04845088
ASV_258	0.09785	0.15854224	0.11626896	0.01874023
ASV_157	0.095283	0.16092321	0.03218668	0.09273791
ASV_207	0.081731	0.0780252346	0.0007776896	0.1663912936
ASV_297	0.094817	0.104541233	0.006663753	0.173245546
ASV_476	0.070621	0.022116353	0.004085289	0.185662391
ASV_255	0.086818	0.18823890	0.06044385	0.01177020
ASV_148	0.086407	0.06742573	0.07851517	0.11328127
ASV_259	0.075261	0.1047529	0.1030679	0.0179629
ASV_173	0.076793	0.04682908	0.01523379	0.16831662
ASV_46	0.073663	0.06511540	0.06718521	0.08868781
ASV_581	0.062572	0.0008165205	0.1859493390	0.0009496308
ASV_105	0.077767	0.12507354	0.02110207	0.08712591
ASV_145	0.080234	0.05992927	0.02661485	0.15415727
ASV_141	0.073261	0.06554311	0.01643894	0.13780225
ASV_202	0.090774	0.081003633	0.004001757	0.187318091
ASV_468	0.076583	0.06054822	0.02610500	0.14309662
ASV_151	0.080138	0.07053022	0.06316727	0.10671621
ASV_330	0.09024	0.16215464	0.05448209	0.05408272
ASV_97	0.087997	0.18421680	0.04888965	0.03088378
ASV_195	0.077367	0.09543564	0.05279140	0.08387455
ASV_191	0.075268	0.09775633	0.06732187	0.06072565
ASV_206	0.077347	0.03514926	0.10168013	0.09521041
ASV_268	0.07141	0.04234263	0.04488461	0.12700305
ASV_163	0.077941	0.06971391	0.10548642	0.05862268
ASV_256	0.067896	0.050492742	0.008213766	0.144981975
ASV_188	0.07404	0.0765831919	0.0004811671	0.1450548822
ASV_177	0.078487	0.06078662	0.04602037	0.12865397
ASV_8334	0.083558	0.14196870	0.03314576	0.07555997
ASV_201	0.068745	0.10311904	0.07310368	0.03001222
ASV_342	0.108561	0.032137621	0.289408329	0.004137055
ASV_176	0.073572	0.08323497	0.05611286	0.08136770
ASV_204	0.084857	0.02102790	0.15547524	0.07806933
ASV_221	0.067832	0.06658884	0.06533479	0.07157183
ASV_254	0.072247	0.06327589	0.06655911	0.08690592
ASV_211	0.073316	0.02032418	0.03448763	0.16513646
ASV_439	0.073121	0.000000000	0.001302694	0.218059101
ASV_193	0.074145	0.05169146	0.08120324	0.08954048
ASV_267	0.075198	0.03529232	0.07815598	0.11214671
ASV_280	0.070736	0.05950490	0.04565633	0.10704808
ASV_375	0.072822	0.03549841	0.00968705	0.17328083
ASV_236	0.095012	0.18854664	0.00000000	0.09648901
ASV_282	0.067669	0.02631708	0.07253050	0.10415847
ASV_621	0.059462	0.032661023	0.137939923	0.007783647
ASV_392	0.059095	0.08998279	0.05938243	0.02792066
ASV_190	0.066957	0.03381336	0.02229376	0.14476327
ASV_325	0.067722	0.03144879	0.03421140	0.13750435
ASV_354	0.079557	0.19458000	0.02178493	0.02230477
ASV_459	0.097896	0.1960204246	0.0974754723	0.0001924735
ASV_200	0.062984	0.04748741	0.00000000	0.14146559
ASV_429	0.063769	0.106333049	0.009038205	0.075934574
ASV_322	0.07137	0.114955876	0.092577537	0.006575115
ASV_457	0.068412	0.0000000	0.0000000	0.2052367
ASV_249	0.062429	0.11930285	0.01972413	0.04825974
ASV_397	0.072108	0.0006990954	0.2156263477	0.0000000000
ASV_189	0.073682	0.11391753	0.04214927	0.06497970
ASV_238	0.069806	0.06594635	0.06017610	0.08329559
ASV_402	0.060171	0.03052209	0.05580599	0.09418640
ASV_408	0.073201	0.07249116	0.02548491	0.12162543
ASV_646	0.059172	0.0000000000	0.1767967815	0.0007187162
ASV_296	0.066068	0.05225183	0.03615232	0.10979916
ASV_742	0.054222	0.0000000	0.1626667	0.0000000
ASV_3284	0.064522	0.02860482	0.04095004	0.12401092
ASV_394	0.057603	0.06082926	0.05998626	0.05199272
ASV_87	0.087248	0.15542421	0.04477838	0.06154272
ASV_379	0.080159	0.02449114	0.19336348	0.02262329
ASV_679	0.051565	0.0008264445	0.1533070521	0.0005619120
ASV_263	0.069916	0.13044390	0.04381561	0.03548846
ASV_492	0.067976	0.181778871	0.020492673	0.001656398
ASV_152	0.059201	0.01615620	0.05127286	0.11017483
ASV_680	0.053493	0.09878423	0.06169585	0.00000000
ASV_2166	0.061637	0.0322634	0.0000000	0.1526480
ASV_222	0.058824	0.106945315	0.002380544	0.067147048
ASV_487	0.061148	0.03140017	0.06851103	0.08353223
ASV_456	0.066061	2.182358e-04	1.978672e-01	9.612686e-05
ASV_214	0.063529	0.06579960	0.05243480	0.07235148
ASV_153	0.062317	0.0108854645	0.0008941465	0.1751727120
ASV_576	0.069996	0.141906679	0.006968874	0.061111109
ASV_1737	0.058818	0.08159334	0.05105289	0.04380922
ASV_826	0.065009	0.06107128	0.06107835	0.07287841
ASV_360	0.053788	0.03087918	0.09716456	0.03332027
ASV_231	0.060207	0.08541089	0.01900054	0.07620916
ASV_158	0.056374	0.01977310	0.08187291	0.06747746
ASV_563	0.066386	0.05313783	0.13344144	0.01257854
ASV_274	0.049996	0.000000000	0.000156251	0.149832724
ASV_436	0.058187	0.121302789	0.045171395	0.008085756
ASV_287	0.068615	0.07654503	0.03380434	0.09549613
ASV_168	0.06354	0.08524149	0.03343300	0.07194475
ASV_556	0.056435	0.139743806	0.005730906	0.023829973
ASV_246	0.058036	0.04873341	0.03990557	0.08546788
ASV_488	0.053097	0.065724206	0.008331985	0.085233977
ASV_225	0.055624	0.02176824	0.02108132	0.12402298
ASV_199	0.06749	0.195856133	0.002031263	0.004581502
ASV_560	0.050894	0.06861852	0.03543890	0.04862597
ASV_416	0.05675	0.03023102	0.11239295	0.02762666
ASV_695	0.052089	0.155954252	0.000312502	0.000000000
ASV_502	0.061881	0.0005103059	0.0007737890	0.1843582132
ASV_159	0.063014	0.07681734	0.03442091	0.07780498
ASV_463	0.056079	0.01492346	0.06529029	0.08802264
ASV_252	0.046537	0.125401715	0.003437521	0.010772664
ASV_448	0.05123	0.0002545073	0.1530943473	0.0003398440
ASV_320	0.051795	0.04688677	0.06587141	0.04262669
ASV_433	0.048699	0.01241602	0.10215649	0.03152389
ASV_971	0.045692	0.000138637	0.136937644	0.000000000
ASV_205	0.058536	0.04602559	0.05081264	0.07876848
ASV_426	0.06252	0.110088758	0.074193811	0.003276044
ASV_506	0.06689	0.08589941	0.00677500	0.10799597
ASV_566	0.051624	0.07529246	0.04471278	0.03486678
ASV_338	0.05206	0.08122573	0.02259355	0.05236177
ASV_215	0.05579	0.061769101	0.007011675	0.098588807
ASV_293	0.055525	0.005039181	0.013026940	0.148510147
ASV_419	0.055019	0.00453501	0.00000000	0.16052146
ASV_1938	0.057568	0.03570757	0.07917437	0.05782070
ASV_614	0.071139	0.207435755	0.005981262	0.000000000
ASV_524	0.062944	0.11829028	0.01745971	0.05308277
ASV_651	0.052596	0.12971078	0.01135521	0.01672150
ASV_674	0.044768	0.08560641	0.02626405	0.02243438
ASV_136	0.06072	0.05348678	0.03808925	0.09058294
ASV_340	0.057141	0.08089820	0.04492738	0.04559861
ASV_520	0.055509	0.02379746	0.12759498	0.01513363
ASV_1044	0.044246	0.000000000	0.131442289	0.001295697
ASV_311	0.053725	0.04393670	0.10004842	0.01718913
ASV_712	0.054008	0.09224472	0.04853130	0.02124816
ASV_336	0.056273	0.05168490	0.02911740	0.08801602
ASV_681	0.048557	0.04085576	0.10481569	0.00000000
ASV_485	0.062039	0.0208551520	0.0001100371	0.1651524788
ASV_217	0.060532	0.06313485	0.04499382	0.07346723
ASV_420	0.0573	0.057636883	0.009063802	0.105199897
ASV_475	0.052644	0.01915546	0.02586202	0.11291307
ASV_544	0.065349	0.02616499	0.15650149	0.01338167
ASV_671	0.058073	0.06508777	0.04813871	0.06099243
ASV_750	0.042949	0.001188347	0.127659494	0.000000000
ASV_455	0.054785	0.09780614	0.01489595	0.05165413
ASV_840	0.042735	0.0000000	0.1282052	0.0000000
ASV_604	0.077407	0.22320703	0.00901341	0.00000000
ASV_413	0.057262	0.07691502	0.06485454	0.03001777
ASV_414	0.060751	0.010284679	0.163425683	0.008541981
ASV_219	0.063604	0.08329174	0.02176427	0.08575693
ASV_931	0.042452	0.0000000	0.1273567	0.0000000
ASV_260	0.067596	0.145778390	0.000156251	0.056853643
ASV_619	0.056835	0.06771331	0.02752290	0.07526768
ASV_326	0.067804	0.10978856	0.03760012	0.05602473
ASV_329	0.048997	0.11424297	0.01725895	0.01548786
ASV_554	0.05295	0.01827970	0.06322611	0.07734565
ASV_521	0.045022	0.08470491	0.03384591	0.01651571
ASV_384	0.051459	0.05905630	0.06803547	0.02728502
ASV_465	0.056655	0.08844528	0.03716586	0.04435383
ASV_1265	0.040778	0.0000000	0.1223325	0.0000000
ASV_315	0.064061	0.13769407	0.02281551	0.03167233
ASV_499	0.04222	0.01847774	0.01202394	0.09615811
ASV_664	0.046575	0.007786781	0.115364183	0.016575034
ASV_366	0.07694	0.19268465	0.02188526	0.01625133
ASV_423	0.057245	0.03893034	0.03402161	0.09878432
ASV_409	0.049971	0.04086501	0.02251934	0.08652913
ASV_1160	0.074021	0.215641359	0.000239319	0.006182378
ASV_656	0.053244	0.11610910	0.02388083	0.01974109
ASV_782	0.047334	0.04662285	0.02816652	0.06721364
ASV_472	0.051925	0.07218198	0.03309923	0.05049374
ASV_988	0.043919	0.10501251	0.00000000	0.02674464
ASV_591	0.075665	0.004814532	0.215377360	0.006803933
ASV_350	0.050586	0.05132994	0.03433663	0.06609109
ASV_529	0.059218	0.05471599	0.08091318	0.04202560
ASV_343	0.048483	0.02789412	0.01440516	0.10314825
ASV_527	0.051926	0.05044873	0.03724712	0.06808237
ASV_599	0.041047	0.04988866	0.01532750	0.05792557
ASV_300	0.047703	0.12458750	0.01646973	0.00205301
ASV_399	0.046444	0.05106074	0.06147094	0.02680006
ASV_796	0.058891	0.09345499	0.06141119	0.02180738
ASV_387	0.048642	0.02704141	0.03059958	0.08828525
ASV_251	0.045876	0.0000000	0.0000000	0.1376294
ASV_672	0.047457	0.02725144	0.02093046	0.09419001
ASV_3316	0.045738	0.001100448	0.107891714	0.028223325
ASV_8462	0.051336	0.04158231	0.02928584	0.08313975
ASV_686	0.054575	0.09279363	0.04799593	0.02293539
ASV_543	0.048401	0.07593022	0.02142014	0.04785244
ASV_442	0.052574	0.06641975	0.05671741	0.03458357
ASV_564	0.045558	0.05125173	0.06867369	0.01674934
ASV_1245	0.047205	0.122176253	0.006765343	0.012673494
ASV_401	0.044808	0.03365860	0.03290537	0.06786128
ASV_685	0.083233	0.0000000	0.2496993	0.0000000
ASV_370	0.047469	0.03444044	0.05778515	0.05018111
ASV_362	0.049614	0.0002369231	0.0001202918	0.1484841841
ASV_596	0.049801	0.0142279015	0.0007812549	0.1343928513
ASV_430	0.050624	0.077849739	0.002751393	0.071270858
ASV_1130	0.037311	0.0000000	0.1119337	0.0000000
ASV_608	0.052526	0.09745815	0.02788770	0.03223121
ASV_331	0.048624	0.03012521	0.10280293	0.01294382
ASV_1744	0.053293	0.07861409	0.05836288	0.02290087
ASV_474	0.049152	0.01608811	0.02850583	0.10286284
ASV_495	0.051379	0.106900647	0.039191062	0.008045712
ASV_505	0.046651	0.01834397	0.05377350	0.06783586
ASV_727	0.046849	0.0008151895	0.1199205941	0.0198124842
ASV_611	0.047375	0.07049173	0.01995121	0.05168171
ASV_398	0.047652	0.04386483	0.04218805	0.05690420
ASV_126	0.054354	0.104424439	0.006288692	0.052349392
ASV_1207	0.052712	0.05478535	0.04110416	0.06224666
ASV_451	0.048037	0.06202674	0.03954668	0.04253747
ASV_811	0.036846	0.072538927	0.003543079	0.034456058
ASV_233	0.048347	0.002234255	0.003121250	0.139685618
ASV_234	0.046371	0.034311477	0.001406259	0.103395487
ASV_323	0.041693	0.06782635	0.02197937	0.03527444
ASV_2793	0.049825	0.03784835	0.03133366	0.08029153
ASV_489	0.04476	0.04093202	0.02211025	0.07123911
ASV_428	0.042162	0.08492362	0.01298749	0.02857508
ASV_1300	0.035829	0.0000000	0.1074869	0.0000000
ASV_700	0.03809	0.04831057	0.04177382	0.02418638
ASV_698	0.051797	0.03555806	0.07979252	0.04003897
ASV_170	0.04973	0.046309543	0.098479824	0.004399514
ASV_356	0.041973	0.001680931	0.000000000	0.124239550
ASV_334	0.056411	0.01736906	0.10690696	0.04495737
ASV_913	0.047698	0.040156300	0.001823772	0.101112527
ASV_395	0.047764	0.07755920	0.03261050	0.03312099
ASV_261	0.040165	0.009149125	0.037066700	0.074279551
ASV_886	0.04308	0.08946066	0.02431445	0.01546528
ASV_687	0.032636	0.012475841	0.009870014	0.075561482
ASV_471	0.056078	0.08780668	0.03880808	0.04161865
ASV_760	0.046662	0.06084491	0.02053236	0.05860975
ASV_15	0.036108	0.0991684619	0.0084561102	0.0006989879
ASV_139	0.042028	0.01356441	0.08128826	0.03123084
ASV_411	0.041671	0.0016952834	0.0009375059	0.1223795019
ASV_688	0.040406	0.0005108400	0.0002605388	0.1204474450
ASV_310	0.041367	0.04106123	0.05181505	0.03122363
ASV_400	0.036495	0.0000000	0.0000000	0.1094859
ASV_314	0.040784	0.01319261	0.05842170	0.05073633
ASV_154	0.038254	0.072302058	0.009037078	0.033422244
ASV_364	0.041471	0.01442575	0.06016535	0.04982114
ASV_425	0.041725	0.05810408	0.02346145	0.04360876
ASV_507	0.044711	0.03833191	0.03320985	0.06259213
ASV_788	0.042021	0.04034987	0.06914892	0.01656447
ASV_535	0.049636	0.03322309	0.03752664	0.07815903
ASV_550	0.037235	0.049260740	0.005468784	0.056975079
ASV_503	0.040808	0.06859075	0.05232186	0.00151043
ASV_1370	0.0333	0.00000000	0.09989905	0.00000000
ASV_443	0.041252	0.01877824	0.02037925	0.08459869
ASV_650	0.040084	0.043914682	0.002860849	0.073477932
ASV_1001	0.035756	0.102773833	0.002212261	0.002282100
ASV_945	0.046486	0.02241601	0.05062463	0.06641738
ASV_237	0.039931	0.04211432	0.03708892	0.04059090
ASV_691	0.060805	0.179485025	0.002930995	0.000000000
ASV_572	0.040707	0.03774917	0.03365648	0.05071499
ASV_478	0.037642	0.01509072	0.02075728	0.07707876
ASV_690	0.04126	0.02929285	0.04740300	0.04708524
ASV_786	0.035556	0.0004965648	0.1046472153	0.0015240945
ASV_212	0.056824	0.05161302	0.05364362	0.06521400
ASV_1137	0.036172	0.037286887	0.002500016	0.068728246
ASV_738	0.042475	0.001288158	0.126135535	0.000000000
ASV_294	0.042253	0.009047606	0.031800910	0.085911391
ASV_694	0.034263	0.002553534	0.000000000	0.100235663
ASV_1169	0.041819	0.003542035	0.120634024	0.001279921
ASV_565	0.041312	0.004607698	0.000000000	0.119327321
ASV_445	0.04014	0.05153640	0.02541422	0.04346855
ASV_594	0.05794	0.001760478	0.172058411	0.000000000
ASV_2718	0.038974	0.00000000	0.03296896	0.08395342
ASV_866	0.037253	0.04260406	0.03767480	0.03148066
ASV_299	0.045053	0.06093487	0.01420815	0.06001713
ASV_939	0.032466	0.00000000	0.08011433	0.01728290
ASV_692	0.043691	0.04693855	0.06889150	0.01524350
ASV_881	0.040916	0.04263950	0.05011254	0.02999590
ASV_1021	0.031529	0.00000000	0.09458726	0.00000000
ASV_1697	0.044024	0.05985126	0.03220211	0.04001857
ASV_522	0.043503	0.07846483	0.01781153	0.03423349
ASV_763	0.041231	0.01041074	0.02616677	0.08711651
ASV_421	0.038071	0.02409904	0.04838581	0.04172859
ASV_636	0.044808	0.006758287	0.085093058	0.042572953
ASV_803	0.034829	0.02625844	0.06375185	0.01447526
ASV_623	0.040453	0.01472758	0.07477902	0.03185326
ASV_473	0.037554	0.01620175	0.01112285	0.08533757
ASV_1227	0.03427	0.0496911190	0.0529283831	0.0001908951
ASV_486	0.04962	0.108538904	0.004027623	0.036294343
ASV_682	0.034442	0.01741523	0.04629218	0.03961948
ASV_553	0.040164	0.05198803	0.01691977	0.05158392
ASV_930	0.039328	0.02350186	0.03402849	0.06045338
ASV_768	0.034933	0.062943107	0.009510078	0.032346490
ASV_513	0.0419	0.008499028	0.013755092	0.103446848
ASV_532	0.050881	0.018218721	0.129627965	0.004797022
ASV_746	0.042585	0.07307760	0.03372020	0.02095707
ASV_588	0.040224	0.04251793	0.01612163	0.06203275
ASV_991	0.031512	0.0907950981	0.0001100371	0.0036304473
ASV_1556	0.037589	0.04227446	0.02583429	0.04465867
ASV_498	0.041641	0.05561804	0.01892058	0.05038582
ASV_363	0.040817	0.04343388	0.02993726	0.04907945
ASV_732	0.033919	0.01965132	0.01210602	0.06999881
ASV_873	0.047669	0.009639982	0.107710037	0.025657649
ASV_540	0.041196	0.03134773	0.04082357	0.05141543
ASV_586	0.039754	0.04373259	0.03638200	0.03914832
ASV_289	0.041558	0.01388408	0.04064405	0.07014731
ASV_862	0.043789	0.04363116	0.03059744	0.05713962
ASV_639	0.056639	0.161813462	0.008103659	0.000000000
ASV_435	0.035708	0.04662792	0.01568207	0.04481422
ASV_610	0.030346	0.04753291	0.00000000	0.04350568
ASV_584	0.032426	0.03492170	0.01190652	0.05044969
ASV_568	0.037705	0.02274849	0.02562544	0.06474234
ASV_1323	0.034089	0.0000000	0.1022674	0.0000000
ASV_218	0.034529	0.002752278	0.000156251	0.100678768
ASV_693	0.040601	0.02151613	0.06782469	0.03246185
ASV_312	0.035494	0.05501533	0.02396774	0.02749837
ASV_787	0.036186	0.004939928	0.098356068	0.005261581
ASV_302	0.03948	0.007315192	0.007816164	0.103309610
ASV_673	0.039772	0.008780143	0.041774096	0.068760707
ASV_749	0.031786	0.02024619	0.07511233	0.00000000
ASV_539	0.037263	0.05908569	0.03896106	0.01374193
ASV_515	0.038202	0.02572225	0.06080061	0.02808230
ASV_531	0.032821	0.001575779	0.085619425	0.011266979
ASV_1368	0.036592	0.06233219	0.01357738	0.03386494
ASV_601	0.036776	0.02769024	0.01065686	0.07198066
ASV_422	0.034363	0.076618488	0.001981484	0.024487808
ASV_1088	0.034324	0.01389233	0.02853199	0.06054703
ASV_5744	0.033667	0.01843586	0.02257138	0.05999476
ASV_424	0.034417	0.020647704	0.007960112	0.074644537
ASV_1139	0.038029	0.011890672	0.096622142	0.005572808
ASV_1006	0.037409	0.004068931	0.106331897	0.001825370
ASV_1301	0.028735	0.078707304	0.004111423	0.003386973
ASV_496	0.033066	0.067738114	0.009407535	0.022053006
ASV_625	0.04145	0.0713067222	0.0524188563	0.0006239279
ASV_776	0.037354	0.0000000	0.1120607	0.0000000
ASV_1201	0.049841	0.0756365198	0.0002358682	0.0736493580
ASV_307	0.033723	0.04729639	0.03221133	0.02166223
ASV_123	0.037442	0.015393657	0.001302694	0.095628731
ASV_1098	0.03312	0.03532959	0.04788752	0.01614218
ASV_3485	0.043792	0.06896265	0.02669839	0.03571622
ASV_735	0.038231	0.031018888	0.005916836	0.077756113
ASV_1119	0.035528	0.0543335394	0.0512646359	0.0009860436
ASV_1154	0.037518	0.005804887	0.000000000	0.106748257
ASV_600	0.035348	0.04488638	0.03819412	0.02296223
ASV_526	0.038977	0.03896174	0.01808030	0.05988864
ASV_794	0.039412	0.03109252	0.02335315	0.06379036
ASV_779	0.036086	0.01266669	0.04701406	0.04857600
ASV_292	0.035307	0.03450827	0.04939232	0.02202028
ASV_332	0.029219	0.006929897	0.000000000	0.080727612
ASV_1558	0.033477	0.02568695	0.04165474	0.03309039
ASV_574	0.034841	0.02418732	0.03147628	0.04885807
ASV_1259	0.034529	0.062387975	0.034015489	0.007182635
ASV_643	0.038687	0.04875693	0.02839728	0.03890708
ASV_1474	0.027913	0.00000000	0.08373782	0.00000000
ASV_196	0.024653	0.0000000000	0.0001117683	0.0738467124
ASV_1063	0.03016	0.019921605	0.005630452	0.064927914
ASV_242	0.034853	0.03446587	0.02372981	0.04636471
ASV_645	0.033798	0.01906464	0.04593296	0.03639685
ASV_545	0.033305	0.007495469	0.000000000	0.092419034
ASV_1312	0.027183	0.0000000000	0.0812874846	0.0002625497
ASV_739	0.035414	0.03123032	0.01776457	0.05724638
ASV_3861	0.026975	0.00000000	0.08092549	0.00000000
ASV_995	0.037492	0.01857456	0.05924886	0.03465147
ASV_514	0.035065	0.05026993	0.02238365	0.03254013
ASV_1424	0.026757	0.00000000	0.08026976	0.00000000
ASV_770	0.03549	0.002204753	0.077718001	0.026547701
ASV_1144	0.030834	0.070918338	0.014960087	0.006624216
ASV_986	0.038121	0.06012369	0.01269999	0.04153814
ASV_546	0.034193	0.02188357	0.02692228	0.05377204
ASV_915	0.034987	0.002047946	0.006266642	0.096647569
ASV_817	0.039598	0.072632353	0.038791427	0.007370175
ASV_369	0.037407	0.03659445	0.05004549	0.02557978
ASV_1361	0.030179	0.01971802	0.04322571	0.02759305
ASV_633	0.031109	0.01873425	0.06140432	0.01318934
ASV_976	0.028159	0.010758710	0.001703994	0.072013144
ASV_1046	0.031651	0.006283509	0.013714944	0.074955793
ASV_1497	0.026497	0.0009321272	0.0785579615	0.0000000000
ASV_450	0.02863	0.02218828	0.00208431	0.06161832
ASV_1026	0.02942	0.05152314	0.01259845	0.02413753
ASV_1155	0.034432	0.0239815583	0.0003888448	0.0789260167
ASV_717	0.035463	0.04422188	0.04293892	0.01922769
ASV_781	0.027318	0.0009992918	0.0000000000	0.0809561492
ASV_480	0.035349	0.03944831	0.01541641	0.05118128
ASV_1543	0.025754	0.0000000000	0.0771150557	0.0001455299
ASV_510	0.030506	0.01200255	0.04060488	0.03891191
ASV_864	0.0304	0.007437107	0.083762868	0.000000000
ASV_890	0.037087	0.03882062	0.04654409	0.02589520
ASV_756	0.033168	0.02596990	0.01610943	0.05742396
ASV_800	0.031777	0.00000000	0.00000000	0.09533006
ASV_367	0.030109	0.02461745	0.00000000	0.06570942
ASV_1002	0.032184	0.00000000	0.09655165	0.00000000
ASV_605	0.030985	0.05615372	0.01086890	0.02593263
ASV_1468	0.035716	0.025473805	0.009433002	0.072241366
ASV_431	0.029616	0.01964839	0.01748845	0.05171140
ASV_736	0.040743	0.09550253	0.01418504	0.01254182
ASV_1093	0.031502	0.01877027	0.02862919	0.04710673
ASV_1035	0.029694	0.00000000	0.01166467	0.07741747
ASV_884	0.030335	0.045539354	0.036230860	0.009236184
ASV_241	0.03575	0.01632095	0.03455436	0.05637490
ASV_597	0.032535	0.018199067	0.002931808	0.076473925
ASV_305	0.031055	0.02464418	0.02162736	0.04689382
ASV_1282	0.026574	0.0321974067	0.0471063765	0.0004173857
ASV_415	0.034881	0.06067572	0.01400511	0.02996279
ASV_483	0.037685	0.06567256	0.00262998	0.04475103
ASV_1486	0.024615	0.0002330318	0.0736117482	0.0000000000
ASV_934	0.030858	0.04506911	0.02183277	0.02567304
ASV_927	0.03073	0.001586216	0.055494989	0.035107415
ASV_728	0.034838	0.02499668	0.05512765	0.02439046
ASV_908	0.027888	0.00262974	0.02110527	0.05992974
ASV_328	0.031798	0.02660875	0.05878655	0.00999907
ASV_491	0.031062	0.02589781	0.04113123	0.02615640
ASV_548	0.029961	0.02868097	0.01100446	0.05019808
ASV_1108	0.025405	0.00000000	0.00000000	0.07621368
ASV_666	0.032398	0.02391287	0.01703136	0.05624964
ASV_998	0.032448	0.00000000	0.09734436	0.00000000
ASV_626	0.030473	0.000586531	0.000000000	0.090832304
ASV_1091	0.022724	0.00000000	0.00000000	0.06817295
ASV_1112	0.028463	0.008823064	0.006647438	0.069917060
ASV_1286	0.038884	0.1065591366	0.0001117683	0.0099799612
ASV_665	0.029538	0.01629148	0.01256917	0.05975236
ASV_1673	0.029702	0.0789539302	0.0097602316	0.0003925199
ASV_347	0.03268	0.03123219	0.01320639	0.05360202
ASV_518	0.027985	0.018884000	0.004472547	0.060597362
ASV_678	0.028885	0.0079802091	0.0003888448	0.0782862913
ASV_857	0.028864	0.001526519	0.082240366	0.002824967
ASV_1745	0.025197	0.0729533256	0.0002218055	0.0024154083
ASV_213	0.030671	0.02878184	0.03890532	0.02432467
ASV_232	0.027164	0.043479987	0.008979327	0.029032555
ASV_1016	0.02902	0.000380049	0.000000000	0.086679038
ASV_1653	0.025622	0.01325130	0.04574747	0.01786577
ASV_5288	0.024709	0.0021301713	0.0717161812	0.0002795951
ASV_647	0.021981	0.0098481154	0.0002235366	0.0558726387
ASV_878	0.039145	0.086211093	0.008524863	0.022697670
ASV_1029	0.037146	0.080203151	0.028685664	0.002547792
ASV_1105	0.03263	0.011198433	0.009526317	0.077164700
ASV_470	0.029256	0.01514847	0.03011185	0.04250852
ASV_602	0.028591	0.000000000	0.001302694	0.084470925
ASV_1340	0.036144	0.068221688	0.006386595	0.033822679
ASV_250	0.029021	0.001231568	0.000000000	0.085830079
ASV_816	0.030598	0.015373350	0.071659047	0.004760908
ASV_589	0.029305	0.003286576	0.005689961	0.078939062
ASV_818	0.029386	0.04036656	0.02586146	0.02192944
ASV_1004	0.029331	0.009103667	0.056429597	0.022460556
ASV_407	0.027307	0.007983018	0.044299030	0.029637834
ASV_380	0.0236	0.0014244251	0.0684037690	0.0009708383
ASV_613	0.029214	0.05093737	0.02527522	0.01143084
ASV_714	0.029026	0.04932947	0.01154747	0.02620132
ASV_1003	0.026631	0.05283236	0.01306146	0.01399780
ASV_676	0.027691	0.0068240501	0.0002605388	0.0759891117
ASV_462	0.033481	0.05973191	0.01744728	0.02326349
ASV_1010	0.029316	0.004227528	0.029330509	0.054389929
ASV_1806	0.022979	0.00000000	0.06893619	0.00000000
ASV_909	0.025414	0.049311503	0.017162009	0.009768124
ASV_838	0.029732	0.02335705	0.02048915	0.04534878
ASV_464	0.027725	0.02443147	0.02540478	0.03333961
ASV_1085	0.029478	0.0257872098	0.0005115212	0.0621350516
ASV_490	0.029789	0.01813289	0.01993587	0.05129824
ASV_449	0.027357	0.01703735	0.03889708	0.02613543
ASV_542	0.028052	0.01208907	0.05386498	0.01820332
ASV_629	0.027028	0.03645198	0.02217797	0.02245369
ASV_1054	0.028597	0.04317137	0.01872708	0.02389185
ASV_1288	0.0429	0.124296127	0.001807893	0.002595425
ASV_511	0.026353	0.01756452	0.00000000	0.06149418
ASV_567	0.034565	0.05773090	0.03170695	0.01425571
ASV_844	0.027248	0.005667358	0.001250008	0.074827574
ASV_969	0.026953	0.007634085	0.001727354	0.071497691
ASV_1690	0.026386	0.014788636	0.005323077	0.059045867
ASV_1273	0.025135	0.05480752	0.00879787	0.01180084
ASV_964	0.025796	0.001042157	0.000169167	0.076177950
ASV_958	0.02999	0.001805761	0.002671650	0.085493263
ASV_759	0.029332	0.03812298	0.01973036	0.03014348
ASV_2955	0.028146	0.0291801228	0.0543412669	0.0009170451
ASV_898	0.026509	0.01603154	0.02165552	0.04183943
ASV_1094	0.028296	0.02487640	0.04286546	0.01714645
ASV_552	0.029124	0.039707104	0.008989586	0.038675101
ASV_1302	0.028344	0.001517655	0.083512999	0.000000000
ASV_869	0.036404	0.1072581139	0.0010937293	0.0008589936
ASV_1014	0.029014	0.03092666	0.01822696	0.03788924
ASV_617	0.028479	0.01990860	0.03136926	0.03415996
ASV_912	0.02636	0.03003121	0.02361506	0.02543373
ASV_1671	0.024464	0.0000000000	0.0731989602	0.0001924735
ASV_1223	0.027025	0.01156831	0.02398055	0.04552494
ASV_850	0.02568	0.03846047	0.01965824	0.01892182
ASV_1219	0.025841	0.043499186	0.008634918	0.025389182
ASV_715	0.027473	0.01002037	0.00000000	0.07239905
ASV_1058	0.03474	0.024647895	0.077495149	0.002075703
ASV_1790	0.026259	0.006806961	0.041697181	0.030271399
ASV_1220	0.029314	0.01847414	0.05801251	0.01145435
ASV_1194	0.028878	0.0013886102	0.0845244240	0.0007199714
ASV_582	0.028753	0.03296986	0.02254844	0.03074095
ASV_978	0.030601	0.01489840	0.02593821	0.05096711
ASV_1057	0.027423	0.006472953	0.000000000	0.075795297
ASV_891	0.028553	0.03001008	0.02022917	0.03542017
ASV_534	0.022596	0.004309365	0.001919610	0.061560475
ASV_1229	0.025985	0.02293657	0.03309596	0.02192141
ASV_368	0.031423	0.03394479	0.02975179	0.03057101
ASV_1459	0.024408	0.02680229	0.02301724	0.02340545
ASV_1319	0.026067	0.00000000	0.00000000	0.07820002
ASV_1141	0.027528	0.00332033	0.00000000	0.07926279
ASV_547	0.027332	0.02071812	0.02979362	0.03148557
ASV_774	0.032593	0.04656770	0.02670724	0.02450543
ASV_858	0.026986	0.03530244	0.03020982	0.01544721
ASV_1254	0.026316	0.0414153856	0.0373918660	0.0001412956
ASV_865	0.02724	0.02156314	0.03763540	0.02252159
ASV_758	0.024226	0.002520902	0.000000000	0.070156080
ASV_1619	0.026769	0.04318194	0.01516498	0.02196052
ASV_1548	0.027018	0.022545679	0.003699872	0.054809631
ASV_1096	0.027993	0.00000000	0.08397933	0.00000000
ASV_683	0.026678	0.02338966	0.02760708	0.02903865
ASV_169	0.028449	0.01581696	0.01671155	0.05281934
ASV_538	0.026437	0.006072631	0.006800767	0.066438952
ASV_708	0.028129	0.02566854	0.01849129	0.04022601
ASV_1036	0.024557	0.03241186	0.02360031	0.01765893
ASV_1491	0.030331	0.0292865918	0.0615074133	0.0002000464
ASV_960	0.033387	0.04352281	0.03352887	0.02310828
ASV_1281	0.027751	0.020415515	0.005907873	0.056931073
ASV_743	0.025115	0.0003645372	0.0211791781	0.0538001097
ASV_946	0.024093	0.0001100299	0.0046165403	0.0675523010
ASV_1076	0.024816	0.0005734435	0.0000000000	0.0738747709
ASV_949	0.024016	0.01014089	0.05066416	0.01124196
ASV_635	0.025996	0.02239074	0.00112570	0.05447043
ASV_870	0.034022	0.086834729	0.011278627	0.003951584
ASV_1066	0.028136	0.04325711	0.01850135	0.02265087
ASV_702	0.02229	0.000000000	0.007057306	0.059812753
ASV_1067	0.025027	0.02441242	0.01274747	0.03792092
ASV_1197	0.030484	0.034267842	0.050666457	0.006518094
ASV_603	0.027575	0.04287614	0.02177283	0.01807591
ASV_497	0.025217	0.043741177	0.003321654	0.028588443
ASV_578	0.022255	0.05293191	0.01383355	0.00000000
ASV_517	0.027175	0.02215047	0.01011125	0.04926267
ASV_595	0.025488	0.01046858	0.02239448	0.04360222
ASV_570	0.026634	0.01470537	0.01524534	0.04995136
ASV_1106	0.028697	0.03605387	0.01015834	0.03987804
ASV_1092	0.025294	0.01817763	0.01905861	0.03864550
ASV_377	0.027429	0.042044268	0.003297136	0.036946976
ASV_830	0.02623	0.02157637	0.04142193	0.01569091
ASV_1263	0.027929	0.0019080066	0.0009522177	0.0809259893
ASV_444	0.025152	0.010010317	0.003281271	0.062165641
ASV_390	0.024717	0.011455190	0.007897606	0.054797151
ASV_1027	0.024705	0.023413767	0.007289137	0.043412176
ASV_775	0.02523	0.01491155	0.04784855	0.01293103
ASV_771	0.029005	0.007840335	0.058007099	0.021168743
ASV_922	0.024906	0.01359901	0.03066160	0.03045735
ASV_1341	0.027689	0.003828653	0.001167460	0.078070591
ASV_935	0.02189	0.0001200665	0.0580266062	0.0075231565
ASV_1604	0.020291	0.00000000	0.06087416	0.00000000
ASV_729	0.024574	0.013381664	0.008921586	0.051418086
ASV_883	0.023375	0.00968937	0.01178272	0.04865253
ASV_997	0.026164	0.04603192	0.00242523	0.03003369
ASV_2010	0.028672	0.077948799	0.002807586	0.005258853
ASV_1005	0.035991	0.086939683	0.007856757	0.013176881
ASV_2106	0.020094	0.00000000	0.06028307	0.00000000
ASV_1991	0.020189	0.0000000000	0.0602899526	0.0002775881
ASV_1122	0.026939	0.003327289	0.059940533	0.017549596
ASV_1839	0.023667	0.069673974	0.001326903	0.000000000
ASV_827	0.029708	0.04837457	0.01520711	0.02554185
ASV_783	0.02314	0.06256214	0.00685830	0.00000000
ASV_1131	0.022663	0.012694676	0.003568379	0.051726259
ASV_1545	0.020416	0.00000000	0.06124788	0.00000000
ASV_348	0.023509	0.016486424	0.051638870	0.002400819
ASV_525	0.027912	0.012454889	0.002574669	0.068707464
ASV_867	0.022732	0.007050116	0.000000000	0.061145832
ASV_1378	0.026155	0.039800856	0.036229676	0.002433597
ASV_590	0.025616	0.024964842	0.009029206	0.042853606
ASV_1163	0.02607	0.0000000000	0.0778315504	0.0003772201
ASV_659	0.024493	0.02311440	0.01502190	0.03534252
ASV_767	0.022465	0.01169830	0.05569618	0.00000000
ASV_1331	0.023483	0.005692563	0.062692775	0.002062416
ASV_1585	0.02092	0.00000000	0.06275959	0.00000000
ASV_1189	0.024229	0.007055630	0.006248355	0.059383305
ASV_1657	0.03529	0.090483647	0.003185267	0.012201999
ASV_2512	0.023948	0.012510088	0.050623277	0.008711274
ASV_359	0.025005	0.01727299	0.03871060	0.01903090
ASV_906	0.024905	0.017725903	0.003570135	0.053417912
ASV_1196	0.027028	0.037378430	0.004399398	0.039307549
ASV_427	0.023618	0.028934613	0.039235829	0.002682614
ASV_849	0.020238	0.057865855	0.000000000	0.002848627
ASV_5699	0.03234	0.05899551	0.01119265	0.02683202
ASV_819	0.026331	0.01392171	0.02439365	0.04067686
ASV_1532	0.021201	0.0137445296	0.0489304771	0.0009283204
ASV_357	0.025353	0.01362771	0.03773302	0.02469696
ASV_389	0.02419	0.01452565	0.02213858	0.03590675
ASV_846	0.025535	0.0488271333	0.0269135148	0.0008636924
ASV_731	0.022334	0.01992864	0.02452184	0.02255154
ASV_1083	0.021734	0.00900309	0.03084567	0.02535446
ASV_1997	0.025501	0.01285094	0.02851572	0.03513668
ASV_557	0.027409	0.01121034	0.04264520	0.02837082
ASV_1320	0.022402	0.01339799	0.04193904	0.01186902
ASV_1304	0.025582	0.003858624	0.004367340	0.068520108
ASV_1146	0.018312	0.002161196	0.000000000	0.052773563
ASV_966	0.023509	0.0705261	0.0000000	0.0000000
ASV_877	0.022458	0.017455826	0.004899498	0.045018402
ASV_1056	0.024756	0.02749314	0.01553315	0.03124057
ASV_1576	0.042124	0.1263729	0.0000000	0.0000000
ASV_737	0.027307	0.035512835	0.044814672	0.001592256
ASV_1124	0.026663	0.04372025	0.02394936	0.01231907
ASV_644	0.024084	0.01730483	0.03262061	0.02232526
ASV_1421	0.019707	0.01353709	0.00171601	0.04386847
ASV_9537	0.021771	0.00000000	0.02332933	0.04198309
ASV_684	0.026525	0.018851037	0.003229307	0.057494193
ASV_982	0.023151	0.01779297	0.01959757	0.03206103
ASV_707	0.02247	0.0047625305	0.0623694345	0.0002783516
ASV_1147	0.024299	0.003578838	0.003099644	0.066218997
ASV_1783	0.023341	0.000380049	0.000000000	0.069642469
ASV_847	0.024974	0.017091224	0.001679351	0.056150779
ASV_1480	0.024529	0.003050416	0.002241144	0.068295841
ASV_1318	0.042247	0.0000000	0.1267409	0.0000000
ASV_615	0.023217	0.03214147	0.02145167	0.01605822
ASV_1166	0.02197	0.01100432	0.01570851	0.03919771
ASV_1247	0.023701	0.01696445	0.01727521	0.03686450
ASV_1082	0.021745	0.0347971360	0.0301758830	0.0002618864
ASV_1210	0.020909	0.049601068	0.001931328	0.011194324
ASV_744	0.023703	0.012797914	0.009118858	0.049192667
ASV_947	0.028384	0.04710283	0.01567832	0.02237192
ASV_1333	0.023705	0.0344137454	0.0002605388	0.0364393899
ASV_1364	0.021744	0.056307192	0.000000000	0.008925324
ASV_1524	0.024269	0.01207268	0.01876077	0.04197231
ASV_1930	0.022059	0.0652980419	0.0008802972	0.0000000000
ASV_834	0.021674	0.034624099	0.003906274	0.026491262
ASV_3779	0.024091	0.01656211	0.01307398	0.04263779
ASV_642	0.02244	0.02921459	0.01473668	0.02336899
ASV_1037	0.030505	0.079673761	0.008638763	0.003201658
ASV_1028	0.022202	0.005873876	0.013298618	0.047434343
ASV_1926	0.018528	0.00000000	0.05558518	0.00000000
ASV_624	0.025979	0.019215649	0.003594134	0.055128464
ASV_1107	0.020135	0.028538638	0.006438846	0.025427379
ASV_1718	0.023719	0.01895757	0.01271920	0.03947966
ASV_654	0.022339	0.01124780	0.02529446	0.03047542
ASV_1165	0.023464	0.030276716	0.007712273	0.032403388
ASV_1632	0.019953	0.02240005	0.01795640	0.01950357
ASV_1755	0.018887	0.002253420	0.002309371	0.052097390
ASV_1501	0.026682	0.0459175954	0.0008649537	0.0332624411
ASV_1664	0.023553	0.002030277	0.000000000	0.068629188
ASV_4601	0.028441	0.04749507	0.01671889	0.02110891
ASV_710	0.023871	0.01681994	0.03626812	0.01852452
ASV_285	0.022483	0.008022395	0.026548224	0.032879673
ASV_808	0.026485	0.003374179	0.057763979	0.018318319
ASV_1649	0.019364	0.035733044	0.013586243	0.008771414
ASV_304	0.023821	0.04374808	0.01272340	0.01499255
ASV_1405	0.034418	0.1018988113	0.0007812549	0.0005726852
ASV_339	0.022111	0.00769295	0.01369741	0.04494292
ASV_1111	0.020199	0.010516946	0.047210394	0.002870429
ASV_1441	0.039949	0.0000000	0.1198478	0.0000000
ASV_828	0.020445	0.01225623	0.03887728	0.01020021
ASV_2605	0.018125	0.0002182358	0.0541561079	0.0000000000
ASV_1799	0.017818	0.05345314	0.00000000	0.00000000
ASV_453	0.021362	0.01029864	0.00205333	0.05173289
ASV_748	0.02274	0.02862239	0.01324782	0.02635036
ASV_1047	0.022486	0.019560030	0.007958148	0.039940065
ASV_4097	0.020117	0.01056041	0.02566784	0.02412153
ASV_950	0.021673	0.013229830	0.007659458	0.044128396
ASV_1042	0.02402	0.01203095	0.01300363	0.04702441
ASV_1492	0.026034	0.040860706	0.033911937	0.003328568
ASV_2489	0.019586	0.044686635	0.004571856	0.009498459
ASV_1316	0.019868	0.0014633943	0.0579394299	0.0002000464
ASV_1988	0.018188	0.0533839777	0.0006117384	0.0005684500
ASV_2155	0.017682	0.00000000	0.05304581	0.00000000
ASV_447	0.024264	0.01305880	0.04218153	0.01755247
ASV_975	0.02158	0.053773857	0.006315305	0.004649382
ASV_1489	0.02378	0.03418826	0.02677252	0.01037856
ASV_1187	0.022597	0.02277566	0.01259687	0.03241784
ASV_1562	0.020127	0.045729234	0.009508261	0.005143451
ASV_1841	0.018771	0.00000000	0.05631234	0.00000000
ASV_1087	0.022785	0.002660070	0.006266154	0.059429922
ASV_437	0.02245	0.03173410	0.01425672	0.02135857
ASV_2158	0.016886	0.044592894	0.006066015	0.000000000
ASV_1537	0.023406	0.0002545073	0.0699632137	0.0000000000
ASV_661	0.023558	0.02267275	0.02049189	0.02751069
ASV_1216	0.02427	0.01453951	0.01459191	0.04367810
ASV_668	0.021813	0.01427287	0.01492312	0.03624194
ASV_843	0.020143	0.034775365	0.018925460	0.006729085
ASV_1788	0.018554	0.040639635	0.011062218	0.003958765
ASV_1586	0.022268	0.030998577	0.028904802	0.006899832
ASV_1571	0.017429	0.003273927	0.000926511	0.048085430
ASV_1530	0.02093	0.0006073637	0.0228943487	0.0392886241
ASV_541	0.022057	0.01745017	0.01983465	0.02888491
ASV_1873	0.019005	0.015597033	0.039737148	0.001680193
ASV_628	0.023726	0.01878368	0.01595170	0.03644359
ASV_943	0.021148	0.01285193	0.02584340	0.02474853
ASV_902	0.019954	0.02338998	0.01907874	0.01739447
ASV_1164	0.02656	0.04409181	0.01277573	0.02281324
ASV_1353	0.021856	0.00000000	0.00000000	0.06556837
ASV_1748	0.019424	0.043647777	0.004223201	0.010401054
ASV_2556	0.022205	0.004482134	0.028659062	0.033473061
ASV_1417	0.022495	0.005018709	0.060795878	0.001671717
ASV_1285	0.022174	0.03094710	0.02184291	0.01373114
ASV_1470	0.024171	0.03663543	0.01155375	0.02432439
ASV_1546	0.03178	0.085315584	0.001593303	0.008430049
ASV_1606	0.02252	0.06755953	0.00000000	0.00000000
ASV_1700	0.02011	0.01680677	0.04352374	0.00000000
ASV_3867	0.02265	0.01832316	0.01797438	0.03165251
ASV_1921	0.019292	0.002149705	0.054666703	0.001058455
ASV_1463	0.024561	0.00000000	0.00000000	0.07368287
ASV_1228	0.01968	0.008320809	0.036198069	0.014520658
ASV_1308	0.020473	0.017119884	0.005023922	0.039274807
ASV_266	0.021095	0.018500241	0.007070654	0.037713357
ASV_627	0.025825	0.04221663	0.01907558	0.01618247
ASV_948	0.022575	0.01733654	0.01241684	0.03797072
ASV_1224	0.020743	0.0421214	0.0182118	0.0018954
ASV_1248	0.020814	0.02729948	0.01653678	0.01860715
ASV_1395	0.02345	0.03048700	0.02167169	0.01819015
ASV_1114	0.024627	0.04259958	0.01433131	0.01695071
ASV_1255	0.020102	0.032042529	0.009819017	0.018443370
ASV_318	0.018168	0.0000000000	0.0003570816	0.0541465651
ASV_1266	0.020373	0.004436625	0.016904377	0.039776513
ASV_1812	0.022215	0.009374385	0.029962862	0.027307393
ASV_855	0.021964	0.01555594	0.02369381	0.02664225
ASV_504	0.020694	0.016596325	0.009500449	0.035985738
ASV_1416	0.021166	0.01564421	0.01107847	0.03677489
ASV_1184	0.021683	0.001763374	0.002083949	0.061200336
ASV_675	0.020269	0.007190735	0.004156593	0.049461004
ASV_1920	0.016536	0.024796529	0.001742093	0.023070446
ASV_1784	0.018595	0.02660629	0.01676088	0.01241839
ASV_316	0.019589	0.008473481	0.022710384	0.027582787
ASV_403	0.02117	0.01422754	0.03025802	0.01902418
ASV_1268	0.019178	0.01788502	0.02309825	0.01655130
ASV_1547	0.021622	0.027072388	0.003487608	0.034307136
ASV_412	0.031654	0.076806421	0.011099427	0.007056205
ASV_361	0.020271	0.01614723	0.01965107	0.02501405
ASV_587	0.017153	0.003125993	0.042546927	0.005786501
ASV_1295	0.021866	0.030158159	0.002517104	0.032921870
ASV_1488	0.021557	0.051429388	0.002128529	0.011111618
ASV_569	0.018014	0.009122711	0.006048320	0.038870546
ASV_1039	0.020308	0.02233076	0.02164333	0.01694960
ASV_1217	0.020207	0.034766285	0.023781282	0.002073792
ASV_290	0.020456	0.00000000	0.00000000	0.06136906
ASV_575	0.024118	0.020319565	0.049426332	0.002608971
ASV_791	0.023101	0.01899655	0.02608071	0.02422723
ASV_1034	0.01752	0.0068925739	0.0001202918	0.0455470597
ASV_1714	0.018711	0.0451590877	0.0100207704	0.0009533865
ASV_6048	0.031404	0.088489150	0.001194479	0.004528031
ASV_1311	0.024844	0.049331925	0.019894779	0.005304719
ASV_974	0.019351	0.0100573302	0.0471419572	0.0008531448
ASV_3617	0.019088	0.047555237	0.006893492	0.002816519
ASV_916	0.019912	0.03599945	0.01292651	0.01080901
ASV_1430	0.01879	0.02261258	0.02269790	0.01105838
ASV_1650	0.021387	0.01678429	0.01554283	0.03183516
ASV_1389	0.019442	0.021111001	0.002199609	0.035014424
ASV_1654	0.024365	0.03016845	0.01384144	0.02908379
ASV_1306	0.024427	0.02699175	0.03592204	0.01036721
ASV_856	0.022118	0.01177135	0.01944665	0.03513522
ASV_2186	0.017759	0.0002545073	0.0163900176	0.0366323152
ASV_1567	0.032107	0.09632205	0.00000000	0.00000000
ASV_1013	0.017809	0.02204470	0.01245475	0.01892788
ASV_1705	0.019678	0.002447796	0.000000000	0.056586055
ASV_1324	0.013254	0.0000000000	0.0008941465	0.0388671248
ASV_980	0.017734	0.007535881	0.044157439	0.001507562
ASV_925	0.020065	0.01046468	0.01450372	0.03522623
ASV_1428	0.023236	0.057498469	0.001245122	0.010964730
ASV_1511	0.018551	0.02340672	0.03070713	0.00153803
ASV_863	0.018999	0.01032341	0.01612978	0.03054486
ASV_1270	0.018717	0.002692468	0.013297654	0.040159611
ASV_1487	0.019066	0.028112250	0.024305805	0.004780371
ASV_1740	0.02018	0.0000000000	0.0597413738	0.0007976969
ASV_889	0.019377	0.018625014	0.007358036	0.032148246
ASV_989	0.018458	0.036255408	0.006484106	0.012633257
ASV_1625	0.018504	0.03373157	0.01146479	0.01031460
ASV_900	0.016631	0.0378993944	0.0114766941	0.0005164493
ASV_1121	0.018459	0.005706327	0.000000000	0.049670574
ASV_1976	0.017674	0.008787007	0.044235081	0.000000000
ASV_696	0.021867	0.01888541	0.02276125	0.02395505
ASV_1477	0.019633	0.016217278	0.007926696	0.034755035
ASV_933	0.024532	0.03986285	0.00966330	0.02406967
ASV_875	0.018375	0.01194266	0.01921950	0.02396331
ASV_6602	0.017763	0.01932326	0.02207704	0.01189012
ASV_718	0.017923	0.005174943	0.045899176	0.002695012
ASV_832	0.022257	0.02776434	0.01829518	0.02071174
ASV_983	0.021681	0.03674809	0.02120366	0.00709089
ASV_1202	0.016802	0.01509203	0.02513392	0.01018145
ASV_1009	0.0185	0.00555708	0.02225117	0.02769119
ASV_928	0.017609	0.01978250	0.01660590	0.01643878
ASV_1022	0.021186	0.02475360	0.02843338	0.01037240
ASV_798	0.019683	0.01592080	0.01372632	0.02940230
ASV_879	0.019866	0.02359889	0.01611986	0.01987775
ASV_1335	0.020011	0.037983362	0.008088189	0.013961277
ASV_689	0.028477	0.01022736	0.07520334	0.00000000
ASV_1173	0.016895	0.034387202	0.013909277	0.002387953
ASV_2211	0.021344	0.038064396	0.017321556	0.008645303
ASV_1168	0.018371	0.006272212	0.014230636	0.034610327
ASV_1708	0.018041	0.007296349	0.018444885	0.028381865
ASV_2165	0.01859	0.048715995	0.003415359	0.003638248
ASV_1305	0.018675	0.009988697	0.007083366	0.038952131
ASV_1658	0.022806	0.0272897224	0.0401562952	0.0009732567
ASV_918	0.018778	0.01172945	0.02691019	0.01769525
ASV_1077	0.020069	0.035838385	0.020434321	0.003933226
ASV_1453	0.018941	0.0004660636	0.0105877253	0.0457682899
ASV_1771	0.02423	0.00000000	0.07269066	0.00000000
ASV_284	0.01849	0.007518879	0.020612071	0.027338507
ASV_1359	0.024534	0.048313013	0.007269869	0.018019250
ASV_1823	0.023423	0.020735136	0.048430651	0.001102701
ASV_941	0.020068	0.0007322309	0.0005210776	0.0589515524
ASV_1553	0.021581	0.027343857	0.033221712	0.004176959
ASV_1987	0.015749	0.037359764	0.006227210	0.003661349
ASV_3085	0.018532	0.01052138	0.02028210	0.02479236
ASV_1250	0.028305	0.084775925	0.000000000	0.000138794
ASV_1847	0.016049	0.001029526	0.045532328	0.001583806
ASV_820	0.019019	0.029792903	0.017510711	0.009752799
ASV_2298	0.015189	0.00000000	0.04556799	0.00000000
ASV_823	0.017782	0.01478196	0.02406757	0.01449728
ASV_1876	0.016782	0.02341910	0.01638492	0.01054235
ASV_824	0.019702	0.022720936	0.002421139	0.033964231
ASV_1531	0.022354	0.039553739	0.025556591	0.001952095
ASV_1095	0.018594	0.01544359	0.01781201	0.02252672
ASV_2041	0.01606	0.005388009	0.039750105	0.003042825
ASV_1048	0.021928	0.03219271	0.01116696	0.02242297
ASV_660	0.018626	0.01409862	0.02520989	0.01657092
ASV_1251	0.01882	0.0006001087	0.0027219137	0.0531371787
ASV_1387	0.019919	0.0454020165	0.0004327937	0.0139212969
ASV_1617	0.019288	0.00000000	0.05786378	0.00000000
ASV_658	0.022314	0.01473118	0.01949208	0.03271747
ASV_612	0.019148	0.02307873	0.01166802	0.02269646
ASV_4189	0.034292	0.0805703775	0.0220138047	0.0002910598
ASV_1733	0.028276	0.009303620	0.072649553	0.002875153
ASV_4221	0.016492	0.007209367	0.029069379	0.013198525
ASV_283	0.021476	0.008673801	0.029507420	0.026247978
ASV_593	0.019973	0.01247607	0.01320377	0.03423977
ASV_726	0.020634	0.014061811	0.001393044	0.046447444
ASV_1349	0.020825	0.024962752	0.007073241	0.030438940
ASV_1941	0.017246	0.001914897	0.044332400	0.005491391
ASV_1970	0.017916	0.032756771	0.006417041	0.014575142
ASV_640	0.021735	0.021440580	0.007991974	0.035772902
ASV_814	0.022618	0.03411595	0.02011859	0.01361954
ASV_638	0.024322	0.02073983	0.05222679	0.00000000
ASV_795	0.018834	0.01685287	0.01457104	0.02507829
ASV_1243	0.018269	0.01644174	0.00932464	0.02903987
ASV_549	0.01778	0.0181530501	0.0006773286	0.0345085561
ASV_4644	0.019387	0.016714721	0.007143711	0.034302005
ASV_1126	0.01565	0.007639824	0.037415003	0.001893811
ASV_2098	0.017961	0.000380049	0.053502919	0.000000000
ASV_716	0.017694	0.02010972	0.00692780	0.02604420
ASV_1072	0.019209	0.032347244	0.002975088	0.022305635
ASV_766	0.017629	0.015995734	0.008717857	0.028173332
ASV_652	0.017338	0.01745525	0.01972192	0.01483794
ASV_885	0.016803	0.011137797	0.031117411	0.008153959
ASV_907	0.019416	0.02241476	0.01040998	0.02542353
ASV_725	0.020009	0.01744220	0.02298803	0.01959775
ASV_1055	0.016918	0.027504970	0.017530215	0.005718359
ASV_1050	0.017184	0.002992198	0.009992873	0.038566060
ASV_924	0.023289	0.04607135	0.01631307	0.00748130
ASV_1310	0.02021	0.028747575	0.006532678	0.025348496
ASV_747	0.018283	0.018585429	0.002445186	0.033817009
ASV_1278	0.017569	0.006979656	0.015028486	0.030699032
ASV_1427	0.017115	0.016969998	0.008847555	0.025526885
ASV_537	0.018446	0.01167440	0.02392553	0.01973946
ASV_8058	0.017613	0.018477916	0.002554621	0.031805514
ASV_1136	0.017671	0.016021905	0.007387844	0.029602132
ASV_1811	0.022164	0.002647550	0.063166840	0.000676269
ASV_810	0.017686	0.008457780	0.001961628	0.042637587
ASV_799	0.016902	0.001100922	0.009434783	0.040169834
ASV_1929	0.019011	0.008961242	0.037054177	0.011018971
ASV_1195	0.014461	0.0002401329	0.0000000000	0.0431416069
ASV_1325	0.019333	0.01966127	0.01993048	0.01840686
ASV_1939	0.018294	0.02261205	0.01908893	0.01318112
ASV_1609	0.015495	0.031288097	0.008863743	0.006332011
ASV_999	0.021515	0.033491047	0.001679556	0.029373443
ASV_1193	0.026357	0.05160602	0.01003565	0.01743043
ASV_851	0.014569	0.00000000	0.04370659	0.00000000
ASV_789	0.01821	0.006496109	0.006882770	0.041250453
ASV_1588	0.019657	0.001838201	0.027794952	0.029339329
ASV_1484	0.019327	0.0010312426	0.0002380544	0.0567119754
ASV_1162	0.016279	0.020759511	0.001451906	0.026624645
ASV_1401	0.01546	0.00286216	0.01925272	0.02426609
ASV_1914	0.016541	2.589402e-03	4.693678e-02	9.612686e-05
ASV_1471	0.018223	0.02432060	0.01245864	0.01788915
ASV_277	0.014894	0.029163671	0.005074789	0.010443242
ASV_653	0.018306	0.02095547	0.01523816	0.01872436
ASV_910	0.017676	0.01620440	0.01762350	0.01919962
ASV_1425	0.017709	0.027706890	0.009951527	0.015469857
ASV_1844	0.015843	0.0003495477	0.0418884910	0.0052924114
ASV_2539	0.021363	0.051687542	0.007836449	0.004566243
ASV_5336	0.013826	0.00000000	0.04147855	0.00000000
ASV_6461	0.013826	0.00000000	0.04147855	0.00000000
ASV_833	0.016475	0.010162074	0.003136741	0.036126042
ASV_965	0.017655	0.009988403	0.006024216	0.036951987
ASV_1514	0.017614	0.01153951	0.01645584	0.02484682
ASV_2416	0.014574	0.032525706	0.006610145	0.004587505
ASV_240	0.018006	0.019698684	0.005760011	0.028559600
ASV_841	0.01807	0.022177321	0.030463721	0.001568128
ASV_1569	0.015016	0.021055224	0.021119182	0.002873655
ASV_1461	0.019926	0.02101936	0.01237051	0.02638810
ASV_1290	0.01837	0.020439685	0.008375396	0.026295242
ASV_1314	0.016168	0.01426617	0.01469711	0.01953965
ASV_1239	0.017	0.00329424	0.00000000	0.04770456
ASV_2040	0.02668	0.00000000	0.08004062	0.00000000
ASV_4792	0.014551	0.021230894	0.013305830	0.009115534
ASV_2057	0.014118	0.0419226599	0.0002303289	0.0002000464
ASV_1842	0.017921	0.00000000	0.05376283	0.00000000
ASV_1211	0.016855	0.025911468	0.006416875	0.018235549
ASV_1859	0.016658	0.042532599	0.003041542	0.004400501
ASV_349	0.013561	0.03205610	0.00862625	0.00000000
ASV_637	0.016462	0.01674611	0.02231185	0.01032861
ASV_711	0.018781	0.026374385	0.022967245	0.007002694
ASV_1517	0.019384	0.036026808	0.013019929	0.009105796
ASV_371	0.017805	0.01811230	0.02234135	0.01296024
ASV_953	0.018545	0.02083143	0.01588624	0.01891875
ASV_1454	0.015686	0.03102779	0.00000000	0.01602972
ASV_1296	0.017863	0.01710206	0.01388100	0.02260741
ASV_6503	0.017008	0.01304070	0.01799368	0.01998895
ASV_854	0.017448	0.001931967	0.017649432	0.032763291
ASV_723	0.018523	0.01246451	0.02513961	0.01796483
ASV_1214	0.02164	0.004033114	0.056545628	0.004342012
ASV_5866	0.023919	0.03929319	0.00452120	0.02794199
ASV_1200	0.013712	0.005126699	0.004740479	0.031267853
ASV_2034	0.021012	0.047446208	0.006745552	0.008844959
ASV_2182	0.015645	0.0000000	0.0469336	0.0000000
ASV_579	0.01703	0.012047729	0.007755734	0.031287902
ASV_876	0.016237	0.019425618	0.004397447	0.024888974
ASV_1473	0.023007	0.0003325087	0.0686876811	0.0000000000
ASV_634	0.019033	0.02294379	0.02009812	0.01405840
ASV_984	0.017725	0.018388146	0.004430957	0.030355211
ASV_919	0.018287	0.006379906	0.038159152	0.010322536
ASV_1374	0.015157	0.00000000	0.02805004	0.01741975
ASV_1236	0.020879	0.052907101	0.001218473	0.008510342
ASV_719	0.019334	0.02018464	0.01966560	0.01815257
ASV_954	0.021307	0.04912290	0.01479822	0.00000000
ASV_1007	0.016324	0.01319301	0.01503323	0.02074714
ASV_2329	0.014339	0.006263516	0.034797411	0.001957519
ASV_1863	0.017272	0.02518874	0.01284556	0.01378090
ASV_2243	0.013837	0.04150978	0.00000000	0.00000000
ASV_751	0.014938	0.00000000	0.00000000	0.04481254
ASV_1041	0.016064	0.01035615	0.01252367	0.02531202
ASV_1069	0.018979	0.028446955	0.018663293	0.009825812
ASV_1321	0.014772	0.015813242	0.009771106	0.018732929
ASV_1713	0.01919	0.03217809	0.01369642	0.01169673
ASV_754	0.016748	0.01471377	0.02000970	0.01552082
ASV_1627	0.016637	0.007071593	0.037139296	0.005698944
ASV_1150	0.015566	0.01715241	0.01534030	0.01420478
ASV_1258	0.017233	0.01319373	0.02238571	0.01612015
ASV_1362	0.016156	0.02316553	0.01497407	0.01032728
ASV_1766	0.016778	0.000255420	0.008252483	0.041826812
ASV_1409	0.015694	0.00145159	0.00382481	0.04180508
ASV_705	0.018201	0.01084844	0.03182079	0.01193240
ASV_936	0.017612	0.01403391	0.01509487	0.02370684
ASV_4848	0.019724	0.052417841	0.001514670	0.005238095
ASV_2285	0.01932	0.011560110	0.041324544	0.005076271
ASV_303	0.017736	0.026709820	0.019206428	0.007291185
ASV_761	0.017198	0.0209079870	0.0304064071	0.0002795951
ASV_2530	0.01633	0.024778079	0.006553371	0.017657489
ASV_4264	0.014484	0.01470323	0.02453066	0.00421855
ASV_1508	0.015314	0.022661909	0.018216635	0.005063803
ASV_699	0.015913	0.01753557	0.00198678	0.02821699
ASV_5387	0.016806	0.008379770	0.033427819	0.008609889
ASV_1226	0.02562	0.074618029	0.002240561	0.000000000
ASV_1190	0.014547	0.015074735	0.021048415	0.007518888
ASV_1355	0.01478	0.018925915	0.007848688	0.017564322
ASV_2030	0.015763	0.022537459	0.008637806	0.016112361
ASV_1692	0.013841	0.004276434	0.015927298	0.021318018
ASV_2134	0.01281	0.03843036	0.00000000	0.00000000
ASV_1142	0.017417	0.02181920	0.01545713	0.01497579
ASV_1079	0.015325	0.006933429	0.021659508	0.017381520
ASV_1377	0.016036	0.01810988	0.01620483	0.01379329
ASV_1317	0.015272	0.01307717	0.01802892	0.01471096
ASV_1373	0.013956	0.0397208247	0.0007698631	0.0013787620
ASV_979	0.019717	0.0578737495	0.0011549183	0.0001237556
ASV_1455	0.01341	0.001767143	0.031661255	0.006801478
ASV_1434	0.015203	0.01133735	0.01315601	0.02111553
ASV_5994	0.012775	0.00000000	0.03832385	0.00000000
ASV_523	0.017326	0.01089813	0.01109305	0.02998634
ASV_446	0.018884	0.017480546	0.009332374	0.029839949
ASV_655	0.013933	0.0004965648	0.0324939049	0.0088091121
ASV_1225	0.01482	0.003959024	0.010592775	0.029908376
ASV_1768	0.021044	0.048735302	0.007776434	0.006619451
ASV_888	0.015973	0.02072038	0.01103900	0.01615867
ASV_973	0.014444	0.008091886	0.012808698	0.022432230
ASV_2541	0.015527	0.035374161	0.006260715	0.004946658
ASV_1749	0.015151	0.019744963	0.021448169	0.004260604
ASV_1159	0.015265	0.011117769	0.001356577	0.033320614
ASV_1008	0.01647	0.02532023	0.01330912	0.01077932
ASV_952	0.014678	0.00795881	0.01527030	0.02080529
ASV_2171	0.013413	0.00000000	0.04023974	0.00000000
ASV_894	0.016112	0.013529189	0.002588056	0.032219831
ASV_2184	0.014362	0.013985482	0.025779058	0.003320042
ASV_1821	0.02081	0.03336471	0.01294421	0.01612033
ASV_1354	0.017452	0.0069279933	0.0008556749	0.0445738153
ASV_3394	0.016788	0.01876905	0.01523012	0.01636542
ASV_9928	0.020192	0.0212736628	0.0008483189	0.0384530293
ASV_1973	0.014438	0.023441570	0.012904818	0.006968938
ASV_2212	0.015338	0.0038754825	0.0417483347	0.0003909415
ASV_2787	0.012502	0.00000000	0.03750596	0.00000000
ASV_2441	0.012736	0.00000000	0.03820774	0.00000000
ASV_1561	0.018671	0.021029276	0.007403077	0.027581911
ASV_1177	0.015271	0.01143363	0.01685856	0.01752158
ASV_1086	0.014956	0.00827291	0.01276881	0.02382494
ASV_2843	0.014408	0.039334330	0.001170461	0.002720580
ASV_2669	0.013168	0.02297097	0.01251693	0.00401528
ASV_2717	0.012423	0.00000000	0.03726751	0.00000000
ASV_333	0.014221	0.033032860	0.009629217	0.000000000
ASV_1503	0.016446	0.008578906	0.016834464	0.023924786
ASV_899	0.015788	0.011204486	0.006579929	0.029579469
ASV_1260	0.014202	0.030335573	0.007827715	0.004443537
ASV_1242	0.015413	0.02266004	0.01187846	0.01170075
ASV_895	0.015647	0.007042066	0.005963120	0.033936873
ASV_1415	0.013848	0.003523396	0.015026041	0.022994266
ASV_2791	0.012488	0.0001100299	0.0373532930	0.0000000000
ASV_4526	0.014897	0.01048848	0.01154296	0.02266061
ASV_1171	0.015591	0.003575140	0.001802465	0.041395139
ASV_1261	0.013475	0.013229450	0.006200797	0.020993310
ASV_2596	0.012073	0.01408049	0.02213945	0.00000000
ASV_957	0.014213	0.011221878	0.029656522	0.001760793
ASV_1646	0.014301	0.009641969	0.026878118	0.006382959
ASV_1176	0.011391	0.0000000000	0.0001117683	0.0340599554
ASV_2527	0.013752	0.016441058	0.019468853	0.005347001
ASV_2148	0.013252	0.006451455	0.019603095	0.013701057
ASV_2215	0.012467	0.00000000	0.03740024	0.00000000
ASV_1520	0.015747	0.02769563	0.00000000	0.01954617
ASV_1535	0.015661	0.009545919	0.002994865	0.034443370
ASV_273	0.020813	0.01416849	0.02624192	0.02202957
ASV_1445	0.013864	0.016186536	0.017814540	0.007589931
ASV_1128	0.0139	0.008830998	0.008045501	0.024822624
ASV_1777	0.015007	0.0011401469	0.0002605388	0.0436192229
ASV_1560	0.01506	0.0013524349	0.0007292917	0.0430985118
ASV_2509	0.012319	0.0295916282	0.0071735532	0.0001908951
ASV_914	0.015052	0.01404049	0.01161060	0.01950556
ASV_1440	0.012263	0.004286939	0.001317948	0.031184925
ASV_1284	0.013899	0.013781883	0.020765868	0.007149539
ASV_1741	0.010397	0.000000000	0.004544085	0.026647369
ASV_1917	0.009844	0.00000000	0.00000000	0.02953117
ASV_1738	0.015145	0.02107711	0.00697651	0.01738212
ASV_2867	0.016953	0.006568909	0.044289271	0.000000000
ASV_1603	0.0168	0.0002545073	0.0000000000	0.0501445375
ASV_1995	0.013574	0.003937564	0.022013396	0.014772537
ASV_1687	0.013032	0.0285582290	0.0096547080	0.0008823953
ASV_2783	0.01522	0.01592587	0.01563851	0.01409512
ASV_1780	0.013245	0.002968641	0.006559027	0.030207179
ASV_2958	0.012166	0.003050015	0.033446647	0.000000000
ASV_778	0.018876	0.031592474	0.005911757	0.019122721
ASV_859	0.012019	0.002332375	0.001561264	0.032163900
ASV_1345	0.016926	0.049303600	0.000000000	0.001473615
ASV_1499	0.014965	0.013031102	0.007887902	0.023974737
ASV_1989	0.016117	0.01324443	0.00721786	0.02788848
ASV_2470	0.01335	0.02596705	0.01408392	0.00000000
ASV_1684	0.014257	0.012574208	0.007534057	0.022663666
ASV_1670	0.015089	0.001040228	0.000000000	0.044228024
ASV_573	0.014519	0.017200918	0.024134763	0.002220144
ASV_1871	0.016327	0.027421158	0.005478947	0.016080738
ASV_1911	0.01724	0.011933622	0.000711496	0.039076041
ASV_1826	0.012943	0.001231522	0.000312502	0.037285406
ASV_1132	0.01621	0.02522351	0.00000000	0.02340730
ASV_4522	0.015755	0.026598906	0.009642125	0.011023061
ASV_309	0.011807	0.000000000	0.001125039	0.034294720
ASV_977	0.013553	0.00526656	0.01357213	0.02182031
ASV_1358	0.014402	0.0041078426	0.0003608753	0.0387359291
ASV_1856	0.014068	0.022927617	0.006948756	0.012327788
ASV_987	0.015263	0.023658554	0.008402924	0.013728326
ASV_1542	0.012544	0.009354559	0.015054374	0.013222205
ASV_1573	0.012992	0.019143552	0.014729742	0.005101338
ASV_2058	0.01296	0.013420405	0.015706858	0.009753712
ASV_1736	0.012444	0.00000000	0.00000000	0.03733239
ASV_1061	0.012964	0.017357680	0.011982480	0.009552398
ASV_2240	0.013176	0.006347263	0.009431890	0.023747663
ASV_2287	0.019702	0.05910626	0.00000000	0.00000000
ASV_1172	0.015325	0.01486621	0.01201827	0.01908999
ASV_3555	0.015761	0.01945272	0.02469017	0.00313947
ASV_657	0.011817	0.00051084	0.00000000	0.03494101
ASV_921	0.014589	0.014900358	0.005540592	0.023325653
ASV_1596	0.014708	0.012690582	0.001423519	0.030010780
ASV_1831	0.014418	0.0092025297	0.0006250039	0.0334250388
ASV_2238	0.021789	0.036096025	0.002251353	0.027020649
ASV_1890	0.014398	0.00000000	0.00000000	0.04319393
ASV_967	0.013672	0.01702588	0.01352592	0.01046417
ASV_903	0.013939	0.006088286	0.005500062	0.030228061
ASV_985	0.013127	0.000563006	0.000000000	0.038816791
ASV_822	0.013393	0.01811459	0.01113012	0.01093351
ASV_1256	0.012297	0.003300897	0.003990037	0.029600047
ASV_1406	0.016109	0.022344613	0.008917589	0.017065321
ASV_1945	0.013632	0.008470861	0.009539935	0.022885143
ASV_1772	0.013946	0.001351706	0.000000000	0.040487176
ASV_1845	0.012385	0.001114042	0.002134102	0.033907069
ASV_2180	0.01255	0.01301236	0.01417890	0.01045735
ASV_2219	0.017287	0.02397094	0.01733087	0.01055932
ASV_1613	0.013686	0.023581218	0.002449526	0.015028742
ASV_861	0.013648	0.007218393	0.016871879	0.016854253
ASV_1928	0.015524	0.01326763	0.01132434	0.02198055
ASV_905	0.014571	0.01035433	0.01282806	0.02052969
ASV_1170	0.013847	0.018334514	0.002028059	0.021179662
ASV_1507	0.014306	0.00920136	0.01616917	0.01754745
ASV_1796	0.014076	0.01727024	0.01351212	0.01144505
ASV_1862	0.014062	0.00523047	0.00000000	0.03695557
ASV_2435	0.017766	0.037772811	0.008919542	0.006605328
ASV_1964	0.015173	0.0001100299	0.0265464474	0.0188616486
ASV_2177	0.0172	0.0272990728	0.0004761089	0.0238247019
ASV_968	0.014397	0.019236201	0.009508013	0.014446233
ASV_1536	0.013823	0.0004525752	0.0003608753	0.0406568863
ASV_1825	0.012093	0.004630961	0.006959376	0.024689624
ASV_917	0.013107	0.00951886	0.01012935	0.01967246
ASV_1336	0.013384	0.015129019	0.018531285	0.006491197
ASV_1759	0.016012	0.031048718	0.006886303	0.010099506
ASV_813	0.013861	0.008737551	0.006161290	0.026684037
ASV_1356	0.013525	0.01777443	0.01024108	0.01255889
ASV_2428	0.014612	0.00000000	0.04383536	0.00000000
ASV_790	0.013824	0.011872399	0.006517367	0.023082595
ASV_1905	0.012814	0.0002401329	0.0148256300	0.0233753826
ASV_1399	0.01468	0.01748199	0.01149959	0.01505705
ASV_1515	0.012953	0.008412810	0.008568273	0.021879052
ASV_1540	0.013473	0.007456957	0.000000000	0.032960739
ASV_1981	0.014579	0.000000000	0.000156251	0.043580253
ASV_1347	0.014256	0.01408083	0.01213206	0.01655480
ASV_1727	0.011516	0.022882982	0.007541982	0.004124423
ASV_1292	0.012511	0.014177239	0.005472454	0.017882062
ASV_1138	0.013531	0.007972143	0.012532830	0.020088348
ASV_1490	0.014803	0.015059927	0.023169088	0.006180371
ASV_2490	0.014501	0.015047223	0.005887577	0.022568442
ASV_583	0.013116	0.000380049	0.000000000	0.038967315
ASV_1711	0.013794	0.0016466298	0.0004811671	0.0392555778
ASV_2021	0.013117	0.003709746	0.011618686	0.024021543
ASV_1762	0.0152	0.01516845	0.00871170	0.02171921
ASV_1444	0.01502	0.006042665	0.010479422	0.028538381
ASV_1334	0.012572	0.027699806	0.003681337	0.006334000
ASV_1880	0.014491	0.01507949	0.00000000	0.02839304
ASV_2067	0.013754	0.005871696	0.005805569	0.029585975
ASV_2747	0.011086	0.0005730426	0.0318372321	0.0008477631
ASV_745	0.013029	0.017541480	0.014091885	0.007452367
ASV_1145	0.013994	0.014327191	0.018068881	0.009585046
ASV_9016	0.019792	0.02500659	0.01034932	0.02402135
ASV_1996	0.014042	0.01179660	0.02015773	0.01017289
ASV_2056	0.014367	0.01727812	0.01541957	0.01040464
ASV_2031	0.014434	0.014298595	0.003282717	0.025720171
ASV_417	0.014454	0.0057826270	0.0002662881	0.0373133209
ASV_1479	0.013145	0.024029958	0.012981335	0.002424494
ASV_2672	0.012077	0.014312271	0.007966604	0.013950939
ASV_2064	0.015165	0.0004660636	0.0190713412	0.0259564081
ASV_1183	0.014037	0.016262364	0.006927009	0.018921131
ASV_2101	0.011307	0.011794499	0.018515909	0.003609431
ASV_1049	0.015418	0.027454740	0.014598909	0.004200392
ASV_1472	0.018248	0.03884523	0.00000000	0.01589936
ASV_2267	0.013383	0.008972858	0.014631339	0.016544612
ASV_1449	0.014566	0.01279456	0.01782148	0.01308101
ASV_559	0.013958	0.022334986	0.005147561	0.014390395
ASV_780	0.014171	0.008866029	0.005496597	0.028149654
ASV_1071	0.020461	0.043965153	0.009574091	0.007844027
ASV_1522	0.019884	0.052527809	0.001779235	0.005345939
ASV_1665	0.01333	0.014829251	0.006291243	0.018868414
ASV_2882	0.0123	0.005506141	0.001621801	0.029771306
ASV_4688	0.010671	0.00000000	0.03201443	0.00000000
ASV_3872	0.012972	0.016508543	0.013595563	0.008812846
ASV_1328	0.014335	0.010200449	0.026495253	0.006310078
ASV_8346	0.011249	0.020279095	0.010818792	0.002648032
ASV_2552	0.012051	0.003656435	0.031403119	0.001094438
ASV_381	0.014134	0.0269270211	0.0002605388	0.0152132770
ASV_1443	0.01304	0.013990110	0.009278903	0.015852269
ASV_2992	0.014729	0.02008814	0.01070957	0.01338945
ASV_351	0.016788	0.040167566	0.002452457	0.007743570
ASV_704	0.010194	0.0004727431	0.0042721855	0.0258356951
ASV_1431	0.011832	0.014507894	0.016806928	0.004181075
ASV_2332	0.015367	0.034038076	0.007222501	0.004839096
ASV_2172	0.014744	0.01883283	0.02065854	0.00474001
ASV_5681	0.013843	0.00000000	0.04152824	0.00000000
ASV_897	0.018068	0.02166883	0.03253441	0.00000000
ASV_1879	0.011873	0.016488769	0.009628201	0.009503048
ASV_2587	0.010647	0.023063072	0.007508701	0.001367860
ASV_2132	0.011598	0.033614824	0.000000000	0.001180394
ASV_1059	0.01733	0.041071865	0.004614841	0.006304484
ASV_2501	0.013562	0.01429545	0.01290882	0.01348109
ASV_2107	0.014393	0.009987329	0.028756717	0.004435114
ASV_1528	0.011956	0.01884887	0.01135624	0.00566226
ASV_1732	0.012751	0.0095168179	0.0277754501	0.0009600251
ASV_753	0.012212	0.006607937	0.007011024	0.023016181
ASV_1494	0.018036	0.045740830	0.005990435	0.002376559
ASV_2077	0.014407	0.008177794	0.029243211	0.005800502
ASV_2801	0.01972	0.055619817	0.001103840	0.002435297
ASV_1023	0.012837	0.01366957	0.01041800	0.01442270
ASV_1102	0.012368	0.01167652	0.01186425	0.01356229
ASV_1294	0.012516	0.004129489	0.000000000	0.033419363
ASV_2269	0.013516	0.008778505	0.028019575	0.003750768
ASV_2427	0.013227	0.000000000	0.038038202	0.001641366
ASV_2557	0.012722	0.010705252	0.021330270	0.006130219
ASV_1303	0.014712	0.02510239	0.00590253	0.01312999
ASV_2108	0.01304	0.006517637	0.003480131	0.029122971
ASV_1408	0.01097	0.016540714	0.004060823	0.012309387
ASV_295	0.015513	0.027293891	0.004786241	0.014457712
ASV_7186	0.01384	0.015159315	0.017080109	0.009279514
ASV_1433	0.011172	0.001872366	0.027241988	0.004401794
ASV_2060	0.012824	0.003212990	0.006181479	0.029078222
ASV_4689	0.013292	0.0000000000	0.0396825397	0.0001922537
ASV_2549	0.012464	0.012008587	0.007042533	0.018341708
ASV_2312	0.019847	0.048260614	0.001540748	0.009738432
ASV_1854	0.019616	0.0585604463	0.0000000000	0.0002886004
ASV_4329	0.01153	0.003115451	0.000000000	0.031475310
ASV_2265	0.012295	0.018205335	0.000156251	0.018523742
ASV_2684	0.010276	0.00000000	0.03082805	0.00000000
ASV_1572	0.012008	0.012055198	0.001538892	0.022429340
ASV_1815	0.011659	0.015945187	0.017762961	0.001268869
ASV_1554	0.012207	0.017231981	0.006223045	0.013165704
ASV_2210	0.012796	0.021731565	0.007055519	0.009599705
ASV_1746	0.013092	0.01281246	0.01516589	0.01129833
ASV_2014	0.012006	0.002871945	0.017058055	0.016088935
ASV_482	0.012497	0.01599880	0.01956984	0.00192369
ASV_2082	0.01322	0.026754236	0.003232267	0.009674741
ASV_2025	0.010817	0.005468865	0.001401035	0.025580767
ASV_2722	0.013551	0.01267257	0.01781583	0.01016402
ASV_2474	0.011705	0.00775787	0.00000000	0.02735734
ASV_882	0.014501	0.004642198	0.018392884	0.020468971
ASV_1269	0.012474	0.0045605874	0.0323020260	0.0005591903
ASV_2413	0.012436	0.0114912094	0.0002405836	0.0255766953
ASV_2069	0.011895	0.019508207	0.003374419	0.012803579
ASV_2719	0.009538	0.00000000	0.02861269	0.00000000
ASV_1244	0.015589	0.01401185	0.01036529	0.02239047
ASV_2584	0.012904	0.005429089	0.005011574	0.028271811
ASV_1337	0.011406	0.013388753	0.010850948	0.009977636
ASV_2202	0.011902	0.0073271921	0.0009456665	0.0274327814
ASV_2429	0.013022	0.00000000	0.03906731	0.00000000
ASV_730	0.011666	0.009245727	0.014035196	0.011716613
ASV_1674	0.013144	0.012981848	0.009647643	0.016802205
ASV_2570	0.027634	0.0823795322	0.0005210776	0.0000000000
ASV_1315	0.011468	0.00422062	0.01349065	0.01669202
ASV_4062	0.012308	0.003289279	0.016911057	0.016723268
ASV_871	0.013214	0.007017935	0.006670701	0.025954185
ASV_1234	0.012409	0.014394131	0.018238027	0.004594134
ASV_1350	0.011108	0.00000000	0.00000000	0.03332446
ASV_1518	0.014407	0.007919035	0.021696541	0.013605673
ASV_2994	0.012741	0.01372365	0.01883802	0.00566070
ASV_1152	0.012349	0.017253685	0.010763387	0.009030229
ASV_1502	0.011177	0.012076279	0.014620125	0.006833263
ASV_1583	0.01074	0.008897613	0.001222242	0.022099055
ASV_3009	0.009844	0.015430648	0.012570146	0.001529719
ASV_2393	0.01117	0.01105274	0.00270705	0.01975166
ASV_5614	0.012572	0.006983158	0.029107352	0.001626045
ASV_9030	0.020778	0.02422849	0.02608812	0.01201761
ASV_992	0.012513	0.004455192	0.015550013	0.017534007
ASV_1457	0.012253	0.00000000	0.00000000	0.03675788
ASV_1757	0.012974	0.008918459	0.014538169	0.015466765
ASV_1793	0.013305	0.019718506	0.017529042	0.002666517
ASV_2818	0.014079	0.0333235953	0.0082982817	0.0006162379
ASV_5443	0.009922	0.013584105	0.014503752	0.001677437
ASV_2865	0.011481	0.0054089214	0.0003570816	0.0286780190
ASV_2711	0.012845	0.023218545	0.007092069	0.008224079
ASV_1280	0.0132	0.010224526	0.004005756	0.025369621
ASV_1889	0.010714	0.0001164556	0.0000000000	0.0320244781
ASV_944	0.011777	0.016887698	0.003387004	0.015057038
ASV_2316	0.013475	0.012148867	0.003477031	0.024800046
ASV_3264	0.012027	0.0351470732	0.0009347279	0.0000000000
ASV_1231	0.015693	0.02736808	0.00000000	0.01971076
ASV_773	0.017338	0.040390823	0.004399542	0.007224921
ASV_1460	0.012486	0.004574936	0.000000000	0.032883342
ASV_1817	0.012662	0.012386709	0.008436104	0.017163130
ASV_1894	0.01271	0.013737540	0.020892496	0.003499882
ASV_5865	0.016313	0.013281215	0.029891678	0.005765533
ASV_2458	0.010226	0.0000000	0.0000000	0.0306783
ASV_1117	0.011658	0.004046519	0.000000000	0.030927081
ASV_1614	0.012945	0.010729920	0.022181217	0.005924618
ASV_165	0.010387	0.019365654	0.007599011	0.004197569
ASV_1641	0.013141	0.011843249	0.026495874	0.001085359
ASV_1559	0.010534	0.0002330318	0.0137675854	0.0176022979
ASV_3019	0.010535	0.015120839	0.010790154	0.005694045
ASV_2682	0.009464	0.00000000	0.02839236	0.00000000
ASV_404	0.012238	0.007086628	0.009665415	0.019962891
ASV_618	0.013856	0.026537933	0.006729995	0.008300551
ASV_1000	0.012494	0.01160896	0.01108062	0.01479140
ASV_2022	0.015389	0.012906486	0.008102459	0.025157016
ASV_1435	0.012999	0.011259116	0.021703815	0.006033604
ASV_1293	0.01608	0.025677010	0.019500812	0.003062844
ASV_821	0.011355	0.0274942936	0.0005336308	0.0060383173
ASV_1175	0.013076	0.0182759483	0.0009375059	0.0200133946
ASV_1808	0.010627	0.02058744	0.00000000	0.01129246
ASV_1813	0.010659	0.00398788	0.01054165	0.01744806
ASV_2550	0.012565	0.01052165	0.01406727	0.01310676
ASV_530	0.016877	0.05063243	0.00000000	0.00000000
ASV_769	0.012891	0.001486659	0.035603885	0.001581095
ASV_2006	0.012427	0.014137707	0.008673239	0.014470035
ASV_1896	0.0137	0.000000000	0.001452988	0.039648435
ASV_2524	0.012638	0.009814768	0.001951680	0.026148301
ASV_2271	0.010239	0.021006025	0.007917417	0.001793078
ASV_3118	0.012013	0.005243215	0.026686124	0.004108460
ASV_9555	0.009902	0.017775286	0.008315636	0.003615376
ASV_2761	0.011118	0.00000000	0.03335465	0.00000000
ASV_1555	0.010382	0.012023118	0.008624571	0.010498200
ASV_1523	0.013797	0.01327172	0.01629632	0.01182308
ASV_1836	0.012362	0.009841815	0.009467434	0.017775916
ASV_2104	0.011329	0.001465114	0.001861729	0.030659835
ASV_839	0.011769	0.006874353	0.014749485	0.013683256
ASV_962	0.010102	0.00000000	0.00000000	0.03030567
ASV_1622	0.013432	0.021672532	0.003115666	0.015508265
ASV_1770	0.011295	0.0006209838	0.0041846247	0.0290793433
ASV_7134	0.010899	0.017393288	0.007727883	0.007574930
ASV_265	0.011371	0.00000000	0.00000000	0.03411435
ASV_1393	0.012145	0.013421654	0.008390702	0.014623320
ASV_2183	0.011288	0.016349228	0.015863926	0.001651908
ASV_3610	0.013113	0.032611518	0.002876016	0.003850861
ASV_3010	0.012197	0.015358842	0.012678207	0.008552737
ASV_1716	0.012051	0.01324785	0.01017767	0.01272648
ASV_2653	0.016158	0.0478419890	0.0001562510	0.0004765575
ASV_7477	0.014082	0.01027590	0.00777472	0.02419390
ASV_9080	0.014762	0.021848207	0.001412731	0.021026377
ASV_848	0.010906	0.004565796	0.005646089	0.022507501
ASV_3047	0.015336	0.019789734	0.016555731	0.009661825
ASV_1893	0.012813	0.01398767	0.01344680	0.01100385
ASV_2757	0.013207	0.0306739618	0.0082769313	0.0006715294
ASV_2754	0.011456	0.004517679	0.006840335	0.023011373
ASV_792	0.014846	0.0070904650	0.0370990875	0.0003490694
ASV_2782	0.010043	0.006780486	0.011825749	0.011523601
ASV_2565	0.009379	0.027825886	0.000312502	0.000000000
ASV_2709	0.011946	0.00000000	0.03583733	0.00000000
ASV_1012	0.012327	0.015435922	0.006029765	0.015516786
ASV_1423	0.010238	0.01184121	0.00189708	0.01697484
ASV_1276	0.012614	0.01426687	0.01088577	0.01268948
ASV_1385	0.012051	0.008617184	0.010689164	0.016846923
ASV_1635	0.010828	0.00000000	0.00000000	0.03248252
ASV_2255	0.012691	0.008578330	0.006418025	0.023077876
ASV_2913	0.009336	0.006404031	0.018746067	0.002858057
ASV_1918	0.00994	0.016615369	0.005758504	0.007446514
ASV_2103	0.011144	0.005934406	0.008402029	0.019094911
ASV_8302	0.008959	0.004337523	0.018141999	0.004398228
ASV_1419	0.011998	0.02408141	0.00186214	0.01005070
ASV_2235	0.010648	0.00000000	0.00000000	0.03194284
ASV_606	0.010731	0.003125938	0.002369095	0.026698908
ASV_1874	0.010312	0.012929309	0.014835361	0.003171297
ASV_2414	0.009599	0.019381193	0.005431346	0.003983116
ASV_1156	0.010432	0.005512320	0.021447469	0.004336931
ASV_4379	0.012136	0.013441415	0.008069279	0.014898354
ASV_1467	0.011017	0.005728159	0.011816093	0.015507229
ASV_1975	0.010714	0.012460369	0.004389043	0.015291603
ASV_192	0.011758	0.005323129	0.000000000	0.029951774
ASV_551	0.017305	0.030852738	0.002289095	0.018774084
ASV_1800	0.009717	0.0002200598	0.0285908543	0.0003386005
ASV_2842	0.011562	0.010124962	0.006420527	0.018141312
ASV_2443	0.010789	0.013138153	0.005848358	0.013379774
ASV_461	0.012447	0.009246922	0.007544933	0.020550286
ASV_669	0.009441	0.003605507	0.006281599	0.018436595
ASV_663	0.011473	0.011034434	0.003342099	0.020043334
ASV_3073	0.010771	0.0007042694	0.0000000000	0.0316082362
ASV_2121	0.010451	0.01428521	0.00000000	0.01706822
ASV_1919	0.011263	0.004778554	0.005494669	0.023515479
ASV_3199	0.010093	0.011651655	0.012653490	0.005974388
ASV_2168	0.011614	0.001036893	0.032145933	0.001659160
ASV_3200	0.009191	0.02757362	0.00000000	0.00000000
ASV_2655	0.011904	0.015712369	0.018050506	0.001948463
ASV_374	0.011019	0.001161582	0.002364346	0.029530471
ASV_1628	0.01019	0.016365781	0.000156251	0.014046544
ASV_1346	0.010567	0.010284569	0.004177339	0.017239267
ASV_1959	0.012687	0.022482197	0.009695057	0.005883041
ASV_9043	0.010303	0.010966990	0.005368796	0.014571747
ASV_3699	0.011112	0.00000000	0.02062513	0.01271100
ASV_1181	0.014151	0.02393076	0.00444412	0.01407854
ASV_1706	0.012153	0.004810520	0.004412095	0.027236932
ASV_1652	0.010597	0.013645212	0.007720888	0.010424175
ASV_1595	0.010527	0.01027430	0.00319856	0.01810877
ASV_2445	0.01112	0.01339619	0.00357610	0.01638763
ASV_2065	0.011256	0.000657323	0.010920765	0.022191312
ASV_3224	0.011108	0.005670752	0.015890346	0.011764356
ASV_793	0.014283	0.02932663	0.00000000	0.01352191
ASV_1630	0.011256	0.015171947	0.002114784	0.016480961
ASV_2670	0.013861	0.034567556	0.000000000	0.007015749
ASV_3662	0.010793	0.014825602	0.014408820	0.003144841
ASV_1338	0.01008	0.009300194	0.003645963	0.017293865
ASV_1866	0.009838	0.016564501	0.009354248	0.003595480
ASV_1967	0.009805	0.011295097	0.007876403	0.010244646
ASV_2017	0.011613	0.009033787	0.007826924	0.017977744
ASV_1990	0.012332	0.002452608	0.032601918	0.001940835
ASV_2018	0.010162	0.002007808	0.011175657	0.017302336
ASV_2024	0.01074	0.009532489	0.004656593	0.018031758
ASV_2228	0.010547	0.008734454	0.006907507	0.015998148
ASV_2494	0.010797	0.0003347517	0.0000000000	0.0320550840
ASV_1761	0.010631	0.000380049	0.001116214	0.030396374
ASV_2404	0.0102	0.003982061	0.024764563	0.001854808
ASV_765	0.009968	0.01096355	0.00000000	0.01894093
ASV_1297	0.01139	0.018397132	0.008795591	0.006976533
ASV_2407	0.010103	0.010259921	0.014693014	0.005357498
ASV_6706	0.012202	0.0000000000	0.0003853153	0.0362220730
ASV_4083	0.008798	0.015150956	0.007776820	0.003466312
ASV_3676	0.008941	0.017496541	0.003419864	0.005906027
ASV_1589	0.010117	0.011990105	0.016956286	0.001404203
ASV_1065	0.007506	0.0000000000	0.0001190272	0.0224002991
ASV_1509	0.01037	0.008089282	0.015946471	0.007075458
ASV_1682	0.011474	0.000000000	0.008858319	0.025563609
ASV_2111	0.011178	0.009318919	0.005458526	0.018757618
ASV_1846	0.011503	0.005858725	0.018764591	0.009885413
ASV_5043	0.009169	0.010210400	0.014006625	0.003291142
ASV_2957	0.009281	0.01379062	0.01013007	0.00392278
ASV_2209	0.012434	0.004411575	0.018864428	0.014027369
ASV_1899	0.011867	0.017618251	0.012312704	0.005671424
ASV_7584	0.013648	0.021622040	0.007186865	0.012135437
ASV_1816	0.010984	0.009217550	0.004470669	0.019262571
ASV_1891	0.01008	0.009811223	0.015413003	0.005016297
ASV_3829	0.011232	0.009644175	0.004442385	0.019609672
ASV_353	0.010679	0.007330289	0.006306149	0.018400857
ASV_561	0.013749	0.035511811	0.000000000	0.005735211
ASV_1612	0.009214	0.004460775	0.011438018	0.011742625
ASV_1464	0.010469	0.009097748	0.005516169	0.016793379
ASV_2135	0.01365	0.002829629	0.022487096	0.015634026
ASV_1832	0.017021	0.0509441228	0.0001190272	0.0000000000
ASV_2344	0.009324	0.006694445	0.021278025	0.000000000
ASV_1360	0.009942	0.00000000	0.00000000	0.02982569
ASV_2213	0.010071	0.00981295	0.01003600	0.01036354
ASV_3306	0.008995	0.004996504	0.015321349	0.006666941
ASV_9630	0.009228	0.001749168	0.016296990	0.009638730
ASV_2728	0.018305	0.0549153	0.0000000	0.0000000
ASV_406	0.009909	0.013789230	0.004531278	0.011406879
ASV_1381	0.009633	0.005812904	0.004614625	0.018470506
ASV_2144	0.012306	0.002571483	0.007411449	0.026934370
ASV_1469	0.007528	0.001140147	0.000000000	0.021443324
ASV_3371	0.010774	0.019979608	0.007604957	0.004736165
ASV_4286	0.008335	0.00000000	0.02500397	0.00000000
ASV_1391	0.015307	0.034073151	0.001236793	0.010609682
ASV_1167	0.009419	0.013194679	0.011114731	0.003948933
ASV_1299	0.010633	0.01153213	0.01320062	0.00716529
ASV_2517	0.010911	0.0013277414	0.0003808306	0.0310250651
ASV_1485	0.010086	0.009589322	0.006569792	0.014098557
ASV_2300	0.009478	0.004863352	0.011376665	0.012194653
ASV_2029	0.010353	0.012406544	0.010776587	0.007874611
ASV_3382	0.010758	0.003345231	0.004389057	0.024538930
ASV_1097	0.015604	0.01717544	0.02963660	0.00000000
ASV_1605	0.010421	0.006822004	0.019156337	0.005283242
ASV_1792	0.010333	0.012150115	0.012473936	0.006373664
ASV_1998	0.011475	0.018478827	0.008019549	0.007925584
ASV_1579	0.015864	0.00198077	0.03777813	0.00783245
ASV_1763	0.013053	0.024560103	0.001068947	0.013528673
ASV_1972	0.010538	0.009082208	0.013158746	0.009372553
ASV_4553	0.011472	0.025479919	0.003749783	0.005187101
ASV_2827	0.009998	0.0033227925	0.0004167898	0.0262532852
ASV_6890	0.009494	0.016910731	0.008677837	0.002892688
ASV_1642	0.009806	0.009822822	0.002468281	0.017127736
ASV_1752	0.0094	0.008050175	0.008509166	0.011642126
ASV_2254	0.010722	0.01512136	0.00323367	0.01381185
ASV_2794	0.012652	0.027383302	0.010434214	0.000138794
ASV_5256	0.009153	0.002879772	0.012084919	0.012493334
ASV_3020	0.008198	0.024455686	0.000000000	0.000138794
ASV_1031	0.011202	0.005853582	0.010568591	0.017183685
ASV_7779	0.01057	0.007003648	0.005867465	0.018838221
ASV_1724	0.010945	0.012782857	0.004509881	0.015543407
ASV_2834	0.01196	0.016445110	0.006253184	0.013182752
ASV_1961	0.009016	0.007969019	0.016459076	0.002620676
ASV_2109	0.009753	0.018362817	0.008919347	0.001975722
ASV_1858	0.010931	0.005244282	0.004334105	0.023213630
ASV_2162	0.008613	0.0257189271	0.0001190272	0.0000000000
ASV_2230	0.009366	0.005138911	0.016950682	0.006008142
ASV_2685	0.009591	0.0001204674	0.0000000000	0.0286538886
ASV_2821	0.010942	0.007625120	0.023204835	0.001996241
ASV_764	0.010161	0.003828523	0.005098477	0.021554595
ASV_1252	0.010433	0.010659310	0.007738101	0.012901035
ASV_1496	0.009617	0.015344294	0.011678988	0.001826302
ASV_1438	0.008787	0.023724713	0.002637322	0.000000000
ASV_2390	0.010404	0.00000000	0.00000000	0.03121137
ASV_2679	0.009533	0.005668409	0.021385264	0.001544137
ASV_1636	0.01124	0.01009541	0.01311928	0.01050666
ASV_1607	0.00936	0.002380045	0.004293335	0.021405600
ASV_1466	0.009662	0.007816380	0.005683593	0.015486455
ASV_1764	0.010311	0.007860865	0.002593219	0.020480352
ASV_2293	0.010126	0.0077536620	0.0008763148	0.0217490373
ASV_1947	0.01461	0.038488138	0.005340538	0.000000000
ASV_2368	0.009886	0.020694986	0.004371428	0.004590284
ASV_1075	0.011358	0.011972592	0.009784022	0.012316080
ASV_2015	0.009698	0.0037630488	0.0005787901	0.0247518439
ASV_2349	0.011914	0.02150541	0.00000000	0.01423683
ASV_2434	0.009274	0.007106774	0.004169599	0.016546585
ASV_1626	0.009989	0.00703671	0.01171000	0.01122172
ASV_2860	0.012237	0.020991529	0.004182403	0.011537819
ASV_1881	0.010197	0.011211897	0.006689598	0.012690135
ASV_3000	0.009505	0.005481694	0.000000000	0.023033987
ASV_1506	0.010678	0.004768126	0.001670588	0.025594143
ASV_1618	0.00898	0.008182333	0.014837357	0.003919368
ASV_2033	0.011353	0.015887711	0.003914503	0.014257665
ASV_2175	0.008887	0.0003495477	0.0000000000	0.0263104625
ASV_3102	0.009325	0.0277142102	0.0002605388	0.0000000000
ASV_598	0.011482	0.017495848	0.003268776	0.013682690
ASV_892	0.00994	0.0268378884	0.0002752782	0.0027056952
ASV_1125	0.008668	0.018464338	0.005904060	0.001634365
ASV_1510	0.010226	0.015213303	0.009550843	0.005913208
ASV_2328	0.009459	0.004310356	0.009407130	0.014658217
ASV_1698	0.008903	0.003164147	0.010429006	0.013115771
ASV_1837	0.010365	0.025510738	0.005583869	0.000000000
ASV_1909	0.010876	0.007004497	0.022227463	0.003395570
ASV_2769	0.009801	0.004870050	0.022973841	0.001560449
ASV_6979	0.008155	0.015130566	0.007371484	0.001962953
ASV_3048	0.012397	0.030396699	0.005360190	0.001434711
ASV_2594	0.010408	0.00000000	0.03122308	0.00000000
ASV_6779	0.01333	0.01869903	0.00839670	0.01289320
ASV_1481	0.010925	0.020171377	0.007731593	0.004872321
ASV_1648	0.009926	0.004718151	0.010101121	0.014959312
ASV_2604	0.009222	0.004922077	0.010021083	0.012723213
ASV_3246	0.007988	0.020584112	0.003379287	0.000000000
ASV_3153	0.007932	0.0001386370	0.0232570765	0.0004000928
ASV_667	0.008522	0.001187825	0.006741048	0.017636877
ASV_1367	0.009831	0.00543276	0.01105982	0.01300176
ASV_3821	0.012828	0.017135431	0.012329026	0.009019588
ASV_2232	0.009702	0.0172612038	0.0111458512	0.0006997461
ASV_2308	0.009754	0.006658965	0.015784057	0.006817669
ASV_2252	0.009571	0.0002200598	0.0001190272	0.0283732908
ASV_2052	0.009517	0.0003495477	0.0000000000	0.0282012545
ASV_2625	0.009907	0.00000000	0.00000000	0.02972189
ASV_1943	0.011884	0.016486370	0.015156345	0.004008569
ASV_2641	0.008851	0.009307670	0.009016517	0.008228708
ASV_3094	0.007803	0.02340988	0.00000000	0.00000000
ASV_2356	0.009734	0.006330174	0.014583550	0.008289735
ASV_2899	0.008356	0.0065574385	0.0007411519	0.0177693354
ASV_1206	0.010426	0.012105192	0.007231375	0.011940342
ASV_1818	0.008766	0.0008384177	0.0239596722	0.0015009930
ASV_2796	0.008516	0.008824800	0.011850398	0.004873711
ASV_2893	0.009392	0.001095145	0.001985772	0.025095010
ASV_3315	0.007752	0.0001200665	0.0231345167	0.0000000000
ASV_697	0.009426	0.008415412	0.000000000	0.019861993
ASV_1174	0.009487	0.012314627	0.003616553	0.012530276
ASV_1675	0.010426	0.002341314	0.005286641	0.023649156
ASV_2203	0.009099	0.003300897	0.018921932	0.005072733
ASV_2579	0.010178	0.004087804	0.013468092	0.012978159
ASV_3237	0.007736	0.013283812	0.003536249	0.006386887
ASV_1747	0.01018	0.007238297	0.014833410	0.008469736
ASV_2466	0.008533	0.004903806	0.017788184	0.002907278
ASV_1602	0.009717	0.008235458	0.007064515	0.013849794
ASV_1680	0.009408	0.002311999	0.008873719	0.017038735
ASV_2227	0.009973	0.0015782170	0.0003888448	0.0279513188
ASV_2714	0.009505	0.004798258	0.000677039	0.023038509
ASV_805	0.01108	0.014479317	0.017262985	0.001498168
ASV_1380	0.010189	0.018174961	0.009453785	0.002938760
ASV_1398	0.00948	0.018261713	0.008147734	0.002030283
ASV_1329	0.010055	0.004398940	0.017523610	0.008241486
ASV_2117	0.009882	0.001694944	0.003259394	0.024692493
ASV_1498	0.010205	0.009827089	0.004412912	0.016374184
ASV_1828	0.008933	0.001820086	0.012809336	0.012170100
ASV_2120	0.010717	0.008671078	0.005609048	0.017871395
ASV_2020	0.006644	0.000000000	0.001015662	0.018914903
ASV_3101	0.0123	0.001729598	0.033253424	0.001916239
ASV_1637	0.009995	0.004643727	0.007539680	0.017802960
ASV_2044	0.009941	0.0020615676	0.0002605388	0.0275023810
ASV_2938	0.009601	0.018806190	0.001653128	0.008343038
ASV_940	0.010658	0.009464974	0.004710641	0.017799140
ASV_9745	0.009439	0.008148804	0.005000360	0.015168673
ASV_1840	0.009011	0.0001165159	0.0098941778	0.0170221251
ASV_2142	0.011214	0.0238271281	0.0002894587	0.0095248687
ASV_3097	0.008322	0.010193247	0.009960485	0.004811552
ASV_2282	0.008808	0.001425928	0.003758398	0.021239482
ASV_2824	0.008743	0.018901174	0.006221079	0.001107581
ASV_2850	0.007592	0.0000000000	0.0226313222	0.0001455299
ASV_3663	0.00723	0.0011103354	0.0204621240	0.0001163565
ASV_1149	0.009531	0.012518157	0.004974733	0.011100112
ASV_1289	0.009777	0.009260261	0.008862693	0.011209170
ASV_5169	0.012533	0.01260706	0.01393841	0.01105241
ASV_2678	0.008942	0.0262023990	0.0006250039	0.0000000000
ASV_1969	0.00831	0.007762705	0.006822211	0.010343991
ASV_1977	0.009475	0.010808670	0.013766967	0.003848496
ASV_3036	0.007838	0.0005090146	0.0230040156	0.0000000000
ASV_2734	0.010165	0.0005186860	0.0293860322	0.0005909879
ASV_887	0.009863	0.0111773888	0.0008855427	0.0175249357
ASV_1313	0.010014	0.013788833	0.007561578	0.008690660
ASV_1274	0.009054	0.013635171	0.004579667	0.008946427
ASV_2651	0.009235	0.001603447	0.022083454	0.004018408
ASV_1949	0.008931	0.003880723	0.022774439	0.000138554
ASV_1946	0.009783	0.008824034	0.008606814	0.011918525
ASV_2660	0.009354	0.01191678	0.01614539	0.00000000
ASV_3063	0.012619	0.005112900	0.030244933	0.002498816
ASV_8762	0.007832	0.001078507	0.020613439	0.001803205
ASV_3500	0.007456	0.00000000	0.02236699	0.00000000
ASV_1948	0.01056	0.019250718	0.007434948	0.004995370
ASV_3313	0.007958	0.001719447	0.022020193	0.000134283
ASV_3183	0.015063	0.04519049	0.00000000	0.00000000
ASV_3528	0.008856	0.005670052	0.020762424	0.000134283
ASV_2350	0.009274	0.008732188	0.008883018	0.010205357
ASV_2197	0.010299	0.006723602	0.019168811	0.005004007
ASV_327	0.009065	0.008019582	0.011509831	0.007664807
ASV_1040	0.008875	0.002671941	0.016738186	0.007214064
ASV_1246	0.009816	0.003531837	0.001990131	0.023925569
ASV_1798	0.012134	0.021061850	0.008553364	0.006788023
ASV_2013	0.009331	0.006100197	0.004917806	0.016973688
ASV_1663	0.009662	0.00000000	0.00440794	0.02457903
ASV_2833	0.00843	0.003094812	0.002167503	0.020026211
ASV_1351	0.008224	0.012449470	0.004247608	0.007973745
ASV_1519	0.008724	0.006143651	0.005036429	0.014992214
ASV_1550	0.007049	0.015909275	0.000000000	0.005236239
ASV_2492	0.007624	0.011094342	0.008544425	0.003233529
ASV_1999	0.008657	0.007612937	0.007783722	0.010574408
ASV_1882	0.010728	0.006794264	0.011135968	0.014253510
ASV_2364	0.010544	0.0252230846	0.0054583652	0.0009507997
ASV_2318	0.008918	0.0077907950	0.0003570816	0.0186047648
ASV_981	0.010911	0.01216297	0.01036950	0.01019914
ASV_1814	0.010541	0.011818356	0.010278889	0.009525936
ASV_1500	0.008512	0.008463795	0.005711085	0.011360441
ASV_1563	0.009012	0.004881385	0.001087966	0.021065305
ASV_3832	0.01017	0.0023084693	0.0272089737	0.0009910807
ASV_6864	0.011448	0.007973118	0.007211304	0.019160192
ASV_3210	0.009386	0.00000000	0.00000000	0.02815915
ASV_929	0.009017	0.004085743	0.007394165	0.015571886
ASV_1327	0.009207	0.00371214	0.01210511	0.01180358
ASV_1549	0.012871	0.033538808	0.002971039	0.002102813
ASV_4638	0.008748	0.0000000	0.0262429	0.0000000
ASV_2051	0.009116	0.00000000	0.01240714	0.01494196
ASV_2633	0.010541	0.011227630	0.001310971	0.019083762
ASV_3620	0.01417	0.0422023926	0.0003076166	0.0000000000
ASV_3155	0.008275	0.014827804	0.001752089	0.008246572
ASV_1397	0.009401	0.004001594	0.009559553	0.014642755
ASV_9677	0.01291	0.021977295	0.005781848	0.010970801
ASV_2087	0.008655	0.00000000	0.02596593	0.00000000
ASV_2880	0.008765	0.001135584	0.000000000	0.025159536
ASV_1090	0.009038	0.0000000000	0.0006311147	0.0264824864
ASV_2226	0.012267	0.00000000	0.02617631	0.01062337
ASV_4459	0.013848	0.0405644667	0.0006418106	0.0003386005
ASV_2555	0.00841	0.000000000	0.003576844	0.021654194
ASV_3173	0.008871	0.0024440454	0.0008980561	0.0232712307
ASV_1568	0.00853	0.005465101	0.000156251	0.019968482
ASV_3719	0.009019	0.009097330	0.009822496	0.008136697
ASV_1902	0.008117	0.008928762	0.002261517	0.013160907
ASV_2476	0.010484	0.004872066	0.026579304	0.000000000
ASV_6287	0.014377	0.0400137455	0.0003797876	0.0027367293
ASV_7900	0.008168	0.014400883	0.003899017	0.006205598
ASV_1781	0.00855	0.0007409364	0.0028123889	0.0220968773
ASV_2456	0.007298	0.0000000	0.0218931	0.0000000
ASV_2780	0.008463	0.005772817	0.011390896	0.008224927
ASV_4056	0.007925	0.005676952	0.016009355	0.002089702
ASV_2396	0.010548	0.015902618	0.004819476	0.010922380
ASV_2630	0.010275	0.015676873	0.009526216	0.005621588
ASV_3252	0.007243	0.00000000	0.02172855	0.00000000
ASV_2606	0.008007	0.00000000	0.01297397	0.01104644
ASV_1116	0.008298	0.010095286	0.002136548	0.012662838
ASV_2009	0.011851	0.018602257	0.014356513	0.002593127
ASV_1215	0.009124	0.010610633	0.010313155	0.006448528
ASV_1451	0.008973	0.010112628	0.002951988	0.013853042
ASV_2038	0.006899	0.005983403	0.009984218	0.004728056
ASV_2696	0.008705	0.010650543	0.009277308	0.006186864
ASV_2140	0.009024	0.006484453	0.001312218	0.019276676
ASV_3083	0.008036	0.005160244	0.014730014	0.004218064
ASV_2083	0.008718	0.001423104	0.007069723	0.017661584
ASV_4720	0.007294	0.001746835	0.003578615	0.016556348
ASV_1019	0.00966	0.009683891	0.009952321	0.009344891
ASV_1456	0.007102	0.00000000	0.02130587	0.00000000
ASV_2654	0.00777	0.0172831561	0.0056253967	0.0004000928
ASV_5297	0.00727	0.010907292	0.007132434	0.003770774
ASV_3195	0.00926	0.0149735076	0.0124528284	0.0003522809
ASV_3211	0.006718	0.00000000	0.02015356	0.00000000
ASV_1073	0.008574	0.006056775	0.002767129	0.016898755
ASV_1418	0.009289	0.006697697	0.015853240	0.005316650
ASV_3418	0.007947	0.004704513	0.006473357	0.012663474
ASV_2113	0.010404	0.019083021	0.003544890	0.008583011
ASV_3093	0.008556	0.0034152081	0.0003574246	0.0218968158
ASV_2536	0.009836	0.012200760	0.010687014	0.006619224
ASV_3178	0.007706	0.008126012	0.011372037	0.003620215
ASV_516	0.007588	0.002155274	0.014092979	0.006514839
ASV_484	0.008717	0.0176587822	0.0077408579	0.0007507533
ASV_1011	0.008125	0.0007372897	0.0103326789	0.0133042341
ASV_1462	0.010017	0.013165030	0.008635999	0.008250247
ASV_2927	0.008848	0.006225553	0.017775393	0.002544509
ASV_6496	0.008705	0.00954660	0.00585450	0.01071477
ASV_3546	0.008686	0.015777447	0.004836146	0.005445409
ASV_2751	0.008104	0.0010486431	0.0003608753	0.0229010176
ASV_911	0.008729	0.007351480	0.007643485	0.011192974
ASV_2280	0.012457	0.024591726	0.001190504	0.011587413
ASV_2045	0.008049	0.003851414	0.004687621	0.015607379
ASV_1577	0.008333	0.0000000000	0.0005012666	0.0244966993
ASV_8063	0.009402	0.011053832	0.009952451	0.007199909
ASV_1830	0.008928	0.006039997	0.001317123	0.019428216
ASV_2208	0.008308	0.007981890	0.003001892	0.013939791
ASV_2483	0.007867	0.003806302	0.008751372	0.011044045
ASV_2141	0.009204	0.007419826	0.011962762	0.008228882
ASV_2163	0.008061	0.0038026417	0.0001117683	0.0202682347
ASV_2398	0.00815	0.006664121	0.008178720	0.009608082
ASV_2313	0.009033	0.001580266	0.001930271	0.023587318
ASV_5560	0.008573	0.009564914	0.003243527	0.012911439
ASV_6834	0.006863	0.0000000000	0.0204471739	0.0001412956
ASV_4109	0.009974	0.001617664	0.022076419	0.006227468
ASV_1199	0.009326	0.012269702	0.013945474	0.001762299
ASV_1452	0.009008	0.012209660	0.005777175	0.009036454
ASV_1820	0.010646	0.02181788	0.00864998	0.00147090
ASV_1721	0.008445	0.001110736	0.015198620	0.009024896
ASV_2370	0.007606	0.011820463	0.002570671	0.008425965
ASV_2666	0.008405	0.00000000	0.00000000	0.02521643
ASV_9517	0.007931	0.005723622	0.010062305	0.008006677
ASV_1521	0.009804	0.001138324	0.017796801	0.010476592
ASV_2710	0.00755	0.013602531	0.003999843	0.005046558
ASV_3159	0.011952	0.031897500	0.001034410	0.002922895
ASV_9646	0.00887	0.0180611872	0.0077982301	0.0007497305
ASV_2387	0.00797	0.007190987	0.013828103	0.002891125
ASV_4178	0.009186	0.0237624517	0.0002605388	0.0035355841
ASV_2510	0.008148	0.014150978	0.003305214	0.006989203
ASV_7987	0.008303	0.002710891	0.005184147	0.017015461
ASV_3158	0.010252	0.0248290773	0.0050600989	0.0008678209
ASV_3405	0.008658	0.0016009953	0.0005450958	0.0238281562
ASV_4098	0.006759	1.970319e-02	4.786380e-04	9.612686e-05
ASV_2838	0.008344	0.002618380	0.003418024	0.018996616
ASV_3267	0.007492	0.0003601994	0.0211799721	0.0009365571
ASV_4683	0.006806	0.00000000	0.02041934	0.00000000
ASV_937	0.007601	0.002563117	0.007078725	0.013162635
ASV_1365	0.009646	0.0209808197	0.0071933574	0.0007633462
ASV_1388	0.008565	0.006684863	0.005643686	0.013366144
ASV_2097	0.008741	0.006416127	0.007340294	0.012465184
ASV_1544	0.00703	0.0050507010	0.0005805212	0.0154578173
ASV_2369	0.008732	0.007278775	0.012303662	0.006614041
ASV_2150	0.007726	0.009958190	0.007719038	0.005500301
ASV_2917	0.01226	0.0283041982	0.0007776896	0.0076967693
ASV_2908	0.007384	0.008713789	0.008821036	0.004616823
ASV_5108	0.010695	0.0179014469	0.0005129954	0.0136714863
ASV_2600	0.0089	0.000380049	0.002124911	0.024195554
ASV_3817	0.006449	0.0191539972	0.0000000000	0.0001924735
ASV_1787	0.009052	0.004971684	0.015007831	0.007176570
ASV_3433	0.009233	0.006964327	0.013097870	0.007638127
ASV_2437	0.008334	0.003223012	0.011315457	0.010464457
ASV_2951	0.007116	0.011891236	0.004207819	0.005248068
ASV_3898	0.00812	0.011425280	0.007035387	0.005899566
ASV_3504	0.006726	0.0192475109	0.0000000000	0.0009308517
ASV_2815	0.008129	0.00000000	0.00000000	0.02438761
ASV_3592	0.006678	0.000000	0.020034	0.000000
ASV_3402	0.006841	0.00000000	0.02052217	0.00000000
ASV_1366	0.009731	0.014196826	0.006406044	0.008590041
ASV_6471	0.008255	0.004505841	0.008666431	0.011593101
ASV_1923	0.007964	0.01100724	0.01288424	0.00000000
ASV_1565	0.007954	0.002694422	0.002145716	0.019021619
ASV_2199	0.008751	0.009524934	0.000000000	0.016727826
ASV_845	0.009694	0.01489693	0.00000000	0.01418642
ASV_1864	0.008034	0.007864870	0.008730088	0.007506036
ASV_2401	0.009081	0.011830363	0.010393893	0.005018574
ASV_1982	0.007941	0.009735703	0.006303987	0.007783788
ASV_3720	0.008222	0.003484232	0.002308056	0.018872823
ASV_3830	0.006637	0.00000000	0.01990959	0.00000000
ASV_1394	0.008573	0.007073786	0.005227437	0.013418227
ASV_1666	0.007692	0.007473400	0.012849969	0.002753575
ASV_3139	0.010551	0.026309149	0.002080471	0.003263738
ASV_298	0.007897	0.006888803	0.008796893	0.008004572
ASV_923	0.006765	0.0082433240	0.0112959396	0.0007568871
ASV_868	0.008146	0.001605677	0.006430091	0.016401301
ASV_1033	0.008276	0.006249679	0.000000000	0.018577699
ASV_2110	0.007856	0.004531148	0.007479897	0.011557928
ASV_5841	0.00704	0.008716518	0.008321573	0.004080749
ASV_2586	0.009146	0.009978783	0.015615529	0.001844823
ASV_2841	0.008386	0.003825200	0.005208391	0.016123682
ASV_9653	0.006833	0.014365697	0.002581594	0.003552893
ASV_2806	0.007745	0.00000000	0.00000000	0.02323415
ASV_3982	0.006529	0.0004660636	0.0191215547	0.0000000000
ASV_2954	0.007611	0.014387895	0.002611912	0.005832143
ASV_2759	0.006945	0.002972090	0.006810269	0.011051753
ASV_2694	0.007005	0.007770003	0.011850849	0.001394620
ASV_2136	0.00793	0.0003325087	0.0000000000	0.0234578773
ASV_3380	0.011922	0.0322722818	0.0029069579	0.0005857183
ASV_2889	0.007563	0.00025542	0.00000000	0.02243225
ASV_2626	0.00709	0.00000000	0.00000000	0.02127028
ASV_1869	0.010678	0.026831826	0.001290391	0.003913220
ASV_1954	0.007707	0.004495949	0.014861964	0.003762416
ASV_1940	0.007811	0.005672401	0.010555573	0.007204330
ASV_2160	0.008064	0.017936001	0.006117210	0.000138554
ASV_2516	0.007121	0.003612022	0.017616028	0.000134283
ASV_2242	0.007424	0.009196354	0.008429844	0.004646241
ASV_2745	0.007341	0.008128855	0.006405930	0.007489201
ASV_3280	0.010395	0.0231636802	0.0076262179	0.0003949481
ASV_1158	0.009229	0.020003637	0.007684457	0.000000000
ASV_8232	0.009548	0.003138324	0.015192390	0.010313050
ASV_1538	0.013127	0.0007804483	0.0386007728	0.0000000000
ASV_1735	0.007802	0.0007335482	0.0130205655	0.0096513035
ASV_2279	0.007854	0.008406135	0.012748524	0.002407765
ASV_2268	0.007656	0.010681354	0.002953585	0.009332723
ASV_2770	0.008097	0.004238801	0.000000000	0.020053446
ASV_2805	0.008377	0.0034304900	0.0005210776	0.0211794678
ASV_8374	0.011898	0.032060836	0.001026417	0.002605827
ASV_2507	0.008652	0.0007600979	0.0000000000	0.0251968527
ASV_3297	0.006865	0.007440202	0.001807893	0.011345838
ASV_703	0.008523	0.000000000	0.025312658	0.000256154
ASV_1725	0.008127	0.003853421	0.004528687	0.016000131
ASV_2321	0.009528	0.009973989	0.002725263	0.015885069
ASV_2447	0.007816	0.005900590	0.014237964	0.003308518
ASV_3670	0.009572	0.018265068	0.005751116	0.004699066
ASV_4445	0.006434	0.0001164556	0.0188477340	0.0003364250
ASV_3696	0.006518	0.0000000	0.0195529	0.0000000
ASV_1043	0.007883	0.001955517	0.013393376	0.008299470
ASV_1384	0.008336	0.007339614	0.014189140	0.003479218
ASV_1597	0.007091	0.002751307	0.016680611	0.001839776
ASV_2702	0.007131	0.010795685	0.008102360	0.002495766
ASV_2943	0.008447	0.001676581	0.010479364	0.013184103
ASV_3176	0.008706	0.008806390	0.014282818	0.003029241
ASV_3672	0.008361	0.008253424	0.011138867	0.005691058
ASV_1188	0.007747	0.001643593	0.004377997	0.017220393
ASV_1702	0.007615	0.0038732764	0.0004811671	0.0184917056
ASV_2116	0.006686	0.012637385	0.004832843	0.002586383
ASV_3686	0.009019	0.003178426	0.009334235	0.014543359
ASV_2125	0.007557	0.001946957	0.006130724	0.014593752
ASV_3953	0.007131	0.001776948	0.018514020	0.001102580
ASV_4259	0.006436	0.0179342302	0.0005006131	0.0008731794
ASV_1204	0.007048	0.000000000	0.012651737	0.008492487
ASV_1390	0.008088	0.007863123	0.008281026	0.008120220
ASV_1541	0.008563	0.007713924	0.009356707	0.008618962
ASV_1877	0.008533	0.004572833	0.011815425	0.009211838
ASV_2482	0.006466	0.003980915	0.010549580	0.004866776
ASV_3329	0.006801	0.016795104	0.003607108	0.000000000
ASV_3037	0.009072	0.006969903	0.011505047	0.008739568
ASV_2043	0.007561	0.003131416	0.000000000	0.019552155
ASV_2800	0.008504	0.0040961934	0.0005210776	0.0208957100
ASV_2337	0.007122	0.003324722	0.006973657	0.011068423
ASV_2632	0.007563	0.005405574	0.008916636	0.008368121
ASV_2668	0.007928	0.001601184	0.004324133	0.017858380
ASV_3523	0.006829	0.011846931	0.005223503	0.003415410
ASV_382	0.008726	0.005761733	0.008154736	0.012262031
ASV_1439	0.007977	0.006762067	0.003483547	0.013685629
ASV_1404	0.007658	0.006698350	0.005385108	0.010889361
ASV_1884	0.007747	0.005877936	0.002669599	0.014691973
ASV_2419	0.007571	0.006457159	0.010116086	0.006138383
ASV_2306	0.008067	0.009871104	0.000000000	0.014330791
ASV_3245	0.006446	0.010801649	0.007196813	0.001340987
ASV_2355	0.007334	0.0006650174	0.0004242703	0.0209130629
ASV_2967	0.007939	0.0057579834	0.0176625798	0.0003964461
ASV_3296	0.007809	0.014456953	0.003989368	0.004981069
ASV_3295	0.007746	0.003155575	0.000000000	0.020083127
ASV_2935	0.008152	0.00000000	0.02445552	0.00000000
ASV_1307	0.008921	0.012451263	0.006744836	0.007567270
ASV_1696	0.008994	0.002908148	0.013625142	0.010450101
ASV_1363	0.008682	0.011602601	0.003267553	0.011175459
ASV_2323	0.006226	0.0022126573	0.0005604404	0.0159038732
ASV_1809	0.007745	0.005725953	0.010928889	0.006578957
ASV_2488	0.006548	0.004904491	0.011959161	0.002781373
ASV_2975	0.006414	0.000255420	0.018851269	0.000134283
ASV_4751	0.00786	0.003664260	0.002868094	0.017048025
ASV_2721	0.007423	0.013631866	0.002725653	0.005912839
ASV_3095	0.008605	0.008837622	0.016976155	0.000000000
ASV_4071	0.007839	0.00000000	0.02351813	0.00000000
ASV_1109	0.008097	0.007336163	0.011128717	0.005827106
ASV_1578	0.007254	0.0037028777	0.0003570816	0.0177005720
ASV_2244	0.007447	0.004008927	0.001849936	0.016480952
ASV_2200	0.007266	0.003596975	0.011858846	0.006343465
ASV_9026	0.008953	0.010184786	0.003420454	0.013253912
ASV_2598	0.007725	0.005635460	0.004808147	0.012731108
ASV_4353	0.006555	0.0190916356	0.0000000000	0.0005726852
ASV_2708	0.00595	0.000000000	0.003624043	0.014227315
ASV_3531	0.008988	0.01477518	0.00144313	0.01074586
ASV_4134	0.006115	0.00000000	0.01834404	0.00000000
ASV_3724	0.008019	0.011918968	0.004908432	0.007229079
ASV_1910	0.009214	0.0071602210	0.0199753562	0.0005055458
ASV_1611	0.00737	0.006493264	0.003433856	0.012182194
ASV_5149	0.006892	0.002659089	0.014256975	0.003761023
ASV_2403	0.007554	0.008183477	0.006232376	0.008246114
ASV_9369	0.008449	0.009481835	0.003790614	0.012073241
ASV_2537	0.006624	0.005397006	0.000000000	0.014475947
ASV_3695	0.006711	0.00000000	0.02013164	0.00000000
ASV_3268	0.005986	0.0055890220	0.0009595924	0.0114080481
ASV_3559	0.006556	0.0088497192	0.0102248013	0.0005930876
ASV_3143	0.009691	0.01832612	0.01074764	0.00000000
ASV_1594	0.007857	0.008728340	0.008744974	0.006098499
ASV_2079	0.008929	0.01276417	0.00118073	0.01284096
ASV_2659	0.007485	0.016081682	0.001548291	0.004823649
ASV_1993	0.00707	0.007063311	0.000000000	0.014145413
ASV_2738	0.005952	0.001967294	0.004985222	0.010904172
ASV_2663	0.008492	0.002638145	0.008785336	0.014052944
ASV_3396	0.007135	0.0008123746	0.0098746434	0.0107178151
ASV_5109	0.008189	0.010672539	0.003720689	0.010175200
ASV_3370	0.006938	0.02081299	0.00000000	0.00000000
ASV_2921	0.008845	0.004774641	0.016193683	0.005566232
ASV_2053	0.007315	0.004586169	0.004438155	0.012919951
ASV_2276	0.007046	0.004430316	0.007559897	0.009149194
ASV_2583	0.007558	0.001814903	0.003941630	0.016917512
ASV_2933	0.007225	0.0009930092	0.0035783126	0.0171045798
ASV_2854	0.010523	0.0221734677	0.0007800743	0.0086167063
ASV_3181	0.005763	0.015734273	0.000000000	0.001555408
ASV_6042	0.006019	1.686130e-02	1.099807e-03	9.612686e-05
ASV_7378	0.005998	0.00000000	0.01799351	0.00000000
ASV_1426	0.008506	0.0143967584	0.0006043672	0.0105182145
ASV_2105	0.007089	0.0008274235	0.0204380818	0.0000000000
ASV_3683	0.006111	0.0006464084	0.0160478574	0.0016391777
ASV_3041	0.006803	0.006770429	0.000000000	0.013639325
ASV_2844	0.006367	0.0004658226	0.0054713147	0.0131640773
ASV_1153	0.00704	0.002842800	0.010577974	0.007697866
ASV_1291	0.009033	0.013024643	0.006915393	0.007160195
ASV_6827	0.008143	0.005163214	0.014377770	0.004889269
ASV_1575	0.007642	0.010981989	0.006201552	0.005741996
ASV_1600	0.009169	0.015912590	0.008767868	0.002825788
ASV_1704	0.007035	0.007780934	0.003633367	0.009689988
ASV_2699	0.005004	0.0003325087	0.0002605388	0.0144190285
ASV_3357	0.006474	0.006612841	0.009210350	0.003599927
ASV_3896	0.006694	0.007635976	0.003918135	0.008526451
ASV_3522	0.005922	0.01776574	0.00000000	0.00000000
ASV_893	0.008497	0.005623054	0.005239531	0.014628186
ASV_2397	0.006746	0.003293619	0.012756825	0.004187829
ASV_2059	0.007134	0.011293314	0.006473257	0.003634043
ASV_2808	0.00632	0.008479941	0.005798637	0.004680580
ASV_3776	0.007847	0.0133415330	0.0097231874	0.0004773945
ASV_3007	0.006742	0.001765617	0.015384725	0.003076059
ASV_6197	0.005967	0.006760971	0.010341408	0.000797998
ASV_1357	0.008728	0.01438592	0.01179784	0.00000000
ASV_1213	0.007374	0.002526995	0.011481555	0.008113289
ASV_1458	0.008694	0.017761916	0.002909945	0.005410681
ASV_1878	0.006689	0.001972931	0.014427608	0.003666927
ASV_4148	0.007982	0.0096298829	0.0139767255	0.0003388405
ASV_2338	0.006793	0.003289074	0.005917305	0.011172458
ASV_4327	0.006254	0.00000000	0.01876253	0.00000000
ASV_3133	0.00769	0.00000000	0.02307061	0.00000000
ASV_1608	0.007457	0.006168670	0.009262109	0.006940628
ASV_7958	0.008533	0.005257224	0.008897050	0.011445129
ASV_2409	0.009079	0.009963215	0.009047401	0.008226387
ASV_2263	0.006778	0.001526459	0.001920595	0.016887358
ASV_2597	0.007193	0.009996192	0.008676335	0.002905461
ASV_4854	0.010199	0.020546172	0.006602367	0.003448406
ASV_2904	0.006118	0.00000000	0.00000000	0.01835255
ASV_4075	0.006606	0.0001200665	0.0020312627	0.0176653224
ASV_2910	0.007132	0.012363384	0.005239081	0.003793113
ASV_1723	0.007081	0.005442967	0.006886534	0.008913041
ASV_1807	0.007944	0.007323100	0.007497566	0.009012730
ASV_1775	0.007586	0.003329103	0.001446035	0.017983820
ASV_2071	0.008338	0.016638453	0.005641384	0.002734528
ASV_2351	0.009546	0.022914037	0.003986384	0.001737739
ASV_2290	0.00651	0.0037285086	0.0009375059	0.0148629130
ASV_3837	0.007923	0.008162689	0.001911812	0.013693192
ASV_3256	0.006974	0.003567305	0.005327977	0.012026188
ASV_2436	0.008421	0.015733390	0.006506475	0.003022376
ASV_9088	0.007068	0.0077710566	0.0005530855	0.0128805257
ASV_3520	0.00721	0.008075034	0.005234835	0.008319741
ASV_2940	0.00743	0.001573424	0.008457998	0.012258578
ASV_3164	0.009479	0.0258560803	0.0021847576	0.0003947081
ASV_3360	0.007157	0.0058816287	0.0008580912	0.0147309134
ASV_3659	0.005733	0.0000000000	0.0170082292	0.0001908951
ASV_797	0.006863	0.002376146	0.016836105	0.001377330
ASV_1203	0.015977	0.04792956	0.00000000	0.00000000
ASV_1348	0.007559	0.007392088	0.006892823	0.008392636
ASV_1774	0.006672	0.001511870	0.001988158	0.016517055
ASV_1703	0.006215	0.004333642	0.006057463	0.008253763
ASV_2372	0.007236	0.006224537	0.010574158	0.004907844
ASV_2619	0.007418	0.0133771918	0.0080670651	0.0008093942
ASV_2925	0.006834	0.013156664	0.002376395	0.004970070
ASV_2829	0.005825	0.0109625346	0.0004470732	0.0060668119
ASV_4598	0.007671	0.006791029	0.013283303	0.002937251
ASV_3519	0.007323	0.003964941	0.000156251	0.017846565
ASV_3008	0.007485	0.00000000	0.02245601	0.00000000
ASV_209	0.005753	0.00000000	0.01725895	0.00000000
ASV_1186	0.00762	0.002610383	0.017367133	0.002880989
ASV_1645	0.005717	0.0031217282	0.0136363241	0.0003923001
ASV_1678	0.006977	0.003712762	0.004308485	0.012908256
ASV_2198	0.007132	0.009511671	0.004705451	0.007180074
ASV_1934	0.006687	0.000000000	0.001406259	0.018656230
ASV_3137	0.007704	0.006552275	0.008784732	0.007775521
ASV_3698	0.007439	0.000000000	0.018750117	0.003566534
ASV_3499	0.007491	0.0009817578	0.0211160464	0.0003747185
ASV_1557	0.00728	0.004244527	0.003613084	0.013982371
ASV_1916	0.00698	0.00000000	0.00000000	0.02093906
ASV_3487	0.006502	0.0017923307	0.0168391468	0.0008742272
ASV_2221	0.006711	0.0003614022	0.0051327443	0.0146384451
ASV_2381	0.007931	0.003057380	0.008598661	0.012135478
ASV_3661	0.006326	0.00000000	0.01897923	0.00000000
ASV_1892	0.007372	0.004848284	0.004984689	0.012283639
ASV_1789	0.008229	0.014999406	0.006738672	0.002947555
ASV_1935	0.007895	0.008207761	0.006608426	0.008869621
ASV_2444	0.007795	0.009546381	0.007447056	0.006391452
ASV_3291	0.007453	0.008776944	0.007862972	0.005718079
ASV_3260	0.007558	0.012153277	0.001783695	0.008736848
ASV_2568	0.006893	0.0048195870	0.0009339161	0.0149255497
ASV_3115	0.006808	0.0059487444	0.0141400400	0.0003343294
ASV_852	0.005391	0.0025633497	0.0004799026	0.0131289710
ASV_1534	0.007292	0.006463655	0.003891348	0.011520702
ASV_1791	0.009596	0.00000000	0.02878884	0.00000000
ASV_1638	0.006576	0.00408672	0.00000000	0.01564242
ASV_1621	0.007572	0.0074287254	0.0144311035	0.0008562423
ASV_1978	0.007998	0.00051084	0.02348427	0.00000000
ASV_1983	0.007439	0.0156129726	0.0006902445	0.0060143023
ASV_2656	0.007187	0.009547626	0.003485517	0.008526659
ASV_4048	0.005721	0.002418256	0.013548448	0.001197591
ASV_3596	0.006214	0.0000000	0.0186409	0.0000000
ASV_4158	0.005404	0.0134442828	0.0003927036	0.0023744643
ASV_3355	0.006543	0.0002300964	0.0000000000	0.0193975670
ASV_4365	0.005925	0.0000000	0.0177736	0.0000000
ASV_4588	0.005551	0.00000000	0.01665419	0.00000000
ASV_5253	0.005361	0.0060588265	0.0098782935	0.0001455299
ASV_1379	0.008626	0.005980901	0.016240990	0.003656719
ASV_1413	0.006385	0.0005825795	0.0028170858	0.0157543361
ASV_1904	0.010037	0.028364355	0.000000000	0.001746359
ASV_2231	0.006801	0.013391279	0.007011172	0.000000000
ASV_2152	0.00786	0.012739413	0.007434264	0.003405968
ASV_4269	0.007648	0.002051797	0.019342743	0.001549026
ASV_2643	0.005845	0.003893386	0.006983018	0.006659440
ASV_2484	0.006293	0.0003325087	0.0185460972	0.0000000000
ASV_2345	0.006861	0.00000000	0.00000000	0.02058201
ASV_3629	0.006613	0.0009970812	0.0053467433	0.0134944120
ASV_3044	0.007069	0.003384611	0.011284623	0.006538222
ASV_4686	0.00582	0.0000000000	0.0172593902	0.0002000464
ASV_1283	0.006435	0.0172658138	0.0004945849	0.0015454632
ASV_1516	0.006935	0.011390998	0.006185867	0.003226656
ASV_3595	0.006482	0.0141286632	0.0044073184	0.0009104989
ASV_1668	0.006961	0.005262502	0.004586351	0.011033272
ASV_1429	0.005998	0.001137128	0.002851460	0.014005381
ASV_1801	0.006192	0.003485661	0.000312502	0.014778081
ASV_2346	0.006329	0.002913957	0.005933385	0.010139232
ASV_2929	0.006284	0.004255960	0.005183389	0.009413609
ASV_2473	0.006466	0.00000000	0.00000000	0.01939757
ASV_2906	0.006363	0.005766461	0.008298003	0.005025090
ASV_3302	0.006618	0.0004660636	0.0000000000	0.0193871428
ASV_3232	0.007017	0.002251155	0.000747191	0.018051577
ASV_3847	0.006395	0.002043360	0.008669105	0.008471314
ASV_4014	0.005614	0.00000000	0.01684085	0.00000000
ASV_466	0.007251	0.01853649	0.00321645	0.00000000
ASV_670	0.007068	0.010576563	0.004436592	0.006191329
ASV_1717	0.006803	0.004044213	0.008195719	0.008168897
ASV_1715	0.006361	0.001569852	0.002591838	0.014921544
ASV_1942	0.007415	0.0003719359	0.0115982377	0.0102736689
ASV_6083	0.006844	0.004376236	0.004720012	0.011435602
ASV_2771	0.005821	0.0009637393	0.0130413123	0.0034575304
ASV_2700	0.006825	0.003260525	0.001378361	0.015837290
ASV_2573	0.006456	0.002708671	0.008338788	0.008321290
ASV_3071	0.00711	0.00000000	0.00000000	0.02133141
ASV_3345	0.007358	0.006907308	0.001363861	0.013803423
ASV_7087	0.005414	0.0000000	0.0162409	0.0000000
ASV_1590	0.006686	0.009205413	0.008645782	0.002206829
ASV_2138	0.00723	0.012973591	0.008717908	0.000000000
ASV_1709	0.006411	0.003171678	0.005957339	0.010105343
ASV_2084	0.006755	0.0006696488	0.0192129060	0.0003817901
ASV_2266	0.005243	0.0149133377	0.0000000000	0.0008144952
ASV_3217	0.006542	0.006608221	0.001235076	0.011781736
ASV_2453	0.006119	0.010844366	0.001134141	0.006377669
ASV_2553	0.008199	0.002206677	0.015147467	0.007243846
ASV_2408	0.006456	0.008487894	0.008938904	0.001941753
ASV_3300	0.006279	0.0003495477	0.0160735556	0.0024153242
ASV_4237	0.007283	0.00051084	0.02133881	0.00000000
ASV_4999	0.00565	0.0144387775	0.0018799344	0.0006316606
ASV_3154	0.007075	0.00000000	0.02122554	0.00000000
ASV_4373	0.005478	0.004060956	0.012371571	0.000000000
ASV_5832	0.005375	0.00000000	0.01612406	0.00000000
ASV_2234	0.00753	0.0144241660	0.0075042586	0.0006620551
ASV_1591	0.006323	0.007263321	0.010446181	0.001258178
ASV_2229	0.00835	0.0140291656	0.0101004420	0.0009203993
ASV_9846	0.006788	0.011704126	0.007656519	0.001004758
ASV_3001	0.008279	0.013855761	0.008997546	0.001984795
ASV_2326	0.006821	0.008949719	0.001996717	0.009517647
ASV_7861	0.01423	0.001387394	0.035136120	0.006167511
ASV_2302	0.005771	0.010935176	0.001716046	0.004660289
ASV_2239	0.00645	0.003812820	0.002809804	0.012727765
ASV_2262	0.006738	0.00000000	0.00000000	0.02021432
ASV_2395	0.006822	0.0008026392	0.0025234712	0.0171384044
ASV_2305	0.006735	0.003630506	0.003040941	0.013534943
ASV_2538	0.006506	0.005336355	0.005524352	0.008656392
ASV_2662	0.006568	0.003033049	0.008685243	0.007984292
ASV_3554	0.005896	0.003966685	0.011863095	0.001857183
ASV_3336	0.005887	0.0005317814	0.0171291579	0.0000000000
ASV_3458	0.005882	0.003121097	0.002495733	0.012029665
ASV_5578	0.005662	0.012629720	0.002620347	0.001736555
ASV_2119	0.005935	0.005137392	0.001713216	0.010953489
ASV_2572	0.006378	0.011017545	0.008117175	0.000000000
ASV_3460	0.005899	0.007137222	0.006336524	0.004222035
ASV_4271	0.00694	0.009787685	0.007755282	0.003275553
ASV_3991	0.006812	0.002546616	0.001057687	0.016831744
ASV_701	0.005751	0.0002772741	0.0002605388	0.0167147873
ASV_1376	0.006771	0.0034792969	0.0001202918	0.0167125244
ASV_1640	0.005435	0.010639714	0.002564824	0.003098968
ASV_4957	0.008178	0.01111582	0.00255234	0.01086512
ASV_1829	0.007173	0.009155835	0.001003422	0.011360211
ASV_2386	0.006364	0.0004963548	0.0021253441	0.0164715574
ASV_2897	0.008276	0.017296649	0.002163721	0.005368950
ASV_9591	0.012512	0.028667080	0.000000000	0.008869433
ASV_4614	0.006619	0.004607347	0.004261599	0.010987076
ASV_3618	0.005577	0.009165418	0.002165659	0.005399782
ASV_2750	0.006075	0.002186839	0.000000000	0.016038549
ASV_5763	0.005118	0.0029550468	0.0121878068	0.0002124833
ASV_1843	0.006232	0.001481159	0.005431383	0.011782826
ASV_2726	0.008636	0.010495629	0.009277645	0.006133735
ASV_3136	0.007381	0.006907665	0.000467364	0.014768102
ASV_2430	0.006371	0.0057744970	0.0003480916	0.0129906589
ASV_4630	0.008688	0.017049621	0.001871446	0.007142219
ASV_2528	0.007034	0.000000000	0.011724246	0.009377692
ASV_2792	0.005577	0.00000000	0.01673135	0.00000000
ASV_3202	0.006746	0.006147444	0.011148031	0.002941490
ASV_3744	0.008517	0.019866181	0.004051149	0.001633004
ASV_3214	0.004712	0.00000000	0.00000000	0.01413523
ASV_577	0.006759	0.014232554	0.000000000	0.006045463
ASV_1287	0.005998	0.003524126	0.003158343	0.011310342
ASV_1275	0.00582	0.003610880	0.004050212	0.009799065
ASV_1432	0.005838	0.008442395	0.009072870	0.000000000
ASV_1655	0.005383	0.002194315	0.003901165	0.010052408
ASV_2036	0.007272	0.00743316	0.01019738	0.00418627
ASV_2736	0.005752	0.0067221695	0.0004761089	0.0100568580
ASV_2803	0.005808	0.0002232163	0.0097427856	0.0074584366
ASV_2547	0.005784	0.0007600979	0.0080161959	0.0085764842
ASV_2811	0.00685	0.001845684	0.003759581	0.014944259
ASV_4028	0.008488	0.016517327	0.007495945	0.001449917
ASV_4143	0.006434	0.0189019622	0.0002605388	0.0001397976
ASV_4842	0.005238	0.0004810678	0.0092975241	0.0059341795
ASV_8818	0.005979	0.008457852	0.005500206	0.003979319
ASV_1344	0.005916	0.0009715675	0.0054361652	0.0113395247
ASV_1564	0.00606	0.0003495477	0.0017106185	0.0161199013
ASV_1513	0.006153	0.012442980	0.000965712	0.005050009
ASV_2667	0.006426	0.007782979	0.003864734	0.007631598
ASV_2969	0.006038	0.002842041	0.007912752	0.007359968
ASV_2388	0.006136	0.002256709	0.010088079	0.006063563
ASV_2523	0.006259	0.006928834	0.005826358	0.006021851
ASV_2693	0.006517	0.010974995	0.003130498	0.005446822
ASV_3060	0.006483	0.002892122	0.011790917	0.004766915
ASV_3548	0.006478	0.003737579	0.002705875	0.012990217
ASV_3471	0.006875	0.00000000	0.02062513	0.00000000
ASV_6586	0.004945	0.003845025	0.010990541	0.000000000
ASV_1264	0.006212	0.004871425	0.004391728	0.009371496
ASV_2336	0.007432	0.012216897	0.007356767	0.002722488
ASV_1985	0.006465	0.005355751	0.008107965	0.005930053
ASV_2207	0.008659	0.0206866109	0.0002632122	0.0050270396
ASV_2237	0.005592	0.007163678	0.005610589	0.004001139
ASV_7803	0.006238	0.003991107	0.008546359	0.006175488
ASV_2635	0.008167	0.018371083	0.006129827	0.000000000
ASV_2819	0.006568	0.008008303	0.007147097	0.004547670
ASV_2861	0.006207	0.001812716	0.002282137	0.014526907
ASV_3868	0.006677	0.014228418	0.001351515	0.004452454
ASV_3535	0.005826	0.001542440	0.014333014	0.001601398
ASV_4185	0.009745	0.029095719	0.000000000	0.000138554
ASV_3605	0.006724	0.010123538	0.006999432	0.003049825
ASV_4476	0.005102	0.00000000	0.01530617	0.00000000
ASV_809	0.006714	0.001718045	0.002153441	0.016271431
ASV_1651	0.00658	0.008545854	0.006206352	0.004988480
ASV_2551	0.007107	0.005305898	0.003096839	0.012919460
ASV_5105	0.008313	0.008640526	0.009012723	0.007285084
ASV_2687	0.00626	0.010361220	0.003601332	0.004817183
ASV_2713	0.006556	0.0046692329	0.0008092718	0.0141888637
ASV_2452	0.005861	0.002187478	0.003062919	0.012332289
ASV_3606	0.00707	0.006223102	0.007418703	0.007566818
ASV_4011	0.005474	0.0001164556	0.0005859567	0.0157206838
ASV_3980	0.00727	0.0008584418	0.0202574390	0.0006927437
ASV_3544	0.006155	0.00000000	0.00000000	0.01846537
ASV_3916	0.010075	0.03022559	0.00000000	0.00000000
ASV_4350	0.005313	0.0155817521	0.0001562510	0.0002000464
ASV_555	0.00612	0.006031943	0.009748938	0.002579001
ASV_959	0.005736	0.004038908	0.000000000	0.013169146
ASV_1888	0.009217	0.001210329	0.021602236	0.004839056
ASV_2439	0.00618	0.006128869	0.001154723	0.011255323
ASV_2964	0.00558	0.013788412	0.002950794	0.000000000
ASV_2715	0.005673	0.006342498	0.008197131	0.002479510
ASV_2533	0.006523	0.002691243	0.012967619	0.003911406
ASV_4184	0.011311	0.026902842	0.005713306	0.001317796
ASV_5351	0.005421	0.002135577	0.012566770	0.001559271
ASV_3028	0.009564	0.0274505327	0.0004401486	0.0008018213
ASV_3725	0.006626	0.005342633	0.014534764	0.000000000
ASV_3660	0.006719	0.00000000	0.02015638	0.00000000
ASV_4433	0.00675	0.009894906	0.010355368	0.000000000
ASV_1101	0.007013	0.010734212	0.002816615	0.007489221
ASV_2367	0.008454	0.013846079	0.006042941	0.005473805
ASV_2601	0.006163	0.004532346	0.009994833	0.003960985
ASV_2695	0.006707	0.004167539	0.003971450	0.011982852
ASV_4015	0.005024	0.000766260	0.010059148	0.004247517
ASV_3714	0.005129	0.004102061	0.010159774	0.001125205
ASV_4952	0.005239	0.008311919	0.004671742	0.002732068
ASV_5678	0.004985	0.00000000	0.01495565	0.00000000
ASV_2340	0.006048	0.0035454218	0.0006951948	0.0139023905
ASV_3701	0.004947	0.0001200665	0.0147219652	0.0000000000
ASV_752	0.006516	0.002259315	0.003353494	0.013936102
ASV_1756	0.005894	0.002988660	0.006136875	0.008557664
ASV_2217	0.008465	0.020246676	0.002566892	0.002581422
ASV_2129	0.005848	0.0023884597	0.0002605388	0.0148950772
ASV_4380	0.00735	0.01326349	0.00707155	0.00171448
ASV_3091	0.006533	0.0111317800	0.0005730407	0.0078952222
ASV_5027	0.00495	0.0145675726	0.0000000000	0.0002825912
ASV_3903	0.005715	0.015717605	0.001428327	0.000000000
ASV_4224	0.005817	0.0041660402	0.0123590969	0.0009264407
ASV_1422	0.006394	0.0085577409	0.0099455171	0.0006782465
ASV_1865	0.007338	0.0152436798	0.0066300850	0.0001397976
ASV_2133	0.006825	0.018095058	0.002380544	0.000000000
ASV_2581	0.005458	0.003982411	0.005586923	0.006804710
ASV_4458	0.005361	0.0004489644	0.0006951948	0.0149390523
ASV_3134	0.006534	0.00000000	0.00000000	0.01960283
ASV_1933	0.004843	0.0139746779	0.0000000000	0.0005551762
ASV_2385	0.008951	0.0190831206	0.0075703644	0.0002000464
ASV_9280	0.009457	0.025137471	0.001498678	0.001734496
ASV_2785	0.005513	0.001210329	0.004172987	0.011156560
ASV_2837	0.00418	0.002639021	0.000000000	0.009901066
ASV_4146	0.006254	0.010194277	0.001929000	0.006639223
ASV_3220	0.005576	0.003721939	0.004360863	0.008644040
ASV_4781	0.005041	0.0006023371	0.0145216009	0.0000000000
ASV_3697	0.005947	0.00000000	0.01784088	0.00000000
ASV_815	0.005937	0.007277952	0.002945749	0.007587186
ASV_1298	0.005672	0.002381197	0.000000000	0.014635369
ASV_3138	0.006925	0.011970445	0.001868371	0.006936314
ASV_2151	0.005098	0.0025121123	0.0124904541	0.0002910598
ASV_2078	0.005917	0.0037246857	0.0008420425	0.0131853616
ASV_2167	0.006426	0.001225150	0.003701328	0.014352906
ASV_3341	0.005178	0.008337481	0.004224509	0.002972775
ASV_2739	0.006004	0.003479448	0.007838941	0.006692145
ASV_3222	0.00613	0.004412067	0.012627276	0.001351561
ASV_2896	0.006788	0.011719410	0.007089932	0.001555495
ASV_4756	0.00498	0.0078061702	0.0068456124	0.0002883806
ASV_3680	0.005434	0.0040461723	0.0005102567	0.0117453173
ASV_3904	0.005576	0.002789397	0.013937250	0.000000000
ASV_1078	0.005808	0.002727604	0.002375231	0.012321365
ASV_1407	0.006321	0.003621785	0.012119060	0.003221929
ASV_8056	0.00645	0.0009682961	0.0081773877	0.0102052922
ASV_2190	0.010072	0.0172730306	0.0121023657	0.0008415686
ASV_3012	0.007443	0.011332482	0.009983616	0.001012450
ASV_2862	0.010204	0.0301395615	0.0002405836	0.0002327129
ASV_2832	0.007056	0.011818224	0.007171338	0.002177525
ASV_4568	0.005088	0.009721000	0.002155640	0.003388767
ASV_3599	0.005236	0.002759452	0.004202951	0.008744846
ASV_4042	0.006896	0.006375942	0.002497654	0.011815752
ASV_4046	0.005655	0.005098942	0.005160653	0.006704690
ASV_4949	0.006124	0.007042686	0.001591169	0.009736665
ASV_5315	0.004475	0.01342365	0.00000000	0.00000000
ASV_812	0.009776	2.887397e-02	3.570816e-04	9.612686e-05
ASV_926	0.00933	0.000000000	0.026466014	0.001522627
ASV_1396	0.005623	0.00000000	0.00000000	0.01687009
ASV_2749	0.007919	0.017153883	0.004964610	0.001639668
ASV_2629	0.006003	0.003856304	0.011660845	0.002492211
ASV_2891	0.007265	0.013380085	0.003979963	0.004435597
ASV_2333	0.005553	0.001461800	0.005603329	0.009593050
ASV_2952	0.005407	0.002704914	0.000815463	0.012699990
ASV_4636	0.005682	0.0004786363	0.0131981972	0.0033706244
ASV_6615	0.005184	0.008594002	0.004857669	0.002099838
ASV_6142	0.007142	0.014065902	0.006047963	0.001313101
ASV_3482	0.007197	0.013922772	0.006398042	0.001269117
ASV_5558	0.005267	0.009530764	0.002449484	0.003820393
ASV_3582	0.006009	0.001584277	0.015301553	0.001142052
ASV_1237	0.006273	0.004849460	0.001161169	0.012807366
ASV_2011	0.005817	0.0017822615	0.0008930232	0.0147742614
ASV_2173	0.005803	0.003182286	0.003537839	0.010688189
ASV_2727	0.005095	0.0008139774	0.0101468785	0.0043240479
ASV_8146	0.005516	0.0033856821	0.0002605388	0.0129009089
ASV_2731	0.005748	0.000000000	0.000467364	0.016777793
ASV_2774	0.006076	0.00000000	0.00000000	0.01822755
ASV_4217	0.00646	0.010972877	0.003208951	0.005197678
ASV_3684	0.006353	0.009336634	0.002003259	0.007719477
ASV_3533	0.006143	0.003126536	0.009415033	0.005886444
ASV_3687	0.005836	0.006036266	0.009546076	0.001925716
ASV_3526	0.006223	0.0048884697	0.0005518209	0.0132293444
ASV_4354	0.005133	0.0048764617	0.0098298585	0.0006934902
ASV_2283	0.005986	0.005723046	0.007999472	0.004234366
ASV_2418	0.006587	0.013282726	0.001842429	0.004634843
ASV_5076	0.00825	0.015333203	0.001787451	0.007630734
ASV_2343	0.006171	0.00025542	0.00000000	0.01825690
ASV_3410	0.005089	0.011353941	0.000000000	0.003912355
ASV_8956	0.005822	0.0003325087	0.0000000000	0.0171347698
ASV_4909	0.006095	0.008299274	0.000379566	0.009605325
ASV_3611	0.00546	0.008203571	0.002046033	0.006130198
ASV_3372	0.007992	0.0164766349	0.0003608753	0.0071382095
ASV_1436	0.006074	0.000000000	0.001823772	0.016396733
ASV_4575	0.005406	0.010602998	0.003352126	0.002263577
ASV_2090	0.005224	0.002074744	0.012065945	0.001531472
ASV_2652	0.0061	0.00000000	0.00000000	0.01830018
ASV_2061	0.005665	0.0009687177	0.0029977286	0.0130293376
ASV_2599	0.005896	0.0120473038	0.0054082208	0.0002327129
ASV_2477	0.006344	0.0013040631	0.0172613731	0.0004654258
ASV_2763	0.006768	0.010691751	0.004315227	0.005296999
ASV_3346	0.005581	0.004851742	0.009865207	0.002027367
ASV_4332	0.005726	0.006796385	0.004630732	0.005749853
ASV_3768	0.005005	0.004479022	0.006456433	0.004080529
ASV_3562	0.006461	0.007922750	0.001862668	0.009597504
ASV_4441	0.004579	0.0000000	0.0137376	0.0000000
ASV_1235	0.006342	0.0037979332	0.0142444315	0.0009843153
ASV_2498	0.007003	0.006204705	0.009015871	0.005789256
ASV_1810	0.005126	0.004396327	0.002784892	0.008196722
ASV_1701	0.006958	0.010407911	0.003399350	0.007067784
ASV_1786	0.0054	0.001949757	0.002594916	0.011656795
ASV_2610	0.005044	0.004437270	0.009761381	0.000932939
ASV_5499	0.008386	0.020928042	0.001882773	0.002347321
ASV_3148	0.00562	0.0002409348	0.0003353049	0.0162847323
ASV_3737	0.005582	0.003789521	0.005915654	0.007040107
ASV_5779	0.004647	0.009566355	0.003302123	0.001071498
ASV_5679	0.00492	0.0013962538	0.0129739664	0.0003909415
ASV_3887	0.00617	0.00000000	0.00670459	0.01180432
ASV_5084	0.004662	0.0107215998	0.0029756804	0.0002883806
ASV_970	0.005769	0.002821818	0.005725066	0.008759452
ASV_2042	0.006415	0.004963128	0.005701866	0.008580225
ASV_1587	0.006756	0.006939291	0.006027869	0.007301710
ASV_2002	0.005668	0.0000000000	0.0004816689	0.0165237839
ASV_2457	0.004778	0.000000000	0.010749673	0.003584958
ASV_3417	0.005486	0.004742258	0.002843797	0.008871674
ASV_2991	0.005198	0.010790049	0.003188544	0.001614230
ASV_4212	0.004714	0.008300309	0.002856924	0.002983719
ASV_4375	0.006731	0.010390100	0.001218870	0.008583623
ASV_5259	0.005256	0.007316800	0.002041476	0.006408948
ASV_3712	0.005855	0.001540745	0.016023018	0.000000000
ASV_4172	0.006695	0.0005982847	0.0191943545	0.0002910598
ASV_3053	0.006148	0.00000000	0.00000000	0.01844399
ASV_3631	0.005085	0.00000000	0.00000000	0.01525552
ASV_6456	0.004517	0.0000000	0.0135507	0.0000000
ASV_734	0.006526	0.012630199	0.006947075	0.000000000
ASV_1450	0.005525	0.008303748	0.003418576	0.004851704
ASV_5661	0.007019	0.007399558	0.006227161	0.007429998
ASV_2291	0.005992	0.003431202	0.008683357	0.005862443
ASV_2571	0.005111	0.0139331674	0.0008420425	0.0005581868
ASV_2379	0.005185	0.0105981648	0.0044162240	0.0005402433
ASV_2752	0.005001	0.010744357	0.001746778	0.002512964
ASV_6001	0.006422	0.005428078	0.003893822	0.009943906
ASV_5114	0.004819	0.005548813	0.004464895	0.004441837
ASV_3027	0.005141	0.008169082	0.005128391	0.002125222
ASV_9693	0.008043	0.013876496	0.004510310	0.005740734
ASV_3873	0.005791	0.015349726	0.002022685	0.000000000
ASV_4077	0.005533	0.00000000	0.00000000	0.01659999
ASV_4058	0.004828	0.006839280	0.000000000	0.007643425
ASV_3640	0.007173	0.013528532	0.000000000	0.007991961
ASV_3769	0.005683	0.004851548	0.000768951	0.011428226
ASV_632	0.004911	0.0118729533	0.0002405836	0.0026189752
ASV_1120	0.006093	0.006382535	0.007174811	0.004722711
ASV_1765	0.004443	0.001680931	0.011649472	0.000000000
ASV_1952	0.005721	0.004433808	0.011140628	0.001589901
ASV_3142	0.004704	0.001231522	0.010662552	0.002216529
ASV_2835	0.004995	0.004084452	0.008704438	0.002196368
ASV_2504	0.01015	0.030314594	0.000000000	0.000134283
ASV_2855	0.005261	0.0002330318	0.0044997925	0.0110488727
ASV_2877	0.005886	0.009241739	0.004301909	0.004113679
ASV_2677	0.004966	0.003251570	0.004509273	0.007138516
ASV_3940	0.005325	0.004969517	0.003065187	0.007940789
ASV_4618	0.005069	0.004767502	0.005576203	0.004862947
ASV_7716	0.005047	0.005893274	0.006517468	0.002729959
ASV_3312	0.004474	0.0003718757	0.0001562510	0.0128953375
ASV_3447	0.005561	0.0003495477	0.0043360901	0.0119984368
ASV_6728	0.004648	0.0115607884	0.0016124681	0.0007702147
ASV_1743	0.005589	0.003119540	0.010339257	0.003308703
ASV_1482	0.005531	0.0006063847	0.0009350327	0.0150510651
ASV_1979	0.007792	0.001469325	0.019828899	0.002079031
ASV_2027	0.004821	0.008047123	0.003928737	0.002488542
ASV_2314	0.005584	0.010802705	0.004683163	0.001264951
ASV_3474	0.006149	0.007907284	0.001430638	0.009109349
ASV_2371	0.005456	0.0008701278	0.0123455965	0.0031517199
ASV_4051	0.006575	0.011720419	0.005638744	0.002367196
ASV_2937	0.005536	0.002983664	0.009215120	0.004407874
ASV_2777	0.005159	0.0031680019	0.0003705759	0.0119379114
ASV_2755	0.006708	0.014783673	0.000000000	0.005339187
ASV_3635	0.005422	0.002429315	0.010793421	0.003044111
ASV_3799	0.005829	0.0008433487	0.0027645981	0.0138800213
ASV_2926	0.005147	0.004922455	0.002736540	0.007780685
ASV_3842	0.006559	0.0150922451	0.0039125576	0.0006717726
ASV_3301	0.005298	0.0004659431	0.0000000000	0.0154283155
ASV_1127	0.005651	0.001630748	0.005101051	0.010221841
ASV_1667	0.005732	0.004161560	0.003808486	0.009226357
ASV_2032	0.012614	0.037420211	0.000000000	0.000422638
ASV_3634	0.007512	0.008126072	0.007152461	0.007257741
ASV_2971	0.005663	0.002362623	0.013139470	0.001487072
ASV_2417	0.005809	0.006558639	0.002884737	0.007983070
ASV_3162	0.006149	0.007273307	0.009236599	0.001936405
ASV_2157	0.005412	0.003264399	0.010688309	0.002282049
ASV_3381	0.004555	0.0008461125	0.0128185039	0.0000000000
ASV_4760	0.005127	0.001986581	0.002061826	0.011333500
ASV_5780	0.007903	0.016399100	0.005987722	0.001323554
ASV_3096	0.005293	0.004007198	0.004396752	0.007474921
ASV_3409	0.007073	0.0141659649	0.0066687882	0.0003833686
ASV_3132	0.00446	0.000000000	0.006688953	0.006691108
ASV_7752	0.004693	0.010647415	0.001554869	0.001877410
ASV_4248	0.004479	0.0004464326	0.0124687321	0.0005231662
ASV_3895	0.005087	0.00000000	0.00132321	0.01393813
ASV_4059	0.005482	0.0001200665	0.0000000000	0.0163271943
ASV_4205	0.005538	0.0000000000	0.0160882724	0.0005260229
ASV_4385	0.005818	0.008645966	0.008808014	0.000000000
ASV_1819	0.004082	0.002751492	0.001873804	0.007621591
ASV_1767	0.005158	0.000380049	0.000000000	0.015093124
ASV_6996	0.006073	0.010423957	0.006147106	0.001649326
ASV_2640	0.006165	0.005256451	0.006334953	0.006903796
ASV_2859	0.009284	0.0004900788	0.0273608050	0.0000000000
ASV_3373	0.005105	0.005134695	0.007677264	0.002502371
ASV_6399	0.006868	0.016991838	0.003611966	0.000000000
ASV_4307	0.006149	0.0070744766	0.0107134759	0.0006595074
ASV_3658	0.005661	0.000000000	0.011874630	0.005108893
ASV_6825	0.004637	0.001071031	0.010459688	0.002379336
ASV_4748	0.005028	0.011458976	0.000000000	0.003626096
ASV_6409	0.004129	0.0110913166	0.0003583462	0.0009387236
ASV_2890	0.005673	0.003686055	0.005524063	0.007809128
ASV_2189	0.005719	0.004697994	0.009732871	0.002727341
ASV_2297	0.006749	0.013723920	0.003660478	0.002861235
ASV_4012	0.004649	0.009053061	0.001486673	0.003407746
ASV_2421	0.004641	0.003416543	0.005858661	0.004646993
ASV_2826	0.005149	0.002494591	0.000153175	0.012799956
ASV_3051	0.00539	0.003065907	0.002812518	0.010291852
ASV_3778	0.004719	0.008783428	0.002257143	0.003115360
ASV_3025	0.005887	0.0062927963	0.0002380544	0.0111313571
ASV_8756	0.006546	0.004477053	0.003202054	0.011958109
ASV_3679	0.006269	0.011503507	0.001086291	0.006216206
ASV_4344	0.00574	0.0043630550	0.0126447289	0.0002124833
ASV_4740	0.011395	0.03297789	0.00120782	0.00000000
ASV_4138	0.006219	0.0019002448	0.0006706099	0.0160865604
ASV_4383	0.004441	0.009607960	0.000153175	0.003562996
ASV_3848	0.005314	0.003438927	0.001666381	0.010837799
ASV_4987	0.006197	0.000510840	0.016745988	0.001334687
ASV_4763	0.0048	0.0124349543	0.0013950782	0.0005686479
ASV_1769	0.004762	0.008116113	0.002917167	0.003253301
ASV_2100	0.005553	0.005730854	0.010929497	0.000000000
ASV_2193	0.00568	0.007190417	0.007672470	0.002177444
ASV_4916	0.004961	0.005068799	0.004132041	0.005681373
ASV_3838	0.005325	0.008693800	0.001129938	0.006149920
ASV_7410	0.006742	0.016094069	0.001395128	0.002738126
ASV_3057	0.004994	0.004830601	0.004128569	0.006024158
ASV_3893	0.008389	0.00000000	0.02516581	0.00000000
ASV_3430	0.005859	0.0126651695	0.0047200269	0.0001924735
ASV_6579	0.005091	0.0007005124	0.0020566816	0.0125147967
ASV_4619	0.004377	0.01313095	0.00000000	0.00000000
ASV_4132	0.006136	0.0000000000	0.0181757924	0.0002327129
ASV_955	0.005248	0.0004736558	0.0136241600	0.0016476086
ASV_1872	0.006816	0.013480547	0.005841790	0.001126332
ASV_2261	0.005221	0.0002232163	0.0138121307	0.0016289904
ASV_2008	0.006061	0.010193994	0.004151746	0.003838655
ASV_2468	0.005559	0.002713136	0.001173289	0.012791312
ASV_2384	0.005138	0.006540543	0.002327524	0.006546918
ASV_2480	0.005694	0.004406154	0.004030671	0.008645442
ASV_2560	0.004834	0.003746849	0.002382299	0.008373059
ASV_2642	0.005198	0.003953390	0.009894779	0.001745347
ASV_2765	0.005509	0.006905210	0.001327555	0.008294082
ASV_2924	0.005015	0.003298459	0.009535739	0.002210332
ASV_3109	0.004711	0.0001100299	0.0079086108	0.0061150477
ASV_3804	0.005164	0.005675995	0.008607004	0.001208952
ASV_3412	0.005339	0.0008766138	0.0000000000	0.0151415352
ASV_3326	0.005652	0.001071541	0.003393276	0.012490958
ASV_3426	0.005332	0.004235428	0.000000000	0.011759258
ASV_4086	0.006196	0.007149966	0.009044499	0.002393467
ASV_3729	0.00502	0.00000000	0.00000000	0.01506042
ASV_5172	0.004194	0.00000000	0.01258143	0.00000000
ASV_860	0.005454	0.003254227	0.002029601	0.011078083
ASV_1279	0.004632	0.0010073446	0.0125967962	0.0002910598
ASV_1729	0.00497	0.0003325087	0.0000000000	0.0145766828
ASV_2099	0.005259	0.0059484678	0.0004167898	0.0094109717
ASV_2724	0.005817	0.010109450	0.002391481	0.004949953
ASV_6179	0.006719	0.008928958	0.006266428	0.004961249
ASV_3229	0.004739	0.000000000	0.010605247	0.003610644
ASV_4144	0.005443	0.013313912	0.000000000	0.003015498
ASV_3076	0.005798	0.006014137	0.001985207	0.009395113
ASV_3987	0.004936	0.004252405	0.003445464	0.007108853
ASV_4374	0.00533	0.010917263	0.003605016	0.001467337
ASV_5557	0.004953	0.005094218	0.008150043	0.001615439
ASV_4859	0.004604	0.007949512	0.004370991	0.001490106
ASV_8141	0.004472	0.008818587	0.002631514	0.001965508
ASV_3710	0.005153	0.0087066945	0.0065625410	0.0001908951
ASV_3359	0.00469	0.003253192	0.002582619	0.008233101
ASV_4477	0.004292	0.00000000	0.01287742	0.00000000
ASV_8152	0.004428	0.005443110	0.005046829	0.002793411
ASV_4803	0.00516	0.002711966	0.010988710	0.001778954
ASV_3927	0.005003	0.0006089192	0.0003353049	0.0140635050
ASV_3703	0.005474	0.00000000	0.01642262	0.00000000
ASV_4783	0.004167	0.00000000	0.01250199	0.00000000
ASV_5051	0.00417	0.000000000	0.012375564	0.000134283
ASV_519	0.004842	0.0071450807	0.0004470732	0.0069344715
ASV_932	0.005021	0.004593989	0.010468014	0.000000000
ASV_1383	0.00444	0.003245989	0.009934142	0.000138554
ASV_2901	0.007208	0.010104918	0.004673236	0.006845821
ASV_6111	0.005814	0.003985362	0.004810550	0.008646949
ASV_2224	0.005322	0.0000000	0.0000000	0.0159665
ASV_3702	0.005969	0.0009623874	0.0080603882	0.0088833493
ASV_3292	0.005683	0.006273302	0.002149202	0.008626543
ASV_4222	0.006274	0.006147566	0.009258805	0.003416926
ASV_4408	0.005004	0.000000000	0.002148813	0.012862209
ASV_7735	0.004796	0.007552005	0.003719342	0.003115418
ASV_4557	0.006441	0.005662651	0.009670540	0.003988877
ASV_4633	0.004141	0.00000000	0.01242307	0.00000000
ASV_1253	0.0046	0.0000000000	0.0008079486	0.0129935271
ASV_1533	0.004539	0.0048334166	0.0002752782	0.0085089796
ASV_1850	0.005476	0.0009741722	0.0022300361	0.0132228888
ASV_2187	0.00476	0.004319038	0.007347031	0.002613654
ASV_2088	0.0063	0.004955813	0.007317164	0.006626830
ASV_2126	0.005444	0.004564587	0.011768788	0.000000000
ASV_3428	0.007122	0.012919541	0.002173324	0.006273492
ASV_2905	0.00462	0.004700728	0.009160558	0.000000000
ASV_4892	0.00587	0.009302229	0.001854896	0.006452851
ASV_3713	0.005738	0.002722699	0.006455759	0.008034379
ASV_3871	0.005214	0.0033412029	0.0008420425	0.0114589182
ASV_4586	0.005095	0.0001164556	0.0151670889	0.0000000000
ASV_3906	0.005473	0.001686623	0.003866743	0.010865501
ASV_3594	0.004884	0.000000000	0.001369035	0.013282599
ASV_3926	0.005986	0.00000000	0.00000000	0.01795789
ASV_4196	0.004114	0.0004658226	0.0116772955	0.0002000464
ASV_1751	0.005807	0.000000000	0.015173435	0.002247824
ASV_3665	0.006859	0.001776118	0.014381502	0.004419689
ASV_3434	0.006968	0.010104489	0.000759132	0.010039814
ASV_4180	0.005012	0.004630694	0.002143555	0.008261988
ASV_2918	0.005433	0.001195981	0.005739738	0.009362766
ASV_2858	0.005887	0.011772668	0.002546010	0.003343766
ASV_4650	0.005193	0.009471553	0.004714024	0.001391984
ASV_3579	0.004675	0.011181434	0.002842832	0.000000000
ASV_3043	0.005875	0.008400418	0.002568388	0.006655712
ASV_2912	0.004886	0.001371047	0.001596676	0.011690875
ASV_3255	0.00407	0.00000000	0.00000000	0.01220929
ASV_5931	0.004247	0.002859158	0.003655356	0.006225929
ASV_3408	0.004977	0.0011510502	0.0001117683	0.0136684097
ASV_6978	0.004301	0.006298490	0.004985113	0.001618287
ASV_6636	0.004648	0.011318330	0.001202918	0.001421414
ASV_4431	0.005553	0.0005501494	0.0161084472	0.0000000000
ASV_1410	0.005753	0.002660343	0.002091429	0.012508487
ASV_1760	0.005004	0.005703560	0.002838753	0.006470671
ASV_2449	0.005506	0.0004900788	0.0156115926	0.0004156621
ASV_2499	0.004542	0.0006424569	0.0089689716	0.0040156731
ASV_8710	0.00506	0.003003899	0.000000000	0.012176650
ASV_2995	0.004992	0.005174409	0.002791643	0.007009496
ASV_4663	0.00587	0.0047460457	0.0126028843	0.0002625497
ASV_4082	0.00646	0.0189914134	0.0003888448	0.0000000000
ASV_3763	0.004988	0.0007600979	0.0024279328	0.0117747768
ASV_1495	0.004179	0.003637299	0.008626051	0.000273077
ASV_4013	0.004969	0.001983819	0.011030546	0.001891200
ASV_2048	0.004804	0.0008099681	0.0000000000	0.0136012383
ASV_2149	0.00569	0.004191172	0.002806497	0.010072625
ASV_2936	0.006094	0.008224909	0.003565277	0.006490468
ASV_2810	0.006013	0.011211234	0.002503236	0.004325761
ASV_9480	0.005541	0.004177991	0.004915318	0.007530955
ASV_3213	0.004533	0.00266007	0.00000000	0.01093751
ASV_3852	0.004331	0.0027756583	0.0003888448	0.0098284832
ASV_3209	0.00439	0.0001165159	0.0033336785	0.0097190471
ASV_4003	0.005293	0.004528159	0.008933650	0.002418422
ASV_4658	0.005663	0.0053262796	0.0003520167	0.0113112708
ASV_1730	0.004716	0.00000000	0.00000000	0.01414889
ASV_1676	0.005219	0.001403838	0.002600812	0.011653834
ASV_2264	0.004469	0.003828339	0.009577280	0.000000000
ASV_2188	0.00489	0.002800548	0.001875735	0.009993356
ASV_3715	0.006541	0.013629146	0.002333558	0.003659911
ASV_2825	0.004679	0.002982262	0.007981063	0.003072639
ASV_2712	0.005461	0.002706626	0.008104557	0.005572651
ASV_2911	0.004571	0.005482837	0.005845907	0.002384056
ASV_2779	0.005031	0.006406208	0.002299278	0.006387517
ASV_8040	0.005865	0.007222734	0.007291833	0.003081119
ASV_4225	0.005754	0.0139466352	0.0028368764	0.0004773945
ASV_3281	0.004103	0.003441967	0.000000000	0.008866532
ASV_4801	0.005148	0.009998499	0.002396013	0.003050837
ASV_4381	0.005942	0.011963690	0.005860966	0.000000000
ASV_3643	0.005283	0.0009844958	0.0124178934	0.0024480256
ASV_3760	0.004743	0.00000000	0.00000000	0.01422786
ASV_4615	0.004941	0.009604933	0.003208425	0.002008836
ASV_4131	0.005532	0.0000000000	0.0164058153	0.0001908951
ASV_1901	0.005065	0.0001165159	0.0002405836	0.0148388108
ASV_2145	0.006295	0.0008054945	0.0112191721	0.0068606822
ASV_2112	0.004777	0.003353917	0.004523564	0.006454061
ASV_3746	0.004679	0.010347103	0.000156251	0.003532651
ASV_3062	0.005891	0.003319102	0.007210746	0.007142466
ASV_2953	0.004504	0.003445019	0.006778769	0.003286920
ASV_3834	0.004893	0.00155867	0.00000000	0.01312110
ASV_3633	0.005326	0.003642723	0.002118450	0.010216529
ASV_4552	0.004106	0.011645149	0.000000000	0.000672888
ASV_3443	0.004002	0.00000000	0.00000000	0.01200734
ASV_4031	0.00451	0.0022319103	0.0005588415	0.0107388911
ASV_4030	0.004344	0.002925309	0.005457049	0.004648927
ASV_4210	0.00587	0.016346436	0.000000000	0.001264788
ASV_1883	0.004125	0.0002182358	0.0000000000	0.0121559582
ASV_2257	0.004684	0.001263544	0.000000000	0.012787856
ASV_2169	0.004838	0.003126093	0.004625552	0.006760976
ASV_2382	0.006272	0.0105458507	0.0074129734	0.0008563007
ASV_2942	0.008043	0.003282760	0.019786250	0.001058991
ASV_2723	0.004753	0.003711367	0.004755281	0.005792002
ASV_2514	0.005268	0.00505568	0.01074688	0.00000000
ASV_2798	0.004899	0.002110484	0.002091198	0.010496591
ASV_6226	0.005887	0.003192449	0.007065339	0.007403439
ASV_2729	0.004536	0.001760699	0.004165031	0.007682696
ASV_2894	0.004463	0.001385219	0.003981074	0.008023118
ASV_3123	0.004497	0.005113741	0.004811552	0.003564433
ASV_6927	0.00429	0.008496186	0.001430365	0.002942100
ASV_3193	0.005505	0.0062132139	0.0093483146	0.0009543404
ASV_3933	0.004843	0.003942935	0.006569949	0.004014706
ASV_4457	0.004966	0.004006026	0.001040902	0.009851517
ASV_7290	0.006689	0.013859498	0.001138540	0.005068219
ASV_4665	0.005764	0.0149208136	0.0004622913	0.0019094272
ASV_6497	0.004546	0.0051303075	0.0077741379	0.0007340434
ASV_5799	0.004406	0.002156139	0.006075569	0.004985955
ASV_4209	0.005076	0.00000000	0.01522702	0.00000000
ASV_6725	0.00394	0.005344780	0.004590792	0.001883425
ASV_1178	0.005	0.007784275	0.005297291	0.001919769
ASV_1403	0.00485	0.001489468	0.001356093	0.011703296
ASV_2131	0.006326	0.005017183	0.010306346	0.003655410
ASV_2464	0.005621	0.007857750	0.006103375	0.002901842
ASV_1885	0.004619	0.0000000000	0.0135701015	0.0002883806
ASV_2248	0.004352	0.006641944	0.000000000	0.006414492
ASV_2253	0.008511	0.0000000	0.0255328	0.0000000
ASV_2307	0.004832	0.003099379	0.004175963	0.007220081
ASV_2561	0.005097	0.0113879736	0.0035176975	0.0003845074
ASV_7382	0.004879	0.0006374735	0.0139988653	0.0000000000
ASV_4070	0.005128	0.002315512	0.013068464	0.000000000
ASV_4216	0.004576	0.0112164749	0.0019869337	0.0005238485
ASV_7873	0.004354	0.008391595	0.001837388	0.002833550
ASV_4211	0.004658	0.005866424	0.007019621	0.001088111
ASV_3108	0.004209	0.003961076	0.004041443	0.004624791
ASV_3560	0.006001	0.006941181	0.008076861	0.002985029
ASV_3597	0.004861	0.007890744	0.004873598	0.001818470
ASV_5003	0.005437	0.010275950	0.002764771	0.003269186
ASV_4079	0.004747	0.001330035	0.000000000	0.012912453
ASV_8248	0.003805	0.00000000	0.01141648	0.00000000
ASV_641	0.004522	0.004601383	0.006782985	0.002180596
ASV_2220	0.00549	0.007934354	0.003286386	0.005249866
ASV_1719	0.005006	0.006173147	0.005404949	0.003438780
ASV_2590	0.003892	0.0004414521	0.0110962058	0.0001397976
ASV_2531	0.004541	0.009314666	0.002567001	0.001740627
ASV_2178	0.004433	0.001169363	0.005700541	0.006429595
ASV_3031	0.00724	0.0216012462	0.0001190272	0.0000000000
ASV_3636	0.004732	0.008653117	0.004404951	0.001138327
ASV_3733	0.005734	0.007120583	0.008732128	0.001349048
ASV_3718	0.005497	0.002021277	0.009086672	0.005382460
ASV_3990	0.004965	0.011364874	0.001315535	0.002215901
ASV_3787	0.00467	0.003158906	0.000312502	0.010538323
ASV_4498	0.005546	0.007759387	0.000000000	0.008877686
ASV_4864	0.007584	0.0227528	0.0000000	0.0000000
ASV_239	0.009729	0.0272657144	0.0016752246	0.0002475113
ASV_2304	0.00449	0.0079639620	0.0001202918	0.0053844544
ASV_2399	0.005069	0.006140416	0.005864440	0.003203597
ASV_5154	0.005095	0.002741031	0.001591314	0.010952211
ASV_7831	0.00681	0.008325787	0.010794816	0.001308126
ASV_3303	0.005223	0.001423435	0.008692142	0.005554838
ASV_4816	0.006268	0.0144301911	0.0006986664	0.0036741451
ASV_3116	0.004158	0.003054314	0.009419624	0.000000000
ASV_4603	0.004133	0.0069736675	0.0005210776	0.0049028509
ASV_4525	0.005357	0.002903638	0.002558264	0.010610543
ASV_3807	0.004449	0.001223301	0.000000000	0.012123449
ASV_4616	0.004507	0.006307001	0.003374587	0.003838443
ASV_880	0.005086	0.0047031903	0.0001202918	0.0104338918
ASV_1570	0.00502	0.003271522	0.000000000	0.011788607
ASV_2007	0.004674	0.001822056	0.008651179	0.003548153
ASV_2080	0.004383	0.008229929	0.001970346	0.002949802
ASV_3283	0.005702	0.002953041	0.010742252	0.003412109
ASV_2582	0.004989	0.006357203	0.003005208	0.005603332
ASV_3939	0.00573	0.003873696	0.007172499	0.006144044
ASV_3004	0.004508	0.00000000	0.00168899	0.01183600
ASV_3717	0.004287	0.01052159	0.00000000	0.00234033
ASV_3567	0.004118	0.00000000	0.00000000	0.01235365
ASV_5016	0.00465	0.005912965	0.003670710	0.004366044
ASV_3226	0.003542	0.001011144	0.001059773	0.008554544
ASV_4159	0.003768	0.0086584333	0.0023982482	0.0002475113
ASV_9053	0.004205	0.004931628	0.003837510	0.003846144
ASV_4296	0.005091	0.006865698	0.005255341	0.003153327
ASV_4737	0.00422	0.0003325087	0.0001562510	0.0121708957
ASV_4208	0.004865	0.0000000000	0.0143041713	0.0002910598
ASV_4587	0.003764	0.00000000	0.01129088	0.00000000
ASV_1551	0.004015	0.003616496	0.006692136	0.001736486
ASV_1526	0.005698	0.0154367486	0.0012341142	0.0004238869
ASV_2301	0.006585	0.008501866	0.007648862	0.003603455
ASV_1924	0.003586	0.0085067704	0.0001100371	0.0021400416
ASV_2114	0.006529	0.015393765	0.002414041	0.001779592
ASV_2206	0.005294	0.0059869598	0.0089439145	0.0009501911
ASV_3119	0.005352	0.0008612706	0.0110646896	0.0041289993
ASV_3376	0.003804	0.0005787566	0.0073890536	0.0034427381
ASV_4700	0.004118	0.006049380	0.003736600	0.002568459
ASV_3215	0.005076	0.00000000	0.00000000	0.01522655
ASV_3902	0.004737	0.006366006	0.004884380	0.002960486
ASV_4091	0.005268	0.009550460	0.006252527	0.000000000
ASV_5442	0.004918	0.0138608489	0.0008933847	0.0000000000
ASV_5021	0.003599	0.005615923	0.001580616	0.003601605
ASV_4094	0.004469	0.002074988	0.005454892	0.005877369
ASV_5411	0.003648	0.00000000	0.01094405	0.00000000
ASV_801	0.004135	0.0083509451	0.0001100371	0.0039427538
ASV_1212	0.00441	0.001275163	0.002983985	0.008971116
ASV_1695	0.004248	0.003864533	0.001619574	0.007260446
ASV_3436	0.004508	0.004629252	0.007494262	0.001400642
ASV_2742	0.006766	0.017042946	0.001763340	0.001490947
ASV_2820	0.004183	0.008530556	0.001684431	0.002334484
ASV_3149	0.004419	0.0095979467	0.0001190272	0.0035415019
ASV_3147	0.005113	0.003409771	0.003619719	0.008309846
ASV_5428	0.005016	0.003804972	0.004937044	0.006304585
ASV_3621	0.003849	0.0008393204	0.0100370579	0.0006715294
ASV_3059	0.00479	0.003985480	0.003364809	0.007020823
ASV_3815	0.005299	0.014798439	0.000000000	0.001097996
ASV_3570	0.004458	0.005704423	0.000309426	0.007361375
ASV_4367	0.00525	0.007519111	0.002469968	0.005761093
ASV_4483	0.004357	0.0041797465	0.0007366477	0.0081555001
ASV_4634	0.004561	0.0002545073	0.0131481395	0.0002795951
ASV_4284	0.005644	0.000138637	0.016792788	0.000000000
ASV_4085	0.006246	0.005345697	0.013391451	0.000000000
ASV_6588	0.004099	0.004681677	0.003038826	0.004577406
ASV_4270	0.004592	0.000510840	0.001694186	0.011571335
ASV_4687	0.004179	0.0004658828	0.0119322064	0.0001397976
ASV_1707	0.004516	0.004397899	0.007263096	0.001886530
ASV_1802	0.004916	0.002250472	0.000000000	0.012498122
ASV_2115	0.003886	0.006208166	0.003345909	0.002103384
ASV_2195	0.004297	0.007851779	0.002355711	0.002682510
ASV_2615	0.005668	0.013250267	0.001781789	0.001971070
ASV_2128	0.00394	0.000000000	0.002333069	0.009487683
ASV_3972	0.003839	0.001509287	0.002215390	0.007793816
ASV_2035	0.004592	0.006385353	0.002005340	0.005385934
ASV_2872	0.004949	0.000000000	0.002865927	0.011981769
ASV_2462	0.005326	0.006242047	0.005742996	0.003994296
ASV_2609	0.004569	0.004553293	0.007225943	0.001926932
ASV_2535	0.003995	0.002090568	0.008382334	0.001512634
ASV_2607	0.004594	0.005477774	0.001960142	0.006343431
ASV_2529	0.004878	0.002651706	0.005099447	0.006882722
ASV_3135	0.004778	0.002093853	0.000000000	0.012240649
ASV_2875	0.004478	0.008133824	0.004009162	0.001290104
ASV_2611	0.004754	0.002275995	0.009568472	0.002416300
ASV_3024	0.004352	0.002173867	0.002482523	0.008400770
ASV_4235	0.005123	0.004004498	0.002024585	0.009338510
ASV_4141	0.004587	0.0094303699	0.0004354551	0.0038941938
ASV_3558	0.005258	0.009773713	0.001638275	0.004362010
ASV_4339	0.004129	0.002917423	0.002429074	0.007039572
ASV_3913	0.004163	0.001630379	0.000000000	0.010858518
ASV_8144	0.004342	0.006031528	0.004409682	0.002585970
ASV_3745	0.004468	0.003414033	0.005986375	0.004003345
ASV_5121	0.00362	0.0107418506	0.0001190272	0.0000000000
ASV_4968	0.003707	0.0077655109	0.0008651916	0.0024899729
ASV_5306	0.003712	0.011001771	0.000000000	0.000134283
ASV_3924	0.003866	0.0006120086	0.0006127000	0.0103729708
ASV_4443	0.004569	0.00000000	0.01370783	0.00000000
ASV_4416	0.00435	0.001580714	0.000322342	0.011148157
ASV_4479	0.003335	0.00000000	0.00000000	0.01000537
ASV_262	0.004481	0.002421898	0.001350563	0.009671611
ASV_1232	0.004115	0.0023678419	0.0097344292	0.0002416568
ASV_2469	0.004296	0.001682376	0.004517323	0.006686987
ASV_1944	0.004162	0.0000000000	0.0001190272	0.0123680969
ASV_2348	0.004562	0.003838792	0.008406525	0.001440157
ASV_2497	0.004247	0.008390944	0.001704945	0.002645777
ASV_2311	0.005297	0.009126429	0.002408092	0.004356475
ASV_2914	0.00362	0.0004658226	0.0026464192	0.0077489921
ASV_2767	0.003896	0.002897686	0.006842456	0.001947836
ASV_3534	0.003605	0.0081466101	0.0005210776	0.0021459420
ASV_5732	0.004324	0.006104068	0.005125401	0.001741870
ASV_5174	0.004264	0.000000000	0.008727657	0.004063183
ASV_5126	0.004415	0.0073585445	0.0002320601	0.0056530063
ASV_4659	0.004373	0.002727503	0.000796896	0.009593735
ASV_6118	0.003858	0.009811818	0.001388931	0.000373235
ASV_9347	0.003564	0.0071860307	0.0028204799	0.0006854944
ASV_4651	0.003852	0.007985987	0.003570684	0.000000000
ASV_4646	0.004405	0.0040347083	0.0001538083	0.0090250603
ASV_4328	0.004941	0.0000000000	0.0007217507	0.0140999382
ASV_6968	0.003461	0.006058827	0.004323737	0.000000000
ASV_1994	0.004676	0.004886482	0.004785549	0.004356587
ASV_2016	0.004316	0.001355127	0.001118849	0.010473815
ASV_2784	0.004578	0.001781679	0.006185634	0.005767044
ASV_4491	0.003934	0.006635338	0.002355352	0.002810335
ASV_8798	0.006668	0.003699042	0.006221517	0.010083942
ASV_3157	0.00463	0.006426929	0.004332923	0.003131012
ASV_3038	0.004222	0.004306513	0.000000000	0.008359807
ASV_5142	0.004121	0.0065710833	0.0056746199	0.0001163565
ASV_3865	0.004332	0.0002200598	0.0047055044	0.0080697877
ASV_4298	0.004809	0.0062620359	0.0080237153	0.0001397976
ASV_3598	0.005943	0.014207212	0.000156251	0.003466248
ASV_3850	0.004443	0.0036551226	0.0009381958	0.0087347057
ASV_7717	0.00348	0.0047509014	0.0049343440	0.0007538064
ASV_5298	0.00352	0.007649706	0.001691645	0.001219726
ASV_807	0.004216	0.0051805579	0.0003888448	0.0070788982
ASV_1218	0.003686	0.001810437	0.003349201	0.005897062
ASV_2143	0.005929	0.0096226358	0.0005325763	0.0076319944
ASV_1552	0.00425	0.003464492	0.002010817	0.007275252
ASV_1620	0.004401	0.0031547849	0.0006665076	0.0093813889
ASV_1870	0.004086	0.000000000	0.005529353	0.006728351
ASV_1794	0.004787	0.003637735	0.005056272	0.005666917
ASV_2646	0.004848	0.001952413	0.012590707	0.000000000
ASV_7709	0.004499	0.003330810	0.004416752	0.005749912
ASV_4193	0.005385	0.0110904135	0.0044904778	0.0005751438
ASV_4613	0.004758	0.004488028	0.003605272	0.006181917
ASV_3959	0.004693	0.0006047006	0.0118088160	0.0016647658
ASV_4063	0.004404	0.0051148712	0.0078189657	0.0002771081
ASV_7606	0.004366	0.002001879	0.001764893	0.009330562
ASV_8349	0.004268	0.005012964	0.004180744	0.003609610
ASV_5715	0.004384	0.001786186	0.011097751	0.000268566
ASV_4345	0.004495	0.003780646	0.001889452	0.007814210
ASV_4970	0.00502	0.002451632	0.000000000	0.012609836
ASV_4544	0.004578	0.001440812	0.000000000	0.012292929
ASV_3995	0.004504	0.001327385	0.000000000	0.012184254
ASV_1984	0.004352	0.0070733028	0.0002605388	0.0057229937
ASV_1742	0.004102	0.005792680	0.006142489	0.000371507
ASV_3577	0.006097	0.008510921	0.005692154	0.004088130
ASV_9293	0.006641	0.008078405	0.004841055	0.007004459
ASV_3160	0.004117	0.005311378	0.001790886	0.005248048
ASV_3901	0.004425	0.003927031	0.006634341	0.002713046
ASV_3081	0.004324	0.0037600762	0.0088218014	0.0003909415
ASV_3514	0.003977	0.001071541	0.004744799	0.006115181
ASV_3882	0.004756	0.0023131090	0.0113722311	0.0005832167
ASV_3969	0.003937	0.002047272	0.009764589	0.000000000
ASV_7253	0.003846	0.004705834	0.005254039	0.001578584
ASV_3765	0.004033	0.0000000000	0.0004470732	0.0116509754
ASV_4549	0.005775	0.003786586	0.006972995	0.006564243
ASV_8780	0.003893	0.004329284	0.005819943	0.001530770
ASV_4723	0.003381	0.005831584	0.004309993	0.000000000
ASV_4133	0.004013	0.000510840	0.001167724	0.010360176
ASV_4409	0.004521	0.0000000000	0.0001100371	0.0134540414
ASV_4600	0.004485	0.008390880	0.000000000	0.005064632
ASV_4480	0.004369	0.0000000	0.0000000	0.0131058
ASV_4179	0.004161	0.003621991	0.000000000	0.008861702
ASV_4257	0.003816	0.0065017414	0.0009822895	0.0039644639
ASV_5138	0.004424	0.01327292	0.00000000	0.00000000
ASV_1068	0.00423	0.001896297	0.002528025	0.008265556
ASV_2603	0.004762	0.004008861	0.002291154	0.007986118
ASV_1038	0.004246	0.01273853	0.00000000	0.00000000
ASV_1110	0.004578	0.003921274	0.000379566	0.009434312
ASV_2137	0.005176	0.001140147	0.000000000	0.014389347
ASV_5058	0.004537	0.008836380	0.001149485	0.003625865
ASV_2698	0.005232	0.0112360383	0.0043144771	0.0001455299
ASV_6924	0.006415	0.007154025	0.004368608	0.007723367
ASV_4417	0.003886	0.009816588	0.001504760	0.000336425
ASV_3732	0.004423	0.000817758	0.009965145	0.002487242
ASV_3900	0.004246	0.004496819	0.001935011	0.006304687
ASV_3869	0.003644	0.002973558	0.005759391	0.002200182
ASV_3955	0.004672	0.007248126	0.005536420	0.001230821
ASV_3506	0.004003	0.0005103059	0.0078878489	0.0036116863
ASV_4326	0.004169	0.0004401195	0.0120673228	0.0000000000
ASV_4706	0.004512	0.004822151	0.003800997	0.004912207
ASV_4236	0.004428	0.001969223	0.000000000	0.011314032
ASV_3970	0.006867	0.02059957	0.00000000	0.00000000
ASV_9541	0.004051	0.0006309065	0.0000000000	0.0115210394
ASV_4486	0.004623	0.006094712	0.002935348	0.004837508
ASV_5456	0.00575	0.006493545	0.008592651	0.002164660
ASV_5653	0.003388	0.00000000	0.01016517	0.00000000
ASV_4249	0.004531	0.00000000	0.01359383	0.00000000
ASV_1662	0.004344	0.000255420	0.000116841	0.012659861
ASV_2574	0.00421	0.005109610	0.002076256	0.005445230
ASV_5550	0.005104	0.006594881	0.003520599	0.005196842
ASV_2591	0.004262	0.000000000	0.007710002	0.005076927
ASV_2357	0.003745	0.0009605318	0.0050092289	0.0052646696
ASV_2840	0.003684	0.0018195075	0.0089859966	0.0002475113
ASV_2972	0.003595	0.0008432719	0.0035431753	0.0063983839
ASV_3207	0.003654	0.00000000	0.01096239	0.00000000
ASV_3431	0.003959	0.0005760935	0.0085054558	0.0027953276
ASV_3277	0.003665	0.000000000	0.004560744	0.006433972
ASV_5198	0.003661	0.003022298	0.003260173	0.004701027
ASV_3446	0.004527	0.0132211667	0.0003608753	0.0000000000
ASV_3216	0.002838	0.000000000	0.000000000	0.008513925
ASV_3968	0.003778	0.0001204674	0.0081571817	0.0030551002
ASV_4135	0.003412	0.00000000	0.01023634	0.00000000
ASV_3960	0.00375	0.002935823	0.004422396	0.003892740
ASV_5352	0.003842	0.009386573	0.001871106	0.000268566
ASV_5022	0.003484	0.0098255810	0.0000000000	0.0006261642
ASV_3994	0.00553	0.010570646	0.001580436	0.004439566
ASV_4758	0.004161	0.004207358	0.006248467	0.002025739
ASV_4900	0.003936	0.0008314173	0.0015824817	0.0093931200
ASV_4904	0.00474	0.005974034	0.001067640	0.007178312
ASV_4305	0.00393	0.001272954	0.000000000	0.010515641
ASV_5571	0.00345	0.004157292	0.005118839	0.001073780
ASV_6769	0.003154	0.00946257	0.00000000	0.00000000
ASV_1233	0.003459	0.0057386075	0.0006250039	0.0040131832
ASV_2320	0.004067	0.0009140862	0.0015344896	0.0097515686
ASV_2433	0.004133	0.003006997	0.003173298	0.006218469
ASV_4731	0.00499	0.002315268	0.010582977	0.002070730
ASV_2674	0.004231	0.002137673	0.007124270	0.003432273
ASV_3449	0.004375	0.002214665	0.004159873	0.006749328
ASV_3343	0.003895	0.004643923	0.001633758	0.005406741
ASV_8749	0.00621	0.009044791	0.004075807	0.005510038
ASV_3878	0.004496	0.006247299	0.005868980	0.001372127
ASV_3992	0.0045	0.006417480	0.001181112	0.005901723
ASV_9598	0.004056	0.002175261	0.005388032	0.004604594
ASV_3017	0.003458	0.005216438	0.002771786	0.002385723
ASV_9287	0.003569	0.002459877	0.005391952	0.002856280
ASV_6835	0.00447	0.0048486309	0.0076177417	0.0009442257
ASV_4841	0.004196	0.00000000	0.01258863	0.00000000
ASV_1660	0.004335	0.0009588507	0.0087995921	0.0032458534
ASV_1953	0.005602	0.0097318536	0.0066118794	0.0004625961
ASV_2196	0.004419	0.005455807	0.003607225	0.004192879
ASV_6063	0.006129	0.007928958	0.002428394	0.008030833
ASV_2513	0.003837	0.0002554200	0.0003301114	0.0109243771
ASV_2809	0.0038	0.002262977	0.003470698	0.005665602
ASV_7720	0.004098	0.004000285	0.002460050	0.005833233
ASV_3099	0.006504	0.015024484	0.003997969	0.000490365
ASV_4959	0.005746	0.0135291806	0.0009720348	0.0027369419
ASV_5240	0.004984	0.003744265	0.004168621	0.007038907
ASV_3612	0.004055	0.005881763	0.001360045	0.004923222
ASV_3427	0.00397	0.003030218	0.001267544	0.007613698
ASV_3397	0.003939	0.0008967617	0.0049326721	0.0059869633
ASV_8379	0.005259	0.010556781	0.004216954	0.001002226
ASV_9664	0.003825	0.007892539	0.002352135	0.001230133
ASV_5137	0.003925	0.002182785	0.001170461	0.008422637
ASV_5074	0.00616	0.0179761254	0.0005031644	0.0000000000
ASV_5950	0.004002	0.003842127	0.001148392	0.007014925
ASV_6092	0.004149	0.002736186	0.001123239	0.008588291
ASV_4590	0.004309	0.00000000	0.01292557	0.00000000
ASV_4812	0.004295	0.0001200665	0.0127660883	0.0000000000
ASV_994	0.004289	0.002831389	0.002338085	0.007697656
ASV_7906	0.003231	0.00969294	0.00000000	0.00000000
ASV_2185	0.004323	0.00000000	0.01296883	0.00000000
ASV_3841	0.005244	0.006522105	0.002029258	0.007180819
ASV_3169	0.003361	0.0003800490	0.0095114126	0.0001908951
ASV_4218	0.004324	0.004447000	0.007004143	0.001522303
ASV_2495	0.004229	0.001235578	0.002481987	0.008968370
ASV_2758	0.004088	0.0009861337	0.0092056820	0.0020712346
ASV_3304	0.00373	0.0010216801	0.0099760514	0.0001908951
ASV_2963	0.004084	0.004036889	0.002239457	0.005975966
ASV_2463	0.003792	0.001942490	0.001924477	0.007508139
ASV_2915	0.005222	0.003492551	0.012174209	0.000000000
ASV_3015	0.003903	0.01170855	0.00000000	0.00000000
ASV_3395	0.004204	0.003625152	0.003897772	0.005089132
ASV_4154	0.004191	0.007248195	0.003474097	0.001850326
ASV_3782	0.003412	0.007444121	0.001231552	0.001559516
ASV_6880	0.004336	0.008653324	0.004355889	0.000000000
ASV_5723	0.003321	0.001824379	0.004126085	0.004011673
ASV_4705	0.004254	0.005757868	0.002569819	0.004433015
ASV_5010	0.004455	0.005870595	0.005241591	0.002251951
ASV_5786	0.003637	0.001416792	0.007668865	0.001824221
ASV_5447	0.003289	0.0008373157	0.0090290180	0.0000000000
ASV_4055	0.004146	0.003869463	0.002120071	0.006447873
ASV_4548	0.003536	0.003924145	0.001547354	0.005137653
ASV_6402	0.003822	0.003064504	0.001040009	0.007360675
ASV_6191	0.00327	0.0084840969	0.0007823782	0.0005431760
ASV_4268	0.003974	0.00025542	0.00077026	0.01089710
ASV_4811	0.004792	0.001679887	0.011349272	0.001347346
ASV_4643	0.00385	0.000000000	0.000169167	0.011381112
ASV_6961	0.003898	0.002442982	0.002302535	0.006947271
ASV_9316	0.003302	0.0095154433	0.0001117683	0.0002783516
ASV_4251	0.00397	0.0003325087	0.0004840754	0.0110934747
ASV_4685	0.004854	0.0001204674	0.0144409450	0.0000000000
ASV_4478	0.004255	0.00000000	0.01276609	0.00000000
ASV_81	0.00433	0.0009473116	0.0026053879	0.0094379951
ASV_1230	0.003844	0.009186255	0.002344849	0.000000000
ASV_2532	0.003723	0.007753942	0.001771888	0.001643219
ASV_2214	0.003834	0.001180544	0.002255899	0.008065317
ASV_2342	0.004688	0.008125002	0.003392670	0.002546157
ASV_2675	0.004447	0.005904205	0.001623069	0.005814695
ASV_2650	0.003958	0.0008755588	0.0008984733	0.0101012843
ASV_2720	0.003203	0.0091996867	0.0001190272	0.0002910598
ASV_3880	0.004071	0.003139129	0.003716641	0.005357014
ASV_8999	0.003703	0.0102733882	0.0008357196	0.0000000000
ASV_9306	0.003601	0.006711415	0.002679241	0.001413003
ASV_3521	0.004445	0.006071755	0.002148390	0.005116322
ASV_4895	0.003857	0.004893535	0.004882358	0.001795465
ASV_5952	0.003357	0.006491904	0.002280868	0.001299712
ASV_6145	0.003662	0.0044680320	0.0002265319	0.0062912187
ASV_5380	0.003193	0.003627706	0.005952756	0.000000000
ASV_5494	0.004241	0.007519464	0.001426180	0.003778836
ASV_5487	0.003208	0.006856450	0.001624192	0.001142974
ASV_5144	0.00384	0.002794936	0.000000000	0.008724102
ASV_9638	0.003394	0.000581462	0.007582851	0.002018593
ASV_5762	0.003253	0.000000000	0.009760232	0.000000000
ASV_6178	0.003288	0.000000000	0.009863926	0.000000000
ASV_6353	0.003184	0.000000000	0.009552567	0.000000000
ASV_1025	0.003609	0.00000000	0.00000000	0.01082615
ASV_1476	0.003564	0.002105428	0.001729586	0.006856006
ASV_1957	0.004053	0.000703662	0.003561352	0.007894109
ASV_2000	0.004058	0.003837344	0.001446768	0.006888896
ASV_3014	0.00538	0.008922294	0.003574123	0.003642521
ASV_2294	0.004299	0.0069813647	0.0051631991	0.0007538064
ASV_3419	0.003822	0.0034159667	0.0008430124	0.0072077210
ASV_3084	0.004028	0.002748763	0.003164348	0.006169687
ASV_3006	0.004689	0.0002232163	0.0071359065	0.0067075386
ASV_2807	0.003684	0.0028247837	0.0079368730	0.0002910598
ASV_8363	0.003787	0.0008376983	0.0000000000	0.0105239285
ASV_8823	0.004738	0.001821706	0.009233103	0.003157839
ASV_2982	0.003978	0.002663283	0.005980412	0.003289072
ASV_3282	0.004696	0.004813269	0.007333953	0.001940978
ASV_3309	0.004274	0.0002772741	0.0003125020	0.0122319142
ASV_4117	0.003342	0.003184431	0.006842325	0.000000000
ASV_3591	0.00363	0.0002554200	0.0102071849	0.0004271746
ASV_4442	0.005445	0.0000000000	0.0161164406	0.0002198825
ASV_4255	0.00423	0.00000000	0.00000000	0.01268994
ASV_5449	0.003768	0.004466729	0.006838395	0.000000000
ASV_6405	0.003482	0.0030914620	0.0007204861	0.0066334233
ASV_4596	0.003969	0.0000000000	0.0001190272	0.0117874516
ASV_533	0.004315	0.002115651	0.003233085	0.007595477
ASV_1951	0.003875	0.0009312115	0.0094347906	0.0012596915
ASV_1853	0.003889	0.004355379	0.002526015	0.004786283
ASV_1931	0.0035	0.002665974	0.004223955	0.003609649
ASV_2118	0.00394	0.001750216	0.002307001	0.007763834
ASV_2864	0.003475	0.001656783	0.007646583	0.001121516
ASV_2518	0.003711	0.00000000	0.00000000	0.01113308
ASV_3542	0.003362	0.000000000	0.008942197	0.001143312
ASV_4560	0.004846	0.0070109816	0.0007141633	0.0068132006
ASV_2817	0.004799	0.007882547	0.001812104	0.004702261
ASV_3106	0.004786	0.0005605870	0.0135148240	0.0002825912
ASV_3614	0.003638	0.0011046975	0.0089438417	0.0008651417
ASV_3866	0.003674	0.000000000	0.005323236	0.005698731
ASV_4162	0.003548	0.001000706	0.005709949	0.003932855
ASV_3455	0.004002	0.004415618	0.006413878	0.001175957
ASV_3823	0.003613	0.000000000	0.004335119	0.006503688
ASV_3818	0.004506	0.0005501494	0.0037481764	0.0092204721
ASV_5073	0.00443	0.008611570	0.001591995	0.003086874
ASV_8316	0.003396	0.0077988702	0.0015618378	0.0008281632
ASV_4113	0.006077	0.0179714674	0.0002605388	0.0000000000
ASV_5719	0.004739	0.0100423955	0.0006330776	0.0035405499
ASV_6832	0.003116	0.000000000	0.009347279	0.000000000
ASV_1661	0.003029	0.003851046	0.005237197	0.000000000
ASV_3243	0.003497	0.003189455	0.006325490	0.000976833
ASV_2450	0.003707	0.002596870	0.006314089	0.002209690
ASV_2481	0.004009	0.0029469369	0.0006587701	0.0084214619
ASV_2961	0.004018	0.00000000	0.00000000	0.01205473
ASV_4020	0.003465	0.001184816	0.002007504	0.007202800
ASV_3477	0.003628	0.002329930	0.007732109	0.000821138
ASV_6932	0.003581	0.0005823987	0.0000000000	0.0101619944
ASV_3377	0.004005	0.001418969	0.007958740	0.002636484
ASV_4342	0.005328	0.009693799	0.002261517	0.004028790
ASV_4093	0.003573	0.000919998	0.003294167	0.006505343
ASV_4490	0.003977	0.006485739	0.001510247	0.003936049
ASV_4355	0.005053	0.010525035	0.001794122	0.002838666
ASV_5061	0.004464	0.009705278	0.003687051	0.000000000
ASV_9036	0.004746	0.0083356888	0.0009898305	0.0049118543
ASV_4757	0.003386	0.007302076	0.001130237	0.001724530
ASV_6668	0.003479	0.002567686	0.004466938	0.003403554
ASV_5623	0.003108	0.008507077	0.000306350	0.000509821
ASV_6305	0.00325	0.0048062543	0.0045196269	0.0004251864
ASV_5287	0.004028	0.00000000	0.01208376	0.00000000
ASV_7436	0.003672	0.003423052	0.006081454	0.001511168
ASV_5626	0.00325	0.0093936668	0.0003570816	0.0000000000
ASV_4368	0.003466	0.0004660636	0.0003888448	0.0095438342
ASV_6625	0.003235	0.0088549131	0.0002380544	0.0006119175
ASV_4846	0.003986	0.0003325087	0.0000000000	0.0116253389
ASV_6081	0.003068	0.000000000	0.009203083	0.000000000
ASV_512	0.003868	0.003596876	0.002732336	0.005275529
ASV_1081	0.004118	0.004944457	0.002104593	0.005304980
ASV_2331	0.003362	0.006308843	0.001968628	0.001808119
ASV_2741	0.005007	0.001422696	0.012187992	0.001409440
ASV_2432	0.003606	0.003282822	0.004047417	0.003489189
ASV_4309	0.004107	0.0005950345	0.0079270165	0.0037989170
ASV_9014	0.008143	0.0240130890	0.0000000000	0.0004163821
ASV_3128	0.004163	0.000000000	0.002346542	0.010142132
ASV_3257	0.004001	0.006521798	0.003946891	0.001534558
ASV_3669	0.003578	0.000000000	0.000498882	0.010236297
ASV_3331	0.004026	0.000000000	0.010423568	0.001654747
ASV_5361	0.005024	0.008840603	0.004917155	0.001314729
ASV_4482	0.004051	0.0095475541	0.0003852351	0.0022212767
ASV_5116	0.004044	0.001697586	0.001546100	0.008887149
ASV_6371	0.003349	0.00000000	0.00000000	0.01004825
ASV_8746	0.003203	0.005597864	0.001776369	0.002233870
ASV_8133	0.003117	0.006616241	0.001139363	0.001594743
ASV_5771	0.004075	0.001393349	0.002866543	0.007965991
ASV_5495	0.00295	0.003709051	0.005141342	0.000000000
ASV_4206	0.004063	0.00000000	0.01218758	0.00000000
ASV_4815	0.004264	0.001980538	0.010812788	0.000000000
ASV_528	0.006081	0.0179075878	0.0003353049	0.0000000000
ASV_1221	0.003689	0.002299836	0.001360848	0.007405517
ASV_9604	0.005811	0.0124332736	0.0006773286	0.0043229900
ASV_2062	0.004119	0.001172135	0.003260917	0.007924367
ASV_2493	0.004144	0.004755588	0.002631457	0.005044238
ASV_2467	0.003749	0.0013260296	0.0002680193	0.0096539590
ASV_2949	0.003242	0.0001204674	0.0086411074	0.0009639478
ASV_3529	0.003402	0.002170913	0.001296899	0.006739303
ASV_3602	0.003111	0.0047270887	0.0042225240	0.0003845074
ASV_5586	0.003425	0.001440244	0.007970008	0.000864589
ASV_7208	0.003527	0.0008805653	0.0087477623	0.0009530390
ASV_3894	0.003424	0.00000000	0.00000000	0.01027079
ASV_4366	0.003076	0.0011774646	0.0070801681	0.0009690613
ASV_3928	0.003988	0.001274782	0.004727794	0.005962834
ASV_4272	0.004777	0.0092023050	0.0050121071	0.0001163565
ASV_4599	0.003939	0.004104301	0.001042155	0.006669597
ASV_5115	0.003872	0.003256163	0.002777683	0.005582997
ASV_4475	0.003771	0.000000000	0.005201987	0.006111093
ASV_5294	0.003771	0.00000000	0.00000000	0.01131264
ASV_7750	0.003074	0.0066656160	0.0019892243	0.0005667322
ASV_4647	0.004169	0.004150450	0.006151092	0.002205069
ASV_4806	0.005881	0.017166423	0.000000000	0.000477917
ASV_4735	0.00388	0.00000000	0.00000000	0.01163874
ASV_5583	0.003403	0.004541770	0.002644157	0.003023354
ASV_896	0.003143	0.003253170	0.006177075	0.000000000
ASV_1525	0.004178	0.004722527	0.004687929	0.003122074
ASV_2156	0.004719	0.0110356227	0.0022338426	0.0008879708
ASV_2130	0.00412	0.004820942	0.005624372	0.001913601
ASV_2415	0.004497	0.006693642	0.005617923	0.001178773
ASV_2616	0.003941	0.0041519829	0.0068241577	0.0008453898
ASV_3727	0.004354	0.001223398	0.005369459	0.006467956
ASV_3571	0.00309	0.0026509720	0.0064190727	0.0002000464
ASV_3475	0.003687	0.004997116	0.002928165	0.003136730
ASV_4749	0.00315	0.0003800490	0.0083519666	0.0007187162
ASV_4514	0.003492	0.002402953	0.001822165	0.006252261
ASV_6195	0.003677	0.004375494	0.005048792	0.001607484
ASV_7086	0.003415	0.000000000	0.004723702	0.005522769
ASV_3457	0.004094	0.005370421	0.001632540	0.005280021
ASV_5775	0.003385	0.004104201	0.004077810	0.001974285
ASV_3650	0.003807	0.0005655405	0.0028420202	0.0080127145
ASV_3854	0.003227	0.0002200598	0.0050590112	0.0044016788
ASV_4018	0.003569	0.000000000	0.001749286	0.008956841
ASV_4561	0.004288	0.008920708	0.002281999	0.001660076
ASV_7008	0.002954	0.0041395450	0.0042023506	0.0005215918
ASV_5011	0.003362	0.006780172	0.000000000	0.003307016
ASV_4376	0.003655	0.0032802585	0.0004806131	0.0072040985
ASV_4691	0.003684	0.0004965648	0.0000000000	0.0105542722
ASV_6029	0.003194	0.007139633	0.001057056	0.001386254
ASV_5337	0.002909	0.000000000	0.005235708	0.003490694
ASV_5828	0.002923	0.000000000	0.008768885	0.000000000
ASV_4942	0.003932	0.001364113	0.001341452	0.009089470
ASV_1267	0.00395	0.003386521	0.004772884	0.003689468
ASV_6742	0.003738	0.001571246	0.001856844	0.007786221
ASV_6991	0.004526	0.005509717	0.003961365	0.004107939
ASV_2562	0.003776	0.001183354	0.003384322	0.006759507
ASV_2768	0.003142	0.005664116	0.002265875	0.001495106
ASV_3788	0.003524	0.0000000	0.0000000	0.0105734
ASV_3723	0.003325	0.0009486052	0.0056752707	0.0033512946
ASV_5500	0.003288	0.0057757153	0.0034553986	0.0006324337
ASV_3574	0.004354	0.002224730	0.008865932	0.001970365
ASV_4273	0.004085	0.005881409	0.004913013	0.001461204
ASV_4215	0.003961	0.003330282	0.008552947	0.000000000
ASV_3652	0.0036	0.00000000	0.00000000	0.01080073
ASV_5086	0.004225	0.001460538	0.011079930	0.000134283
ASV_8953	0.003943	0.001953420	0.002167731	0.007709181
ASV_7128	0.002982	0.0066975580	0.0009114317	0.0013379397
ASV_5478	0.002921	0.0001164556	0.0086462335	0.0000000000
ASV_7678	0.002925	0.000000000	0.008774418	0.000000000
ASV_8155	0.003043	0.001330001	0.006480559	0.001319323
ASV_1208	0.004516	0.003396538	0.005848694	0.004302338
ASV_1309	0.002811	0.008434082	0.000000000	0.000000000
ASV_3664	0.002965	0.00000000	0.00889469	0.00000000
ASV_1685	0.004266	0.003425517	0.002599070	0.006773397
ASV_1827	0.004325	1.087412e-02	2.004184e-03	9.612686e-05
ASV_2179	0.005704	0.015907780	0.000000000	0.001204271
ASV_2089	0.004785	0.004684891	0.004028374	0.005642079
ASV_4420	0.003979	0.003722688	0.005383048	0.002832092
ASV_2781	0.002868	8.156113e-03	3.505230e-04	9.612686e-05
ASV_4662	0.004935	0.007684107	0.004791134	0.002328871
ASV_3002	0.00372	0.001795270	0.003265022	0.006099924
ASV_3049	0.003803	0.0009796546	0.0036668414	0.0067630682
ASV_3547	0.003796	0.006593521	0.003010048	0.001784763
ASV_7765	0.003074	0.005283715	0.002447565	0.001489376
ASV_4455	0.00446	0.006361150	0.004260606	0.002757949
ASV_5060	0.003114	0.0064762622	0.0001202918	0.0027440013
ASV_4574	0.003244	0.004542538	0.003717414	0.001473352
ASV_6724	0.00444	0.0104816798	0.0025610053	0.0002771081
ASV_6137	0.002854	0.0008195962	0.0076094584	0.0001342830
ASV_4906	0.003267	0.003084277	0.001236348	0.005480392
ASV_4963	0.00353	0.004300072	0.006290463	0.000000000
ASV_6459	0.003833	0.0003470132	0.0061363324	0.0050151115
ASV_4809	0.006075	0.01822431	0.00000000	0.00000000
ASV_341	0.003642	0.002841932	0.005605378	0.002479784
ASV_1615	0.003865	0.002250472	0.001718761	0.007627157
ASV_1785	0.003224	0.0092361142	0.0000000000	0.0004365897
ASV_2309	0.003859	0.003340252	0.005989672	0.002247938
ASV_2559	0.005412	0.0153535257	0.0001190272	0.0007635803
ASV_2868	0.003838	0.002659204	0.001013849	0.007840897
ASV_2965	0.003983	0.006068724	0.002102019	0.003778362
ASV_3385	0.003296	0.003002479	0.001837964	0.005046245
ASV_3583	0.00509	0.001367796	0.013901801	0.000000000
ASV_3931	0.004623	0.011778411	0.001084040	0.001007097
ASV_4711	0.003621	0.0029086080	0.0077141745	0.0002401121
ASV_4299	0.003733	0.0008882337	0.0000000000	0.0103121520
ASV_4072	0.00356	0.000000000	0.001746426	0.008933962
ASV_4738	0.0041	0.010492638	0.001807219	0.000000000
ASV_4139	0.003169	0.0029657869	0.0003943054	0.0061458677
ASV_4766	0.003777	0.0002409348	0.0110907434	0.0000000000
ASV_6482	0.004172	0.004093139	0.005316089	0.003107439
ASV_6122	0.003227	0.0064355956	0.0023603832	0.0008853713
ASV_7602	0.002986	0.003466207	0.004479149	0.001011396
ASV_5761	0.003111	0.002552058	0.006781150	0.000000000
ASV_5415	0.002843	0.000000000	0.008529393	0.000000000
ASV_2460	0.003892	0.0069956330	0.0002605388	0.0044197161
ASV_5104	0.004206	0.001803342	0.008006300	0.002807965
ASV_2621	0.003484	0.0008560306	0.0011940658	0.0084009223
ASV_2883	0.003486	0.001391919	0.008926195	0.000138794
ASV_9240	0.003027	0.002383876	0.001785314	0.004911236
ASV_2778	0.003342	0.001962336	0.006208871	0.001853427
ASV_3124	0.003659	0.005792293	0.003843683	0.001340121
ASV_3432	0.003931	0.001986845	0.005875575	0.003930308
ASV_4922	0.005104	0.002267693	0.010421552	0.002623699
ASV_7676	0.003065	0.0008006948	0.0074579338	0.0009360671
ASV_3691	0.003474	0.0004777236	0.0005787901	0.0093641528
ASV_3363	0.00433	0.0084542546	0.0037317293	0.0008035856
ASV_3323	0.003499	0.0038711089	0.0003982313	0.0062275392
ASV_4684	0.003478	0.0000000000	0.0098788265	0.0005561797
ASV_5300	0.002967	0.005571231	0.001478529	0.001850089
ASV_3774	0.00331	0.0004779181	0.0007520947	0.0087010318
ASV_4412	0.003154	0.005445813	0.002065389	0.001951944
ASV_4147	0.003433	0.0069023716	0.0026635574	0.0007328316
ASV_6594	0.003068	0.0075161718	0.0015489907	0.0001397976
ASV_7847	0.002972	0.003411753	0.005505628	0.000000000
ASV_5563	0.00329	0.006343663	0.001991534	0.001533522
ASV_6299	0.002976	0.0010434586	0.0075358722	0.0003490694
ASV_6753	0.0043	0.0057156658	0.0003888448	0.0067949640
ASV_5110	0.003052	0.0001165159	0.0001190272	0.0089192138
ASV_6901	0.004017	0.004091844	0.001042155	0.006917739
ASV_7941	0.002933	0.0067128898	0.0016835309	0.0004028489
ASV_4542	0.003691	0.0000000	0.0110742	0.0000000
ASV_7929	0.004341	0.004345156	0.005953883	0.002723267
ASV_4786	0.003485	0.0000000000	0.0002380544	0.0102156082
ASV_5190	0.002796	0.0002330318	0.0081546304	0.0000000000
ASV_1849	0.003565	0.0011361005	0.0003608753	0.0091987902
ASV_2354	0.004301	0.005478140	0.005832668	0.001592592
ASV_2412	0.00398	0.003400023	0.003256107	0.005284159
ASV_3545	0.003366	0.0068898305	0.0029767096	0.0002304098
ASV_4721	0.004259	0.004828888	0.003802504	0.004147024
ASV_3438	0.005382	0.0147778349	0.0010421552	0.0003251781
ASV_3584	0.003129	0.003437010	0.002273921	0.003674863
ASV_3811	0.003693	0.009522105	0.001078377	0.000478398
ASV_3810	0.003466	0.002728289	0.004851688	0.002818950
ASV_3388	0.003823	0.005373288	0.004077183	0.002018664
ASV_6780	0.004616	0.004936268	0.007155333	0.001757117
ASV_3771	0.0068	0.019113474	0.001285251	0.000000000
ASV_5290	0.002977	0.0009554472	0.0079748234	0.0000000000
ASV_4024	0.003345	0.001578863	0.003055407	0.005401803
ASV_6146	0.003206	0.004930407	0.004686678	0.000000000
ASV_3915	0.005475	0.0159435544	0.0004816689	0.0000000000
ASV_5303	0.00518	0.0144699374	0.0001562510	0.0009150496
ASV_4473	0.003537	0.0000000000	0.0001190272	0.0104910762
ASV_7576	0.003115	0.005918066	0.002060123	0.001366148
ASV_5872	0.002937	0.0076141929	0.0009190501	0.0002773481
ASV_6522	0.004304	0.0061829384	0.0061136623	0.0006148619
ASV_4742	0.003434	0.002950674	0.004663101	0.002687659
ASV_7568	0.003018	0.0065663300	0.0007450554	0.0017435770
ASV_4991	0.003679	0.0002232163	0.0104216504	0.0003909415
ASV_5013	0.003396	0.000766260	0.001728646	0.007691839
ASV_5552	0.002765	0.00829475	0.00000000	0.00000000
ASV_5784	0.003782	0.005942774	0.003849924	0.001552381
ASV_4845	0.003396	0.000000	0.000000	0.010187
ASV_5032	0.005488	0.01646346	0.00000000	0.00000000
ASV_5334	0.003366	0.00000000	0.01009949	0.00000000
ASV_5541	0.002757	0.000000000	0.008271125	0.000000000
ASV_5677	0.002765	0.000000000	0.008295711	0.000000000
ASV_5956	0.003152	0.006762226	0.002694310	0.000000000
ASV_6086	0.003508	0.0004660636	0.0003425638	0.0097149640
ASV_7376	0.003225	0.000000000	0.004787037	0.004886674
ASV_8293	0.003094	0.000967997	0.000000000	0.008315327
ASV_755	0.00594	0.00000000	0.01782056	0.00000000
ASV_2012	0.005249	0.013038390	0.001167657	0.001540371
ASV_1688	0.003465	0.001675092	0.003036009	0.005683431
ASV_2046	0.003328	0.002615653	0.004594799	0.002772942
ASV_5797	0.00342	0.001937051	0.003191488	0.005131911
ASV_2871	0.003489	0.0003396719	0.0099261452	0.0002000464
ASV_2322	0.00364	0.0004660636	0.0000000000	0.0104534108
ASV_4454	0.003969	0.003386252	0.003867647	0.004652292
ASV_6696	0.004335	0.002270383	0.008891927	0.001841565
ASV_6472	0.003349	0.0003325087	0.0004401486	0.0092733300
ASV_2637	0.002888	0.001590378	0.004446592	0.002628376
ASV_3862	0.002893	0.0003300897	0.0073200946	0.0010293942
ASV_5025	0.00362	0.008031493	0.001038228	0.001789573
ASV_5085	0.003262	0.002851364	0.003444280	0.003490193
ASV_3674	0.004314	0.0119817207	0.0008182050	0.0001412956
ASV_3453	0.003318	0.001646212	0.002517577	0.005791113
ASV_7583	0.004899	0.0118270899	0.0021976861	0.0006708127
ASV_5008	0.00364	0.006671481	0.001782872	0.002465075
ASV_4562	0.003346	0.0073616262	0.0002380544	0.0024378593
ASV_4782	0.002956	0.000000000	0.008867247	0.000000000
ASV_4998	0.003073	0.004342981	0.002110613	0.002766818
ASV_4891	0.003884	0.001080579	0.000156251	0.010416661
ASV_6258	0.002806	0.000000000	0.008417895	0.000000000
ASV_5790	0.003559	0.0088605977	0.0015419450	0.0002755786
ASV_5289	0.002776	0.0000000000	0.0075745884	0.0007538064
ASV_4899	0.004602	0.0111255397	0.0025645119	0.0001163565
ASV_5731	0.005277	0.0158313	0.0000000	0.0000000
ASV_5613	0.002732	0.0001204674	0.0080754493	0.0000000000
ASV_272	0.003005	0.001508616	0.004819528	0.002686614
ASV_1726	0.003143	0.001122791	0.003253427	0.005051950
ASV_1720	0.003167	0.000255420	0.000000000	0.009244969
ASV_2658	0.003813	0.005239903	0.006198651	0.000000000
ASV_2161	0.003392	0.00000000	0.00000000	0.01017688
ASV_2766	0.002826	0.0045441199	0.0003353049	0.0035991807
ASV_2797	0.003645	0.002153597	0.003371268	0.005410278
ASV_2874	0.003297	0.006001426	0.002200285	0.001690552
ASV_3263	0.003263	0.002476632	0.003728698	0.003584336
ASV_3080	0.003683	0.003575113	0.002764182	0.004710838
ASV_3907	0.003829	0.004057401	0.001911171	0.005519459
ASV_2978	0.003516	0.004766991	0.004309670	0.001470086
ASV_8471	0.003058	0.000000000	0.004468222	0.004704827
ASV_3342	0.004189	0.009123136	0.001166534	0.002276852
ASV_4029	0.003958	0.006463182	0.004406675	0.001004996
ASV_3781	0.003359	0.006290228	0.002333757	0.001454128
ASV_4207	0.003249	0.0002409348	0.0001562510	0.0093485920
ASV_3784	0.003029	0.0002409348	0.0000000000	0.0088464611
ASV_4432	0.002654	0.003300897	0.004662002	0.000000000
ASV_8018	0.003997	0.0036419420	0.0002605388	0.0080897726
ASV_4137	0.003322	0.000000000	0.000000000	0.009966552
ASV_8671	0.00457	0.0051931173	0.0079377025	0.0005780817
ASV_5006	0.003131	0.009394338	0.000000000	0.000000000
ASV_4349	0.003531	0.002782313	0.002002183	0.005809738
ASV_9358	0.004461	0.0085967606	0.0044957524	0.0002910598
ASV_4637	0.003594	0.00000000	0.01078132	0.00000000
ASV_4736	0.003071	0.0004884518	0.0000000000	0.0087252213
ASV_6024	0.005287	0.0150932022	0.0000000000	0.0007665285
ASV_4594	0.003525	0.00000000	0.00000000	0.01057496
ASV_5646	0.003374	0.0006987339	0.0094240664	0.0000000000
ASV_5831	0.002773	0.000000000	0.008179841	0.000138794
ASV_6256	0.002679	0.000000000	0.008038136	0.000000000
ASV_2275	0.002891	0.0057084354	0.0001202918	0.0028453854
ASV_2448	0.003713	0.005151488	0.004260462	0.001727368
ASV_3324	0.003374	0.001987940	0.006811627	0.001322729
ASV_9490	0.003567	0.003818372	0.001973176	0.004910229
ASV_3223	0.002782	0.0008867275	0.0000000000	0.0074586096
ASV_3287	0.003587	0.002320620	0.002103704	0.006337504
ASV_4382	0.003546	0.0102406843	0.0001168410	0.0002800897
ASV_3269	0.003339	0.001636959	0.002836225	0.005543754
ASV_3258	0.003288	0.003811696	0.001745735	0.004307866
ASV_4052	0.003443	0.003922619	0.001865939	0.004541363
ASV_4300	0.004869	0.0088093835	0.0052618088	0.0005357492
ASV_4465	0.002635	0.000000000	0.007905147	0.000000000
ASV_4661	0.002545	0.007633908	0.000000000	0.000000000
ASV_4489	0.003531	0.002154752	0.008438137	0.000000000
ASV_4171	0.003357	0.0000000	0.0000000	0.0100697
ASV_4346	0.002991	0.000255420	0.005335255	0.003381180
ASV_5273	0.004983	0.007298391	0.007513175	0.000138554
ASV_6396	0.003137	0.003044021	0.002971272	0.003396542
ASV_5869	0.003152	0.004479875	0.001222922	0.003753006
ASV_6934	0.00265	0.000000000	0.003635755	0.004314753
ASV_7219	0.002646	0.0001200665	0.0078182012	0.0000000000
ASV_5787	0.003166	0.001005859	0.002665273	0.005825547
ASV_5111	0.003151	0.000000000	0.000000000	0.009453579
ASV_5889	0.005323	0.01597019	0.00000000	0.00000000
ASV_4732	0.003486	0.00000000	0.01045896	0.00000000
ASV_7076	0.002934	0.000000000	0.008801277	0.000000000
ASV_7220	0.002739	0.000000000	0.008217191	0.000000000
ASV_609	0.004865	0.009648121	0.002031263	0.002915152
ASV_942	0.002684	0.0039614802	0.0037088121	0.0003817901
ASV_1956	0.002607	0.000000000	0.000000000	0.007821512
ASV_1835	0.003518	0.003042297	0.006251965	0.001258384
ASV_2296	0.003426	0.001401517	0.006433061	0.002442754
ASV_2645	0.002995	0.001478264	0.004665412	0.002840560
ASV_2688	0.003625	0.002414722	0.006303503	0.002156904
ASV_3218	0.003816	0.0038376669	0.0070103605	0.0006001392
ASV_2716	0.003215	0.003791205	0.001776232	0.004078738
ASV_3877	0.004116	0.006370010	0.003816023	0.002163049
ASV_5427	0.003612	0.004252437	0.003299644	0.003284449
ASV_2831	0.003091	0.0000000000	0.0001190272	0.0091540142
ASV_3194	0.003191	0.002280272	0.004956186	0.002336006
ASV_3622	0.002934	0.0000000000	0.0079291555	0.0008731794
ASV_3235	0.002897	0.0004752127	0.0004925989	0.0077235065
ASV_5888	0.003275	0.003459720	0.005338568	0.001025453
ASV_4449	0.003402	0.0077919087	0.0002235366	0.0021898994
ASV_4044	0.003108	0.001631223	0.000000000	0.007691489
ASV_4907	0.002812	0.0067949113	0.0007823782	0.0008588904
ASV_5730	0.003765	0.0002182358	0.0107705602	0.0003072515
ASV_5692	0.002752	0.003197497	0.003333600	0.001724218
ASV_5354	0.00309	0.004085869	0.001900395	0.003283566
ASV_5454	0.003106	0.004493716	0.003273495	0.001551287
ASV_5382	0.002823	0.0027411205	0.0052030589	0.0005246194
ASV_7308	0.004622	0.011823897	0.002041681	0.000000000
ASV_1616	0.004145	0.0006887865	0.0093964614	0.0023509692
ASV_2375	0.005108	0.0149679015	0.0003570816	0.0000000000
ASV_1963	0.003325	0.000000000	0.001186176	0.008788916
ASV_9086	0.004388	0.004918193	0.005324005	0.002923149
ASV_2327	0.002844	0.002772617	0.002983539	0.002774522
ASV_2853	0.002851	0.0049143440	0.0028682121	0.0007698941
ASV_3600	0.003525	0.005046492	0.002367095	0.003160733
ASV_3484	0.00279	0.0006650174	0.0075119324	0.0001924735
ASV_3379	0.002973	0.002860777	0.000000000	0.006058958
ASV_3609	0.003302	0.004798182	0.005108012	0.000000000
ASV_9294	0.003964	0.0075413083	0.0039212555	0.0004281212
ASV_4852	0.003205	0.0063674696	0.0028831291	0.0003646928
ASV_6842	0.003237	0.0005996316	0.0022328081	0.0068793763
ASV_5624	0.002842	0.003438167	0.003601182	0.001485967
ASV_5301	0.005317	0.003732564	0.012217017	0.000000000
ASV_8684	0.002762	0.0041625184	0.0034150887	0.0007071706
ASV_5012	0.005196	0.012022769	0.003565915	0.000000000
ASV_6933	0.002936	0.002172252	0.002065171	0.004571182
ASV_7262	0.002526	0.0033789610	0.0040075512	0.0001924735
ASV_5047	0.003403	0.00000000	0.00000000	0.01021031
ASV_4609	0.003436	0.0009204374	0.0000000000	0.0093882123
ASV_6286	0.002629	0.0077753773	0.0001117683	0.0000000000
ASV_6295	0.003329	0.002631289	0.000000000	0.007355307
ASV_6352	0.002563	0.000000000	0.007688652	0.000000000
ASV_1908	0.003479	0.000000000	0.009010955	0.001424630
ASV_3551	0.00314	0.001202915	0.007049553	0.001168402
ASV_2545	0.003189	0.0000000000	0.0004266418	0.0091394022
ASV_2686	0.003061	0.0078255164	0.0001100371	0.0012477923
ASV_2892	0.002897	0.001856198	0.004480649	0.002354446
ASV_4092	0.003838	0.008089743	0.001767204	0.001658077
ASV_2966	0.003198	0.002497828	0.003314379	0.003782196
ASV_3065	0.002656	0.0056431240	0.0019246685	0.0004000928
ASV_3032	0.003038	0.00170519	0.00251854	0.00489032
ASV_3362	0.002581	0.007743448	0.000000000	0.000000000
ASV_3550	0.003294	0.0056951552	0.0031923165	0.0009938368
ASV_3734	0.002642	0.002809553	0.001071245	0.004044910
ASV_3978	0.002851	0.000000000	0.004720480	0.003832918
ASV_3721	0.002779	0.004154302	0.002757810	0.001425139
ASV_4023	0.00305	0.004130162	0.003530593	0.001488665
ASV_4334	0.003738	0.004226833	0.006987176	0.000000000
ASV_4025	0.004448	0.010952584	0.002392781	0.000000000
ASV_6626	0.002759	0.003081995	0.003554745	0.001640251
ASV_4800	0.003713	0.005807690	0.002112492	0.003219996
ASV_4260	0.003792	0.005115304	0.002570588	0.003689790
ASV_4425	0.002938	0.0005545481	0.0082604139	0.0000000000
ASV_4565	0.00485	0.0006650174	0.0138839051	0.0000000000
ASV_4228	0.003067	0.0012109814	0.0006219279	0.0073683506
ASV_5855	0.003547	0.006261580	0.003955007	0.000423118
ASV_4547	0.002798	0.00000000	0.00000000	0.00839266
ASV_4971	0.002913	0.0033001501	0.0049768678	0.0004615393
ASV_5317	0.003781	0.0014057795	0.0003888448	0.0095491330
ASV_5988	0.002738	0.0000000000	0.0079236238	0.0002910598
ASV_8127	0.002736	0.0057744170	0.0022421823	0.0001924735
ASV_8051	0.002531	0.0001164556	0.0074778236	0.0000000000
ASV_5112	0.003009	0.000000000	0.000000000	0.009027185
ASV_1209	0.002869	0.001996371	0.004644314	0.001967623
ASV_1986	0.004776	0.009376045	0.003279004	0.001671745
ASV_2359	0.002735	0.0001100299	0.0080964044	0.0000000000
ASV_2671	0.002946	0.003247790	0.001602239	0.003988351
ASV_3307	0.002872	0.0043098155	0.0006773286	0.0036285421
ASV_3479	0.003127	0.0053741989	0.0034632155	0.0005426465
ASV_2692	0.003199	0.003952334	0.001958177	0.003687051
ASV_3100	0.003508	0.0018570413	0.0002303289	0.0084370583
ASV_3997	0.003304	0.0025619715	0.0009356339	0.0064147655
ASV_3752	0.003251	0.001511483	0.004771487	0.003469005
ASV_6196	0.002762	0.002354371	0.002082097	0.003850429
ASV_4034	0.002813	0.0004401195	0.0046578974	0.0033411663
ASV_4558	0.003593	0.004419738	0.004043146	0.002315776
ASV_7114	0.003511	0.0051892474	0.0008357196	0.0045092579
ASV_4371	0.003994	0.0110269635	0.0001538083	0.0008011208
ASV_5860	0.003768	0.002499244	0.005381438	0.003423116
ASV_8284	0.002882	0.0002200598	0.0000000000	0.0084262658
ASV_4666	0.003406	0.001696228	0.001513678	0.007006938
ASV_4703	0.003323	0.0007101386	0.0066013444	0.0026579151
ASV_4707	0.003344	0.002902459	0.007129878	0.000000000
ASV_9643	0.002625	0.0041399406	0.0027598321	0.0009742731
ASV_6190	0.003768	0.006896384	0.004124477	0.000284084
ASV_5639	0.003545	0.001705922	0.008927662	0.000000000
ASV_4994	0.002949	0.000000000	0.000000000	0.008846207
ASV_9828	0.003572	0.003464855	0.006358634	0.000893826
ASV_5113	0.00353	0.0003800490	0.0001190272	0.0100909539
ASV_5235	0.003333	0.00000000	0.01000006	0.00000000
ASV_1134	0.002589	0.000000000	0.004856507	0.002909906
ASV_1686	0.005291	0.000000000	0.015111250	0.000762962
ASV_1868	0.005159	0.011363087	0.004115212	0.000000000
ASV_2790	0.004154	0.0088212076	0.0005505564	0.0030911967
ASV_1838	0.002894	0.000255420	0.001901159	0.006524228
ASV_2222	0.003094	0.001295974	0.001212165	0.006772401
ASV_2580	0.002951	6.539755e-03	2.217859e-03	9.612686e-05
ASV_9722	0.003282	0.0006120688	0.0049853911	0.0042484362
ASV_5674	0.003003	0.000000000	0.009009826	0.000000000
ASV_2990	0.002533	0.0000000000	0.0074580903	0.0001397976
ASV_3361	0.00297	0.001865144	0.001138565	0.005907650
ASV_2976	0.003845	0.00000000	0.01153538	0.00000000
ASV_3105	0.002906	0.0004818697	0.0039893370	0.0042469694
ASV_3353	0.003186	0.000000000	0.000000000	0.009559434
ASV_7092	0.004469	0.0105079053	0.0004687529	0.0024313297
ASV_3553	0.003008	0.0007166246	0.0033889542	0.0049176141
ASV_3366	0.003287	0.001085036	0.002232996	0.006542260
ASV_3705	0.002928	0.001360222	0.006007215	0.001415628
ASV_7074	0.003178	0.000000000	0.001705429	0.007828711
ASV_3549	0.002939	0.001722606	0.004211616	0.002882132
ASV_3909	0.002869	0.005178801	0.001285517	0.002142435
ASV_5772	0.002572	0.0003719359	0.0000000000	0.0073443291
ASV_4040	0.003039	0.000000000	0.000306350	0.008809837
ASV_4087	0.003205	0.0014702365	0.0074509192	0.0006939702
ASV_7617	0.003407	0.0056344794	0.0037673197	0.0008204742
ASV_4556	0.003067	0.002037712	0.002561767	0.004602799
ASV_4481	0.002574	0.004942792	0.000000000	0.002780624
ASV_5333	0.002668	0.000000000	0.001074758	0.006930355
ASV_5625	0.002496	0.0065381671	0.0003883111	0.0005621620
ASV_5366	0.004527	0.001174032	0.012407704	0.000000000
ASV_6413	0.00458	0.0007739608	0.0120898717	0.0008775620
ASV_5825	0.002447	0.0000000	0.0073417	0.0000000
ASV_4843	0.00323	0.000000000	0.009689922	0.000000000
ASV_6694	0.002446	0.000000000	0.007339167	0.000000000
ASV_7858	0.002454	0.000000000	0.007360983	0.000000000
ASV_677	0.002816	0.001919576	0.002255301	0.004272523
ASV_1118	0.003898	0.004542906	0.000000000	0.007152571
ASV_1400	0.003272	0.005577286	0.001402092	0.002835302
ASV_1691	0.002899	0.0045042108	0.0040031237	0.0001908951
ASV_1728	0.003063	0.0000000000	0.0086135239	0.0005767611
ASV_2039	0.002938	0.000000000	0.005091331	0.003723407
ASV_2508	0.002865	0.000000000	0.000000000	0.008594518
ASV_2519	0.002686	0.0061502344	0.0010421552	0.0008651417
ASV_3261	0.004312	0.003850629	0.006767451	0.002319163
ASV_3238	0.003053	0.001796241	0.000156251	0.007205010
ASV_6493	0.003458	0.004018814	0.003304704	0.003051453
ASV_3016	0.004632	0.0072984355	0.0059820491	0.0006148623
ASV_3816	0.003251	0.004725140	0.002610053	0.002417260
ASV_3735	0.002505	0.0068744378	0.0006413694	0.0000000000
ASV_7498	0.003505	0.001945288	0.004349339	0.004219404
ASV_3731	0.002862	0.004349278	0.001162057	0.003076082
ASV_3905	0.00291	0.002042593	0.006687891	0.000000000
ASV_3740	0.002805	0.003929645	0.002378706	0.002106291
ASV_4699	0.00244	0.0063582880	0.0009623342	0.0000000000
ASV_5197	0.002873	0.0028656092	0.0050130708	0.0007415893
ASV_3914	0.002431	0.002970807	0.002553131	0.001770542
ASV_6293	0.002754	0.005775819	0.002487177	0.000000000
ASV_4744	0.003237	0.002478155	0.003568473	0.003665256
ASV_9314	0.004005	0.0096190179	0.0009326515	0.0014638031
ASV_5789	0.003307	0.0016017678	0.0004761089	0.0078443419
ASV_4789	0.003098	0.0004883313	0.0000000000	0.0088060819
ASV_5188	0.002764	0.0080139592	0.0000000000	0.0002771081
ASV_9840	0.003807	0.0060120938	0.0045199661	0.0008895481
ASV_5630	0.002812	0.004708651	0.001721078	0.002005332
ASV_5446	0.002812	0.002570950	0.001813237	0.004052550
ASV_4545	0.003139	0.000380049	0.000000000	0.009036188
ASV_5676	0.002586	0.0007750473	0.0019414680	0.0050413189
ASV_6025	0.002547	0.0012477333	0.0002605388	0.0061339102
ASV_6712	0.002783	0.001514707	0.000000000	0.006833136
ASV_7529	0.002559	0.0002182358	0.0066655240	0.0007931812
ASV_5826	0.002699	0.000000000	0.008096244	0.000000000
ASV_5987	0.002629	0.000000000	0.007887859	0.000000000
ASV_2374	0.002986	0.000000000	0.002261522	0.006697127
ASV_2063	0.003379	0.006043586	0.002336819	0.001756263
ASV_2426	0.003002	0.001230561	0.006662760	0.001114088
ASV_2376	0.003063	0.0003325087	0.0022169374	0.0066384322
ASV_3401	0.003253	0.001497292	0.006733258	0.001529182
ASV_2928	0.0029	0.0014605004	0.0065630078	0.0006756061
ASV_5631	0.003414	0.002802033	0.001020935	0.006419536
ASV_3509	0.00326	0.002327561	0.001005915	0.006446075
ASV_3225	0.003034	0.003062723	0.006038837	0.000000000
ASV_3772	0.003079	0.002737977	0.002388858	0.004109407
ASV_3338	0.003177	0.00000000	0.00953131	0.00000000
ASV_3319	0.0029	0.000000000	0.000000000	0.008699018
ASV_3908	0.002839	0.001480645	0.002909217	0.004128317
ASV_3843	0.00297	0.001529374	0.003303956	0.004077687
ASV_4745	0.00279	0.006425861	0.000535817	0.001408073
ASV_4157	0.002721	0.001109096	0.004284403	0.002770306
ASV_4213	0.002886	0.003066243	0.003544504	0.002046301
ASV_5473	0.003652	0.004638737	0.001852286	0.004465760
ASV_3875	0.003196	0.001690296	0.000306350	0.007590990
ASV_4369	0.002823	0.002294931	0.003467209	0.002706554
ASV_4422	0.003098	0.003779255	0.002042509	0.003473561
ASV_9305	0.003284	0.003339520	0.004246870	0.002266583
ASV_5005	0.003456	0.0026803970	0.0071132882	0.0005751438
ASV_4692	0.003251	0.004840396	0.004911558	0.000000000
ASV_4452	0.002717	0.003689439	0.000153175	0.004307759
ASV_6859	0.002552	0.0068179915	0.0000000000	0.0008370301
ASV_5002	0.00334	0.0064684809	0.0034059686	0.0001455299
ASV_5367	0.003386	0.001855944	0.001071634	0.007229733
ASV_7727	0.003856	0.0045011742	0.0062548977	0.0008130682
ASV_5268	0.002432	0.0004401195	0.0068566314	0.0000000000
ASV_7435	0.004709	0.0140047125	0.0000000000	0.0001237556
ASV_5519	0.004153	0.0098990851	0.0020078590	0.0005524322
ASV_5948	0.004215	0.012006314	0.000637728	0.000000000
ASV_8665	0.002261	0.0008156113	0.0059678363	0.0000000000
ASV_2218	0.003727	0.005558679	0.004196038	0.001426504
ASV_2879	0.002819	0.0038285234	0.0007199321	0.0039073696
ASV_2341	0.003537	0.01060956	0.00000000	0.00000000
ASV_2392	0.002773	0.0034896905	0.0005964006	0.0042340659
ASV_2828	0.002864	0.002288406	0.003742303	0.002562644
ASV_2657	0.002548	0.001522610	0.003504352	0.002618165
ASV_2506	0.002656	0.000000000	0.007967408	0.000000000
ASV_2923	0.003186	0.0057359675	0.0029660195	0.0008559824
ASV_3647	0.002772	0.0048908053	0.0003905948	0.0030357042
ASV_3042	0.003664	0.003188873	0.004947325	0.002854490
ASV_2799	0.002836	0.004024421	0.002050805	0.002432206
ASV_3459	0.003736	0.004980682	0.004833983	0.001392484
ASV_3800	0.003398	0.004858564	0.003109253	0.002227269
ASV_3364	0.003251	0.0041188006	0.0005588415	0.0050766954
ASV_3450	0.00304	0.0034288663	0.0004761089	0.0052137306
ASV_4156	0.002532	0.0072450998	0.0003506207	0.0000000000
ASV_4295	0.002805	0.0006961599	0.0010567271	0.0066606716
ASV_3748	0.003911	0.008832861	0.000000000	0.002900101
ASV_3996	0.00282	0.003140731	0.001380885	0.003939373
ASV_7165	0.004252	0.003217154	0.008779037	0.000758516
ASV_8347	0.003796	0.007635855	0.002341489	0.001410131
ASV_4534	0.002776	0.001100299	0.005203506	0.002025488
ASV_5769	0.002961	0.001321373	0.001368288	0.006192833
ASV_5440	0.003508	0.002757149	0.005122342	0.002643331
ASV_4875	0.002813	0.0003495477	0.0005327410	0.0075565333
ASV_6009	0.003533	0.0098132712	0.0002605388	0.0005262427
ASV_5212	0.004244	0.009552113	0.003178919	0.000000000
ASV_7369	0.002433	0.0004490246	0.0066604557	0.0001908951
ASV_4733	0.003076	0.000000000	0.009228498	0.000000000
ASV_1339	0.002936	0.004404092	0.001542691	0.002860096
ASV_1222	0.002551	0.0029054145	0.0009598051	0.0037880366
ASV_4067	0.003732	0.003095792	0.006704634	0.001395498
ASV_8263	0.003361	0.0022810652	0.0002605388	0.0075400460
ASV_9433	0.003293	0.004185859	0.004657828	0.001036039
ASV_2284	0.003297	0.002702427	0.004923186	0.002264807
ASV_2330	0.002973	0.002399081	0.000000000	0.006520829
ASV_2981	0.003407	0.001761928	0.003511384	0.004948545
ASV_2980	0.003117	0.0009328411	0.0008495835	0.0075674094
ASV_4340	0.002912	0.001515708	0.001746723	0.005473127
ASV_4406	0.003628	0.00000000	0.01088523	0.00000000
ASV_3671	0.003021	0.0016549316	0.0009228504	0.0064862468
ASV_9672	0.003519	0.005395627	0.001332072	0.003830489
ASV_4285	0.002743	0.000000000	0.002003090	0.006226589
ASV_5255	0.003088	0.0025857379	0.0065319067	0.0001455299
ASV_4078	0.002096	0.000000000	0.000000000	0.006288375
ASV_5859	0.002967	0.004417018	0.003406500	0.001076509
ASV_4192	0.003009	0.0009975261	0.0030033604	0.0050266000
ASV_5581	0.002288	0.0023941278	0.0038875637	0.0005817823
ASV_8800	0.002361	0.002469264	0.003564949	0.001048547
ASV_6046	0.003583	0.0071654974	0.0030884884	0.0004950225
ASV_6170	0.002401	0.003609633	0.003593301	0.000000000
ASV_4830	0.002539	0.000000000	0.007615658	0.000000000
ASV_5125	0.002844	0.0030533066	0.0049951248	0.0004849338
ASV_7012	0.002389	0.002467191	0.002965279	0.001734596
ASV_7692	0.002741	0.0007166246	0.0075058517	0.0000000000
ASV_4937	0.002595	0.000000000	0.007784802	0.000000000
ASV_7067	0.002349	0.0001165159	0.0066729586	0.0002580386
ASV_4992	0.002708	0.000000000	0.000000000	0.008124301
ASV_6219	0.002547	0.0003429412	0.0067224566	0.0005767611
ASV_8121	0.005239	0.0007340563	0.0149816634	0.0000000000
ASV_6211	0.003228	0.0053626302	0.0039379756	0.0003831488
ASV_6019	0.003882	0.0114224222	0.0002235366	0.0000000000
ASV_6177	0.002366	0.000000000	0.007097215	0.000000000
ASV_5420	0.003006	0.000000000	0.000000000	0.009017958
ASV_6628	0.002677	0.0018070112	0.0004327937	0.0057897882
ASV_6944	0.002198	0.00000000	0.00659433	0.00000000
ASV_6284	0.003624	0.0041741864	0.0061972116	0.0005008639
ASV_5483	0.002897	0.000000000	0.000000000	0.008690996
ASV_721	0.00437	0.0121451505	0.0000000000	0.0009639478
ASV_963	0.002742	0.000000000	0.000000000	0.008226987
ASV_1683	0.004299	0.0110386220	0.0017115812	0.0001455299
ASV_7105	0.002949	0.0007600979	0.0016382078	0.0064490275
ASV_1601	0.002924	0.001154010	0.003697083	0.003919892
ASV_1857	0.003408	0.007122452	0.001556974	0.001545180
ASV_1824	0.002677	0.001225981	0.001148352	0.005656903
ASV_3121	0.003245	0.004104318	0.001572726	0.004058955
ASV_2147	0.002782	0.003703088	0.002955672	0.001686814
ASV_2478	0.003116	0.004198415	0.000000000	0.005148944
ASV_2585	0.002627	0.002221819	0.001565456	0.004093399
ASV_8491	0.003406	0.002678447	0.005270584	0.002268771
ASV_3104	0.002877	0.0004919421	0.0002605388	0.0078781624
ASV_4710	0.003279	0.003077025	0.003951100	0.002807563
ASV_4604	0.002383	0.003244316	0.001507594	0.002397647
ASV_6489	0.002919	0.002621783	0.003613958	0.002522662
ASV_4508	0.00229	0.006714707	0.000156251	0.000000000
ASV_6573	0.003225	0.003047617	0.002876864	0.003749548
ASV_3963	0.00281	0.0022308198	0.0005145972	0.0056833017
ASV_6321	0.002926	0.0039269635	0.0007941709	0.0040571412
ASV_5068	0.003426	6.727438e-03	3.453015e-03	9.612686e-05
ASV_5128	0.002627	0.0072010253	0.0006806882	0.0000000000
ASV_4313	0.002761	0.0006032652	0.0024996008	0.0051791167
ASV_5758	0.002414	0.0000000	0.0072421	0.0000000
ASV_5009	0.002565	0.003167125	0.002077503	0.002449081
ASV_4411	0.003142	0.0021256717	0.0004504032	0.0068513186
ASV_5267	0.002737	0.0003614022	0.0002752782	0.0075754440
ASV_8760	0.003053	0.002893090	0.004317247	0.001949635
ASV_6729	0.003258	0.0044794432	0.0005424163	0.0047528469
ASV_5697	0.003456	0.004013125	0.006354422	0.000000000
ASV_6114	0.003277	0.002705001	0.003083547	0.004043779
ASV_6102	0.004134	0.0122898810	0.0001117683	0.0000000000
ASV_6282	0.002534	0.002258369	0.001849901	0.003493025
ASV_5286	0.002389	0.0002401329	0.0069257547	0.0000000000
ASV_6521	0.003139	0.0031402693	0.0057999920	0.0004763377
ASV_5304	0.003596	0.0036970230	0.0069491209	0.0001412956
ASV_6408	0.003378	0.002270031	0.000312502	0.007550974
ASV_5241	0.002974	0.000000000	0.008920881	0.000000000
ASV_1123	0.002398	0.002831041	0.000000000	0.004363795
ASV_1599	0.002634	0.000000000	0.003098522	0.004802903
ASV_2873	0.004371	0.0094434255	0.0006250039	0.0030452123
ASV_1927	0.002908	0.006753304	0.000153175	0.001817368
ASV_2789	0.004356	0.007006233	0.005500247	0.000561672
ASV_2577	0.002608	0.002916737	0.002812518	0.002094416
ASV_3564	0.002549	0.001637703	0.002690704	0.003317823
ASV_7563	0.003142	0.001513588	0.003660203	0.004253204
ASV_3445	0.002317	0.001557342	0.001498578	0.003893582
ASV_3286	0.003048	0.004115955	0.002621905	0.002404707
ASV_3615	0.002367	0.0053593264	0.0014546108	0.0002883806
ASV_2970	0.00279	0.001355719	0.004657846	0.002355290
ASV_3288	0.003135	0.005124194	0.000000000	0.004279415
ASV_3259	0.002734	0.004849950	0.003350563	0.000000000
ASV_3755	0.002635	0.0001100299	0.0012356840	0.0065582998
ASV_3722	0.003772	0.006636946	0.002878654	0.001799472
ASV_5702	0.003526	0.006107661	0.001198045	0.003273511
ASV_3708	0.003206	0.0039859868	0.0008353843	0.0047976646
ASV_3954	0.002975	0.0055306155	0.0027216761	0.0006735228
ASV_4536	0.002342	0.000000000	0.000000000	0.007025907
ASV_4226	0.002972	0.002268976	0.004863102	0.001782483
ASV_4188	0.002942	0.0012233208	0.0002605388	0.0073428791
ASV_7017	0.002655	0.0022079175	0.0004761089	0.0052802113
ASV_4231	0.002932	0.0003493669	0.0050554776	0.0033917504
ASV_4510	0.002977	0.0005529875	0.0000000000	0.0083765916
ASV_5941	0.002498	0.002013111	0.004329244	0.001151885
ASV_6893	0.002869	0.002559986	0.004257860	0.001790290
ASV_4941	0.002667	0.0002545073	0.0000000000	0.0077461672
ASV_7738	0.003103	0.004150121	0.002498024	0.002660815
ASV_5262	0.002854	0.002709546	0.000000000	0.005851124
ASV_4988	0.00269	0.000255420	0.002041793	0.005771438
ASV_5342	0.002841	0.001062845	0.000000000	0.007460986
ASV_5718	0.002588	0.002525405	0.001451033	0.003786496
ASV_6379	0.002632	0.0033329255	0.0039384024	0.0006239279
ASV_5196	0.002704	0.001254591	0.000306350	0.006551541
ASV_5355	0.002448	0.001725960	0.001974895	0.003642831
ASV_5062	0.002413	0.005168340	0.000000000	0.002071517
ASV_6980	0.002424	0.007270814	0.000000000	0.000000000
ASV_5130	0.002878	0.001691437	0.001310394	0.005631949
ASV_5632	0.00249	0.002352439	0.003396714	0.001720417
ASV_6624	0.004186	0.0120387244	0.0000000000	0.0005203483
ASV_5885	0.002482	0.0008151895	0.0042399929	0.0023902981
ASV_5568	0.002895	0.003677336	0.005008492	0.000000000
ASV_7737	0.002521	0.002851964	0.004027865	0.000684101
ASV_5617	0.002977	0.0004727431	0.0084594561	0.0000000000
ASV_5757	0.002733	0.000000000	0.008197569	0.000000000
ASV_7896	0.002166	0.003728509	0.002770301	0.000000000
ASV_9008	0.00531	0.01592908	0.00000000	0.00000000
ASV_2225	0.003264	0.0005879287	0.0080595021	0.0011455210
ASV_1955	0.002765	0.000000000	0.001951038	0.006344572
ASV_2422	0.003295	0.001897202	0.006903031	0.001084270
ASV_2620	0.002772	0.0014789564	0.0063142693	0.0005237411
ASV_2673	0.002392	0.0020834962	0.0043089665	0.0007846391
ASV_2984	0.002343	0.0004739666	0.0007452957	0.0058105353
ASV_3046	0.002821	0.0011909584	0.0068872513	0.0003845074
ASV_4203	0.002604	0.001911608	0.001572015	0.004327407
ASV_3429	0.003017	0.007031987	0.002019280	0.000000000
ASV_3655	0.002535	0.0003300897	0.0026247086	0.0046493074
ASV_3716	0.003554	0.003439214	0.005449382	0.001773688
ASV_4444	0.002479	0.00000000	0.00743631	0.00000000
ASV_5698	0.003575	0.003521859	0.004809145	0.002392891
ASV_5429	0.002682	0.0025335845	0.0008664022	0.0046462195
ASV_3828	0.002648	0.000000000	0.003646645	0.004297372
ASV_4181	0.003116	0.003463982	0.002190980	0.003694154
ASV_4019	0.002693	0.002353500	0.001595681	0.004130218
ASV_4671	0.002923	0.0005694267	0.0054122453	0.0027873403
ASV_4910	0.002946	0.0028182609	0.0055312537	0.0004884485
ASV_8351	0.002918	0.0068329232	0.0007141633	0.0012064837
ASV_4450	0.002919	0.002981953	0.002323054	0.003450575
ASV_9911	0.00271	0.0002550927	0.0006328459	0.0072423938
ASV_5849	0.003042	0.003497497	0.003650112	0.001979388
ASV_5457	0.003235	0.0031424627	0.0060135295	0.0005489083
ASV_6015	0.00267	0.0035691454	0.0002792041	0.0041612191
ASV_9852	0.002316	0.0007702092	0.0046773647	0.0015011388
ASV_5071	0.002636	0.000380049	0.004120709	0.003408274
ASV_5332	0.002705	0.0000000000	0.0009143606	0.0072020438
ASV_9083	0.003624	0.008111104	0.001384131	0.001378081
ASV_5432	0.002512	0.0011392149	0.0001202918	0.0062751967
ASV_6187	0.002699	0.0007009399	0.0001190272	0.0072767832
ASV_5129	0.005114	0.01534232	0.00000000	0.00000000
ASV_5171	0.003533	0.0007322309	0.0098653510	0.0000000000
ASV_5997	0.002884	0.0000000000	0.0084594561	0.0001924735
ASV_6094	0.002768	0.001281675	0.000000000	0.007023616
ASV_6370	0.002442	0.0000000000	0.0001117683	0.0072130344
ASV_4893	0.002647	0.000000000	0.000000000	0.007940088
ASV_5504	0.002979	0.001787940	0.000000000	0.007149115
ASV_6681	0.002524	0.0004883916	0.0021529975	0.0049303732
ASV_5477	0.002917	0.000000000	0.008750055	0.000000000
ASV_6390	0.002921	0.0036465906	0.0045485462	0.0005664821
ASV_7451	0.002439	0.0034696625	0.0009852455	0.0028634021
ASV_1143	0.002802	0.004387291	0.000000000	0.004019027
ASV_5503	0.003194	0.003846815	0.002969696	0.002764374
ASV_1639	0.002066	0.000000000	0.006196812	0.000000000
ASV_1504	0.003594	0.000255420	0.008357757	0.002168024
ASV_4807	0.00549	0.003087882	0.013380902	0.000000000
ASV_2174	0.002798	0.002359822	0.003790377	0.002242650
ASV_2292	0.003145	0.004114774	0.002867443	0.002452603
ASV_2500	0.002504	0.001566362	0.001825755	0.004119677
ASV_2735	0.003023	0.0047042673	0.0008924153	0.0034719638
ASV_2366	0.003067	0.005343302	0.001743862	0.002114791
ASV_2881	0.002985	5.664892e-03	3.193768e-03	9.612686e-05
ASV_3003	0.002165	0.0062165122	0.0000000000	0.0002795951
ASV_3656	0.002407	0.000138637	0.002169053	0.004912494
ASV_7406	0.003889	0.0072790355	0.0005210776	0.0038667276
ASV_3029	0.003121	0.003225386	0.001470298	0.004666151
ASV_3179	0.002508	0.0005545481	0.0027810475	0.0041888326
ASV_3278	0.002609	0.0007093255	0.0023514545	0.0047665567
ASV_4027	0.00265	0.0007125577	0.0001117683	0.0071255813
ASV_3964	0.002923	0.0059047881	0.0026729176	0.0001924735
ASV_5945	0.002926	0.002936012	0.000156251	0.005686045
ASV_4951	0.003052	0.0027725080	0.0060331437	0.0003490694
ASV_8026	0.00265	0.001715162	0.003212637	0.003021415
ASV_4914	0.002469	0.0074076	0.0000000	0.0000000
ASV_5118	0.003572	0.0088503435	0.0011383365	0.0007281456
ASV_5119	0.005099	0.0149094265	0.0003888448	0.0000000000
ASV_5760	0.002552	0.000000000	0.003030781	0.004623821
ASV_5181	0.002641	0.000000000	0.000000000	0.007922972
ASV_5884	0.003008	0.0028122405	0.0052383831	0.0009736047
ASV_6312	0.002278	0.0030845938	0.0034408184	0.0003072515
ASV_5372	0.002728	0.001415737	0.002715752	0.004053729
ASV_5245	0.002899	0.000000000	0.000000000	0.008697009
ASV_7251	0.002819	0.002227204	0.001171448	0.005057292
ASV_5921	0.002773	0.000000000	0.000000000	0.008318066
ASV_7210	0.002191	0.0001204674	0.0060729160	0.0003787181
ASV_8805	0.002735	0.0043848197	0.0008750598	0.0029436914
ASV_6693	0.002335	0.000000000	0.007004227	0.000000000
ASV_806	0.002525	0.001092015	0.004374202	0.002107818
ASV_1100	0.002236	0.0000000000	0.0065914655	0.0001163565
ASV_2697	0.003138	0.0047161634	0.0039747639	0.0007244921
ASV_3627	0.003015	0.0005655405	0.0044287980	0.0040509165
ASV_3730	0.003241	0.006177425	0.001248914	0.002296601
ASV_3966	0.003535	0.0071697332	0.0005210776	0.0029146091
ASV_3677	0.002621	0.001706266	0.005119900	0.001037543
ASV_4108	0.00277	0.0039681669	0.0001190272	0.0042228226
ASV_3682	0.002765	0.0007372897	0.0053060959	0.0022522649
ASV_3673	0.002509	0.001146316	0.003421652	0.002958391
ASV_4924	0.003424	0.000000000	0.008801863	0.001469532
ASV_4337	0.002342	0.001290058	0.000000000	0.005735379
ASV_8353	0.002111	0.0026263017	0.0035833494	0.0001237556
ASV_4291	0.002473	0.0008225919	0.0004761089	0.0061212227
ASV_5359	0.002677	0.003200346	0.002580093	0.002251261
ASV_6629	0.002419	0.0042573411	0.0023628258	0.0006367006
ASV_4509	0.003486	0.007832959	0.000000000	0.002623852
ASV_9031	0.003026	0.004681729	0.002691874	0.001705737
ASV_6131	0.002365	0.001275076	0.003329913	0.002490918
ASV_7689	0.002329	0.0023680864	0.0042808724	0.0003388405
ASV_5642	0.002436	0.0035823950	0.0003763253	0.0033495770
ASV_7562	0.002128	0.0022338168	0.0038174437	0.0003320513
ASV_5437	0.002668	0.0007600979	0.0000000000	0.0072447227
ASV_7281	0.002544	0.0048098801	0.0003797876	0.0024431568
ASV_6608	0.003356	0.004757330	0.002962927	0.002346396
ASV_6203	0.002934	0.001664405	0.001246443	0.005892210
ASV_5378	0.002324	0.001995357	0.004976430	0.000000000
ASV_5782	0.002444	0.001090188	0.004126548	0.002114244
ASV_6006	0.002349	0.004078056	0.002968769	0.000000000
ASV_7268	0.002738	0.001140147	0.005506643	0.001566050
ASV_6259	0.002436	0.0003614022	0.0030072945	0.0039384694
ASV_6455	0.002222	0.0002405339	0.0009215832	0.0055027809
ASV_7147	0.002331	0.0009213764	0.0030525429	0.0030205333
ASV_7607	0.002145	0.0048912742	0.0007936691	0.0007514440
ASV_7221	0.002142	0.00000000	0.00642747	0.00000000
ASV_8673	0.003285	0.0053592831	0.0043562365	0.0001397976
ASV_7422	0.002067	0.004544120	0.001657015	0.000000000
ASV_7767	0.002168	0.00650524	0.00000000	0.00000000
ASV_9863	0.002976	0.003561790	0.001217261	0.004150387
ASV_2310	0.002775	0.0008685008	0.0032619860	0.0041956284
ASV_3092	0.002446	0.004355691	0.000000000	0.002983486
ASV_3140	0.002808	0.001545698	0.002287459	0.004591470
ASV_4111	0.002565	0.0013153050	0.0054000873	0.0009782942
ASV_3783	0.002827	0.003932621	0.002264046	0.002285121
ASV_2636	0.002499	0.0001204674	0.0000000000	0.0073776843
ASV_2823	0.002796	0.0015923604	0.0064622882	0.0003337691
ASV_3126	0.002591	0.000000000	0.006145472	0.001628990
ASV_3780	0.002482	0.001322976	0.002268171	0.003853896
ASV_3700	0.003447	0.00000000	0.01034221	0.00000000
ASV_4177	0.002227	0.0008156113	0.0028189614	0.0030474407
ASV_4155	0.002616	0.002268948	0.003483891	0.002094672
ASV_4043	0.002761	0.003572260	0.003199737	0.001512287
ASV_4605	0.002341	0.002703278	0.002501055	0.001817368
ASV_6971	0.002703	0.001348943	0.003248972	0.003510743
ASV_4276	0.00244	0.0002329113	0.0064716689	0.0006163604
ASV_5482	0.002703	0.0006160204	0.0003870465	0.0071065880
ASV_4540	0.002297	0.000000000	0.004922015	0.001967870
ASV_4129	0.002742	0.0000000000	0.0002200743	0.0080049250
ASV_4606	0.002062	0.0018857299	0.0041584687	0.0001412956
ASV_4607	0.002561	0.000959693	0.001939497	0.004784418
ASV_4573	0.002641	0.002143479	0.002718002	0.003062544
ASV_6955	0.002905	0.0004529761	0.0005686628	0.0076928356
ASV_7897	0.00254	0.004672639	0.001026890	0.001920714
ASV_5856	0.002377	0.004721174	0.002410829	0.000000000
ASV_7231	0.002393	0.001255500	0.002769338	0.003154577
ASV_4820	0.002412	0.0000000000	0.0008258346	0.0064112802
ASV_5413	0.003998	0.0003300897	0.0116651373	0.0000000000
ASV_6983	0.003669	0.0092422610	0.0009418693	0.0008215000
ASV_8034	0.002631	0.001478405	0.004627350	0.001788533
ASV_8290	0.00251	0.0029509346	0.0007328472	0.0038456345
ASV_5759	0.002315	0.0006003323	0.0060669155	0.0002771081
ASV_6091	0.00248	0.000255420	0.000000000	0.007183332
ASV_5546	0.002717	0.00000000	0.00815184	0.00000000
ASV_6477	0.002728	0.005060896	0.001116389	0.002007693
ASV_6104	0.002361	0.0005727640	0.0059177038	0.0005922388
ASV_1157	0.00207	0.0053818523	0.0003583462	0.0004695816
ASV_2153	0.004166	0.0052545775	0.0065134699	0.0007297819
ASV_1913	0.002241	0.003377214	0.000000000	0.003347188
ASV_1834	0.002579	0.002532998	0.003949790	0.001252731
ASV_1950	0.002588	0.0009860327	0.0006662506	0.0061102655
ASV_4698	0.002195	0.0008451006	0.0053233145	0.0004163821
ASV_2373	0.002626	0.0002591044	0.0011000316	0.0065193322
ASV_2786	0.002487	0.000000000	0.002344849	0.005115799
ASV_2802	0.002807	0.000000000	0.007380403	0.001040247
ASV_3219	0.002529	0.0003534992	0.0053058443	0.0019270543
ASV_6119	0.004097	0.0093180612	0.0003888448	0.0025854856
ASV_3356	0.002324	0.0008379995	0.0000000000	0.0061336792
ASV_3809	0.002523	0.004519273	0.001903126	0.001145200
ASV_3386	0.002226	0.0005655405	0.0059214100	0.0001924735
ASV_4413	0.002317	0.0036253319	0.0007452957	0.0025817021
ASV_3437	0.00273	0.0001100299	0.0016972290	0.0063819697
ASV_8494	0.002205	0.0002265458	0.0020630715	0.0043263861
ASV_3773	0.002405	0.001561328	0.000000000	0.005653249
ASV_5204	0.002092	0.0022218513	0.0006258989	0.0034280402
ASV_6134	0.00217	0.0030500276	0.0031211128	0.0003386005
ASV_5875	0.00234	0.0063891316	0.0003955700	0.0002349209
ASV_6038	0.002723	0.005686125	0.001143921	0.001337615
ASV_4986	0.00242	0.000000000	0.000000000	0.007260124
ASV_5450	0.002661	0.0055393312	0.0001202918	0.0023222465
ASV_7288	0.002775	0.002233744	0.000000000	0.006092099
ASV_8132	0.00225	0.004301256	0.001018569	0.001429982
ASV_5078	0.002358	0.0012563764	0.0006250039	0.0051930682
ASV_7545	0.00276	0.000000000	0.001938561	0.006340081
ASV_5509	0.001983	0.0028893841	0.0025258278	0.0005327166
ASV_4805	0.002881	0.002169694	0.006471865	0.000000000
ASV_8115	0.002268	0.0019638730	0.0038886905	0.0009507824
ASV_5184	0.003092	0.003954373	0.001626059	0.003696190
ASV_7425	0.001996	0.0002330318	0.0054474145	0.0003086102
ASV_6458	0.00312	0.0003937297	0.0089654790	0.0000000000
ASV_7943	0.0026	0.003611192	0.004190149	0.000000000
ASV_6613	0.00223	0.0058078024	0.0004470732	0.0004365897
ASV_7677	0.002115	0.0000000000	0.0056610140	0.0006826841
ASV_6897	0.002186	0.0008151895	0.0000000000	0.0057441338
ASV_383	0.002118	0.0001100299	0.0031401700	0.0031028518
ASV_1053	0.00243	0.000138637	0.000169167	0.006981002
ASV_1634	0.002553	0.000000000	0.004546352	0.003113933
ASV_1669	0.00192	0.0056468843	0.0001117683	0.0000000000
ASV_8452	0.002367	0.001040228	0.001217815	0.004842460
ASV_4343	0.003552	0.004951854	0.003510504	0.002192219
ASV_2170	0.002324	0.000000000	0.002197051	0.004774401
ASV_2251	0.002528	0.0034804477	0.0002792041	0.0038230248
ASV_2465	0.002725	0.002266379	0.001542688	0.004365123
ASV_2909	0.002379	0.0010790883	0.0008042828	0.0052524255
ASV_3201	0.002448	0.0005525685	0.0023729921	0.0044172993
ASV_3054	0.002459	0.0003601994	0.0003425638	0.0066734807
ASV_3290	0.004363	0.0128522832	0.0002380544	0.0000000000
ASV_3839	0.002686	0.001274145	0.004752693	0.002030600
ASV_3197	0.00257	0.002704362	0.003248680	0.001756665
ASV_3325	0.002461	0.002632942	0.003198497	0.001550728
ASV_3561	0.002477	0.003201756	0.004089435	0.000138794
ASV_3835	0.002436	0.0035230487	0.0008283637	0.0029569791
ASV_4214	0.00293	0.003065692	0.005724424	0.000000000
ASV_3876	0.002492	0.002776336	0.003302007	0.001396278
ASV_3808	0.002436	0.001445629	0.002633050	0.003230337
ASV_5229	0.002419	0.0007009399	0.0005673650	0.0059883209
ASV_5424	0.002164	0.0032192766	0.0029414114	0.0003308078
ASV_3870	0.002559	0.0034664637	0.0006014589	0.0036097057
ASV_4407	0.002494	0.0000000000	0.0008376123	0.0066436778
ASV_5928	0.002638	0.003818623	0.002336367	0.001758891
ASV_7904	0.002037	0.002750227	0.001657250	0.001702493
ASV_5325	0.002337	0.0003601994	0.0058446301	0.0008060923
ASV_4497	0.002543	0.0002200598	0.0028347259	0.0045745533
ASV_9861	0.002005	0.0006601793	0.0053562246	0.0000000000
ASV_4966	0.002055	0.0009605318	0.0052054298	0.0000000000
ASV_7016	0.002225	0.001071490	0.004551215	0.001052265
ASV_5131	0.002863	0.0009455895	0.0015313365	0.0061117239
ASV_5236	0.002366	0.000000000	0.001208509	0.005890738
ASV_6617	0.002698	0.0061609608	0.0002200743	0.0017121033
ASV_6201	0.002099	0.0040619849	0.0017178774	0.0005167969
ASV_9553	0.002023	0.000000000	0.006070388	0.000000000
ASV_5867	0.002285	0.0024550420	0.0036478554	0.0007518795
ASV_5915	0.002214	0.000000000	0.006641338	0.000000000
ASV_6631	0.002191	0.0060860510	0.0004863624	0.0000000000
ASV_8023	0.002143	0.000000000	0.002879377	0.003549276
ASV_8535	0.002203	0.0007125577	0.0037141989	0.0021819670
ASV_5850	0.002599	0.001180760	0.003257123	0.003359606
ASV_5918	0.002477	0.000000000	0.000000000	0.007430607
ASV_9652	0.002123	0.006367836	0.000000000	0.000000000
ASV_5416	0.002615	0.000000000	0.007844223	0.000000000
ASV_5922	0.00231	0.000000000	0.000000000	0.006930476
ASV_5925	0.002392	0.00000000	0.00000000	0.00717659
ASV_8923	0.001986	0.000000000	0.005958891	0.000000000
ASV_1643	0.003298	0.005133820	0.004760202	0.000000000
ASV_1659	0.0037	0.0103412278	0.0000000000	0.0007602294
ASV_2073	0.002284	0.001323329	0.004387680	0.001141700
ASV_3035	0.002414	0.0004562481	0.0004913343	0.0062955975
ASV_2884	0.002754	0.003221868	0.001176761	0.003862877
ASV_1903	0.002486	0.001312176	0.001563233	0.004583021
ASV_2286	0.002505	0.0009526145	0.0010046208	0.0055576997
ASV_2431	0.002369	0.0041427273	0.0005420198	0.0024226533
ASV_3981	0.00261	0.0007662600	0.0062500391	0.0008144952
ASV_6323	0.002315	0.0007084154	0.0010949939	0.0051419485
ASV_3254	0.002614	0.000000000	0.000000000	0.007842098
ASV_4047	0.002428	0.0042986386	0.0021277351	0.0008580118
ASV_2998	0.002819	0.003678322	0.001866119	0.002911984
ASV_3196	0.002338	0.0004881847	0.0036589541	0.0028677611
ASV_3619	0.002016	0.002965923	0.001937063	0.001144336
ASV_3040	0.002225	0.0006936254	0.0013913270	0.0045902918
ASV_3064	0.002488	0.0007320751	0.0010906809	0.0056407737
ASV_2962	0.002297	0.000000000	0.000000000	0.006891411
ASV_3074	0.002397	0.000000000	0.000000000	0.007190581
ASV_6294	0.002194	0.001155325	0.001981174	0.003444593
ASV_3505	0.002527	0.0057825940	0.0008393435	0.0009600540
ASV_3849	0.002025	0.0005259410	0.0053369898	0.0002124833
ASV_4591	0.001984	0.000000000	0.005951361	0.000000000
ASV_3645	0.002676	0.001340432	0.005070233	0.001617668
ASV_3802	0.0023	0.0040522308	0.0018775632	0.0009702257
ASV_4915	0.002529	0.000518686	0.001047270	0.006020336
ASV_3985	0.00237	0.001189054	0.000989770	0.004931241
ASV_4484	0.002108	0.005191702	0.000000000	0.001130977
ASV_5080	0.00253	0.0059586280	0.0005519169	0.0010780647
ASV_6976	0.002213	0.001912154	0.001589420	0.003136934
ASV_5553	0.002269	0.001685036	0.002305295	0.002817273
ASV_5405	0.002226	0.0001386370	0.0062617577	0.0002775881
ASV_4917	0.002841	0.001704562	0.006679673	0.000138554
ASV_5368	0.002855	0.0068066525	0.0016421726	0.0001163565
ASV_6936	0.002263	0.0001165159	0.0065283830	0.0001455299
ASV_5796	0.002448	0.0008143784	0.0007826034	0.0057473204
ASV_6758	0.002214	0.0052881751	0.0009378674	0.0004156621
ASV_5612	0.002059	0.0002232163	0.0007318868	0.0052226694
ASV_6595	0.002501	0.0059392210	0.0009123070	0.0006503561
ASV_7270	0.002503	0.0030342429	0.0043348367	0.0001412956
ASV_5542	0.002582	0.000000000	0.007745793	0.000000000
ASV_8126	0.002247	0.005550875	0.000000000	0.001191081
ASV_6283	0.002786	0.0015451803	0.0066129254	0.0002000464
ASV_6490	0.002701	0.0037879392	0.0034653112	0.0008504025
ASV_6619	0.002759	0.0076266589	0.0003943919	0.0002549105
ASV_5685	0.002567	0.000000000	0.000000000	0.007701922
ASV_6903	0.003079	0.0039857366	0.0051059926	0.0001455299
ASV_6004	0.002499	0.000000000	0.000000000	0.007498446
ASV_6082	0.002041	0.000000000	0.006123245	0.000000000
ASV_6269	0.002704	0.0001164556	0.0000000000	0.0079959462
ASV_7443	0.002311	0.006931852	0.000000000	0.000000000
ASV_8308	0.00191	0.003495477	0.002233031	0.000000000
ASV_1699	0.003558	0.0105281677	0.0000000000	0.0001455299
ASV_1631	0.002479	0.0018446108	0.0006403264	0.0049506783
ASV_1647	0.002831	0.0001164556	0.0021362735	0.0062390381
ASV_1922	0.003207	0.0054586726	0.0008594115	0.0033040759
ASV_2353	0.004799	1.430211e-02	0.000000e+00	9.612686e-05
ASV_2979	0.003368	0.001965568	0.006619007	0.001518133
ASV_2623	0.003147	0.0008491409	0.0048180043	0.0037725306
ASV_2618	0.004032	0.0114939006	0.0000000000	0.0006033972
ASV_2960	0.002088	0.0004660636	0.0055156760	0.0002825912
ASV_3058	0.002247	0.002950784	0.000153175	0.003635868
ASV_3573	0.001988	0.0016671292	0.0009072674	0.0033886911
ASV_2993	0.002653	0.0035826618	0.0036710368	0.0007064781
ASV_3524	0.002899	0.003763444	0.001942661	0.002989874
ASV_3098	0.002595	0.001817947	0.003113383	0.002854936
ASV_2956	0.002471	0.0007454988	0.0024343199	0.0042329298
ASV_3244	0.002274	0.0025199572	0.0041099723	0.0001924735
ASV_3175	0.002247	0.001258663	0.000000000	0.005481435
ASV_4351	0.002253	0.001462939	0.002197684	0.003099679
ASV_8186	0.002526	0.0006130807	0.0024019079	0.0045641914
ASV_3518	0.002272	0.000000000	0.006815944	0.000000000
ASV_4065	0.002314	0.000000000	0.006941648	0.000000000
ASV_4219	0.002308	0.0023559555	0.0009339406	0.0036334626
ASV_5123	0.002395	0.0004659431	0.0011811123	0.0055388201
ASV_4620	0.002626	0.003943946	0.000156251	0.003778390
ASV_7294	0.002056	0.0042157383	0.0009982532	0.0009531639
ASV_4595	0.002511	0.000000000	0.000000000	0.007534176
ASV_5122	0.002351	0.0007368516	0.0034517591	0.0028637664
ASV_4495	0.002282	0.0008256426	0.0007616406	0.0052577669
ASV_5725	0.00201	0.0007910842	0.0006478069	0.0045911273
ASV_8277	0.002289	0.002580148	0.001425452	0.002861323
ASV_9355	0.002599	0.0035354945	0.0039706081	0.0002910598
ASV_6520	0.002349	0.0009867383	0.0042077997	0.0018530747
ASV_5176	0.00214	0.0005090146	0.0004761089	0.0054337878
ASV_4944	0.002477	0.0022407242	0.0047703539	0.0004199289
ASV_5083	0.002059	0.0023780357	0.0036757096	0.0001237556
ASV_5079	0.002178	0.001448230	0.002308352	0.002777617
ASV_9319	0.00263	0.004477421	0.002314889	0.001097434
ASV_6381	0.002401	0.0047076914	0.0022615171	0.0002349209
ASV_6337	0.001838	0.000000000	0.005512942	0.000000000
ASV_6021	0.001909	0.003329504	0.002397487	0.000000000
ASV_6502	0.002526	0.0070102669	0.0005681659	0.0000000000
ASV_5234	0.002488	0.000000000	0.000000000	0.007464558
ASV_6356	0.00236	0.000000000	0.007079334	0.000000000
ASV_9206	0.001837	0.000000000	0.005372138	0.000138794
ASV_6262	0.001944	0.000000000	0.005832334	0.000000000
ASV_6268	0.002311	0.000000000	0.000000000	0.006932058
ASV_6767	0.002041	0.003080837	0.000000000	0.003042656
ASV_6449	0.002596	0.0031056884	0.0039083788	0.0007725324
ASV_3150	0.002176	0.002728166	0.001897752	0.001903420
ASV_2335	0.002247	0.0003800490	0.0061696042	0.0001908951
ASV_2461	0.002473	0.0021977436	0.0049329754	0.0002883806
ASV_2930	0.002478	0.001913499	0.002089380	0.003432493
ASV_2420	0.00261	0.0006650174	0.0000000000	0.0071649113
ASV_2895	0.002975	0.003732608	0.002206067	0.002986050
ASV_3391	0.002443	0.004963560	0.001153067	0.001213351
ASV_9919	0.002412	0.0001204674	0.0000000000	0.0071153190
ASV_5812	0.00322	0.003067564	0.003259580	0.003333876
ASV_4822	0.002389	0.0007468882	0.0030528920	0.0033657939
ASV_4739	0.002115	0.0007556693	0.0001202918	0.0054693461
ASV_2876	0.002337	0.001917663	0.001914934	0.003177929
ASV_3751	0.002002	0.0022049964	0.0033253859	0.0004743697
ASV_5517	0.002214	0.001806412	0.002331006	0.002503233
ASV_3965	0.002263	0.000766260	0.000312502	0.005708951
ASV_3791	0.002399	0.0002232163	0.0012473628	0.0057256191
ASV_4145	0.00188	0.0051624976	0.0004761089	0.0000000000
ASV_4261	0.002093	0.0004900788	0.0053102644	0.0004776345
ASV_4550	0.002678	0.0003534992	0.0042917590	0.0033900431
ASV_4499	0.003165	0.005982817	0.000000000	0.003511607
ASV_4796	0.002333	0.001358083	0.002879239	0.002762137
ASV_4333	0.00195	0.003947468	0.001901353	0.000000000
ASV_4341	0.002315	0.002273987	0.004672269	0.000000000
ASV_4741	0.002688	0.0009330364	0.0000000000	0.0071321169
ASV_6348	0.002218	0.0003718757	0.0047410786	0.0015408648
ASV_4877	0.002383	0.000138637	0.001317433	0.005692563
ASV_7164	0.002024	0.0008084075	0.0052640122	0.0000000000
ASV_5794	0.002306	0.0021242994	0.0046528290	0.0001412956
ASV_7381	0.002239	0.0008272851	0.0011787202	0.0047120043
ASV_8935	0.002699	0.0060883220	0.0004614249	0.0015471202
ASV_5186	0.002067	0.001662835	0.004537253	0.000000000
ASV_5330	0.002918	0.000000000	0.005794642	0.002959826
ASV_6565	0.001864	0.000000000	0.005591747	0.000000000
ASV_7209	0.002271	0.00000000	0.00681401	0.00000000
ASV_9479	0.002526	0.0040164348	0.0033226085	0.0002401121
ASV_6388	0.002041	0.003209153	0.002913339	0.000000000
ASV_7018	0.002024	0.0016865438	0.0042450490	0.0001412956
ASV_6176	0.002281	0.0004414521	0.0015336500	0.0048682344
ASV_6709	0.00224	0.0009321272	0.0000000000	0.0057866627
ASV_6618	0.003368	0.0051709798	0.0043558744	0.0005763511
ASV_6772	0.002766	0.001396899	0.006900336	0.000000000
ASV_9064	0.001983	0.003537019	0.001337757	0.001072808
ASV_5768	0.002305	0.000000000	0.000312502	0.006602155
ASV_7020	0.001863	0.005589871	0.000000000	0.000000000
ASV_1272	0.001521	0.000000000	0.000000000	0.004561633
ASV_1731	0.002969	0.005783628	0.000395570	0.002726463
ASV_2816	0.00289	0.002062949	0.004175005	0.002431660
ASV_4308	0.002032	0.003071146	0.001174821	0.001848965
ASV_3678	0.002562	0.001674488	0.004374012	0.001636064
ASV_3011	0.00199	0.0008005743	0.0049283741	0.0002416568
ASV_3435	0.002815	0.003035737	0.002843038	0.002566416
ASV_3166	0.002367	0.0015088424	0.0009129578	0.0046791149
ASV_3266	0.002141	0.002780398	0.000874208	0.002769887
ASV_3490	0.002037	0.000000000	0.001358238	0.004753923
ASV_4911	0.002016	0.0008714404	0.0028556161	0.0023195740
ASV_3932	0.002429	0.001940848	0.002697870	0.002648272
ASV_3541	0.00226	0.001474999	0.000000000	0.005303893
ASV_4220	0.00237	0.0006065947	0.0012917034	0.0052116701
ASV_5712	0.00267	0.002572491	0.004027109	0.001411037
ASV_3942	0.002263	0.0000000000	0.0006742526	0.0061143578
ASV_4386	0.002185	0.000138637	0.000000000	0.006417643
ASV_4678	0.002418	0.0004965648	0.0043414027	0.0024168628
ASV_4860	0.002229	0.0010664654	0.0001190272	0.0055022929
ASV_4913	0.003546	0.0102504949	0.0003888448	0.0000000000
ASV_5488	0.002011	0.001059235	0.000000000	0.004975159
ASV_5423	0.002718	0.0040112105	0.0009560114	0.0031867431
ASV_5529	0.00211	0.0004754798	0.0010902641	0.0047655416
ASV_5673	0.002327	0.0001165159	0.0002393190	0.0066257309
ASV_6959	0.002221	0.000718853	0.000156251	0.005788683
ASV_5934	0.002816	0.004734257	0.003715140	0.000000000
ASV_7457	0.003479	0.0103200536	0.0000000000	0.0001163565
ASV_4948	0.002403	0.0037891828	0.0028920407	0.0005287125
ASV_6311	0.002019	0.0031499574	0.0021921318	0.0007160653
ASV_6125	0.002621	0.0042002173	0.0027257191	0.0009366305
ASV_9341	0.00202	0.003572748	0.001002452	0.001485433
ASV_6973	0.002224	0.005006603	0.000239319	0.001426807
ASV_9856	0.001941	0.001990799	0.002376738	0.001455257
ASV_8354	0.001991	0.001990222	0.002099319	0.001882832
ASV_7187	0.001829	0.0000000000	0.0049262439	0.0005615527
ASV_6705	0.002282	0.001002725	0.000153175	0.005689534
ASV_7839	0.001831	0.000000000	0.005491527	0.000000000
ASV_6204	0.002392	0.0009975261	0.0049357870	0.0012433804
ASV_9024	0.002433	0.001758081	0.004447474	0.001094922
ASV_6049	0.003141	0.0063724491	0.0001190272	0.0029315180
ASV_6640	0.002224	0.0009141952	0.0026360834	0.0031213948
ASV_5827	0.003254	0.0007125577	0.0088581906	0.0001908951
ASV_6746	0.002325	0.006974185	0.000000000	0.000000000
ASV_5687	0.002189	0.0001165159	0.0003888448	0.0060603638
ASV_5943	0.004002	0.01200474	0.00000000	0.00000000
ASV_6828	0.002085	0.000000000	0.006254063	0.000000000
ASV_8027	0.001831	1.200665e-04	5.277711e-03	9.612686e-05
ASV_8373	0.003583	0.010397532	0.000350523	0.000000000
ASV_8473	0.001831	0.000000000	0.005491527	0.000000000
ASV_1677	0.002248	0.001436084	0.002345891	0.002961443
ASV_2050	0.003002	0.002545452	0.000000000	0.006459404
ASV_2612	0.002304	0.0031231203	0.0031478050	0.0006410207
ASV_2324	0.002992	0.001398078	0.006596356	0.000982560
ASV_2471	0.002044	0.0005825795	0.0031609306	0.0023893887
ASV_2277	0.002258	0.0047276187	0.0010506515	0.0009952002
ASV_2705	0.002356	0.001599491	0.001181112	0.004286577
ASV_3580	0.002126	0.006377303	0.000000000	0.000000000
ASV_3844	0.002265	0.0057868881	0.0003982313	0.0006108772
ASV_4631	0.002101	0.001059295	0.001783550	0.003461229
ASV_3413	0.002502	0.0008201685	0.0028120583	0.0038736089
ASV_9740	0.004673	0.0000000000	0.0132243291	0.0007931812
ASV_8993	0.002679	0.008035983	0.000000000	0.000000000
ASV_3657	0.001818	0.000000000	0.005452539	0.000000000
ASV_4104	0.001734	0.0001204674	0.0050825800	0.0000000000
ASV_4010	0.002265	0.000000000	0.000000000	0.006795824
ASV_4520	0.002079	0.0008392601	0.0044983635	0.0008989516
ASV_4187	0.002512	0.0018982125	0.0003480916	0.0052893850
ASV_4668	0.001857	0.0005916081	0.0031478899	0.0018311618
ASV_4670	0.002032	0.0007702092	0.0032403205	0.0020868065
ASV_4602	0.002059	0.002635485	0.002521282	0.001020052
ASV_5643	0.001929	0.001850412	0.001914480	0.002021271
ASV_5788	0.002413	0.000766260	0.001684055	0.004789220
ASV_7329	0.002551	0.004703717	0.001714547	0.001233577
ASV_5000	0.002164	0.0050748535	0.0003335738	0.0010833673
ASV_4657	0.0023	0.001483332	0.005417283	0.000000000
ASV_5935	0.002295	0.0009397194	0.0014251234	0.0045200072
ASV_4423	0.002283	0.0004711457	0.0000000000	0.0063772709
ASV_6041	0.002144	0.0015239626	0.0003574246	0.0045494597
ASV_6372	0.002476	0.0004965046	0.0000000000	0.0069328461
ASV_4955	0.003411	0.008534940	0.001696999	0.000000000
ASV_8114	0.002584	0.001982536	0.001743212	0.004027372
ASV_5269	0.002411	0.0022386641	0.0039971675	0.0009975028
ASV_5152	0.002056	0.000000000	0.003540450	0.002628071
ASV_5383	0.002537	0.0007372897	0.0013263507	0.0055480639
ASV_8309	0.003367	0.009751132	0.000350523	0.000000000
ASV_6095	0.002141	0.000000000	0.000000000	0.006421657
ASV_6641	0.003359	0.0033005535	0.0062635707	0.0005125626
ASV_5857	0.002142	0.001199283	0.003491776	0.001734712
ASV_7286	0.002604	0.0052785805	0.0022065388	0.0003265367
ASV_6314	0.001705	0.0008079475	0.0029611625	0.0013457760
ASV_7683	0.002285	0.000000000	0.005283139	0.001573186
ASV_6280	0.002048	0.0005825795	0.0024782558	0.0030839615
ASV_6872	0.002713	0.0062972698	0.0004687529	0.0013722387
ASV_7912	0.001804	0.0041949597	0.0007493186	0.0004686374
ASV_6995	0.002407	0.0056460829	0.0010494641	0.0005262427
ASV_7258	0.002226	0.004083988	0.000000000	0.002593497
ASV_6601	0.002717	0.0050860120	0.0027204616	0.0003455763
ASV_951	0.002484	0.003112324	0.003282717	0.001057395
ASV_2124	0.004185	0.003046554	0.009507703	0.000000000
ASV_1779	0.002398	0.001520196	0.001326118	0.004349138
ASV_2520	0.002761	0.001843977	0.002229595	0.004208645
ASV_2647	0.003664	0.001236265	0.009756415	0.000000000
ASV_3367	0.002342	0.001893493	0.003443879	0.001687144
ASV_2639	0.002879	0.002751104	0.001752491	0.004132969
ASV_3117	0.002214	0.0030473724	0.0006176204	0.0029765897
ASV_3675	0.002056	0.0026971604	0.0008943848	0.0025767748
ASV_4419	0.002512	0.0048768714	0.0022565845	0.0004028489
ASV_3604	0.002219	0.002385637	0.001745948	0.002526603
ASV_3265	0.002372	0.0005005164	0.0057913508	0.0008232526
ASV_3285	0.002874	0.0072020168	0.0009156046	0.0005036653
ASV_3308	0.002064	0.0009718346	0.0029509527	0.0022697414
ASV_3801	0.002598	0.004727127	0.003066018	0.000000000
ASV_6078	0.002071	0.0006307733	0.0022832928	0.0032986304
ASV_3846	0.002096	0.0017973022	0.0007229278	0.0037672573
ASV_4007	0.002163	0.000000000	0.002759258	0.003730923
ASV_4076	0.001962	0.000000000	0.000000000	0.005884805
ASV_6278	0.002543	0.0047091853	0.0024385708	0.0004806343
ASV_4969	0.002165	0.0003758874	0.0010702990	0.0050477078
ASV_6265	0.004344	0.011637805	0.000000000	0.001395489
ASV_4512	0.001995	0.0005655405	0.0034642972	0.0019551024
ASV_7656	0.001939	0.0022750565	0.0002200743	0.0033213571
ASV_5075	0.002219	0.0019858256	0.0045324920	0.0001397976
ASV_5089	0.002119	0.0007499495	0.0002605388	0.0053468616
ASV_4461	0.003104	0.0002409348	0.0084955131	0.0005767611
ASV_5375	0.002212	0.0052835850	0.0010684442	0.0002825912
ASV_8668	0.001911	0.001054912	0.003399944	0.001278578
ASV_7453	0.002207	0.0008786607	0.0051310187	0.0006109557
ASV_8775	0.001956	0.0034972147	0.0007655676	0.0016048397
ASV_6904	0.002122	0.0019541216	0.0041782444	0.0002327129
ASV_9333	0.002047	0.0039153306	0.0006654164	0.0015613782
ASV_5492	0.001967	0.001077850	0.000000000	0.004824231
ASV_6491	0.001926	0.0005579680	0.0050277009	0.0001908951
ASV_5398	0.002154	0.0004965648	0.0003125020	0.0056530783
ASV_8794	0.002297	3.534866e-03	3.259195e-03	9.612686e-05
ASV_7947	0.002148	0.0017118539	0.0044522523	0.0002798497
ASV_8566	0.001655	0.0003529778	0.0028269047	0.0017851829
ASV_6003	0.002223	0.000000000	0.000000000	0.006667869
ASV_8028	0.002027	0.0014232098	0.0044665556	0.0001924735
ASV_6604	0.002698	0.001193224	0.005465200	0.001434778
ASV_6257	0.001848	0.00000000	0.00554297	0.00000000
ASV_8358	0.001995	0.0024311792	0.0034297559	0.0001237556
ASV_6516	0.002134	0.001987830	0.000000000	0.004413404
ASV_1672	0.002408	0.002253534	0.002012411	0.002956799
ASV_2683	0.00287	0.005386206	0.001687056	0.001535454
ASV_1958	0.002224	0.0058111304	0.0007221298	0.0001387940
ASV_4306	0.002617	0.002664460	0.003741467	0.001444427
ASV_2405	0.002017	0.001171019	0.004881376	0.000000000
ASV_9600	0.002835	0.0071892480	0.0005420198	0.0007742558
ASV_2446	0.002072	0.0004660636	0.0019835428	0.0037659204
ASV_2455	0.001991	0.000000000	0.005971544	0.000000000
ASV_3165	0.002117	0.0041250464	0.0005006131	0.0017260180
ASV_2941	0.001695	0.001170555	0.001887076	0.002028706
ASV_3072	0.002116	0.000000000	0.000000000	0.006348686
ASV_2945	0.001882	0.0006601793	0.0049855493	0.0000000000
ASV_3125	0.002123	0.0009605318	0.0007275752	0.0046801083
ASV_3911	0.002502	0.0044084934	0.0008969659	0.0022017820
ASV_9103	0.002258	0.0003800490	0.0008841973	0.0055109666
ASV_3855	0.001908	0.0011835725	0.0002809353	0.0042584184
ASV_9009	0.002299	0.002848007	0.002772842	0.001275457
ASV_4151	0.002441	0.000380049	0.004761350	0.002181002
ASV_4297	0.002583	0.004165893	0.003584231	0.000000000
ASV_6798	0.001938	0.000000000	0.004581463	0.001232026
ASV_5852	0.002039	0.0027196416	0.0028169021	0.0005817823
ASV_4962	0.002137	0.001579000	0.003347918	0.001483945
ASV_4772	0.001816	0.000000000	0.003043895	0.002405266
ASV_6206	0.002255	0.0037609838	0.0021704813	0.0008347998
ASV_8819	0.002544	0.0068999180	0.0001562510	0.0005767611
ASV_6692	0.001731	0.000000000	0.005193937	0.000000000
ASV_8546	0.002671	0.0058804806	0.0018459525	0.0002853275
ASV_5616	0.001655	0.000000000	0.002849442	0.002115230
ASV_7796	0.001714	0.000000000	0.005141004	0.000000000
ASV_9001	0.001873	0.0035924730	0.0012437929	0.0007812534
ASV_7903	0.001847	0.0007017585	0.0029953298	0.0018447791
ASV_8985	0.001765	0.0032681861	0.0010532619	0.0009729396
ASV_5777	0.002265	0.0018514936	0.0001100371	0.0048328692
ASV_6730	0.001806	0.0028094391	0.0018559826	0.0007534997
ASV_7675	0.00175	0.000000000	0.001583526	0.003666712
ASV_5682	0.002244	0.000000000	0.000000000	0.006730593
ASV_6860	0.00239	0.0037486727	0.0001190272	0.0033019921
ASV_6874	0.002238	0.0006309065	0.0009378674	0.0051440684
ASV_5991	0.001988	0.000000000	0.005965101	0.000000000
ASV_6034	0.001702	0.0007910842	0.0004761089	0.0038397632
ASV_7370	0.002241	0.000000000	0.006724308	0.000000000
ASV_4430	0.002127	0.0008391057	0.0011185321	0.0044219745
ASV_7309	0.00254	0.001765390	0.002913955	0.002941465
ASV_3322	0.001787	0.001469305	0.003892162	0.000000000
ASV_3045	0.001777	0.000518686	0.001698490	0.003114885
ASV_3078	0.002052	0.0003800490	0.0006587701	0.0051180746
ASV_2900	0.001933	0.001749744	0.002234014	0.001815619
ASV_3021	0.001952	0.0013203586	0.0038003615	0.0007344222
ASV_2898	0.002006	0.0004595776	0.0012127565	0.0043453417
ASV_3454	0.002175	0.001958707	0.001022469	0.003543489
ASV_5102	0.002722	0.004749698	0.000000000	0.003415151
ASV_7532	0.002208	0.0023764146	0.0005210776	0.0037262250
ASV_5329	0.002307	0.002456383	0.001393998	0.003070937
ASV_3929	0.002241	0.004002719	0.001405894	0.001314378
ASV_5439	0.002409	0.001852351	0.001060459	0.004312931
ASV_3958	0.00214	0.0005825795	0.0031358186	0.0027025511
ASV_4021	0.00163	0.001180965	0.001605343	0.002104604
ASV_4081	0.00186	0.001705789	0.001617442	0.002256884
ASV_5573	0.002149	0.0029597356	0.0027485996	0.0007376802
ASV_8189	0.001593	0.0039610758	0.0005862707	0.0002327129
ASV_5430	0.001999	0.0042229539	0.0011890006	0.0005863517
ASV_5390	0.002082	0.0002232163	0.0019540380	0.0040677454
ASV_5570	0.002791	0.0028593671	0.0045370453	0.0009775795
ASV_5356	0.001911	0.0018318243	0.0037773951	0.0001237556
ASV_5314	0.001872	0.001979746	0.000000000	0.003637237
ASV_5511	0.00194	0.001224852	0.002059307	0.002537198
ASV_6130	0.002114	0.001719886	0.001238410	0.003382924
ASV_6185	0.001835	0.0010390758	0.0003454503	0.0041208564
ASV_9313	0.001849	0.0037307969	0.0015622761	0.0002551505
ASV_9061	0.002218	0.0043313049	0.0007116302	0.0016099037
ASV_6306	0.002168	0.0006003323	0.0000000000	0.0059047748
ASV_6508	0.001856	0.001742802	0.002097618	0.001726804
ASV_9177	0.00172	0.0018251808	0.0030720744	0.0002625497
ASV_5700	0.001961	1.201550e-03	4.584767e-03	9.612686e-05
ASV_6878	0.002188	0.0005108400	0.0008196826	0.0052340734
ASV_9264	0.002178	0.002836705	0.001271392	0.002425976
ASV_6385	0.001797	0.004388751	0.000000000	0.001001233
ASV_8512	0.001802	0.001048643	0.002877849	0.001479704
ASV_9909	0.002251	0.003764649	0.001173558	0.001813969
ASV_8260	0.001605	0.000000000	0.004814561	0.000000000
ASV_7591	0.001841	0.0019474784	0.0027082438	0.0008675406
ASV_6457	0.001675	0.0001164556	0.0046597888	0.0002475113
ASV_6499	0.002486	0.0033665251	0.0038129876	0.0002773481
ASV_7851	0.002122	0.000000000	0.005209736	0.001154841
ASV_7254	0.001903	0.0006990954	0.0016482448	0.0033630341
ASV_7398	0.002009	0.000000000	0.001416338	0.004609930
ASV_6093	0.001779	0.0002772741	0.0000000000	0.0050586001
ASV_6369	0.002263	0.001442154	0.000000000	0.005347523
ASV_6567	0.00224	0.000000000	0.006718792	0.000000000
ASV_6716	0.001702	0.001281675	0.003689844	0.000134283
ASV_7698	0.002205	0.000000000	0.006613757	0.000000000
ASV_269	0.001855	0.000000000	0.005566454	0.000000000
ASV_872	0.002521	0.0000000000	0.0069804153	0.0005832167
ASV_662	0.002294	0.0007702092	0.0031316365	0.0029800065
ASV_2624	0.002127	0.000000000	0.001105490	0.005274861
ASV_3317	0.003185	0.001223398	0.005471315	0.002860918
ASV_8979	0.002204	0.0002554200	0.0002605388	0.0060960573
ASV_2440	0.001834	0.000000000	0.003678711	0.001823697
ASV_2776	0.001762	0.0048891957	0.0000000000	0.0003959516
ASV_3466	0.001991	0.0007272504	0.0052453314	0.0000000000
ASV_4186	0.002625	0.006159293	0.000506774	0.001207779
ASV_3407	0.002332	0.002683111	0.002894353	0.001418962
ASV_3444	0.001677	0.000000000	0.001231629	0.003799395
ASV_3775	0.002662	0.002973920	0.003724020	0.001288521
ASV_6518	0.002145	0.0005525685	0.0023188414	0.0035624995
ASV_3375	0.002251	0.0016410258	0.0009228498	0.0041899047
ASV_3130	0.002235	0.000000000	0.003593347	0.003112067
ASV_5254	0.002843	0.0036968261	0.0008242999	0.0040080313
ASV_3463	0.001982	0.0034646615	0.0006250039	0.0018574204
ASV_3525	0.002195	0.0008701278	0.0012210544	0.0044931289
ASV_3516	0.00196	0.000000000	0.000000000	0.005880971
ASV_4084	0.002032	0.002829955	0.001253603	0.002013681
ASV_5211	0.003066	0.006592599	0.001166534	0.001440041
ASV_4312	0.002095	0.001112280	0.005173249	0.000000000
ASV_9563	0.001953	0.002328538	0.001778149	0.001751864
ASV_3952	0.001767	0.000000000	0.000000000	0.005302491
ASV_4589	0.002056	0.000000000	0.000312502	0.005854144
ASV_6738	0.002421	0.0050534185	0.0019303627	0.0002800897
ASV_4734	0.001432	0.00000000	0.00000000	0.00429716
ASV_5132	0.002687	0.005089442	0.002971922	0.000000000
ASV_5036	0.002505	0.000000000	0.005907566	0.001607793
ASV_5502	0.001962	0.003627750	0.002259472	0.000000000
ASV_5726	0.00221	0.0002264855	0.0000000000	0.0064045128
ASV_6085	0.002548	0.0002409348	0.0072092824	0.0001924735
ASV_5627	0.001808	0.0001165159	0.0016218013	0.0036859325
ASV_5729	0.001744	0.000990269	0.001168911	0.003072845
ASV_9625	0.001664	0.0013442851	0.0030909933	0.0005581868
ASV_8537	0.002163	0.0048581495	0.0006151892	0.0010152426
ASV_8459	0.002453	0.0037842680	0.0030841421	0.0004911062
ASV_5444	0.001825	0.0004159111	0.0003063500	0.0047517566
ASV_7014	0.002137	0.0055827040	0.0005406653	0.0002883806
ASV_7450	0.003195	0.0094380210	0.0000000000	0.0001455299
ASV_6717	0.001559	0.0042005936	0.0004761089	0.0000000000
ASV_6943	0.001904	0.0007294159	0.0011176831	0.0038662973
ASV_7256	0.001783	0.0012816748	0.0034038088	0.0006645348
ASV_7311	0.002161	0.0020516066	0.0036583756	0.0007718128
ASV_7416	0.002157	0.001971564	0.002583746	0.001917059
ASV_6510	0.001883	0.0009203854	0.0020160573	0.0027139341
ASV_6564	0.001929	0.000000000	0.005788304	0.000000000
ASV_6868	0.0025	0.002595834	0.003464160	0.001440633
ASV_7066	0.001654	0.0001200665	0.0043038471	0.0005385711
ASV_7907	0.002936	0.0084966358	0.0003100593	0.0000000000
ASV_8249	0.001606	0.000000000	0.004817156	0.000000000
ASV_8694	0.001666	0.000000000	0.004999143	0.000000000
ASV_1512	0.002096	0.001049552	0.002913131	0.002324531
ASV_1860	0.00178	0.001343788	0.002011474	0.001983275
ASV_1906	0.001882	0.0006914919	0.0008603200	0.0040946805
ASV_2575	0.002094	0.002258341	0.000992169	0.003032103
ASV_2496	0.001751	0.001682491	0.003570816	0.000000000
ASV_4124	0.00283	0.003989212	0.001961364	0.002539226
ASV_2857	0.002545	0.002779272	0.004854549	0.000000000
ASV_3122	0.001892	0.0009917970	0.0005798168	0.0041054180
ASV_6797	0.002296	0.002259269	0.002833126	0.001796562
ASV_3203	0.002265	0.0019380004	0.0044747815	0.0003817943
ASV_3812	0.002291	0.003299508	0.002318419	0.001255161
ASV_3649	0.001946	0.0013946554	0.0042423926	0.0002000464
ASV_3956	0.002118	0.002723293	0.002180784	0.001449985
ASV_3642	0.001957	0.001060989	0.001198193	0.003612258
ASV_3270	0.002007	0.000605472	0.002369415	0.003045519
ASV_5135	0.002295	0.0004754798	0.0038902866	0.0025188566
ASV_7239	0.002247	0.0001165159	0.0015553793	0.0050696184
ASV_3739	0.002108	0.006322772	0.000000000	0.000000000
ASV_5106	0.003182	0.007819320	0.000000000	0.001725503
ASV_6540	0.001822	0.000000000	0.001229451	0.004236866
ASV_9122	0.003507	0.004506007	0.004048626	0.001966361
ASV_3693	0.0017	0.0000000000	0.0049616250	0.0001397976
ASV_9733	0.002114	0.001080251	0.001832014	0.003430843
ASV_4232	0.002372	0.0025877378	0.0036365526	0.0008914614
ASV_4315	0.002055	0.000000000	0.006164567	0.000000000
ASV_4755	0.002057	0.0026553687	0.0003888448	0.0031281772
ASV_9573	0.002053	0.0009846291	0.0039406827	0.0012325688
ASV_4709	0.002081	0.001347359	0.003649378	0.001246986
ASV_9170	0.002057	0.0003614022	0.0025151594	0.0032943913
ASV_7776	0.001921	0.0012313023	0.0038565521	0.0006740122
ASV_4853	0.00205	0.0008980492	0.0007440311	0.0045086219
ASV_4612	0.002309	0.002021527	0.001241010	0.003664002
ASV_6513	0.002219	0.0033589048	0.0027266218	0.0005711495
ASV_6359	0.001804	0.0003651828	0.0035257197	0.0015213211
ASV_5133	0.001988	0.0004711457	0.0000000000	0.0054929328
ASV_7259	0.001785	0.005071186	0.000000000	0.000284084
ASV_6488	0.002223	0.005524772	0.000000000	0.001144159
ASV_6762	0.001859	0.0001204674	0.0037867755	0.0016688457
ASV_5843	0.002096	0.0007517178	0.0002605388	0.0052752032
ASV_5508	0.001919	0.0009704592	0.0000000000	0.0047876865
ASV_5244	0.002151	0.00000000	0.00000000	0.00645328
ASV_5942	0.002135	0.000510840	0.000000000	0.005895561
ASV_6320	0.002631	0.0051692990	0.0025766895	0.0001455299
ASV_5870	0.001956	0.0007320751	0.0030779329	0.0020569404
ASV_8044	0.001856	0.0002182358	0.0041702904	0.0011806011
ASV_6719	0.002842	7.417398e-03	1.011611e-03	9.612686e-05
ASV_7283	0.001822	0.002632124	0.002834106	0.000000000
ASV_7696	0.001627	0.000000000	0.004880116	0.000000000
ASV_6393	0.0018	0.0009975261	0.0044032251	0.0000000000
ASV_7601	0.001618	0.0047306711	0.0000000000	0.0001237556
ASV_7112	0.001937	0.0054214930	0.0003888448	0.0000000000
ASV_9344	0.001628	0.001796399	0.001843265	0.001243763
ASV_6463	0.002102	0.00000000	0.00630614	0.00000000
ASV_6580	0.001931	0.000000000	0.000000000	0.005791685
ASV_7236	0.002114	0.0003325087	0.0000000000	0.0060095821
ASV_7300	0.001646	0.004939164	0.000000000	0.000000000
ASV_7428	0.001592	0.004777152	0.000000000	0.000000000
ASV_7554	0.002084	0.0004965648	0.0000000000	0.0057555981
ASV_8474	0.001597	0.000000000	0.004790481	0.000000000
ASV_972	0.00272	0.0053208951	0.0007367722	0.0021032925
ASV_1322	0.001854	0.000000000	0.000000000	0.005562801
ASV_1099	0.001995	0.0006494771	0.0008977496	0.0044386901
ASV_1960	0.00247	0.002114039	0.003611232	0.001685658
ASV_3950	0.002439	0.0038860007	0.0002605388	0.0031698255
ASV_2281	0.001783	0.001756818	0.001587138	0.002005556
ASV_2563	0.001984	0.0007988163	0.0005210776	0.0046313374
ASV_2534	0.001699	0.001181975	0.000169167	0.003747279
ASV_3299	0.002271	0.002815768	0.001982021	0.002014711
ASV_3079	0.002009	0.000380049	0.000000000	0.005646653
ASV_5187	0.001995	0.001159163	0.001408119	0.003416330
ASV_4714	0.001994	0.003886437	0.002094070	0.000000000
ASV_4389	0.002071	0.002020793	0.003101853	0.001089834
ASV_6061	0.002041	0.0020111936	0.0006156443	0.0034976404
ASV_4563	0.002541	0.0057722778	0.0006817331	0.0011676009
ASV_6120	0.00212	0.002159349	0.003098187	0.001102346
ASV_4759	0.001822	0.003454372	0.001015769	0.000994772
ASV_4795	0.002541	0.003431916	0.002722190	0.001469255
ASV_4293	0.001805	0.0004660636	0.0046139831	0.0003337691
ASV_4434	0.002927	8.023054e-03	6.606759e-04	9.612686e-05
ASV_5248	0.002091	0.004061355	0.000000000	0.002210918
ASV_6035	0.001852	0.0009637393	0.0040196784	0.0005726852
ASV_4961	0.002788	0.008362981	0.000000000	0.000000000
ASV_6133	0.00157	0.002740825	0.001830329	0.000138554
ASV_6808	0.001958	0.0006547073	0.0002752782	0.0049440126
ASV_5271	0.001784	0.0007702092	0.0010417937	0.0035396193
ASV_5749	0.001842	0.0001164556	0.0009376999	0.0044706025
ASV_5666	0.00192	0.0005545481	0.0047244702	0.0004806343
ASV_5708	0.002127	0.002766093	0.000153175	0.003462502
ASV_5293	0.001849	0.000000000	0.000000000	0.005546654
ASV_5819	0.001879	0.0002232163	0.0000000000	0.0054129678
ASV_5260	0.002203	0.001092607	0.002060143	0.003457740
ASV_6447	0.001822	0.0000000000	0.0048883049	0.0005767611
ASV_6882	0.002176	0.0034690340	0.0007452957	0.0023141004
ASV_5562	0.002305	0.001333541	0.004218220	0.001361913
ASV_7265	0.001678	0.002796725	0.001179589	0.001058716
ASV_6605	0.002059	0.003032497	0.003145315	0.000000000
ASV_7159	0.002196	0.001156232	0.004174782	0.001256365
ASV_5547	0.001654	0.000000000	0.000000000	0.004961626
ASV_5968	0.002028	0.000000000	0.002940895	0.003142584
ASV_6386	0.002805	0.008414	0.000000	0.000000
ASV_8135	0.001956	0.0048877711	0.0005639027	0.0004159021
ASV_8259	0.001604	0.000000000	0.004811671	0.000000000
ASV_8909	0.002114	0.001360482	0.003810877	0.001171143
ASV_8929	0.001636	0.000510840	0.004395966	0.000000000
ASV_9289	0.001847	0.002276179	0.002114243	0.001151531
ASV_6690	0.00156	0.0002401329	0.0009203166	0.0035208353
ASV_8920	0.001604	0.000000000	0.004811671	0.000000000
ASV_8515	0.002387	0.002789210	0.003010991	0.001362260
ASV_7598	0.001612	0.004836866	0.000000000	0.000000000
ASV_6175	0.001534	0.000000000	0.001237215	0.003364440
ASV_6392	0.002268	0.0022400035	0.0001202918	0.0044444915
ASV_6395	0.002843	0.007138292	0.000000000	0.001389317
ASV_6877	0.001894	0.001366592	0.000000000	0.004316560
ASV_7898	0.001645	0.0013381688	0.0034793354	0.0001163565
ASV_8123	0.001694	0.0003754865	0.0045132770	0.0001924735
ASV_8807	0.001467	0.004401195	0.000000000	0.000000000
ASV_853	0.002017	0.001459481	0.000000000	0.004592745
ASV_1032	0.001912	0.001112184	0.002231491	0.002391614
ASV_1015	0.003087	0.004342140	0.004920008	0.000000000
ASV_1778	0.001913	0.001962163	0.002188960	0.001586796
ASV_2256	0.001714	0.001901536	0.002164974	0.001075890
ASV_2540	0.002048	0.001009967	0.001660156	0.003474561
ASV_2922	0.002744	0.0080911227	0.0000000000	0.0001397976
ASV_2944	0.001739	0.0007702092	0.0031520776	0.0012947737
ASV_3289	0.002356	0.001630226	0.002827952	0.002608526
ASV_3503	0.001699	0.000000000	0.000000000	0.005098476
ASV_3333	0.001531	0.0000000000	0.0041760961	0.0004181492
ASV_5465	0.003889	0.000000000	0.009725047	0.001942939
ASV_4103	0.002331	0.003346718	0.001721796	0.001923875
ASV_6528	0.002717	0.0071792663	0.0000000000	0.0009720819
ASV_3411	0.002411	0.003299598	0.002859733	0.001073941
ASV_3794	0.002085	0.000000000	0.001718761	0.004536367
ASV_4697	0.001937	0.001597145	0.002357902	0.001855985
ASV_8106	0.002494	0.004116093	0.001093757	0.002273358
ASV_3999	0.001641	0.0006488826	0.0039414134	0.0003337691
ASV_4282	0.001648	0.000000000	0.001138428	0.003806508
ASV_4182	0.001597	0.0016969195	0.0024709946	0.0006221497
ASV_5157	0.00158	0.000000000	0.003445856	0.001295130
ASV_4929	0.001461	0.0008867251	0.0001562510	0.0033415025
ASV_4045	0.001835	0.0009355572	0.0018308923	0.0027377540
ASV_4190	0.002449	0.002609580	0.003524146	0.001212542
ASV_4500	0.001882	0.0004529711	0.0015372373	0.0036559508
ASV_4421	0.001853	0.002290813	0.001282377	0.001986996
ASV_4325	0.001754	0.0001204674	0.0006286920	0.0045129286
ASV_4702	0.001599	0.0006105462	0.0031279654	0.0010573954
ASV_8755	0.002706	0.002630859	0.004425997	0.001060235
ASV_4835	0.001998	0.001039591	0.000312502	0.004640979
ASV_5250	0.00172	0.001846733	0.002032759	0.001279921
ASV_5299	0.001931	0.002536951	0.001733242	0.001522801
ASV_9931	0.001764	0.0002365824	0.0026370048	0.0024173390
ASV_5207	0.001682	0.0022127176	0.0007275752	0.0021070780
ASV_5824	0.001675	0.0000000000	0.0007252703	0.0042993803
ASV_7484	0.001653	0.0000000000	0.0003301114	0.0046275283
ASV_8109	0.003203	0.0082908268	0.0009375059	0.0003817901
ASV_6823	0.001542	0.0001164556	0.0045090220	0.0000000000
ASV_8289	0.002102	0.0005726416	0.0001562510	0.0055781509
ASV_6154	0.001453	0.000000000	0.004358964	0.000000000
ASV_7725	0.001613	0.0023276092	0.0022348783	0.0002773481
ASV_9691	0.001887	0.0015279744	0.0036367034	0.0004965673
ASV_7372	0.001745	0.000000000	0.005236075	0.000000000
ASV_7687	0.002185	0.002049406	0.004506460	0.000000000
ASV_6940	0.001743	0.000000000	0.001383837	0.003843834
ASV_8468	0.001832	0.0009530915	0.0041634122	0.0003782428
ASV_9070	0.001645	0.0032112631	0.0008529311	0.0008703827
ASV_8371	0.002898	0.0078012459	0.0007501420	0.0001412956
ASV_6378	0.001838	0.0039593262	0.0002734668	0.0012799211
ASV_7400	0.002008	0.001337033	0.000465677	0.004222570
ASV_7522	0.002685	0.0000000000	0.0079087955	0.0001455299
ASV_6101	0.001858	0.0001165159	0.0003570816	0.0051003053
ASV_7138	0.001839	0.001038085	0.001918653	0.002560647
ASV_7679	0.001679	0.0002232163	0.0048135329	0.0000000000
ASV_8103	0.001979	0.003355157	0.001448926	0.001133825
ASV_9658	0.001687	0.001630379	0.001284494	0.002146334
ASV_5990	0.001827	0.0000000000	0.0004072214	0.0050731172
ASV_6355	0.00203	0.000000000	0.006091345	0.000000000
ASV_1062	0.002178	0.001870598	0.001214410	0.003449610
ASV_1392	0.002198	0.0024374171	0.0009370228	0.0032199336
ASV_2216	0.001686	0.000000000	0.003323772	0.001733164
ASV_1971	0.001945	0.0004779181	0.0026234539	0.0027340871
ASV_2194	0.001544	0.001048643	0.001252107	0.002330187
ASV_7986	0.00241	0.003090062	0.003049472	0.001090659
ASV_6040	0.002084	0.0023257311	0.0009557336	0.0029700970
ASV_3414	0.002077	0.001090188	0.001266981	0.003875264
ASV_3879	0.00189	0.001428394	0.000000000	0.004243005
ASV_4294	0.001879	0.0005655405	0.0018402904	0.0032320278
ASV_4554	0.001673	0.0003534992	0.0017832612	0.0028811788
ASV_4303	0.003055	0.009164546	0.000000000	0.000000000
ASV_5310	0.002315	0.002777692	0.002108725	0.002059162
ASV_4834	0.001881	0.0003396719	0.0035076573	0.0017955793
ASV_4258	0.00208	0.001480669	0.003558849	0.001199906
ASV_4265	0.002373	0.005095297	0.001120521	0.000904023
ASV_5365	0.00236	0.0040582207	0.0024414113	0.0005818365
ASV_4472	0.001803	0.000000000	0.000000000	0.005409964
ASV_4947	0.001663	0.0039357975	0.0009357784	0.0001163565
ASV_7757	0.002096	0.002614989	0.002608892	0.001065458
ASV_6138	0.001659	0.0004710312	0.0028994756	0.0016063714
ASV_5360	0.002082	0.001919680	0.004326895	0.000000000
ASV_5030	0.001708	0.001650448	0.002343765	0.001129845
ASV_5292	0.001887	0.000000000	0.000312502	0.005347754
ASV_6498	0.002098	0.001523703	0.000156251	0.004614702
ASV_5795	0.001595	0.0003614022	0.0011734567	0.0032489536
ASV_6722	0.001705	0.001656934	0.001398875	0.002058823
ASV_6599	0.001665	0.002343049	0.001232271	0.001418592
ASV_7068	0.002059	0.0006596878	0.0055183361	0.0000000000
ASV_7543	0.001828	0.0014179119	0.0007491864	0.0033182660
ASV_9350	0.001451	0.0038268375	0.0003353049	0.0001908951
ASV_7069	0.001476	0.000000000	0.004426799	0.000000000
ASV_6186	0.001866	0.000000000	0.000000000	0.005596561
ASV_7853	0.001673	0.0005904825	0.0044298118	0.0000000000
ASV_9703	0.001777	0.0029724582	0.0005536481	0.0018043206
ASV_8741	0.001936	0.0004512676	0.0036452721	0.0017100264
ASV_9047	0.001738	0.0008332436	0.0003909724	0.0039893028
ASV_6824	0.001891	0.0000000000	0.0054796223	0.0001924735
ASV_8033	0.001978	0.000000000	0.005664114	0.000268566
ASV_6960	0.001503	0.000000000	0.000000000	0.004508268
ASV_9651	0.00172	0.0033351523	0.0005588415	0.0012655047
ASV_7211	0.00208	0.000587016	0.005651690	0.000000000
ASV_6684	0.001509	0.000000000	0.003388389	0.001137454
ASV_6718	0.002142	0.0057533101	0.0006733773	0.0000000000
ASV_7277	0.004727	0.01418228	0.00000000	0.00000000
ASV_7000	0.001973	0.000138637	0.003001382	0.002779027
ASV_8091	0.001727	0.0025505544	0.0023751308	0.0002549105
ASV_6935	0.002319	0.000000000	0.006819228	0.000138554
ASV_8759	0.001662	0.001235578	0.001034950	0.002714093
ASV_7278	0.002877	0.0078837315	0.0007462694	0.0000000000
ASV_7609	0.001774	0.0005501494	0.0047716398	0.0000000000
ASV_8670	0.00154	0.000000000	0.004620502	0.000000000
ASV_9506	0.002262	0.000000000	0.006787219	0.000000000
ASV_2347	0.001734	0.0024910761	0.0004167898	0.0022935930
ASV_1420	0.001867	0.001479848	0.001045816	0.003074710
ASV_2270	0.00216	0.0012191593	0.0049728740	0.0002883806
ASV_2701	0.001977	0.0007290758	0.0008025586	0.0043987866
ASV_3198	0.00236	0.004119994	0.001059693	0.001901531
ASV_3103	0.001623	0.0035824417	0.0011621658	0.0001237556
ASV_6646	0.002055	0.0007290758	0.0014318734	0.0040027849
ASV_3416	0.001762	0.0021193957	0.0030267013	0.0001397976
ASV_3390	0.002636	0.005707605	0.001018273	0.001181869
ASV_3298	0.002004	0.0008306008	0.0039217423	0.0012596762
ASV_4278	0.001927	0.0002200598	0.0026649505	0.0028956689
ASV_3607	0.002137	0.0027280124	0.0006176204	0.0030657044
ASV_4123	0.001958	0.0006063847	0.0007776896	0.0044889130
ASV_4022	0.00187	0.002005230	0.002195814	0.001409933
ASV_3743	0.001932	0.0011284688	0.0004896032	0.0041778849
ASV_6635	0.002428	0.004642776	0.000000000	0.002642286
ASV_3925	0.001699	0.000000000	0.000000000	0.005098339
ASV_4361	0.001698	0.000510840	0.001198946	0.003384443
ASV_3511	0.002066	0.001388321	0.002051211	0.002759083
ASV_4049	0.001986	0.002236278	0.002461281	0.001261180
ASV_4793	0.001541	0.003032964	0.000156251	0.001432370
ASV_6310	0.001918	0.0033819744	0.0021331183	0.0002401121
ASV_5584	0.001878	0.001373474	0.002369597	0.001891889
ASV_9558	0.00162	0.0005825795	0.0026151954	0.0016622707
ASV_4696	0.001932	0.001966803	0.003132502	0.000696445
ASV_4905	0.002052	0.002294629	0.001617321	0.002243119
ASV_4921	0.001541	0.0004401195	0.0027656979	0.0014161955
ASV_4625	0.00183	0.000000000	0.000000000	0.005488821
ASV_8761	0.002695	0.004633894	0.001791538	0.001659370
ASV_4492	0.002066	0.001277100	0.003568699	0.001351134
ASV_5029	0.001557	0.0035593500	0.0009002821	0.0002124833
ASV_5485	0.00139	0.0038899620	0.0000000000	0.0002795951
ASV_8306	0.002281	0.0049591433	0.0004908677	0.0013915211
ASV_4679	0.001662	0.0000000000	0.0004806131	0.0045053455
ASV_5691	0.001595	0.0017091422	0.0024413913	0.0006337882
ASV_7167	0.002101	0.0041057491	0.0018642379	0.0003322711
ASV_5200	0.001685	0.000981508	0.003687224	0.000384947
ASV_5721	0.001707	0.0001200665	0.0017098646	0.0032918422
ASV_5452	0.001696	0.0011749787	0.0006014589	0.0033126900
ASV_7890	0.002228	0.002380273	0.000000000	0.004302831
ASV_5363	0.002199	0.0015505743	0.0005450958	0.0045001000
ASV_7242	0.001935	0.0008232035	0.0002662881	0.0047143892
ASV_9824	0.001513	0.0009489493	0.0020421297	0.0015475544
ASV_5305	0.002632	0.0046566526	0.0027229581	0.0005160731
ASV_6483	0.001584	0.003605507	0.001146081	0.000000000
ASV_5913	0.001733	0.000000000	0.001860968	0.003337892
ASV_6411	0.002737	0.0052300572	0.0021901320	0.0007921041
ASV_5312	0.001684	0.0003509647	0.0002662881	0.0044337869
ASV_6109	0.00199	0.001595716	0.002058366	0.002316359
ASV_6861	0.001984	0.0031231663	0.0008759381	0.0019530841
ASV_7561	0.002265	0.004168170	0.002627621	0.000000000
ASV_6627	0.001573	0.0005918995	0.0029949288	0.0011313464
ASV_8344	0.001475	0.0026125554	0.0013889011	0.0004241215
ASV_8539	0.003063	0.007338353	0.001711630	0.000138794
ASV_5486	0.001977	0.0004700151	0.0015919117	0.0038701231
ASV_6826	0.001943	0.0007600979	0.0025264137	0.0025416894
ASV_6566	0.001927	0.000000000	0.005781286	0.000000000
ASV_7364	0.001658	0.0001164556	0.0041207093	0.0007373745
ASV_6677	0.001614	0.0000000000	0.0047245747	0.0001163565
ASV_7073	0.001787	0.0000000000	0.0051603251	0.0002000464
ASV_6103	0.001787	0.0005904223	0.0038351664	0.0009361559
ASV_6865	0.00204	0.0045075842	0.0008898544	0.0007230779
ASV_7285	0.002093	0.002251161	0.002481098	0.001545290
ASV_8722	0.002103	0.001806666	0.000156251	0.004346448
ASV_6401	0.001846	0.0036991185	0.0006250039	0.0012137554
ASV_7139	0.002694	0.003934870	0.002924884	0.001222249
ASV_7885	0.002025	0.0008790102	0.0004167898	0.0047783919
ASV_6633	0.002033	0.0009396687	0.0036998294	0.0014581107
ASV_7365	0.001443	0.000000000	0.001542119	0.002786911
ASV_9605	0.001616	0.0047304582	0.0000000000	0.0001163565
ASV_6839	0.001562	0.000000000	0.000000000	0.004686971
ASV_7848	0.001718	0.000000000	0.002716059	0.002438740
ASV_7162	0.002799	0.0047941921	0.0034019653	0.0002000464
ASV_7387	0.001888	0.0000000000	0.0055395412	0.0001237556
ASV_7857	0.001441	0.000000000	0.004323117	0.000000000
ASV_8025	0.001541	0.0004505571	0.0041736904	0.0000000000
ASV_8339	0.001412	0.0028434290	0.0002380544	0.0011535223
ASV_8743	0.001585	0.0046369950	0.0001190272	0.0000000000
ASV_8900	0.001561	0.00000000	0.00468344	0.00000000
ASV_8924	0.001489	0.000000000	0.004466815	0.000000000
ASV_2617	0.00256	0.0060799901	0.0010465597	0.0005542162
ASV_2459	0.001901	0.0036030948	0.0001100371	0.0019908740
ASV_3167	0.00189	0.000720099	0.002947471	0.002003583
ASV_3188	0.001495	0.0004401195	0.0011813314	0.0028637275
ASV_3156	0.002305	0.0042361273	0.0023865952	0.0002910598
ASV_4050	0.002181	0.002280294	0.002558971	0.001704156
ASV_3632	0.001665	0.000000000	0.000000000	0.004995866
ASV_3513	0.00181	0.001360207	0.000000000	0.004068690
ASV_3912	0.001735	0.0026000681	0.0004773734	0.0021289719
ASV_4717	0.002133	0.002332746	0.001619662	0.002448038
ASV_4765	0.001762	0.0001100299	0.0022733243	0.0029012752
ASV_4903	0.001731	0.001305572	0.001896632	0.001991002
ASV_4453	0.001691	0.0001165159	0.0011422272	0.0038129509
ASV_5120	0.001491	0.000586531	0.002203463	0.001684168
ASV_5536	0.001827	0.0000000000	0.0008979569	0.0045840279
ASV_7180	0.002201	0.0018410520	0.0039925704	0.0007686943
ASV_6802	0.001777	0.000580667	0.002234074	0.002516113
ASV_9403	0.001523	0.0001164556	0.0042006141	0.0002506394
ASV_5615	0.001405	0.000000000	0.004213572	0.000000000
ASV_6150	0.001919	0.0001165159	0.0035512250	0.0020902307
ASV_7273	0.004101	0.0114014685	0.0000000000	0.0009004443
ASV_5862	0.002252	0.0037743181	0.0022581985	0.0007238949
ASV_7761	0.00148	0.0034935550	0.0009457117	0.0000000000
ASV_6126	0.001795	0.0002554200	0.0002605388	0.0048701911
ASV_6600	0.002073	4.326739e-03	1.796989e-03	9.612686e-05
ASV_8149	0.002423	0.005777202	0.001490349	0.000000000
ASV_8820	0.002501	0.004356312	0.002047094	0.001098286
ASV_6313	0.001657	0.0001204674	0.0000000000	0.0048502584
ASV_7442	0.001835	0.001225657	0.001110992	0.003167446
ASV_9906	0.001771	0.0004818697	0.0009737660	0.0038564213
ASV_8529	0.001723	0.002645897	0.002523010	0.000000000
ASV_6987	0.002257	0.0047743401	0.0003480916	0.0016499157
ASV_6695	0.001875	0.000000000	0.005625035	0.000000000
ASV_6205	0.001495	0.004486243	0.000000000	0.000000000
ASV_9223	0.001743	0.0002329113	0.0007469012	0.0042484017
ASV_6255	0.00187	1.164556e-04	5.396100e-03	9.612686e-05
ASV_6279	0.001577	0.0002330318	0.0010842837	0.0034138928
ASV_7077	0.001516	0.000000000	0.004547104	0.000000000
ASV_9608	0.002108	0.0033575608	0.0026746139	0.0002910598
ASV_6899	0.00175	0.0007702092	0.0044789598	0.0000000000
ASV_8029	0.001673	0.0002200598	0.0036054779	0.0011939815
ASV_6563	0.001659	0.000000000	0.004977395	0.000000000
ASV_6698	0.001846	0.000000000	0.005537099	0.000000000
ASV_7103	0.001666	0.000000000	0.000000000	0.004996586
ASV_7161	0.001387	0.001980538	0.002180042	0.000000000
ASV_8045	0.00172	0.0006124832	0.0038988199	0.0006494964
ASV_8696	0.001759	0.000000000	0.005275904	0.000000000
ASV_1750	0.002246	0.003318319	0.001989274	0.001431206
ASV_2233	0.001383	0.002330318	0.001442237	0.000375722
ASV_2383	0.002456	0.0054203451	0.0009002821	0.0010472081
ASV_2566	0.001865	0.001487672	0.002651178	0.001457400
ASV_3026	0.001727	0.0015278204	0.0035376696	0.0001163565
ASV_3510	0.002052	0.0024158413	0.0004785929	0.0032607474
ASV_8764	0.002188	0.0040139761	0.0007292917	0.0018208760
ASV_3897	0.001779	0.001193538	0.001960606	0.002183914
ASV_3711	0.002868	0.006460832	0.002142490	0.000000000
ASV_3462	0.001446	0.002736631	0.001602232	0.000000000
ASV_5377	0.00197	0.001747730	0.002077689	0.002085137
ASV_4194	0.001843	0.0024264357	0.0005393395	0.0025618543
ASV_3777	0.001696	0.0009266880	0.0003608753	0.0038018097
ASV_4570	0.001859	0.0037149136	0.0012848020	0.0005767611
ASV_5369	0.001785	0.002150841	0.001318967	0.001883850
ASV_3874	0.001548	0.0007438718	0.0023123597	0.0015871726
ASV_4571	0.001758	0.0033540385	0.0012982399	0.0006218676
ASV_5600	0.001658	0.0013275248	0.0009866066	0.0026603322
ASV_9780	0.001913	0.001207997	0.003068070	0.001462239
ASV_4754	0.001697	0.0013002894	0.0028379799	0.0009536266
ASV_5069	0.002	0.002842525	0.002015854	0.001143068
ASV_5203	0.00167	0.0014090694	0.0029175303	0.0006826841
ASV_7440	0.001877	0.002006838	0.001184509	0.002439256
ASV_5082	0.001556	0.0018070112	0.0026709785	0.0001908951
ASV_4946	0.001476	0.0029325345	0.0009375059	0.0005591903
ASV_4861	0.00151	0.0020050218	0.0016860728	0.0008387854
ASV_5574	0.001526	0.0007460007	0.0011977454	0.0026357394
ASV_5001	0.001463	0.0009542483	0.0001100371	0.0033239576
ASV_8311	0.001557	0.000594434	0.001850550	0.002225229
ASV_5370	0.001713	0.0025647493	0.0021889723	0.0003845074
ASV_5716	0.001632	0.0028310366	0.0014524315	0.0006118662
ASV_5914	0.001465	0.000000000	0.004396128	0.000000000
ASV_6207	0.002166	0.0045071468	0.0015592436	0.0004323554
ASV_7150	0.001548	0.0004806668	0.0014662171	0.0026957939
ASV_5883	0.002125	0.003951885	0.001472884	0.000949160
ASV_6183	0.001593	0.0009704592	0.0001190272	0.0036893911
ASV_6031	0.001774	0.0008457158	0.0001190272	0.0043557814
ASV_5694	0.001827	0.0021853326	0.0008849023	0.0024114433
ASV_5713	0.001529	0.0014920015	0.0026154350	0.0004806343
ASV_6487	0.001633	0.001086975	0.002776049	0.001036204
ASV_6689	0.001629	0.000000000	0.001396467	0.003491206
ASV_7553	0.00157	0.0008522018	0.0001164947	0.0037425744
ASV_6292	0.002391	0.0047459105	0.0018582888	0.0005702538
ASV_6704	0.001954	0.000000000	0.000000000	0.005862591
ASV_7149	0.001489	0.0021354971	0.0015843491	0.0007479332
ASV_7925	0.001793	0.003824859	0.001554699	0.000000000
ASV_6075	0.001633	0.000000000	0.004899534	0.000000000
ASV_7099	0.001707	0.0000000000	0.0003076166	0.0048133617
ASV_6849	0.001422	0.002943647	0.000000000	0.001321396
ASV_7923	0.00174	0.001450582	0.003768956	0.000000000
ASV_6373	0.001801	0.0002232163	0.0000000000	0.0051792336
ASV_7375	0.002038	0.0002200598	0.0053114877	0.0005818365
ASV_7913	0.001771	1.520394e-03	3.696294e-03	9.612686e-05
ASV_7153	0.001579	0.004735523	0.000000000	0.000000000
ASV_7302	0.001391	0.0036140224	0.0005588415	0.0000000000
ASV_6749	0.00205	0.004337569	0.001810973	0.000000000
ASV_9914	0.00173	0.0020639124	0.0007271638	0.0023984836
ASV_6963	0.001923	0.000000000	0.000000000	0.005770202
ASV_9910	0.00202	0.0006646683	0.0018890856	0.0035063432
ASV_6221	0.001904	0.003017015	0.000153175	0.002542016
ASV_6703	0.001687	0.000000000	0.000000000	0.005060654
ASV_7081	0.002258	0.000000000	0.006775144	0.000000000
ASV_7448	0.001441	0.0037344898	0.0003063500	0.0002825912
ASV_7694	0.001363	0.000000000	0.004089435	0.000000000
ASV_7845	0.001359	0.000000000	0.004077315	0.000000000
ASV_8576	0.002218	0.0054346384	0.0003608753	0.0008585137
ASV_9300	0.001963	0.0055026144	0.0003867977	0.0000000000
ASV_1566	0.001409	0.0035843919	0.0002380544	0.0004031820
ASV_2037	0.001626	0.003723021	0.001154685	0.000000000
ASV_2123	0.00198	0.0001165159	0.0052914398	0.0005327386
ASV_2154	0.001724	0.0000000000	0.0009028952	0.0042677341
ASV_3349	0.001717	0.0000000000	0.0007816164	0.0043687343
ASV_3473	0.001574	0.0002545073	0.0000000000	0.0044663406
ASV_3184	0.001709	0.0012474947	0.0008709102	0.0030085938
ASV_3512	0.002002	0.002028733	0.001612616	0.002363293
ASV_3949	0.001464	0.0003606004	0.0022842792	0.0017482899
ASV_3706	0.001943	0.002356889	0.003472408	0.000000000
ASV_4173	0.002588	0.00000000	0.00651347	0.00124919
ASV_5170	0.00177	0.001063522	0.001644055	0.002601987
ASV_3616	0.001538	0.0008796111	0.0001117683	0.0036237964
ASV_3863	0.001558	0.0001100299	0.0002894587	0.0042748955
ASV_4566	0.00153	0.0005916132	0.0016955167	0.0023026275
ASV_4095	0.001646	0.0001200665	0.0010768244	0.0037407978
ASV_4828	0.002881	0.000000000	0.008643591	0.000000000
ASV_7389	0.002264	0.0029291655	0.0006773286	0.0031867881
ASV_8731	0.001612	0.000510840	0.001042155	0.003284005
ASV_6676	0.001467	0.0001100299	0.0036198842	0.0006725141
ASV_8229	0.001672	0.0013330643	0.0009327958	0.0027492582
ASV_5266	0.001621	0.001291124	0.002326466	0.001244751
ASV_4862	0.001814	0.0002409348	0.0000000000	0.0052003833
ASV_5798	0.00143	0.0007894865	0.0007141633	0.0027853281
ASV_6384	0.001364	0.0007875799	0.0025823042	0.0007231079
ASV_5014	0.001924	0.0017933083	0.0007206874	0.0032594815
ASV_4908	0.001673	0.004867121	0.000153175	0.000000000
ASV_8466	0.002319	0.0004414521	0.0056571079	0.0008595539
ASV_5384	0.002022	0.001140186	0.002889507	0.002036659
ASV_5364	0.001743	0.001256663	0.003971150	0.000000000
ASV_5954	0.001671	0.0012456437	0.0033808369	0.0003871867
ASV_6173	0.001583	0.0000000000	0.0038573050	0.0008910454
ASV_8348	0.001494	0.001625116	0.001526409	0.001330411
ASV_6587	0.001639	0.0003719359	0.0013210596	0.0032235260
ASV_8341	0.001476	1.070777e-03	3.260773e-03	9.612686e-05
ASV_5818	0.00188	0.000555725	0.000000000	0.005083016
ASV_6354	0.001851	0.000000000	0.005554124	0.000000000
ASV_6659	0.001533	0.0000000000	0.0004940077	0.0041037345
ASV_8526	0.001877	0.002578398	0.001904968	0.001148859
ASV_8523	0.00181	0.0017285340	0.0006123814	0.0030899507
ASV_6938	0.001643	0.0005099273	0.0033543629	0.0010640372
ASV_5871	0.001597	0.0010421702	0.0006876568	0.0030613205
ASV_6383	0.001724	0.0003494874	0.0000000000	0.0048239654
ASV_7592	0.002285	0.006854853	0.000000000	0.000000000
ASV_9286	0.002747	0.0050004830	0.0007013468	0.0025403068
ASV_9342	0.001321	0.003963163	0.000000000	0.000000000
ASV_6261	0.00185	0.0000000000	0.0054337131	0.0001163565
ASV_6957	0.001559	0.00000000	0.00000000	0.00467836
ASV_7261	0.001517	0.002594215	0.000000000	0.001955671
ASV_7644	0.001437	0.0003325087	0.0034672088	0.0005115030
ASV_8758	0.003789	0.0107514005	0.0004761089	0.0001397976
ASV_7267	0.00147	0.003988727	0.000000000	0.000422638
ASV_9666	0.001361	0.003777175	0.000306350	0.000000000
ASV_8294	0.001477	0.000000000	0.001932410	0.002499298
ASV_6485	0.001874	0.002227194	0.000000000	0.003395268
ASV_6829	0.001893	0.00000000	0.00567929	0.00000000
ASV_7950	0.001582	0.0002329113	0.0001202918	0.0043932947
ASV_8361	0.001394	0.003050356	0.000000000	0.001130633
ASV_8375	0.001354	0.0002182358	0.0038443258	0.0000000000
ASV_9073	0.001247	0.003741016	0.000000000	0.000000000
ASV_1191	0.00147	0.0005637435	0.0035637184	0.0002825912
ASV_2402	0.001344	0.000380049	0.002978995	0.000672888
ASV_2522	0.001379	0.0026325793	0.0011744996	0.0003308078
ASV_7054	0.001914	0.0017038851	0.0006490695	0.0033882392
ASV_2602	0.001659	0.0010672837	0.0001190272	0.0037900568
ASV_3251	0.00142	0.0002232163	0.0040360071	0.0000000000
ASV_2830	0.001754	0.0000000000	0.0001190272	0.0051430040
ASV_3050	0.001733	0.001466253	0.000000000	0.003733934
ASV_3030	0.00205	0.002511876	0.003638980	0.000000000
ASV_3439	0.001519	0.0005317814	0.0000000000	0.0040255089
ASV_2968	0.001937	0.001278784	0.004531278	0.000000000
ASV_3761	0.001569	0.0006354690	0.0008047785	0.0032667736
ASV_3141	0.001706	0.002675247	0.002443870	0.000000000
ASV_4424	0.002124	0.0039526096	0.0006773286	0.0017419420
ASV_3648	0.001794	0.0011874500	0.0037948297	0.0004000928
ASV_3805	0.001656	0.0002330318	0.0011908828	0.0035427114
ASV_4973	0.001535	0.001823911	0.000661047	0.002121140
ASV_3785	0.001736	0.0019009334	0.0009406922	0.0023656568
ASV_4096	0.001498	0.001045702	0.002287994	0.001159203
ASV_4057	0.001626	0.0009704592	0.0037676329	0.0001387940
ASV_3967	0.001342	0.001445609	0.002578993	0.000000000
ASV_4533	0.00207	0.0007600979	0.0038419030	0.0016087756
ASV_4229	0.001762	0.002673650	0.001110662	0.001501582
ASV_4468	0.001726	0.000000000	0.002210317	0.002969174
ASV_6607	0.001639	0.001001033	0.001201653	0.002713581
ASV_3998	0.001529	0.0009139657	0.0012024081	0.0024712624
ASV_4989	0.001783	0.000000000	0.005348646	0.000000000
ASV_7612	0.001585	0.0018113650	0.0020436769	0.0008986684
ASV_4262	0.002004	0.003308022	0.001004570	0.001700319
ASV_5358	0.001944	0.0037935371	0.0016523418	0.0003873088
ASV_5887	0.001652	0.0008923007	0.0024541224	0.0016084152
ASV_7769	0.002321	0.0051833168	0.0005890447	0.0011914878
ASV_5402	0.001855	0.0025195810	0.0002752782	0.0027713892
ASV_6304	0.00168	0.001653717	0.001850615	0.001534624
ASV_8070	0.002166	0.0034007152	0.0004687529	0.0026280564
ASV_4564	0.001587	0.0006650174	0.0001562510	0.0039401816
ASV_4872	0.001654	0.0001204674	0.0006176204	0.0042248243
ASV_9842	0.001595	0.0009026806	0.0019129096	0.0019708870
ASV_5046	0.00148	0.0000000000	0.0005824736	0.0038562018
ASV_5258	0.001927	0.002537196	0.001479526	0.001764312
ASV_5441	0.002183	0.0049242985	0.0005210776	0.0011035769
ASV_5321	0.001547	0.000635469	0.003223941	0.000781883
ASV_7520	0.001333	0.0004818697	0.0035183136	0.0000000000
ASV_7434	0.001943	0.002012357	0.002296475	0.001519157
ASV_5309	0.001347	0.0028860033	0.0001562510	0.0009994124
ASV_5464	0.001509	0.0003325087	0.0006951948	0.0034999621
ASV_5637	0.001453	0.001098692	0.001083803	0.002175361
ASV_6981	0.001651	0.0023593062	0.0019429179	0.0006503602
ASV_6361	0.00126	0.000000000	0.001904429	0.001876912
ASV_7940	0.001854	0.0044051567	0.0007241497	0.0004325518
ASV_4950	0.001803	0.0006170323	0.0021722567	0.0026192010
ASV_5649	0.001377	0.001210329	0.001547354	0.001374016
ASV_8137	0.001413	0.0022556349	0.0008991015	0.0010850242
ASV_5753	0.001537	0.0001204674	0.0001562510	0.0043337248
ASV_5785	0.001612	0.0009301984	0.0021603789	0.0017463588
ASV_6747	0.001815	0.0048409311	0.0003353049	0.0002685660
ASV_5949	0.001954	0.0052977488	0.0000000000	0.0005637607
ASV_9838	0.001842	0.0025397722	0.0027005522	0.0002868255
ASV_5845	0.001561	0.0004660636	0.0014950158	0.0027224599
ASV_7260	0.001472	0.0013200189	0.0002405836	0.0028559767
ASV_7766	0.001309	0.001368595	0.001588498	0.000969664
ASV_7130	0.002146	0.005027661	0.001408982	0.000000000
ASV_7284	0.001544	0.001160570	0.003087082	0.000384947
ASV_6374	0.001166	0.0004883313	0.0000000000	0.0030110873
ASV_9269	0.001806	0.001699408	0.002255871	0.001462687
ASV_8551	0.001615	0.0019731648	0.0025907993	0.0002795951
ASV_6301	0.001567	0.000255420	0.001620442	0.002826513
ASV_6620	0.00189	0.002628870	0.000000000	0.003040887
ASV_8281	0.001502	0.0003601994	0.0001691670	0.0039756526
ASV_7215	0.00144	0.0000000000	0.0036251942	0.0006939702
ASV_7379	0.00165	0.000000000	0.001245234	0.003706235
ASV_7224	0.001692	0.000000000	0.005075674	0.000000000
ASV_7241	0.001582	0.000000000	0.000000000	0.004745729
ASV_7547	0.001692	0.000000000	0.000000000	0.005077461
ASV_7915	0.001618	0.004852569	0.000000000	0.000000000
ASV_6568	0.001232	0.000000000	0.001092017	0.002605156
ASV_6582	0.001527	0.000000000	0.000000000	0.004581011
ASV_7075	0.001548	0.0000000000	0.0041169020	0.0005262427
ASV_7240	0.001416	0.000000000	0.000000000	0.004248163
ASV_7517	0.001719	0.000000000	0.005156282	0.000000000
ASV_7880	0.001781	0.001408769	0.000000000	0.003934192
ASV_825	0.001662	0.0002330318	0.0013831056	0.0033689714
ASV_1257	0.00171	0.0000000000	0.0007680397	0.0043617810
ASV_2472	0.00243	0.0070115914	0.0000000000	0.0002771081
ASV_2005	0.001504	0.000000000	0.000819501	0.003691553
ASV_2204	0.001632	0.0007009399	0.0000000000	0.0041942424
ASV_6266	0.002853	0.0078671307	0.0005505564	0.0001412956
ASV_2339	0.001432	0.004024011	0.000000000	0.000272837
ASV_2648	0.00155	0.0002200598	0.0015336062	0.0028975728
ASV_2317	0.001626	0.0008318222	0.0010421552	0.0030052233
ASV_2744	0.001755	0.002931734	0.000169167	0.002163520
ASV_3161	0.001987	0.0022827254	0.0001202918	0.0035568897
ASV_3180	0.001141	0.0020905678	0.0001190272	0.0012142111
ASV_3172	0.001578	0.000000000	0.000000000	0.004733191
ASV_4267	0.001479	0.000693911	0.001476377	0.002268003
ASV_3881	0.001598	0.0003300897	0.0023300769	0.0021328495
ASV_3938	0.002022	0.0032858150	0.0020031259	0.0007763975
ASV_3899	0.001698	0.000594434	0.001872659	0.002627908
ASV_3962	0.001372	0.000704057	0.001633081	0.001778775
ASV_4818	0.002417	0.0000000000	0.0062747201	0.0009752469
ASV_4439	0.001161	0.0001100299	0.0003125020	0.0030599910
ASV_5936	0.001584	0.0010096116	0.0004167898	0.0033253565
ASV_3988	0.001349	0.001132729	0.002779650	0.000134283
ASV_4451	0.001609	0.0002330318	0.0023409207	0.0022522882
ASV_4160	0.001499	0.0003574507	0.0027271945	0.0014136192
ASV_4066	0.001337	0.0001204674	0.0030829775	0.0008088339
ASV_6436	0.001633	0.001240437	0.000309426	0.003349588
ASV_4230	0.001413	0.001470976	0.001049333	0.001717792
ASV_5628	0.0016	0.0005529875	0.0006014589	0.0036447654
ASV_4715	0.001351	0.001060525	0.002724689	0.000268566
ASV_4163	0.001576	0.0009902690	0.0035448783	0.0001922537
ASV_4655	0.001936	0.0040065705	0.0003570816	0.0014431470
ASV_9382	0.001369	0.0005701692	0.0020411666	0.0014950228
ASV_5695	0.001695	0.001482473	0.003603053	0.000000000
ASV_6208	0.001804	0.005413043	0.000000000	0.000000000
ASV_6637	0.001312	0.0003365154	0.0023909231	0.0012095671
ASV_4580	0.001534	0.0003800490	0.0008716778	0.0033502408
ASV_9183	0.001457	0.0008135765	0.0017318412	0.0018243913
ASV_5091	0.001755	0.0000000000	0.0043207809	0.0009446464
ASV_7282	0.001603	0.0033300323	0.0001190272	0.0013614368
ASV_5421	0.001447	0.001579334	0.000000000	0.002761849
ASV_8584	0.001361	0.0008802391	0.0004811671	0.0027229058
ASV_8098	0.00187	0.0037715090	0.0008161816	0.0010230077
ASV_5751	0.001507	0.000000000	0.000000000	0.004520958
ASV_9935	0.00169	0.000000000	0.001237215	0.003832362
ASV_8893	0.001521	0.0008805653	0.0027629172	0.0009189221
ASV_5474	0.001527	0.0000000000	0.0002881942	0.0042913912
ASV_6303	0.001364	0.0001386370	0.0038074508	0.0001455299
ASV_6519	0.001641	0.0007644347	0.0005051917	0.0036547306
ASV_8460	0.001868	0.000000000	0.005602581	0.000000000
ASV_8531	0.001742	0.0026907507	0.0002235366	0.0023119274
ASV_5746	0.00159	0.0007292661	0.0000000000	0.0040410468
ASV_7293	0.001388	0.0005182089	0.0006379199	0.0030069478
ASV_6193	0.001382	0.0027466903	0.0012574608	0.0001412956
ASV_5984	0.001628	0.000255420	0.003317489	0.001311063
ASV_6720	0.001348	0.0033322906	0.0007119626	0.0000000000
ASV_7718	0.001426	0.0007438718	0.0019046891	0.0016307067
ASV_8559	0.001754	0.001238060	0.000000000	0.004024204
ASV_8318	0.001752	0.0017221256	0.0028391386	0.0006954973
ASV_7697	0.001612	0.0002369833	0.0038452073	0.0007552651
ASV_7467	0.0013	0.0003601994	0.0035407477	0.0000000000
ASV_7953	0.00133	0.0001100299	0.0017576704	0.0021224502
ASV_8770	0.002055	0.0043546547	0.0016705539	0.0001397976
ASV_7412	0.001252	0.0022349592	0.0011909580	0.0003288398
ASV_9560	0.001559	0.003206932	0.000000000	0.001469456
ASV_6894	0.001669	0.001829645	0.001467922	0.001708908
ASV_9020	0.002132	0.001474255	0.002579068	0.002343175
ASV_8154	0.001422	0.001812666	0.001347252	0.001107018
ASV_6733	0.001711	0.0027646371	0.0018456556	0.0005212519
ASV_7152	0.001256	0.002461616	0.001307153	0.000000000
ASV_8241	0.001339	0.000000000	0.001495605	0.002522616
ASV_8359	0.001457	0.0029295565	0.0012518406	0.0001908951
ASV_7269	0.001533	0.0042507587	0.0000000000	0.0003490694
ASV_8298	0.001659	0.0042802850	0.0006964614	0.0000000000
ASV_8970	0.001658	0.001232346	0.000000000	0.003740959
ASV_6560	0.001629	0.000000000	0.000000000	0.004886513
ASV_7447	0.001506	0.0001200665	0.0000000000	0.0043969697
ASV_6954	0.001463	0.000000000	0.000000000	0.004388899
ASV_7728	0.003905	0.011401469	0.000312502	0.000000000
ASV_7774	0.002274	0.0059778361	0.0008450782	0.0000000000
ASV_7924	0.001924	0.0017173388	0.0038211848	0.0002327129
ASV_9279	0.001373	0.0027436668	0.0009499200	0.0004253428
ASV_396	0.001789	0.002244963	0.001060459	0.002062741
ASV_1060	0.001687	0.001000919	0.001184829	0.002876489
ASV_1182	0.00132	0.000000000	0.003959661	0.000000000
ASV_1886	0.00123	0.000000000	0.003689844	0.000000000
ASV_2303	0.001986	0.0034133552	0.0006288946	0.0019163680
ASV_6238	0.001746	0.001221332	0.001895629	0.002121398
ASV_3337	0.002104	0.0035517263	0.0006508359	0.0021095680
ASV_3492	0.001494	0.0005001154	0.0022141318	0.0017681110
ASV_3608	0.00164	0.0014981579	0.0007919899	0.0026286742
ASV_3681	0.001423	0.000255420	0.002495062	0.001518543
ASV_3857	0.001799	0.001159658	0.002828795	0.001409397
ASV_4993	0.001533	0.0009388067	0.0002605388	0.0033983505
ASV_4130	0.001389	0.002058916	0.002108374	0.000000000
ASV_3738	0.001858	0.002185138	0.001957128	0.001432291
ASV_5917	0.001716	0.0043260216	0.0006975795	0.0001237556
ASV_7061	0.001325	0.0017680183	0.0017955518	0.0004113911
ASV_7828	0.001559	0.0006156194	0.0018328731	0.0022292134
ASV_4150	0.001656	0.003124410	0.000000000	0.001843089
ASV_4107	0.001434	0.000000000	0.000000000	0.004301175
ASV_4965	0.001292	0.0029373069	0.0001117683	0.0008272674
ASV_9049	0.001602	0.000961110	0.001662449	0.002183517
ASV_5992	0.001714	0.002745095	0.002397663	0.000000000
ASV_5879	0.001632	0.0016692016	0.0001538083	0.0030743736
ASV_4808	0.001533	0.001077530	0.001311394	0.002208834
ASV_6108	0.002342	0.001613713	0.003457982	0.001955509
ASV_6121	0.00212	0.0045999860	0.0005053395	0.0012554902
ASV_4372	0.001235	0.0003495477	0.0026328666	0.0007222910
ASV_5097	0.00132	0.0001204674	0.0000000000	0.0038386374
ASV_5778	0.00157	0.001853217	0.001237669	0.001618085
ASV_4676	0.001447	0.000000000	0.000000000	0.004340963
ASV_5041	0.00166	0.0004659431	0.0014223736	0.0030903595
ASV_5650	0.00147	0.0002200598	0.0019860680	0.0022033431
ASV_4701	0.001743	0.003963561	0.001265692	0.000000000
ASV_5576	0.001495	0.0011992633	0.0026909002	0.0005953225
ASV_9383	0.001404	0.0007854848	0.0019821679	0.0014454785
ASV_4997	0.001457	0.001317545	0.001257921	0.001796642
ASV_4896	0.001391	0.0026158981	0.0007049839	0.0008517585
ASV_5425	0.001941	0.001662214	0.004159713	0.000000000
ASV_6546	0.001497	0.0000000000	0.0001190272	0.0043718883
ASV_5070	0.00125	0.0008156113	0.0016765246	0.0012581782
ASV_7951	0.001888	0.0041417342	0.0012420406	0.0002795951
ASV_5807	0.00159	0.0002409348	0.0027447847	0.0017841840
ASV_5647	0.001723	0.0007106349	0.0009557336	0.0035040913
ASV_7383	0.00123	0.000000000	0.003689844	0.000000000
ASV_6754	0.001406	0.0007875799	0.0026820039	0.0007472290
ASV_5844	0.001417	0.002440792	0.001298795	0.000510061
ASV_7299	0.001278	0.0032526202	0.0005805212	0.0000000000
ASV_6858	0.001552	0.0001165159	0.0045406165	0.0000000000
ASV_9626	0.001301	0.0021583875	0.0006093155	0.0011365862
ASV_8557	0.001281	0.0023033660	0.0001190272	0.0014197186
ASV_7176	0.00126	0.0002265458	0.0033602500	0.0001924735
ASV_8059	0.001369	0.0000000000	0.0001190272	0.0039884585
ASV_6561	0.001277	0.0000000000	0.0009222165	0.0029073365
ASV_9578	0.002604	0.0072291918	0.0003888448	0.0001924735
ASV_8092	0.001417	0.0014469260	0.0004726436	0.0023310539
ASV_8243	0.001392	0.0000000000	0.0006133333	0.0035632962
ASV_8783	0.00135	0.0029560875	0.0003570816	0.0007366181
ASV_8099	0.001308	0.0021966184	0.0013973806	0.0003296891
ASV_8600	0.001592	0.000000000	0.004775889	0.000000000
ASV_8524	0.001871	0.0040289243	0.0010681582	0.0005164493
ASV_6840	0.001451	0.000000000	0.000000000	0.004352318
ASV_7368	0.001365	0.000000000	0.004096413	0.000000000
ASV_7380	0.001253	0.000000000	0.002261517	0.001497894
ASV_7395	0.001202	0.00000000	0.00000000	0.00360705
ASV_7444	0.001266	0.0006528342	0.0028565098	0.0002886004
ASV_7524	0.001556	0.0002232163	0.0018071434	0.0026370869
ASV_8138	0.001245	0.00373449	0.00000000	0.00000000
ASV_8664	0.001204	0.000000000	0.003611336	0.000000000
ASV_9202	0.001207	0.000000000	0.003622071	0.000000000
ASV_772	0.002565	0.000000000	0.007555625	0.000138794
ASV_2026	0.001572	0.0025252733	0.0005951361	0.0015963239
ASV_2102	0.001392	0.0013975280	0.0021687839	0.0006090443
ASV_2205	0.001258	0.0010559644	0.0004992784	0.0022188016
ASV_2558	0.00194	0.0028840986	0.0026032708	0.0003312676
ASV_2977	0.001269	0.002469570	0.000306350	0.001030255
ASV_3205	0.001462	0.0003495477	0.0040368205	0.0000000000
ASV_4494	0.001553	0.0010063930	0.0008514458	0.0028014709
ASV_3406	0.001245	0.001665465	0.000000000	0.002070793
ASV_4858	0.001502	0.001970137	0.002535681	0.000000000
ASV_3483	0.001895	0.003657596	0.000000000	0.002028706
ASV_5077	0.001883	0.0029783664	0.0024776007	0.0001922537
ASV_3989	0.001402	0.002081437	0.001101204	0.001023914
ASV_3613	0.001423	0.0003977415	0.0038712886	0.0000000000
ASV_5127	0.001389	0.0010458684	0.0006931845	0.0024266136
ASV_5195	0.001883	0.0025542001	0.0008450782	0.0022494377
ASV_4938	0.001593	0.00000000	0.00477936	0.00000000
ASV_7974	0.001671	0.001071941	0.001359548	0.002582694
ASV_4855	0.001535	0.0007231106	0.0002680193	0.0036153312
ASV_5793	0.001976	0.0056682265	0.0002605388	0.0000000000
ASV_5019	0.001316	0.0025926098	0.0012138403	0.0001412956
ASV_5505	0.001623	0.0018962563	0.0004628556	0.0025106272
ASV_4849	0.00151	0.0027158687	0.0011749529	0.0006391064
ASV_5426	0.001553	0.0029311050	0.0007217507	0.0010065742
ASV_5410	0.001495	0.000000000	0.001158734	0.003327192
ASV_5220	0.001278	0.001039350	0.001005915	0.001790088
ASV_7338	0.001227	0.000000000	0.003682488	0.000000000
ASV_4804	0.001488	0.0019356232	0.0002680193	0.0022593532
ASV_7062	0.001478	0.0011759612	0.0005325763	0.0027247102
ASV_8681	0.001179	0.0001204674	0.0030861985	0.0003310276
ASV_6723	0.001321	0.0006017652	0.0012629238	0.0020974937
ASV_8801	0.001454	0.001850601	0.001291895	0.001220032
ASV_5633	0.001713	0.001373179	0.003766679	0.000000000
ASV_7022	0.001291	0.0005831946	0.0005060737	0.0027842158
ASV_9338	0.001325	0.0021631323	0.0009971864	0.0008144952
ASV_5419	0.001551	0.000000000	0.000000000	0.004653494
ASV_5704	0.001508	0.001045066	0.003480202	0.000000000
ASV_7684	0.001281	0.0007896672	0.0024341627	0.0006187782
ASV_5985	0.001583	0.000000000	0.004748107	0.000000000
ASV_9592	0.001869	0.0044182101	0.0007740930	0.0004156621
ASV_5686	0.001472	0.000000000	0.000000000	0.004415564
ASV_7616	0.001681	0.0036687265	0.0012294514	0.0001455299
ASV_9079	0.001348	0.0004414521	0.0022225864	0.0013813202
ASV_6612	0.001545	0.001580251	0.001135977	0.001918914
ASV_6005	0.001797	0.003448921	0.000156251	0.001786573
ASV_6702	0.001549	0.000000000	0.000000000	0.004647065
ASV_9081	0.001818	0.0024617676	0.0024572800	0.0005357492
ASV_7899	0.001465	0.0006988544	0.0016730662	0.0020242171
ASV_7918	0.001312	0.0012592591	0.0023027108	0.0003743951
ASV_7438	0.001765	0.001815276	0.002240561	0.001238347
ASV_7359	0.001072	0.0000000000	0.0002380544	0.0029791824
ASV_7910	0.001726	0.0042450611	0.0000000000	0.0009325895
ASV_8153	0.001475	0.0030648223	0.0002741001	0.0010856904
ASV_6346	0.001332	0.000000000	0.000000000	0.003995975
ASV_6774	0.001781	0.0024264526	0.0020086281	0.0009072004
ASV_7938	0.001357	0.001329538	0.001525781	0.001214336
ASV_9000	0.001771	0.0028323719	0.0002605388	0.0022193083
ASV_9028	0.002401	0.006065673	0.001136166	0.000000000
ASV_7100	0.001561	0.0002554200	0.0001100371	0.0043167691
ASV_7214	0.001369	0.000000000	0.004107573	0.000000000
ASV_7401	0.001386	0.000000000	0.000000000	0.004156621
ASV_9034	0.0013	0.002453035	0.001312809	0.000134283
ASV_7852	0.001422	0.0003752194	0.0038919195	0.0000000000
ASV_8464	0.001494	0.000000000	0.004483065	0.000000000
ASV_7388	0.001538	0.000000000	0.004614249	0.000000000
ASV_7397	0.001299	0.000000000	0.000000000	0.003898285
ASV_7533	0.001538	0.000000000	0.004614249	0.000000000
ASV_8247	0.001165	0.000000000	0.003494842	0.000000000
ASV_8922	0.001203	0.000000000	0.003608753	0.000000000
ASV_9019	0.001456	0.0015807649	0.0023841293	0.0004028489
ASV_9611	0.002236	0.0061300803	0.0001117683	0.0004654258
ASV_2201	0.001965	0.0051433227	0.0007526516	0.0000000000
ASV_2613	0.001122	0.0030294133	0.0003353049	0.0000000000
ASV_6918	0.00269	0.000255420	0.006324007	0.001490223
ASV_2554	0.001461	0.000000000	0.002849462	0.001534464
ASV_2932	0.001338	0.0000000000	0.0005397429	0.0034745905
ASV_3151	0.001417	0.0004466055	0.0023762311	0.0014277934
ASV_3174	0.001465	0.0023894187	0.0013157216	0.0006889792
ASV_3350	0.001354	0.0000000000	0.0004811671	0.0035805747
ASV_3603	0.00146	0.0015757092	0.0002218055	0.0025832330
ASV_3527	0.00176	0.002586813	0.001001545	0.001691795
ASV_3557	0.001399	0.001015518	0.002455461	0.000726651
ASV_3420	0.001361	0.0001386370	0.0006862933	0.0032587354
ASV_4032	0.001229	0.0009583284	0.0000000000	0.0027283474
ASV_4414	0.00159	0.0032121062	0.0007448811	0.0008138195
ASV_7133	0.001804	0.001270461	0.002779104	0.001361185
ASV_5094	0.001668	0.0004814687	0.0042380310	0.0002843239
ASV_7618	0.001595	0.001121885	0.001056895	0.002606578
ASV_7657	0.001756	0.001021890	0.002453206	0.001793237
ASV_3935	0.001689	0.001286001	0.000000000	0.003782127
ASV_3930	0.001395	0.002260341	0.001925511	0.000000000
ASV_5381	0.001201	0.001649456	0.001813945	0.000138794
ASV_7297	0.001778	0.0018483136	0.0002605388	0.0032240441
ASV_4061	0.001477	0.0027888367	0.0007816164	0.0008613774
ASV_9631	0.001193	0.0023809275	0.0001202918	0.0010789886
ASV_5422	0.001403	0.0012251496	0.0005469356	0.0024380094
ASV_7681	0.001588	0.0009159865	0.0024587968	0.0013885934
ASV_4672	0.001618	0.00000000	0.00485433	0.00000000
ASV_5141	0.001202	0.0021321366	0.0006572605	0.0008167271
ASV_5605	0.001374	0.0001204674	0.0040002293	0.0000000000
ASV_6426	0.001735	0.0007237326	0.0021900593	0.0022926053
ASV_5177	0.001439	0.000000000	0.002880258	0.001437884
ASV_6290	0.001354	0.0022871883	0.0006028571	0.0011704794
ASV_5232	0.001312	0.000000000	0.003935918	0.000000000
ASV_9045	0.001298	0.0009911059	0.0007535789	0.0021481654
ASV_6962	0.001448	0.0014013300	0.0002765428	0.0026662238
ASV_5924	0.001619	0.0009200884	0.0001202918	0.0038156639
ASV_5689	0.001311	0.0014410292	0.0018689711	0.0006239279
ASV_5510	0.002074	0.00452519	0.00169674	0.00000000
ASV_6234	0.001608	0.001140147	0.002641834	0.001041547
ASV_5714	0.001146	0.001076090	0.002362017	0.000000000
ASV_5205	0.001371	0.0002304973	0.0000000000	0.0038820476
ASV_6805	0.001217	0.0014456090	0.0016663810	0.0005386469
ASV_8943	0.00149	0.0024520796	0.0006649058	0.0013537885
ASV_5210	0.001433	0.0002182358	0.0001562510	0.0039249207
ASV_6844	0.001486	0.0000000000	0.0003608753	0.0040964992
ASV_5693	0.001569	0.003380947	0.000000000	0.001327317
ASV_6818	0.001286	0.001409234	0.001326011	0.001123264
ASV_7439	0.001232	0.0017700941	0.0011176831	0.0008089433
ASV_6032	0.001381	0.001036093	0.000468850	0.002636709
ASV_6515	0.001364	0.0004714321	0.0000000000	0.0036201289
ASV_9015	0.002262	0.0053837205	0.0004470732	0.0009553964
ASV_6008	0.001376	0.0003716688	0.0009654974	0.0027907845
ASV_7764	0.001531	0.000974483	0.001446135	0.002173453
ASV_5861	0.002043	0.0043312268	0.0012730674	0.0005258031
ASV_6469	0.001639	0.0001165159	0.0000000000	0.0048008911
ASV_7521	0.001822	0.000000000	0.005464995	0.000000000
ASV_9808	0.001359	0.0017955615	0.0018895452	0.0003925199
ASV_6141	0.001258	0.0012938290	0.0001190272	0.0023612946
ASV_6368	0.001301	0.000000000	0.000000000	0.003903844
ASV_7045	0.001323	0.000000000	0.003969878	0.000000000
ASV_7427	0.001604	0.003524964	0.001287693	0.000000000
ASV_7840	0.001196	0.0005734435	0.0025422091	0.0004721034
ASV_9478	0.001242	0.0003800490	0.0031453575	0.0002000464
ASV_7747	0.001555	0.0019278462	0.0024965871	0.0002416568
ASV_8533	0.001567	0.001846336	0.001328668	0.001526015
ASV_8553	0.001144	0.002262040	0.000169167	0.001000589
ASV_9331	0.001196	0.002891218	0.000000000	0.000696445
ASV_6707	0.001375	0.0000000000	0.0001190272	0.0040061742
ASV_8568	0.001064	0.003190867	0.000000000	0.000000000
ASV_7021	0.001433	0.001009055	0.003288743	0.000000000
ASV_8913	0.0015	0.000000000	0.004499597	0.000000000
ASV_7856	0.001285	0.000000000	0.001684085	0.002170612
ASV_8469	0.001779	0.000000000	0.002863274	0.002473702
ASV_7753	0.001319	0.0017793321	0.0006951948	0.0014824200
ASV_7551	0.001486	0.000000000	0.000000000	0.004458884
ASV_8075	0.001289	0.000000000	0.000000000	0.003865991
ASV_8160	0.002306	0.006917735	0.000000000	0.000000000
ASV_9485	0.001482	0.000000000	0.004447039	0.000000000
ASV_1192	0.001387	0.0003300897	0.0038318269	0.0000000000
ASV_1689	0.001638	0.003973723	0.000379566	0.000561432
ASV_2487	0.001542	0.0015751155	0.0007655665	0.0022862601
ASV_1483	0.00138	0.0004601393	0.0004297057	0.0032508716
ASV_1644	0.001655	0.000569492	0.002223734	0.002172839
ASV_5223	0.001138	0.0010486431	0.0007655676	0.0015995854
ASV_2091	0.002157	0.006469834	0.000000000	0.000000000
ASV_2676	0.001395	0.0022104230	0.0017812704	0.0001924735
ASV_2245	0.001634	0.0001164556	0.0018237716	0.0029605148
ASV_2334	0.001316	0.0007332779	0.0013837864	0.0018297619
ASV_2634	0.0014	0.0004490246	0.0023568690	0.0013938046
ASV_2380	0.001242	0.0007109499	0.0000000000	0.0030160423
ASV_8448	0.001366	0.0013987742	0.0003705759	0.0023296553
ASV_3242	0.001561	0.0017450117	0.0005673983	0.0023697041
ASV_2576	0.001332	0.000000000	0.000000000	0.003995931
ASV_3305	0.001938	0.0053145935	0.0005000794	0.0000000000
ASV_3077	0.001355	0.001278692	0.001334313	0.001453070
ASV_4310	0.001731	0.0037652489	0.0012361701	0.0001922537
ASV_4370	0.001268	0.0015928041	0.0008780768	0.0013331384
ASV_3707	0.001256	0.0004739666	0.0025499257	0.0007445810
ASV_3233	0.001787	0.000000000	0.004241849	0.001119969
ASV_3425	0.001374	0.001330035	0.000000000	0.002792555
ASV_3786	0.001262	0.0004874186	0.0002380544	0.0030593753
ASV_8142	0.001186	0.0004609946	0.0015562047	0.0015409756
ASV_3892	0.00134	0.000000000	0.000000000	0.004020633
ASV_8052	0.002096	0.0047934661	0.0006401048	0.0008529718
ASV_4202	0.001546	0.000000000	0.000000000	0.004637351
ASV_6375	0.001618	0.001201550	0.000000000	0.003651245
ASV_5379	0.001294	0.0018853222	0.0017579978	0.0002374225
ASV_4567	0.001478	0.004433294	0.000000000	0.000000000
ASV_4810	0.001144	0.0006931852	0.0027376259	0.0000000000
ASV_4884	0.001431	0.000000000	0.002180103	0.002114112
ASV_4470	0.001363	0.0001164556	0.0000000000	0.0039736194
ASV_4716	0.001525	0.002464559	0.002111453	0.000000000
ASV_4825	0.001143	0.0000000000	0.0030288627	0.0004000928
ASV_6147	0.001195	0.0002200598	0.0004315292	0.0029337232
ASV_5164	0.001461	0.0001100299	0.0013540557	0.0029201497
ASV_7304	0.00174	0.002167239	0.000649780	0.002401502
ASV_4629	0.001455	0.0000000000	0.0004687529	0.0038967201
ASV_5007	0.001421	0.0020765830	0.0017765595	0.0004107776
ASV_5491	0.001263	0.0004660636	0.0022768540	0.0010460366
ASV_5117	0.001458	0.0021075092	0.0019782375	0.0002870219
ASV_9200	0.00149	0.0019399430	0.0020449603	0.0004843704
ASV_5261	0.001826	0.0029396436	0.0021476152	0.0003909415
ASV_5690	0.001226	0.0027598204	0.0006548442	0.0002618864
ASV_6830	0.001106	0.0002300964	0.0028188149	0.0002685660
ASV_6763	0.001503	0.001873695	0.001316805	0.001317800
ASV_9511	0.001438	0.0011135971	0.0023757955	0.0008257637
ASV_5481	0.001339	0.000000000	0.000000000	0.004017411
ASV_6773	0.001363	0.0024069202	0.0011225365	0.0005594694
ASV_7849	0.001187	0.000255420	0.003047985	0.000256154
ASV_7630	0.00136	0.0003495477	0.0031534446	0.0005767611
ASV_6726	0.001276	0.0006861233	0.0011134838	0.0020287332
ASV_6389	0.001404	0.0034457023	0.0003403661	0.0004249666
ASV_8340	0.00125	0.0020087112	0.0014817943	0.0002580386
ASV_7599	0.001484	0.0008223968	0.0014728845	0.0021580419
ASV_6795	0.001073	0.0006023371	0.0023402098	0.0002771081
ASV_7305	0.002029	0.006087432	0.000000000	0.000000000
ASV_9670	0.001232	0.0014749730	0.0007150925	0.0015046251
ASV_8112	0.001376	0.0023021420	0.0009572760	0.0008687052
ASV_7064	0.001486	0.0003325087	0.0008579942	0.0032682200
ASV_6473	0.001318	0.000000000	0.000000000	0.003954663
ASV_7715	0.001261	0.0010483418	0.0003937586	0.0023402210
ASV_8300	0.001338	0.0020590090	0.0005805212	0.0013758931
ASV_8556	0.001337	0.0002409348	0.0007738714	0.0029968966
ASV_9696	0.001425	0.001975660	0.002299792	0.000000000
ASV_6969	0.001129	0.0011651590	0.0018378694	0.0003845074
ASV_8661	0.001012	0.0000000000	0.0006446839	0.0023926725
ASV_8988	0.001129	0.0017555812	0.0013054987	0.0003251781
ASV_7111	0.00108	0.0028220932	0.0000000000	0.0004184037
ASV_9071	0.001279	0.0018429900	0.0015632559	0.0004308574
ASV_7003	0.001077	0.001525007	0.000000000	0.001705456
ASV_8042	0.00132	0.0001100299	0.0020333376	0.0018180322
ASV_8319	0.001419	0.0024366136	0.0009600692	0.0008617761
ASV_8605	0.001075	0.0002365221	0.0029878826	0.0000000000
ASV_8095	0.001452	0.0032765140	0.0007918310	0.0002883806
ASV_7781	0.001973	0.005779745	0.000000000	0.000138794
ASV_7908	0.001331	0.0005825795	0.0015347082	0.0018755418
ASV_8038	0.001224	0.0000000000	0.0008987773	0.0027728166
ASV_8151	0.001078	0.0007766350	0.0020234626	0.0004339105
ASV_7581	0.001416	0.001021680	0.001785408	0.001440019
ASV_8037	0.00167	0.0011401469	0.0035937725	0.0002771081
ASV_9641	0.001087	0.003106495	0.000153175	0.000000000
ASV_6956	0.001427	0.000000000	0.000000000	0.004281502
ASV_7888	0.001088	0.000000000	0.000000000	0.003263302
ASV_8785	0.001127	0.0016577138	0.0009129236	0.0008116481
ASV_9845	0.001574	0.0003568728	0.0037325102	0.0006320187
ASV_7098	0.001374	0.000000000	0.000000000	0.004121721
ASV_7739	0.00146	0.0009276007	0.0000000000	0.0034532650
ASV_8074	0.001162	0.000000000	0.000000000	0.003485353
ASV_8253	0.001401	0.0006159096	0.0012078038	0.0023802782
ASV_8262	0.001436	0.000000000	0.004306632	0.000000000
ASV_8545	0.001247	0.003741217	0.000000000	0.000000000
ASV_8677	0.001283	0.000000000	0.003849728	0.000000000
ASV_8936	0.001395	0.000000000	0.004185239	0.000000000
ASV_741	0.001246	0.0035919821	0.0000000000	0.0001455299
ASV_990	0.001616	0.0023207085	0.0007496869	0.0017771193
ASV_1753	0.001447	0.0006391534	0.0006413694	0.0030605324
ASV_1852	0.00125	0.000000000	0.000000000	0.003749796
ASV_7310	0.001646	0.0027888180	0.0005929354	0.0015573562
ASV_1974	0.001271	0.0000000000	0.0001190272	0.0036925587
ASV_2885	0.001154	0.0001100299	0.0032105340	0.0001412956
ASV_3465	0.001208	0.0009328824	0.0019454171	0.0007443185
ASV_5982	0.001249	0.0005000393	0.0001164947	0.0031290714
ASV_2485	0.001106	0.0002182358	0.0004530637	0.0026481399
ASV_3626	0.001261	0.0012810121	0.0009792063	0.0015234258
ASV_2999	0.001329	0.0009786756	0.0013646510	0.0016450144
ASV_3448	0.001354	0.0008131209	0.0006922895	0.0025563473
ASV_3272	0.001178	0.0007867318	0.0006969927	0.0020512985
ASV_3146	0.001727	0.002382114	0.001228690	0.001569001
ASV_9078	0.002236	0.002401975	0.003122166	0.001183182
ASV_5252	0.001256	0.0021015072	0.0001190272	0.0015488141
ASV_3806	0.001421	0.0020783157	0.0016273456	0.0005584413
ASV_4121	0.001208	0.0003614022	0.0014546322	0.0018076004
ASV_4393	0.001239	0.0004816987	0.0002320601	0.0030031456
ASV_4378	0.001502	0.0008987349	0.0013070985	0.0023000483
ASV_6990	0.001727	0.002183646	0.001398875	0.001599547
ASV_6233	0.001528	0.000000000	0.002864842	0.001720024
ASV_4496	0.001239	0.001232190	0.001848488	0.000637450
ASV_4418	0.001782	0.001238785	0.004107453	0.000000000
ASV_4885	0.001235	0.000000000	0.003706142	0.000000000
ASV_6663	0.001638	0.0008863265	0.0008916535	0.0031346267
ASV_4301	0.001256	0.0010071949	0.0020399020	0.0007219172
ASV_5148	0.001226	0.0008904782	0.0027881060	0.0000000000
ASV_8275	0.001658	0.0021598760	0.0003888448	0.0024254092
ASV_5098	0.001317	0.000000000	0.001363205	0.002587098
ASV_5556	0.001349	2.773766e-03	1.175946e-03	9.612686e-05
ASV_9753	0.001906	0.0041414886	0.0012975399	0.0002795951
ASV_5349	0.001175	0.0011651590	0.0006179092	0.0017404584
ASV_5588	0.001366	0.0010824582	0.0007217507	0.0022931032
ASV_5462	0.001169	0.0001100299	0.0012839744	0.0021128857
ASV_5530	0.001209	0.0007662600	0.0007816164	0.0020793528
ASV_9074	0.001438	0.0016258559	0.0008906549	0.0017969261
ASV_9873	0.001562	0.0023651293	0.0006201496	0.0017011638
ASV_5496	0.001378	0.0004900788	0.0005210776	0.0031215156
ASV_5878	0.001291	0.0004818697	0.0000000000	0.0033901692
ASV_5946	0.001149	0.0007443537	0.0017674991	0.0009341825
ASV_6514	0.001194	0.0006023371	0.0004688500	0.0025106732
ASV_5641	0.001119	0.002182875	0.001173749	0.000000000
ASV_5201	0.00129	0.0002401329	0.0000000000	0.0036287213
ASV_7649	0.001243	0.0010031255	0.0024412092	0.0002853275
ASV_5587	0.001137	0.0000000000	0.0026195479	0.0007910741
ASV_5609	0.001068	0.000000000	0.003202995	0.000000000
ASV_6553	0.001179	0.0001200665	0.0021400608	0.0012761334
ASV_8530	0.001256	0.001789412	0.001204615	0.000774036
ASV_8937	0.001731	0.004140094	0.001051569	0.000000000
ASV_7724	0.001109	0.0002330318	0.0015887955	0.0015053827
ASV_8230	0.001269	0.0007373858	0.0000000000	0.0030688188
ASV_6888	0.001103	0.0010805982	0.0013248751	0.0009032111
ASV_6478	0.001221	0.0004660033	0.0012388770	0.0019594863
ASV_7414	0.00106	1.048643e-03	2.036108e-03	9.612686e-05
ASV_7928	0.001553	0.0027216045	0.0017437373	0.0001922537
ASV_6593	0.001342	0.0008249070	0.0022964674	0.0009056427
ASV_6891	0.001333	0.0035190802	0.0004806131	0.0000000000
ASV_6527	0.001275	0.0000000000	0.0004538655	0.0033712566
ASV_7298	0.001206	0.003348545	0.000270016	0.000000000
ASV_8278	0.001267	0.00000000	0.00000000	0.00380202
ASV_8423	0.001108	0.0002409348	0.0027565944	0.0003267565
ASV_6585	0.001835	0.003074197	0.002430945	0.000000000
ASV_6737	0.00133	0.0004900788	0.0023361419	0.0011633457
ASV_6739	0.001317	0.0013102473	0.0022918203	0.0003490694
ASV_7013	0.001254	0.0001204674	0.0000000000	0.0036404692
ASV_7530	0.001071	0.000000000	0.003213735	0.000000000
ASV_8558	0.001521	0.001379071	0.001951696	0.001232490
ASV_9303	0.001078	0.0020508952	0.0003301114	0.0008533611
ASV_8651	0.001469	0.0009924182	0.0022770854	0.0011367074
ASV_9193	0.001406	0.000000000	0.004218776	0.000000000
ASV_6755	0.001073	0.0009504254	0.0022680952	0.0000000000
ASV_9295	0.001414	0.0020086652	0.0021181893	0.0001163565
ASV_7934	0.001439	0.000604787	0.003713323	0.000000000
ASV_8463	0.00153	0.0001200665	0.0043315408	0.0001385540
ASV_7555	0.001027	0.000000000	0.000000000	0.003080546
ASV_7571	0.001482	0.0026219445	0.0013947227	0.0004298539
ASV_7132	0.00151	0.0012098600	0.0002405836	0.0030788058
ASV_7237	0.001324	0.000000000	0.000000000	0.003972433
ASV_8108	0.002074	0.0035258012	0.0022639263	0.0004308574
ASV_8150	0.001287	0.0002329113	0.0000000000	0.0036281402
ASV_8362	0.00123	0.0019158749	0.0013450163	0.0004296139
ASV_7586	0.001408	0.0008318222	0.0002605388	0.0031314014
ASV_7949	0.00106	0.002096202	0.001082626	0.000000000
ASV_8140	0.001084	0.00325262	0.00000000	0.00000000
ASV_8283	0.001353	0.000000000	0.000000000	0.004059596
ASV_8903	0.001084	0.000000000	0.003250959	0.000000000
ASV_580	0.001256	0.0032933398	0.0004761089	0.0000000000
ASV_802	0.001631	0.002809620	0.000000000	0.002081911
ASV_724	0.001347	0.001197095	0.001647256	0.001196006
ASV_1375	0.001333	0.0002329113	0.0037646484	0.0000000000
ASV_1593	0.001438	0.0002330318	0.0028043659	0.0012751781
ASV_2706	0.001587	0.001505218	0.003255919	0.000000000
ASV_2028	0.001094	0.000380049	0.002903091	0.000000000
ASV_2424	0.001416	0.0006208699	0.0029687686	0.0006591382
ASV_2703	0.001693	0.0027679291	0.0007816164	0.0015305845
ASV_2845	0.002659	0.0073293138	0.0002662881	0.0003817901
ASV_4530	0.001604	0.0008668002	0.0009378674	0.0030069671
ASV_3056	0.001214	0.0000000000	0.0001190272	0.0035240365
ASV_3389	0.001384	0.0011066147	0.0021465597	0.0008984009
ASV_4569	0.001302	0.0006826715	0.0000000000	0.0032226292
ASV_3578	0.00274	0.007980209	0.000239319	0.000000000
ASV_6569	0.001241	0.000380049	0.001034253	0.002309029
ASV_4001	0.001523	0.0006073637	0.0037705097	0.0001924735
ASV_4101	0.001308	0.0002232163	0.0008185506	0.0028837057
ASV_4116	0.001375	0.0011219512	0.0002329894	0.0027687653
ASV_4400	0.001106	0.0004464326	0.0018130323	0.0010573954
ASV_6866	0.001406	0.0017532276	0.0018006398	0.0006653986
ASV_4493	0.001282	0.0014527640	0.0019589654	0.0004339105
ASV_7531	0.001724	0.0002554200	0.0046381354	0.0002775881
ASV_5837	0.001354	0.0007600979	0.0009997774	0.0023033872
ASV_4902	0.001459	0.002080371	0.001261494	0.001035259
ASV_4851	0.001218	0.0012981991	0.0017605582	0.0005956321
ASV_4878	0.001298	0.0007600979	0.0005210776	0.0026139547
ASV_5072	0.001733	0.002953272	0.001098705	0.001147131
ASV_6224	0.001224	0.0013887536	0.0008270991	0.0014548373
ASV_9460	0.001349	0.0007374997	0.0013939386	0.0019155150
ASV_6984	0.001566	0.0035530408	0.0004491387	0.0006964408
ASV_7446	0.001434	0.0013231368	0.0024025616	0.0005751438
ASV_5655	0.001433	0.0003325087	0.0023170140	0.0016498501
ASV_6252	0.001255	0.0000000000	0.0006201496	0.0031435879
ASV_5064	0.001427	0.0015179778	0.0019805181	0.0007827028
ASV_5566	0.001345	0.0023849231	0.0009496852	0.0007014750
ASV_5435	0.001334	0.0007596208	0.0004266418	0.0028158053
ASV_5802	0.001164	0.0005823385	0.0007275752	0.0021816596
ASV_9245	0.001246	0.0004965648	0.0002380544	0.0030040754
ASV_8104	0.001496	0.0008766138	0.0020922257	0.0015188263
ASV_6037	0.001818	0.0047609464	0.0000000000	0.0006927702
ASV_9940	0.001237	0.0015024941	0.0002649433	0.0019435787
ASV_6977	0.001239	0.0016331957	0.0002649433	0.0018194885
ASV_8380	0.001304	0.0002486669	0.0031102526	0.0005542162
ASV_5656	0.00126	0.000000000	0.000000000	0.003779282
ASV_8748	0.00169	0.0003495477	0.0037234981	0.0009969351
ASV_5659	0.001008	0.000000000	0.000000000	0.003025268
ASV_6740	0.001708	0.002232753	0.001145692	0.001744358
ASV_7053	0.001126	0.000000000	0.001261016	0.002115544
ASV_7763	0.001402	0.0004778579	0.0000000000	0.0037274698
ASV_6479	0.001446	0.0003716688	0.0011611824	0.0028049662
ASV_9609	0.001591	0.0041362255	0.0003583462	0.0002771081
ASV_6422	0.001247	0.0001100299	0.0028657178	0.0007648567
ASV_7006	0.001154	0.0006137895	0.0028488989	0.0000000000
ASV_9825	0.001615	0.0036244660	0.0003505230	0.0008701629
ASV_6367	0.001396	0.000000000	0.000000000	0.004187222
ASV_6030	0.001186	0.0002300964	0.0010604590	0.0022682913
ASV_9129	0.001362	0.000000000	0.004085289	0.000000000
ASV_6895	0.00144	0.0006023371	0.0022725693	0.0014452041
ASV_8282	0.001232	0.0001200665	0.0000000000	0.0035752945
ASV_8500	0.001239	0.0008055694	0.0000000000	0.0029105981
ASV_8883	0.001019	0.0002554200	0.0019158165	0.0008853713
ASV_8962	0.001304	0.0009541161	0.0004371862	0.0025204234
ASV_7714	0.001085	0.001514707	0.000156251	0.001584560
ASV_7744	0.001461	0.001106421	0.003277837	0.000000000
ASV_7859	0.001389	0.0014686719	0.0004761089	0.0022222460
ASV_9248	0.001265	0.0014489763	0.0008765455	0.0014699086
ASV_9853	0.001066	0.0002545073	0.0028041838	0.0001397976
ASV_9266	0.001187	0.0017536388	0.0006265281	0.0011801520
ASV_7023	0.001235	0.0006625984	0.0026934353	0.0003490694
ASV_8258	0.001055	0.0002330318	0.0016512889	0.0012799211
ASV_7960	0.001358	0.001163722	0.000000000	0.002911002
ASV_8499	0.000888	0.0001165159	0.0001538083	0.0023943860
ASV_8927	0.001294	0.0001165159	0.0010937293	0.0026723691
ASV_9657	0.001428	0.0007994103	0.0018386325	0.0016450490
ASV_8036	0.001402	0.0007290744	0.0031918282	0.0002843239
ASV_8987	0.001294	0.00230594	0.00000000	0.00157723
ASV_9362	0.001544	0.001808239	0.002823570	0.000000000
ASV_7702	0.001305	0.0009092147	0.0000000000	0.0030051999
ASV_8675	0.001475	0.000000000	0.003234664	0.001188841
ASV_7881	0.001203	0.000000000	0.000000000	0.003608728
ASV_8163	0.001968	0.0056665287	0.0002380544	0.0000000000
ASV_8256	0.001737	0.0003325087	0.0029339544	0.0019439467
ASV_8777	0.001526	0.0016939209	0.0009361169	0.0019477006
ASV_8926	0.001173	0.000000000	0.003519242	0.000000000
ASV_9214	0.001321	0.000000000	0.003961702	0.000000000
ASV_9487	0.001199	0.0011646635	0.0019950066	0.0004365897
ASV_9590	0.001888	0.005547736	0.000116841	0.000000000
ASV_9634	0.001033	0.0025667995	0.0001531750	0.0003787181
ASV_122	0.001752	0.0045252695	0.0007296775	0.0000000000
ASV_1249	0.001586	0.0028772269	0.0016005634	0.0002795951
ASV_1833	0.001018	0.000000000	0.002492033	0.000561672
ASV_1592	0.001534	0.003069710	0.001531432	0.000000000
ASV_1898	0.00144	0.001342354	0.001642914	0.001333274
ASV_2878	0.001387	0.0013477547	0.0007816164	0.0020316175
ASV_2760	0.001186	0.0005099273	0.0013618301	0.0016856578
ASV_4447	0.001114	0.001179848	0.000153175	0.002009386
ASV_2920	0.001223	0.0007600979	0.0001202918	0.0027883259
ASV_4175	0.001323	0.00000000	0.00000000	0.00397014
ASV_3234	0.001222	0.0009700106	0.0000000000	0.0026962028
ASV_4304	0.001427	0.001135317	0.001855569	0.001291240
ASV_4485	0.00137	0.0008290736	0.0007736264	0.0025078622
ASV_4280	0.001309	0.000635469	0.000153175	0.003138831
ASV_4377	0.001624	0.0030604290	0.0009988678	0.0008112180
ASV_5277	0.001186	0.001139670	0.002280617	0.000138554
ASV_6812	0.001674	0.0007507059	0.0022033376	0.0020686145
ASV_4060	0.001218	0.0014850559	0.0019355910	0.0002327129
ASV_4335	0.001161	0.0007214836	0.0006400794	0.0021210194
ASV_3943	0.001184	0.0003325087	0.0008716788	0.0023466902
ASV_6174	0.001292	0.000000000	0.001328550	0.002546012
ASV_7033	0.001632	0.0004965046	0.0038219326	0.0005769604
ASV_4713	0.001305	0.0021183849	0.0009892159	0.0008071710
ASV_4511	0.001062	0.0007287186	0.0011571008	0.0012990371
ASV_4654	0.001317	0.0016932375	0.0006903206	0.0015670321
ASV_4747	0.00125	0.0019228457	0.0002662881	0.0015604977
ASV_4798	0.001435	0.0014896945	0.0001117683	0.0027022427
ASV_4555	0.001316	0.001018517	0.001017486	0.001911824
ASV_4746	0.001082	0.001264880	0.000612700	0.001367569
ASV_7952	0.001283	0.0018180609	0.0015169730	0.0005146971
ASV_5018	0.001336	0.0013350191	0.0007883407	0.0018841334
ASV_5490	0.000997	0.001159249	0.001830910	0.000000000
ASV_4787	0.00136	0.000000000	0.000000000	0.004079356
ASV_5238	0.002062	0.0000000000	0.0059923923	0.0001922537
ASV_6014	0.001587	0.0023301615	0.0018656086	0.0005651825
ASV_7119	0.000992	0.0008228724	0.0016283512	0.0005234765
ASV_5622	0.001264	0.0002365824	0.0000000000	0.0035552766
ASV_8577	0.001306	0.0009368942	0.0002605388	0.0027197098
ASV_5386	0.001128	0.0006664923	0.0022880480	0.0004296139
ASV_5640	0.001575	0.0044632309	0.0002605388	0.0000000000
ASV_5265	0.001435	0.0005000393	0.0019331094	0.0018716390
ASV_7007	0.001438	0.0021206708	0.0012789350	0.0009133854
ASV_6013	0.001113	0.0013748689	0.0011084551	0.0008556671
ASV_5989	0.001648	0.0002772741	0.0046661195	0.0000000000
ASV_5820	0.000962	0.0001200665	0.0023471345	0.0004193927
ASV_5864	0.00108	0.0019058683	0.0008335795	0.0005008639
ASV_6169	0.001191	0.0001165159	0.0007204861	0.0027357429
ASV_7569	0.001402	0.0014395020	0.0004985932	0.0022666787
ASV_7136	0.00176	0.0033250871	0.0010826260	0.0008731794
ASV_6273	0.000987	0.001165159	0.001795853	0.000000000
ASV_8131	0.001131	0.0013053118	0.0005454922	0.0015425108
ASV_9005	0.001234	0.0012336836	0.0021899877	0.0002783516
ASV_6084	0.001302	0.000000000	0.003906274	0.000000000
ASV_8297	0.001186	0.001730699	0.000156251	0.001671202
ASV_7402	0.001233	0.001102853	0.000000000	0.002597477
ASV_9265	0.000993	0.0022550180	0.0005844120	0.0001397976
ASV_7762	0.001135	0.0008040563	0.0011185852	0.0014825030
ASV_7768	0.001066	0.0029271787	0.0002722022	0.0000000000
ASV_8122	0.00119	0.003416447	0.000153175	0.000000000
ASV_8676	0.001271	0.0002329113	0.0020861679	0.0014942879
ASV_6430	0.001124	0.0000000000	0.0026039008	0.0007690149
ASV_6539	0.001138	0.0000000000	0.0007193527	0.0026932679
ASV_8779	0.00102	0.0008136526	0.0019687185	0.0002773481
ASV_8728	0.001093	0.00000000	0.00140818	0.00187110
ASV_9830	0.001077	0.0000000000	0.0030849477	0.0001455299
ASV_7594	0.001019	0.0027707505	0.0001691670	0.0001163565
ASV_6856	0.001297	0.0010270996	0.0026021225	0.0002618864
ASV_6276	0.001357	0.0001165159	0.0000000000	0.0039540518
ASV_8477	0.000931	0.000000000	0.002794208	0.000000000
ASV_7891	0.001183	0.0002182358	0.0000000000	0.0033310571
ASV_7868	0.001184	0.000000000	0.000000000	0.003551795
ASV_7887	0.001195	0.0000000000	0.0002605388	0.0033247939
ASV_8683	0.00119	0.0000000000	0.0005393395	0.0030321287
ASV_9309	0.001323	0.0007515973	0.0021935294	0.0010232460
ASV_9888	0.001048	0.001441657	0.000000000	0.001703569
ASV_7235	0.001227	0.000000000	0.000000000	0.003681515
ASV_8024	0.001088	0.000000000	0.000951034	0.002311645
ASV_9210	0.002649	0.004560587	0.003387004	0.000000000
ASV_6958	0.001255	0.000000000	0.000000000	0.003765301
ASV_7549	0.001094	0.0001200665	0.0000000000	0.0031610589
ASV_8784	0.001592	0.003698890	0.001076025	0.000000000
ASV_7783	0.001264	0.0007322309	0.0030583292	0.0000000000
ASV_8902	0.001056	0.0001164556	0.0030504592	0.0000000000
ASV_7877	0.001186	0.000000000	0.000000000	0.003557053
ASV_8030	0.001769	0.000000000	0.005307051	0.000000000
ASV_8312	0.001074	0.0006796373	0.0000000000	0.0025433102
ASV_8773	0.001472	0.0006309065	0.0035929840	0.0001908951
ASV_9571	0.001091	0.001053969	0.001031485	0.001187547
ASV_9650	0.001269	0.0016816291	0.0007739268	0.0013527486
ASV_8117	0.001426	0.0018985851	0.0018237716	0.0005549362
ASV_8528	0.001116	0.0030866112	0.0002605388	0.0000000000
ASV_9320	0.001649	0.0004694334	0.0044778438	0.0000000000
ASV_7578	0.000954	0.000510840	0.000000000	0.002349692
ASV_7680	0.000996	0.000000000	0.000312502	0.002676199
ASV_7780	0.001853	0.005245605	0.000312502	0.000000000
ASV_8046	0.001593	0.000000000	0.004778206	0.000000000
ASV_8338	0.001121	0.0027727406	0.0005907636	0.0000000000
ASV_8802	0.000995	0.0025656351	0.0000000000	0.0004193927
ASV_9018	0.001831	0.0047744251	0.0007191645	0.0000000000
ASV_9615	0.001206	0.001386370	0.002232093	0.000000000
ASV_9642	0.001111	0.0004818697	0.0001531750	0.0026987294
ASV_1527	0.00092	0.002759361	0.000000000	0.000000000
ASV_2358	0.001392	0.002080199	0.000000000	0.002095444
ASV_2546	0.001071	0.0002330318	0.0005601394	0.0024203788
ASV_2394	0.001124	0.0009769036	0.0015568712	0.0008369328
ASV_3039	0.00109	0.002040613	0.001229451	0.000000000
ASV_3107	0.001094	0.0002304973	0.0011315012	0.0019214776
ASV_3018	0.001549	0.0005077714	0.0041384242	0.0000000000
ASV_3253	0.001235	0.0000000000	0.0028205965	0.0008853713
ASV_2903	0.001423	0.0029415452	0.0008854429	0.0004428932
ASV_3941	0.00088	0.002640717	0.000000000	0.000000000
ASV_4857	0.001264	0.001140497	0.001008680	0.001643666
ASV_4384	0.00146	0.0020417411	0.0003888448	0.0019499446
ASV_3061	0.001264	0.0006607744	0.0005431080	0.0025871476
ASV_3347	0.00123	0.000000000	0.000000000	0.003691343
ASV_3358	0.001036	0.0015147066	0.0003608753	0.0012327208
ASV_3638	0.001225	0.0011210992	0.0006465404	0.0019082882
ASV_7476	0.001694	0.0029837022	0.0007816164	0.0013169382
ASV_3515	0.001346	0.0004464326	0.0013316139	0.0022603251
ASV_3651	0.001279	0.0002182358	0.0022540412	0.0013636185
ASV_4204	0.001158	0.0005501494	0.0029225547	0.0000000000
ASV_3820	0.001297	0.001401880	0.001138337	0.001350090
ASV_4513	0.001296	0.001165133	0.000156251	0.002567373
ASV_3736	0.000964	0.0010770476	0.0015814203	0.0002327129
ASV_8404	0.001642	0.0028752856	0.0003773798	0.0016746160
ASV_4617	0.001106	0.0005037596	0.0011250833	0.0016888260
ASV_4352	0.001136	0.0007939223	0.0004755170	0.0021381385
ASV_3917	0.001413	0.0000000000	0.0038193669	0.0004193927
ASV_5728	0.001382	0.0012527709	0.0006959939	0.0021970960
ASV_5175	0.001333	0.0003495477	0.0036482584	0.0000000000
ASV_4794	0.001287	0.002209692	0.001650928	0.000000000
ASV_8881	0.001	0.0006810544	0.0015826041	0.0007365178
ASV_6222	0.00127	0.001101140	0.000000000	0.002708135
ASV_5056	0.001128	0.000000000	0.000000000	0.003384751
ASV_6079	0.001078	0.0002409348	0.0000000000	0.0029938219
ASV_4649	0.001046	0.0004595776	0.0007751360	0.0019030449
ASV_4559	0.001229	0.0008575059	0.0013767391	0.0014525781
ASV_5020	0.001194	0.0008532837	0.0004832865	0.0022446899
ASV_5263	0.001798	0.005394794	0.000000000	0.000000000
ASV_5067	0.001073	0.0002330318	0.0008357196	0.0021511230
ASV_5544	0.00097	0.0002330318	0.0025367953	0.0001387940
ASV_7771	0.001083	0.0006914919	0.0025573614	0.0000000000
ASV_5620	0.000935	0.000766260	0.000000000	0.002038894
ASV_5829	0.001642	0.000000000	0.003743628	0.001181058
ASV_5202	0.001158	0.0002409348	0.0006043672	0.0026273202
ASV_6397	0.001304	0.0009751181	0.0022673526	0.0006684020
ASV_6107	0.000927	9.597878e-04	1.725190e-03	9.612686e-05
ASV_6189	0.00134	0.0034578222	0.0002792041	0.0002825912
ASV_5388	0.001958	0.002887672	0.002984954	0.000000000
ASV_5939	0.001241	0.0028212008	0.0007784825	0.0001237556
ASV_5179	0.001136	0.000000000	0.000000000	0.003408313
ASV_5353	0.000941	0.0021434436	0.0006791333	0.0000000000
ASV_6500	0.001178	0.0009267482	0.0022560384	0.0003512774
ASV_8493	0.001129	0.000000000	0.000000000	0.003385716
ASV_7564	0.001179	0.0016392349	0.0011871826	0.0007101005
ASV_5136	0.001314	0.0007340563	0.0000000000	0.0032090230
ASV_5756	0.001128	0.0003325087	0.0017063277	0.0013465367
ASV_7083	0.000972	0.0000000000	0.0026287152	0.0002870219
ASV_7433	0.001751	0.0037643457	0.0002405836	0.0012493373
ASV_6357	0.001139	0.000000000	0.003417539	0.000000000
ASV_6263	0.002084	0.000000000	0.006252931	0.000000000
ASV_6319	0.001236	0.0002264855	0.0022041393	0.0012769980
ASV_8080	0.00111	0.000000000	0.000000000	0.003331057
ASV_6140	0.000801	0.0004818697	0.0000000000	0.0019225371
ASV_9259	0.00094	0.0026798656	0.0000000000	0.0001397976
ASV_6850	0.001289	0.0021474442	0.0016040464	0.0001163565
ASV_7770	0.001195	0.002065455	0.000350523	0.001169915
ASV_7902	0.002145	0.005130964	0.001302694	0.000000000
ASV_9162	0.001026	0.0000000000	0.0004945849	0.0025835179
ASV_6581	0.000965	0.00000000	0.00000000	0.00289404
ASV_8100	0.001002	0.0013013722	0.0006503341	0.0010555475
ASV_8139	0.001047	0.0022840979	0.0008575977	0.0000000000
ASV_9284	0.001394	0.0018110485	0.0008092718	0.0015608039
ASV_6298	0.001293	0.0019291713	0.0013462514	0.0006033972
ASV_6506	0.001244	0.0003715483	0.0000000000	0.0033605851
ASV_9182	0.001131	0.0004529761	0.0007205733	0.0022196499
ASV_8101	0.001127	0.0018176344	0.0005264243	0.0010377870
ASV_8520	0.000997	0.0015186582	0.0007141633	0.0007576560
ASV_9354	0.00171	0.0045745483	0.0000000000	0.0005544562
ASV_9521	0.001509	0.0023836375	0.0013842746	0.0007592367
ASV_6870	0.001399	0.0040045236	0.0000000000	0.0001924735
ASV_7096	0.000997	0.0000000000	0.0001190272	0.0028733261
ASV_7318	0.001175	0.0000000000	0.0003943054	0.0031310446
ASV_7526	0.001042	0.000000	0.003125	0.000000
ASV_8134	0.00151	0.0027726057	0.0014285125	0.0003294491
ASV_8176	0.000984	0.0006909789	0.0000000000	0.0022609434
ASV_8723	0.001201	0.000000000	0.000000000	0.003602676
ASV_9087	0.001175	0.0006696488	0.0028551590	0.0000000000
ASV_9522	0.001121	0.0008519558	0.0003335738	0.0021788972
ASV_9908	0.001363	0.0005879287	0.0000000000	0.0034999844
ASV_7238	0.001161	0.0006209838	0.0000000000	0.0028630727
ASV_6937	0.00136	0.000000000	0.001320199	0.002760271
ASV_7004	0.001187	0.0004159111	0.0019002682	0.0012457661
ASV_7889	0.001112	0.000000000	0.000000000	0.003335633
ASV_8061	0.001114	0.00000000	0.00000000	0.00334183
ASV_9836	0.001167	0.0000000000	0.0028330205	0.0006666234
ASV_9188	0.001331	0.000000000	0.003992853	0.000000000
ASV_8370	0.001666	0.0039642865	0.0001117683	0.0009215993
ASV_9332	0.000959	0.002876829	0.000000000	0.000000000
ASV_7758	0.001	0.001330395	0.000000000	0.001669569
ASV_8250	0.00122	0.00000000	0.00366103	0.00000000
ASV_9195	0.001007	0.0003565886	0.0026655590	0.0000000000
ASV_9233	0.001116	0.000000000	0.000000000	0.003348139
ASV_9315	0.000961	0.002881595	0.000000000	0.000000000
ASV_9477	0.000942	0.0000000000	0.0026793786	0.0001455299
ASV_722	0.001264	0.000510840	0.003281271	0.000000000
ASV_1352	0.001247	0.0012143720	0.0017432947	0.0007840855
ASV_2352	0.001702	0.0014713723	0.0033550748	0.0002798129
ASV_1694	0.001466	0.001928800	0.000169167	0.002300807
ASV_2074	0.001431	0.0005525685	0.0035481938	0.0001922537
ASV_6544	0.001454	0.002664230	0.000000000	0.001698008
ASV_1855	0.001012	0.0008144938	0.0002881942	0.0019322660
ASV_2047	0.001571	0.001900245	0.001833057	0.000978583
ASV_2505	0.000936	0.0000000000	0.0024065986	0.0004000928
ASV_2278	0.001079	0.0015042045	0.0006848091	0.0010472081
ASV_2548	0.000906	0.0006990954	0.0016691667	0.0003490694
ASV_3241	0.002914	0.008741126	0.000000000	0.000000000
ASV_2852	0.001285	0.0001165159	0.0031605456	0.0005773959
ASV_2856	0.001168	0.001264636	0.000000000	0.002240037
ASV_5671	0.00114	0.000495553	0.001850585	0.001073217
ASV_3742	0.001413	0.001329380	0.001839776	0.001069406
ASV_4956	0.001297	0.0018527878	0.0004242703	0.0016142228
ASV_6848	0.001032	0.0008996971	0.0000000000	0.0021962531
ASV_3488	0.001057	0.000000000	0.000156251	0.003014322
ASV_4168	0.000984	0.0000000000	0.0028357400	0.0001163565
ASV_5501	0.001547	0.0028407581	0.0002605388	0.0015394442
ASV_7819	0.001045	0.0000000000	0.0008504785	0.0022837463
ASV_5026	0.001265	0.0017364996	0.0019188800	0.0001397976
ASV_6144	0.001318	0.0012161675	0.0007262158	0.0020124538
ASV_5023	0.001298	0.0002365824	0.0024989898	0.0011571107
ASV_5610	0.001197	0.000380049	0.001674364	0.001536962
ASV_4311	0.001089	0.0005615185	0.0022753457	0.0004308574
ASV_5017	0.001108	0.0016842048	0.0014981512	0.0001412956
ASV_4814	0.000919	0.00275706	0.00000000	0.00000000
ASV_4923	0.001062	0.0001100299	0.0012325542	0.0018429248
ASV_5476	0.001338	0.001215167	0.002376083	0.000423608
ASV_4656	0.001259	0.0016011414	0.0012229722	0.0009534173
ASV_4501	0.001071	0.000000000	0.000000000	0.003213122
ASV_4960	0.00111	0.0003654499	0.0006677602	0.0022953657
ASV_7337	0.001335	0.0007600979	0.0001562510	0.0030895356
ASV_7838	0.001199	0.0007991272	0.0023251981	0.0004722864
ASV_5575	0.000995	0.001908022	0.001076164	0.000000000
ASV_5995	0.000913	0.00000000	0.00273889	0.00000000
ASV_6632	0.001154	0.001388337	0.000239319	0.001835612
ASV_5842	0.001054	0.001306585	0.000156251	0.001700416
ASV_6439	0.001175	0.000000000	0.001541426	0.001983924
ASV_5720	0.001121	0.0027811547	0.0000000000	0.0005821196
ASV_6721	0.000922	0.0006990954	0.0002792041	0.0017886034
ASV_5434	0.001275	0.000635469	0.000153175	0.003036912
ASV_5709	0.001021	0.0004923431	0.0008483699	0.0017220641
ASV_6523	0.001032	0.0003432827	0.0009315703	0.0018206191
ASV_6590	0.00101	0.002458494	0.000000000	0.000570655
ASV_7773	0.000975	0.0006601793	0.0004988148	0.0017655302
ASV_8128	0.000976	0.001532759	0.000000000	0.001394074
ASV_6351	0.001169	0.0000000000	0.0002380544	0.0032692235
ASV_8899	0.00102	0.0009390476	0.0017343044	0.0003863053
ASV_7685	0.000991	0.000000000	0.002971909	0.000000000
ASV_9564	0.000942	0.0019938825	0.0000000000	0.0008325243
ASV_5564	0.001164	0.0011401469	0.0003570816	0.0019941174
ASV_7550	0.001025	0.0006710038	0.0000000000	0.0024050795
ASV_8552	0.001091	0.001849593	0.000312502	0.001110352
ASV_6761	0.001064	0.0020386599	0.0005397549	0.0006140131
ASV_6766	0.001229	0.0008201685	0.0022731525	0.0005923465
ASV_7815	0.001146	0.0004633492	0.0022362957	0.0007381089
ASV_8073	0.001071	0.0000000000	0.0008420425	0.0023719970
ASV_9637	0.000973	0.0004818697	0.0006203712	0.0018180026
ASV_9388	0.001046	0.0012940212	0.0007898754	0.0010542680
ASV_7271	0.001196	0.0007600979	0.0012508422	0.0015785440
ASV_6741	0.001502	0.0035780006	0.0002605388	0.0006666234
ASV_7441	0.001488	0.002790098	0.000000000	0.001674320
ASV_7052	0.001161	0.0006750155	0.0001190272	0.0026875533
ASV_6297	0.001379	0.0014505023	0.0007411519	0.0019454619
ASV_6398	0.001268	0.0010732341	0.0026057623	0.0001237556
ASV_7459	0.001136	0.001239904	0.002167370	0.000000000
ASV_7846	0.000927	0.0001386370	0.0017327257	0.0009103105
ASV_6026	0.000913	0.002739054	0.000000000	0.000000000
ASV_6391	0.001778	0.005217819	0.000116841	0.000000000
ASV_7418	0.001118	0.0017754030	0.0006343421	0.0009454956
ASV_7590	0.001157	0.0001200665	0.0000000000	0.0033504131
ASV_8161	0.001359	0.002834706	0.000000000	0.001240837
ASV_6501	0.001193	0.0012673545	0.0005686628	0.0017424973
ASV_8496	0.001111	0.000000000	0.000000000	0.003334456
ASV_7546	0.001006	0.000000000	0.000000000	0.003018798
ASV_9006	0.001059	0.0010010327	0.0019145791	0.0002625497
ASV_8396	0.001045	0.0000000000	0.0005584082	0.0025763359
ASV_7523	0.001437	0.0002182358	0.0037022141	0.0003909415
ASV_7825	0.00099	0.000000000	0.002969385	0.000000000
ASV_8125	0.00089	0.0009605318	0.0017096870	0.0000000000
ASV_8342	0.000942	0.0017964892	0.0005588415	0.0004695816
ASV_7419	0.001134	0.0002330318	0.0008869043	0.0022806716
ASV_8495	0.001112	0.000138637	0.000000000	0.003198615
ASV_8763	0.001044	0.0025706037	0.0004194631	0.0001412956
ASV_9618	0.001084	0.0009196707	0.0013147125	0.0010187093
ASV_8739	0.001221	0.0011357604	0.0023370862	0.0001908951
ASV_7424	0.001144	0.0027352874	0.0004097505	0.0002883806
ASV_8323	0.001191	0.0009975261	0.0016663810	0.0009076548
ASV_8327	0.001288	0.002376509	0.001488315	0.000000000
ASV_8332	0.001757	0.002312007	0.002959174	0.000000000
ASV_8918	0.001571	0.000000000	0.004711507	0.000000000
ASV_9572	0.0014	3.241933e-03	8.618849e-04	9.612686e-05
ASV_7403	0.001064	0.000000000	0.000000000	0.003192263
ASV_7883	0.001077	0.000000000	0.000000000	0.003230494
ASV_8772	0.000989	0.0003718757	0.0025954256	0.0000000000
ASV_8787	0.000986	0.002958384	0.000000000	0.000000000
ASV_8803	0.001122	0.0005822782	0.0000000000	0.0027831440
ASV_9546	0.001073	0.000000000	0.000000000	0.003220073
ASV_2072	0.001764	0.0024152960	0.0020843104	0.0007926127
ASV_2127	0.001061	0.0002554200	0.0004483711	0.0024799939
ASV_2740	0.001234	0.0013568194	0.0019282504	0.0004156621
ASV_2502	0.00156	0.0031545689	0.0004840754	0.0010400701
ASV_3168	0.001057	0.0000000000	0.0002605388	0.0029102826
ASV_3572	0.001078	0.0009310097	0.0021027249	0.0002000464
ASV_3934	0.001749	0.0051064494	0.0000000000	0.0001397976
ASV_6060	0.000922	0.000000000	0.001516023	0.001250917
ASV_3589	0.001084	0.0004955098	0.0022188419	0.0005371319
ASV_3476	0.001105	0.0024994215	0.0000000000	0.0008144952
ASV_3423	0.000859	0.0002551529	0.0000000000	0.0023222665
ASV_8895	0.000989	0.000000000	0.001006327	0.001961265
ASV_8185	0.001262	0.0008978769	0.0014844970	0.0014038161
ASV_4517	0.001182	0.0012210179	0.0018987901	0.0004251864
ASV_4197	0.001124	0.0003325087	0.0006951948	0.0023433762
ASV_4762	0.001128	0.001102853	0.000000000	0.002280663
ASV_4410	0.001255	0.0019653671	0.0014112445	0.0003873088
ASV_5264	0.001205	0.000890889	0.000156251	0.002566761
ASV_4704	0.001131	0.001685425	0.000000000	0.001706620
ASV_4964	0.000959	0.0016953120	0.0007262773	0.0004560267
ASV_7515	0.001061	0.000000000	0.001120572	0.002063419
ASV_8345	0.00113	0.0006081307	0.0017227100	0.0010592311
ASV_5897	0.000931	0.0009321272	0.0014616126	0.0004000928
ASV_5912	0.001156	0.0018705036	0.0008142221	0.0007839016
ASV_5407	0.001219	0.000000000	0.001316991	0.002340253
ASV_8271	0.001137	0.000000000	0.000000000	0.003409732
ASV_5246	0.001052	0.000000000	0.000000000	0.003155799
ASV_5923	0.001016	0.000000000	0.000000000	0.003046569
ASV_5412	0.000925	0.000000000	0.002775596	0.000000000
ASV_5561	0.001086	0.001386188	0.000000000	0.001870635
ASV_5683	0.001067	0.000000000	0.000000000	0.003201658
ASV_7736	0.001372	0.0018821954	0.0020427258	0.0001908951
ASV_8487	0.001218	0.0013747783	0.0001100371	0.0021686670
ASV_5863	0.001202	0.0008836588	0.0011199503	0.0016033782
ASV_5853	0.001026	0.0001165159	0.0009054374	0.0020548371
ASV_5848	0.001298	0.0029642698	0.0009311486	0.0000000000
ASV_8198	0.000972	0.0003574507	0.0007077024	0.0018506391
ASV_5158	0.001032	0.000000000	0.000000000	0.003097265
ASV_5344	0.000952	0.0002304973	0.0000000000	0.0026241051
ASV_8860	0.001091	0.001117549	0.001294188	0.000860934
ASV_7345	0.001056	0.000000000	0.002050109	0.001117664
ASV_6970	0.000859	0.0011758107	0.0005951361	0.0008071454
ASV_6869	0.001166	0.0005557250	0.0003888448	0.0025547174
ASV_5973	0.000881	0.0000000000	0.0004315292	0.0022107727
ASV_6643	0.001235	0.0007322309	0.0006773286	0.0022956831
ASV_7082	0.001138	0.000000000	0.001972120	0.001440988
ASV_7141	0.001202	0.0022499137	0.0006695836	0.0006870114
ASV_7458	0.001081	0.0006596878	0.0025841421	0.0000000000
ASV_7704	0.001254	0.000000000	0.000000000	0.003762346
ASV_7140	0.002098	0.0056526481	0.0003506207	0.0002910598
ASV_7708	0.001166	0.0004660636	0.0001691670	0.0028626266
ASV_9017	0.00107	0.001056449	0.000423191	0.001729733
ASV_7049	0.001049	0.0004736558	0.0000000000	0.0026732462
ASV_7160	0.000878	0.001210329	0.001423758	0.000000000
ASV_9335	0.000883	0.0007144895	0.0012868500	0.0006467920
ASV_7746	0.001052	0.001256073	0.000459525	0.001439131
ASV_8921	0.000954	0.0001165159	0.0018185880	0.0009266974
ASV_7312	0.001383	0.0027674880	0.0004614249	0.0009196853
ASV_8688	0.000882	0.0001204674	0.0025248628	0.0000000000
ASV_6505	0.000821	0.001192022	0.000000000	0.001269879
ASV_6989	0.001179	0.0006650174	0.0000000000	0.0028709540
ASV_8244	0.000913	0.0000000000	0.0007695843	0.0019699291
ASV_6997	0.001078	0.0007320751	0.0000000000	0.0025034165
ASV_9213	0.001136	0.0002232163	0.0008757720	0.0023087923
ASV_7666	0.001003	0.0000000000	0.0027274611	0.0002825912
ASV_8251	0.000994	0.0001200665	0.0028633302	0.0000000000
ASV_7844	0.001792	0.000000000	0.005374507	0.000000000
ASV_9684	0.001502	0.0024688021	0.0017592790	0.0002785916
ASV_8541	0.001231	0.003693798	0.000000000	0.000000000
ASV_7619	0.001242	0.0002545073	0.0010840397	0.0023885432
ASV_8478	0.00082	0.000000000	0.002458903	0.000000000
ASV_9627	0.001403	0.0029840881	0.0009655534	0.0002580386
ASV_8164	0.001157	0.0009554472	0.0000000000	0.0025151814
ASV_8717	0.001187	0.000000	0.000000	0.003561
ASV_8959	0.001182	0.000000000	0.000000000	0.003547426
ASV_9292	0.001005	0.0003325087	0.0005964006	0.0020849886
ASV_8291	0.001207	0.000000000	0.000000000	0.003620283
ASV_8470	0.000861	0.0002182358	0.0004988820	0.0018668695
ASV_9201	0.000952	0.000000000	0.001222867	0.001632545
ASV_9579	0.001311	0.0021203045	0.0016663810	0.0001455299
ASV_9675	0.001205	0.001338123	0.002275393	0.000000000
ASV_8686	0.001426	0.000000000	0.004278382	0.000000000
ASV_8964	0.00119	0.000000000	0.000000000	0.003569105
ASV_8973	0.000752	0.0008152498	0.0000000000	0.0014419029
ASV_9475	0.000857	0.0001165159	0.0023298944	0.0001237556
ASV_9520	0.000801	0.0000000000	0.0007690415	0.0016341566
ASV_9864	0.000988	0.0000000000	0.0004470732	0.0025163563
ASV_3977	0.001185	0.0023969857	0.0004595250	0.0006994824
ASV_1447	0.001108	0.000000000	0.000000000	0.003325453
ASV_1734	0.000885	0.001109096	0.001547354	0.000000000
ASV_2627	0.000995	0.001660092	0.000000000	0.001326160
ASV_4401	0.000915	0.0006854865	0.0016663810	0.0003923216
ASV_2847	0.001142	0.0004432760	0.0009099224	0.0020719452
ASV_3440	0.001083	0.000000000	0.001336654	0.001913240
ASV_3365	0.001149	0.0005950919	0.0006951948	0.0021571023
ASV_3089	0.000882	0.000000000	0.002647184	0.000000000
ASV_3639	0.001337	0.0025755090	0.0009989274	0.0004365897
ASV_3741	0.001452	0.002028300	0.001216272	0.001112374
ASV_4680	0.001124	0.0001100299	0.0024284587	0.0008320443
ASV_3517	0.001242	0.0003325087	0.0025332950	0.0008600118
ASV_6309	0.001029	0.0001200665	0.0006250039	0.0023425894
ASV_3910	0.000891	0.0019995675	0.0000000000	0.0006731078
ASV_5053	0.00083	0.0002545073	0.0022353662	0.0000000000
ASV_4112	0.00123	0.0033018635	0.0003888448	0.0000000000
ASV_8980	0.00132	0.001259257	0.000000000	0.002700742
ASV_4004	0.000832	0.0002232163	0.0000000000	0.0022716875
ASV_8376	0.001594	0.0030191065	0.0011984062	0.0005654171
ASV_6227	0.001019	0.0007321353	0.0003924940	0.0019330593
ASV_5362	0.001477	0.0030604835	0.0005743693	0.0007965390
ASV_8859	0.001431	0.003065040	0.000000000	0.001226709
ASV_8663	0.001721	0.004037645	0.001126443	0.000000000
ASV_5493	0.001348	0.0029649581	0.0009461264	0.0001342830
ASV_8793	0.000936	0.0006931711	0.0013146861	0.0008001571
ASV_6342	0.001066	0.0001204674	0.0010351279	0.0020415560
ASV_8424	0.001013	0.0007025255	0.0003705759	0.0019647181
ASV_7842	0.000846	0.0013068010	0.0008199373	0.0004113911
ASV_5523	0.001164	0.000000000	0.001019671	0.002471168
ASV_5781	0.001155	0.0012627646	0.0002860079	0.0019162339
ASV_5521	0.000994	0.000000000	0.001606515	0.001375316
ASV_6793	0.000918	0.0002200598	0.0021096704	0.0004251864
ASV_6267	0.001105	0.0002232163	0.0000000000	0.0030913249
ASV_9041	0.001023	0.0012121552	0.0008602875	0.0009954157
ASV_6307	0.001027	0.0004802659	0.0007393678	0.0018602828
ASV_8001	0.001138	0.0002545073	0.0021995489	0.0009598710
ASV_6010	0.000923	0.0008461125	0.0017827410	0.0001387940
ASV_6596	0.000902	0.0011445835	0.0008594686	0.0007026841
ASV_6673	0.000931	0.0000000000	0.0003608753	0.0024313550
ASV_6412	0.001045	0.0002545073	0.0028818361	0.0000000000
ASV_5821	0.00089	0.0003300897	0.0013471453	0.0009936567
ASV_5724	0.000989	0.0004818697	0.0010910424	0.0013932827
ASV_6819	0.000913	0.0008119593	0.0007093365	0.0012172630
ASV_6517	0.001062	0.0014701629	0.0008979778	0.0008192631
ASV_7519	0.000902	0.0000000000	0.0025137132	0.0001908951
ASV_8792	0.001294	0.0016834008	0.0012830080	0.0009152277
ASV_6790	0.001044	0.000000000	0.000000000	0.003130761
ASV_6481	0.000904	0.0002365824	0.0011582373	0.0013161122
ASV_6017	0.001144	0.001428858	0.000156251	0.001846736
ASV_7566	0.001083	0.001706570	0.001543421	0.000000000
ASV_9068	0.000921	0.0009281235	0.0015940426	0.0002416568
ASV_6597	0.000859	0.001317239	0.001258390	0.000000000
ASV_8062	0.000928	0.0000000000	0.0007217507	0.0020611492
ASV_8360	0.001065	0.0008574297	0.0000000000	0.0023376835
ASV_6837	0.000942	0.000000000	0.000000000	0.002825688
ASV_7575	0.001138	0.0003325087	0.0013015931	0.0017789921
ASV_9833	0.001029	0.0001386370	0.0027554627	0.0001922537
ASV_7126	0.00103	0.0004819658	0.0013808154	0.0012267088
ASV_8791	0.000836	0.0011761848	0.0005172585	0.0008149852
ASV_9013	0.000935	0.0007302502	0.0014561441	0.0006172203
ASV_7882	0.000786	0.000000000	0.000000000	0.002359175
ASV_6871	0.001072	0.003216987	0.000000000	0.000000000
ASV_7072	0.000927	0.000000000	0.001418673	0.001363379
ASV_7589	0.000945	0.0009496993	0.0004595250	0.0014272252
ASV_8742	0.001169	0.0023848685	0.0004614249	0.0006596475
ASV_8279	0.001005	0.0002182358	0.0000000000	0.0027973575
ASV_8564	0.000961	0.001164556	0.001718761	0.000000000
ASV_9057	0.00088	0.0021748751	0.0000000000	0.0004654258
ASV_9327	0.001217	0.001633514	0.002017626	0.000000000
ASV_8890	0.000853	0.000000000	0.002559557	0.000000000
ASV_8971	0.001027	0.0004464326	0.0000000000	0.0026351669
ASV_9574	0.000823	0.002330318	0.000000000	0.000138554
ASV_8525	0.001052	0.001014393	0.002143031	0.000000000
ASV_8724	0.000895	0.0004730442	0.0000000000	0.0022121821
ASV_9685	0.00129	0.002025980	0.000000000	0.001843481
ASV_8579	0.001529	0.0041181547	0.0004687529	0.0000000000
ASV_8697	0.001035	0.000000000	0.003104198	0.000000000
ASV_9508	0.00084	0.0000000000	0.0023805443	0.0001397976
ASV_9606	0.001403	0.0033725793	0.0008377502	0.0000000000
ASV_7884	0.000767	0.000000000	0.000000000	0.002301432
ASV_8158	0.001671	0.005011821	0.000000000	0.000000000
ASV_8280	0.001028	0.0001204674	0.0000000000	0.0029629576
ASV_8750	0.001091	0.000380049	0.000169167	0.002724290
ASV_8901	0.000815	0.0002330318	0.0022133997	0.0000000000
ASV_8955	0.000993	0.000000000	0.000000000	0.002979376
ASV_9488	0.001125	0.000000000	0.003375117	0.000000000
ASV_9629	0.000857	0.0021611964	0.0000000000	0.0004083635
ASV_1277	0.001315	0.0012844081	0.0025158395	0.0001455299
ASV_1342	0.000908	0.0007009399	0.0020234626	0.0000000000
ASV_2181	0.001021	0.000000000	0.000000000	0.003061789
ASV_2411	0.00115	0.0016022267	0.0002605388	0.0015874532
ASV_2649	0.000923	0.0000000000	0.0001202918	0.0026490651
ASV_2916	0.000999	0.0002200598	0.0000000000	0.0027771377
ASV_2983	0.001004	0.0003651226	0.0006951948	0.0019506214
ASV_3190	0.00103	0.00000000	0.00000000	0.00308972
ASV_3271	0.001061	0.0001204674	0.0007910936	0.0022712680
ASV_3993	0.001138	0.0025334629	0.0001562510	0.0007243514
ASV_3478	0.00105	0.0010934195	0.0008495835	0.0012067944
ASV_3646	0.00132	0.001070533	0.002888481	0.000000000
ASV_3764	0.001005	0.0005001154	0.0015141552	0.0010013074
ASV_4918	0.000967	0.0012530809	0.0007068074	0.0009405708
ASV_3585	0.001002	0.0003493669	0.0017877135	0.0008688585
ASV_4462	0.000994	0.0004570431	0.0000000000	0.0025246711
ASV_6651	0.001127	0.0009073951	0.0006106503	0.0018624989
ASV_4429	0.000758	0.0018705080	0.0000000000	0.0004028489
ASV_4980	0.00093	0.0000000000	0.0002380544	0.0025510824
ASV_5603	0.001189	0.0006650174	0.0021706509	0.0007307855
ASV_5319	0.00096	0.0002182358	0.0015871869	0.0010748538
ASV_4223	0.00107	0.0011982997	0.0006537881	0.0013574470
ASV_4847	0.000956	0.0003325087	0.0010065849	0.0015287416
ASV_4712	0.001112	0.0002554200	0.0003808306	0.0027000533
ASV_4826	0.000967	0.000000000	0.000000000	0.002900629
ASV_6057	0.001457	0.003102589	0.000498882	0.000769099
ASV_4888	0.000971	0.0002200598	0.0000000000	0.0026936021
ASV_4791	0.00107	0.00227902	0.00093004	0.00000000
ASV_4920	0.000961	0.0001164556	0.0000000000	0.0027659290
ASV_5183	0.000955	0.0003719359	0.0022600134	0.0002327129
ASV_9950	0.001172	0.0016730363	0.0008029671	0.0010410514
ASV_5233	0.000842	0.0000000000	0.0023272250	0.0002000464
ASV_5881	0.001171	0.0028103426	0.0004595213	0.0002416568
ASV_7039	0.000777	0.0014432400	0.0000000000	0.0008863166
ASV_5436	0.001211	0.0026288843	0.0007132272	0.0002910598
ASV_5817	0.000867	0.000000000	0.001073774	0.001527515
ASV_9566	0.00089	0.0008189209	0.0002649433	0.0015850597
ASV_5100	0.000757	0.000000000	0.000000000	0.002269896
ASV_5173	0.00108	0.0000000000	0.0029549113	0.0002853275
ASV_6562	0.000848	0.0001204674	0.0009247780	0.0014978787
ASV_5951	0.000871	0.0004806668	0.0010882087	0.0010431799
ASV_8240	0.000988	0.0009660605	0.0019979568	0.0000000000
ASV_6285	0.00113	0.0011028357	0.0006902445	0.0015956581
ASV_5371	0.000966	0.0012518141	0.0005300423	0.0011156482
ASV_5665	0.000926	0.000000000	0.000000000	0.002777125
ASV_5740	0.001114	0.0000000000	0.0005988727	0.0027423022
ASV_6056	0.000917	0.0003325087	0.0014409722	0.0009785830
ASV_5512	0.000877	0.0006003323	0.0002290644	0.0018012026
ASV_5993	0.001122	0.000000000	0.001262784	0.002102278
ASV_8563	0.001163	0.0019239742	0.0004297057	0.0011352899
ASV_9932	0.000995	0.001496701	0.000312502	0.001176787
ASV_6875	0.001287	0.0016525865	0.0002605388	0.0019485829
ASV_6905	0.001152	0.0018822530	0.0009514457	0.0006227314
ASV_6100	0.000923	0.001135567	0.000153175	0.001481667
ASV_8421	0.0012	0.000774106	0.001461070	0.001365777
ASV_8580	0.001289	0.0030872379	0.0007784817	0.0000000000
ASV_5755	0.000883	0.000000000	0.001193130	0.001455299
ASV_6163	0.000957	0.0002409348	0.0000000000	0.0026315419
ASV_5900	0.000941	0.0000000000	0.0002200743	0.0026023413
ASV_6788	0.000745	0.000000e+00	2.138116e-03	9.612686e-05
ASV_8643	0.000995	0.0006391274	0.0007988644	0.0015481271
ASV_6647	0.001152	0.0017420837	0.0014815799	0.0002327129
ASV_7005	0.00082	0.0004159111	0.0020449603	0.0000000000
ASV_6512	0.00089	0.0004818697	0.0009598051	0.0012272376
ASV_6184	0.000889	0.000000000	0.000000000	0.002666671
ASV_9676	0.001205	0.0014182293	0.0006250039	0.0015717379
ASV_7295	0.000782	0.000863959	0.001481756	0.000000000
ASV_8255	0.00101	0.0000000000	0.0026919575	0.0003388405
ASV_7213	0.000931	0.000000000	0.002794207	0.000000000
ASV_6592	0.000897	0.0021919936	0.0004985932	0.0000000000
ASV_7322	0.00087	0.0001164556	0.0016781688	0.0008144952
ASV_7964	0.000751	0.0001204674	0.0021321213	0.0000000000
ASV_8747	0.000973	0.0013056901	0.0012800697	0.0003337691
ASV_9010	0.001408	0.0019002448	0.0005210776	0.0018013561
ASV_6614	0.000985	0.0003325087	0.0000000000	0.0026212561
ASV_6867	0.001378	0.0033655670	0.0007684082	0.0000000000
ASV_6994	0.000992	0.0009710327	0.0008510893	0.0011529762
ASV_7462	0.001079	0.0002545073	0.0016645512	0.0013188967
ASV_7745	0.000861	0.0005142574	0.0000000000	0.0020694500
ASV_7778	0.001562	0.004684771	0.000000000	0.000000000
ASV_7823	0.001092	0.0007600979	0.0003254179	0.0021890984
ASV_9381	0.000815	0.0002330318	0.0015502114	0.0006608876
ASV_9580	0.001359	0.0008805653	0.0024464599	0.0007489271
ASV_8314	0.000887	0.001092885	0.000535817	0.001031788
ASV_9483	0.000846	0.000000000	0.001946579	0.000592368
ASV_7850	0.001127	0.0007600979	0.0013240895	0.0012957201
ASV_9515	0.000748	0.000000000	0.002242625	0.000000000
ASV_7643	0.000802	0.000000000	0.002405836	0.000000000
ASV_9613	0.000848	0.0002772741	0.0009342376	0.0013314954
ASV_9635	0.001262	0.002396701	0.001388828	0.000000000
ASV_7901	0.001124	0.001175609	0.001912118	0.000284084
ASV_8129	0.000877	0.0008569552	0.0004470732	0.0013271725
ASV_8245	0.001056	0.0002182358	0.0000000000	0.0029495221
ASV_7135	0.001067	0.0008036545	0.0000000000	0.0023968176
ASV_7759	0.000801	0.002402933	0.000000000	0.000000000
ASV_7971	0.000828	0.0002330318	0.0019712816	0.0002810932
ASV_8666	0.001172	0.000000000	0.003514821	0.000000000
ASV_8806	0.001102	0.0009601617	0.0022087717	0.0001385540
ASV_8043	0.000856	0.000000000	0.002567411	0.000000000
ASV_8165	0.00106	0.0005891988	0.0025893853	0.0000000000
ASV_8055	0.001013	0.0001164556	0.0029223576	0.0000000000
ASV_8113	0.000997	0.001271776	0.000270303	0.001448263
ASV_9065	0.001432	3.346726e-03	8.527124e-04	9.612686e-05
ASV_9082	0.001551	0.004654393	0.000000000	0.000000000
ASV_8162	0.001575	0.004726023	0.000000000	0.000000000
ASV_9069	0.00099	0.0004914304	0.0010265729	0.0014511393
ASV_8288	0.000877	0.000000000	0.000000000	0.002630114
ASV_8475	0.00078	0.0001200665	0.0022199789	0.0000000000
ASV_8698	0.001025	0.000000000	0.003076166	0.000000000
ASV_8811	0.001153	0.0002200598	0.0015890888	0.0016505923
ASV_9186	0.000828	0.0001200665	0.0023639179	0.0000000000
ASV_9302	0.001085	0.003255564	0.000000000	0.000000000
ASV_9673	0.001632	0.00489742	0.00000000	0.00000000
ASV_9834	0.000928	0.000000000	0.002784783	0.000000000
ASV_9849	0.001394	0.0000000000	0.0034759742	0.0007047202
ASV_346	0.000885	0.0002772741	0.0000000000	0.0023765587
ASV_1103	0.00141	0.0026558266	0.0006176204	0.0009567961
ASV_1271	0.001213	0.001140147	0.002500016	0.000000000
ASV_1679	0.001055	0.0011028534	0.0011359543	0.0009251904
ASV_2691	0.000757	0.0000000000	0.0019416592	0.0003288398
ASV_2737	0.000821	0.0010032410	0.0008885197	0.0005726852
ASV_2822	0.000864	0.0021490908	0.0001531750	0.0002886004
ASV_2836	0.000991	0.0007109499	0.0019486995	0.0003146507
ASV_3177	0.000966	0.0011318238	0.0007217507	0.0010442876
ASV_3327	0.001113	0.0014383792	0.0011699274	0.0007312188
ASV_4274	0.001629	0.0012512647	0.0030282638	0.0006086157
ASV_3918	0.001285	0.0004777236	0.0005450958	0.0028325639
ASV_3452	0.000833	0.0011951831	0.0003523519	0.0009501295
ASV_9453	0.001277	0.0014251843	0.0018846994	0.0005219226
ASV_3576	0.001085	0.000963282	0.001042155	0.001249146
ASV_3344	0.000934	0.0007149014	0.0000000000	0.0020868600
ASV_3644	0.001179	0.000138637	0.002212255	0.001185777
ASV_4016	0.000809	0.000000000	0.002426212	0.000000000
ASV_3886	0.000942	0.000000000	0.001060984	0.001765810
ASV_4785	0.00105	0.0021102276	0.0008393289	0.0002000464
ASV_4266	0.001134	0.0012299749	0.0005210776	0.0016513057
ASV_3975	0.000838	0.000000000	0.000468850	0.002045686
ASV_4398	0.000862	0.00000000	0.00133324	0.00125247
ASV_5471	0.001014	0.0008746892	0.0000000000	0.0021669640
ASV_6242	0.001045	0.0003325087	0.0003125020	0.0024914590
ASV_7144	0.001072	0.0006128707	0.0007816164	0.0018202151
ASV_6148	0.000933	0.0010909277	0.0013730580	0.0003335493
ASV_5033	0.000854	0.0001165159	0.0008725277	0.0015734697
ASV_5475	0.000787	0.0000000000	0.0017917310	0.0005707163
ASV_7663	0.000914	0.0002554200	0.0001202918	0.0023665498
ASV_5341	0.000797	0.0001165159	0.0000000000	0.0022739720
ASV_5933	0.000817	0.0003574507	0.0016203083	0.0004728250
ASV_4802	0.000957	0.0005005164	0.0001117683	0.0022601280
ASV_6547	0.000784	0.0001386370	0.0014624744	0.0007503348
ASV_4958	0.001042	0.001258663	0.000153175	0.001714221
ASV_5453	0.00085	0.0005670127	0.0005785522	0.0014058960
ASV_5882	0.000903	0.0006987339	0.0014569493	0.0005536757
ASV_4767	0.000941	0.000943055	0.000478638	0.001402720
ASV_5283	0.001053	0.000000000	0.003158181	0.000000000
ASV_9165	0.00107	0.0007600979	0.0000000000	0.0024489693
ASV_5038	0.001008	0.000000000	0.000000000	0.003024413
ASV_5153	0.001132	0.000000000	0.002063448	0.001333278
ASV_6318	0.000915	0.0002264855	0.0010022447	0.0015149242
ASV_6087	0.001035	0.0011401469	0.0014333848	0.0005327166
ASV_6043	0.000747	0.0019805379	0.0002605388	0.0000000000
ASV_6885	0.000779	0.0015802945	0.0001117683	0.0006453475
ASV_7413	0.001071	0.0023673737	0.0004137138	0.0004308574
ASV_4912	0.000789	0.0002772741	0.0020911588	0.0000000000
ASV_5669	0.000935	0.0000000000	0.0018189754	0.0009862613
ASV_5389	0.000992	0.0011011399	0.0016422096	0.0002327129
ASV_4984	0.00125	0.0001165159	0.0018237716	0.0018101413
ASV_7296	0.000912	0.0010860045	0.0002200743	0.0014295012
ASV_7577	0.001199	0.0015854549	0.0002380544	0.0017746801
ASV_6451	0.000868	0.000000000	0.000156251	0.002447200
ASV_7394	0.000864	0.000000000	0.000156251	0.002436289
ASV_5981	0.000759	0.00000000	0.00227702	0.00000000
ASV_7660	0.001231	0.000380049	0.003311876	0.000000000
ASV_5770	0.000937	0.000000000	0.000156251	0.002654516
ASV_8598	0.000904	0.0000000000	0.0004985932	0.0022144309
ASV_5901	0.001026	0.000000000	0.003078437	0.000000000
ASV_7024	0.000826	0.0010506658	0.0007081689	0.0007188368
ASV_6012	0.00106	0.0007293866	0.0007776896	0.0016726486
ASV_5983	0.001064	0.0007600979	0.0024332602	0.0000000000
ASV_6813	0.000826	0.0000000000	0.0009507833	0.0015282408
ASV_8613	0.000889	0.000000000	0.000239319	0.002428221
ASV_6776	0.000762	0.000000000	0.002285544	0.000000000
ASV_7010	0.001271	0.003218160	0.000000000	0.000593744
ASV_7755	0.000835	0.0002401329	0.0018290900	0.0004359708
ASV_8299	0.000837	0.0013120239	0.0005562135	0.0006429857
ASV_6992	0.001027	0.0020929078	0.0009894609	0.0000000000
ASV_8617	0.000902	0.0000000000	0.0006374181	0.0020679715
ASV_6732	0.000851	0.0002369833	0.0007204861	0.0015955676
ASV_7094	0.000799	0.0001200665	0.0009054488	0.0013722472
ASV_6710	0.000816	0.000000000	0.000000000	0.002449158
ASV_6708	0.000862	0.000000000	0.000000000	0.002584569
ASV_6972	0.000865	0.0005948851	0.0013523429	0.0006465910
ASV_6644	0.000945	0.000000000	0.000000000	0.002833898
ASV_7682	0.000899	0.0000000000	0.0024177332	0.0002795951
ASV_7123	0.001176	0.0003495477	0.0011665345	0.0020129339
ASV_8035	0.000792	0.000000000	0.002375717	0.000000000
ASV_6967	0.000861	0.0021162730	0.0000000000	0.0004680032
ASV_7421	0.000861	0.0014397447	0.0009513168	0.0001922537
ASV_7101	0.000855	0.000000000	0.000000000	0.002563537
ASV_7396	0.000963	0.001096159	0.000000000	0.001791574
ASV_9307	0.000756	0.0002591044	0.0018639155	0.0001455299
ASV_9694	0.001098	0.0007862887	0.0022758539	0.0002327129
ASV_7371	0.00099	0.000000000	0.002968769	0.000000000
ASV_8963	0.001006	0.0007331436	0.0001562510	0.0021279368
ASV_9268	0.00103	0.0020477470	0.0003943054	0.0006490730
ASV_7580	0.000829	0.0008376983	0.0009230469	0.0007254283
ASV_8110	0.001532	0.004597057	0.000000000	0.000000000
ASV_8254	0.000874	0.0001204674	0.0006175380	0.0018847966
ASV_8458	0.001047	0.000000000	0.003140849	0.000000000
ASV_9022	0.000993	0.0009607475	0.0017025677	0.0003162292
ASV_8815	0.000712	0.0018964521	0.0002380544	0.0000000000
ASV_9299	0.000783	0.0013198864	0.0007395662	0.0002883806
ASV_9380	0.00074	0.000000000	0.002219979	0.000000000
ASV_8378	0.001091	0.0017700880	0.0013121800	0.0001908951
ASV_8461	0.000972	0.0000000000	0.0004687529	0.0024471388
ASV_9062	0.000754	0.0015725472	0.0006889546	0.0000000000
ASV_8957	0.00081	0.000380049	0.000000000	0.002050299
ASV_9360	0.001437	0.004311488	0.000000000	0.000000000
ASV_8695	0.000783	0.0000000000	0.0001117683	0.0022377519
ASV_8910	0.001258	0.0001164556	0.0031824615	0.0004750648
ASV_9192	0.000838	0.000000000	0.002514215	0.000000000
ASV_9198	0.001093	0.0000000000	0.0025171137	0.0007632255
ASV_1962	0.000845	0.000255420	0.001271302	0.001007739
ASV_3274	0.000925	0.0008133880	0.0014956430	0.0004655505
ASV_2564	0.000787	0.0005525685	0.0014311986	0.0003782428
ASV_2515	0.001005	0.0003300897	0.0013026940	0.0013826220
ASV_3022	0.000725	0.0000000000	0.0002405836	0.0019330313
ASV_3552	0.000818	0.001048643	0.001406259	0.000000000
ASV_3314	0.000925	0.000000000	0.002775294	0.000000000
ASV_3538	0.000902	0.000000000	0.002707377	0.000000000
ASV_4289	0.000752	0.0020246280	0.0000000000	0.0002327129
ASV_3789	0.000987	0.0004754798	0.0005327410	0.0019514445
ASV_4263	0.000915	0.0003800490	0.0007161005	0.0016488278
ASV_4195	0.000906	0.0008387249	0.0008392480	0.0010407934
ASV_4000	0.00085	0.0001164556	0.0000000000	0.0024350036
ASV_4390	0.001271	0.0003300897	0.0034835472	0.0000000000
ASV_5050	0.000736	0.0000000000	0.0004457097	0.0017636642
ASV_6228	0.000978	0.0006354690	0.0003608753	0.0019368045
ASV_4535	0.001013	0.000380049	0.001638853	0.001020362
ASV_4502	0.000743	0.000000000	0.000000000	0.002227842
ASV_5451	0.000929	0.0020665927	0.0005210776	0.0002000464
ASV_8002	0.000697	0.0003494272	0.0016021005	0.0001397976
ASV_5081	0.000837	0.0002591044	0.0012625059	0.0009891986
ASV_5877	0.000944	0.001005563	0.001827696	0.000000000
ASV_6033	0.000763	0.0002401329	0.0006942419	0.0013537586
ASV_6421	0.000787	0.000000000	0.001240410	0.001120983
ASV_4773	0.001015	0.0002545073	0.0002605388	0.0025301570
ASV_5515	0.000822	0.0010071949	0.0006903206	0.0007690149
ASV_5634	0.000951	0.001338533	0.000153175	0.001360454
ASV_5348	0.000714	0.0004660636	0.0014422368	0.0002349209
ASV_5592	0.001344	0.0012362651	0.0025957985	0.0002000464
ASV_6380	0.001149	0.0024025593	0.0008984574	0.0001455299
ASV_6711	0.000872	0.0001100299	0.0000000000	0.0025074149
ASV_7514	0.000805	0.0004959539	0.0009440227	0.0009755383
ASV_5696	0.001231	0.0031270840	0.0005668888	0.0000000000
ASV_7323	0.000776	0.0001200665	0.0008780017	0.0013301730
ASV_8315	0.001099	0.0015630666	0.0002380544	0.0014957500
ASV_5376	0.000922	0.0016991729	0.0007318051	0.0003337691
ASV_5554	0.000825	0.0012648294	0.0010643145	0.0001455299
ASV_6801	0.00089	0.000138637	0.000169167	0.002362284
ASV_6007	0.000828	0.0003397322	0.0021436532	0.0000000000
ASV_6023	0.000902	6.300674e-04	1.981299e-03	9.612686e-05
ASV_6524	0.001046	0.001277100	0.000000000	0.001859803
ASV_8599	0.000771	0.0009693485	0.0007330696	0.0006116464
ASV_7154	0.000989	0.0013883073	0.0008452056	0.0007347921
ASV_6210	0.000753	0.0005073704	0.0010682452	0.0006833814
ASV_9474	0.000816	0.0002401329	0.0000000000	0.0022092988
ASV_6414	0.001213	0.0024767091	0.0004167898	0.0007454197
ASV_6974	0.000875	0.0009784345	0.0016458011	0.0000000000
ASV_6243	0.000925	0.0001386370	0.0002405836	0.0023943285
ASV_6784	0.000987	0.0009801577	0.0006721127	0.0013082109
ASV_7662	0.000672	0.0003495477	0.0013412197	0.0003265367
ASV_8674	0.001187	0.001243984	0.002032236	0.000284084
ASV_7115	0.000749	0.0017119789	0.0005360386	0.0000000000
ASV_7172	0.001224	0.001865747	0.001807665	0.000000000
ASV_7118	0.000903	0.001180163	0.001529573	0.000000000
ASV_7307	0.00069	0.001760478	0.000309426	0.000000000
ASV_7009	0.000832	0.0003601994	0.0010193093	0.0011168918
ASV_9124	0.000709	0.0000000000	0.0008164749	0.0013110728
ASV_9599	0.001133	0.0019494510	0.0005852477	0.0008637450
ASV_7636	0.000899	0.0002200598	0.0024776179	0.0000000000
ASV_7911	0.000867	0.001447312	0.001153923	0.000000000
ASV_9131	0.000892	0.0009819858	0.0007851456	0.0009089518
ASV_9301	0.000845	0.0012727690	0.0009375059	0.0003238020
ASV_8543	0.001035	0.0012771337	0.0009179121	0.0009113103
ASV_8919	0.001133	0.002315430	0.001084504	0.000000000
ASV_6743	0.000893	0.0019777167	0.0002235366	0.0004776345
ASV_9584	0.000997	0.0007600979	0.0001168410	0.0021126436
ASV_8076	0.000915	0.000000000	0.000000000	0.002744358
ASV_9323	0.000726	0.0016431959	0.0001117683	0.0004238815
ASV_9144	0.000795	0.0002545073	0.0015473538	0.0005821196
ASV_9330	0.000892	0.0002409348	0.0005785522	0.0018561468
ASV_9516	0.000829	0.000000000	0.002485692	0.000000000
ASV_8550	0.000997	0.0007203988	0.0020030897	0.0002685660
ASV_9648	0.000809	0.0010715408	0.0005814162	0.0007735582
ASV_9829	0.000911	0.0004809929	0.0022534431	0.0000000000
ASV_7833	0.000698	0.0001100299	0.0019852960	0.0000000000
ASV_8513	0.000934	0.001672767	0.000000000	0.001130220
ASV_8782	0.000679	0.002037752	0.000000000	0.000000000
ASV_9084	0.001329	0.003831689	0.000156251	0.000000000
ASV_8625	0.000817	0.000000000	0.000000000	0.002449885
ASV_8776	0.00079	0.0002554200	0.0015805387	0.0005343758
ASV_8328	0.000892	0.0021457304	0.0001117683	0.0004193927
ASV_8479	0.000666	0.0002409348	0.0001117683	0.0016441989
ASV_8570	0.000707	0.0002200598	0.0001562510	0.0017453469
ASV_8912	9e-04	0.0000000000	0.0005584082	0.0021424752
ASV_9486	0.000938	0.000000000	0.002812518	0.000000000
ASV_8536	0.000847	0.0006854865	0.0005276909	0.0013279828
ASV_8303	0.000818	0.0004660636	0.0000000000	0.0019865132
ASV_8687	0.001136	0.000000000	0.003123662	0.000284084
ASV_9903	0.000837	0.000000000	0.000000000	0.002511863
ASV_8769	0.001436	0.0039411128	0.0002218055	0.0001455299
ASV_8928	0.000671	0.00000000	0.00201183	0.00000000
ASV_9038	0.001418	0.0038652009	0.0003888448	0.0000000000
ASV_9184	0.000736	0.000000000	0.002208846	0.000000000
ASV_9539	0.000811	0.000000000	0.000000000	0.002433159
ASV_1402	0.000651	0.0005895601	0.0006944491	0.0006688314
ASV_1693	0.000907	0.0006946269	0.0013427161	0.0006823251
ASV_2085	0.000797	0.000000000	0.002123596	0.000268566
ASV_2442	0.001613	0.003420441	0.001419034	0.000000000
ASV_2569	0.000665	0.0010421570	0.0009522177	0.0000000000
ASV_2093	0.000932	0.0002265458	0.0024525295	0.0001163565
ASV_3034	0.000725	0.0008091253	0.0012264628	0.0001397976
ASV_3262	0.000819	0.000380049	0.002077368	0.000000000
ASV_2851	0.000756	0.0002232163	0.0020459470	0.0000000000
ASV_2959	0.000645	0.0007702092	0.0000000000	0.0011635646
ASV_3481	0.001065	0.0015420771	0.0009135716	0.0007386276
ASV_3392	0.000758	0.0004525752	0.0005788871	0.0012430863
ASV_4164	0.000641	0.0000000000	0.0014435014	0.0004806343
ASV_4068	0.000879	0.0001200665	0.0025163535	0.0000000000
ASV_4611	0.00098	0.0007125577	0.0001202918	0.0021066463
ASV_4523	0.000883	0.001345723	0.000000000	0.001303847
ASV_4088	0.000799	0.0005507445	0.0000000000	0.0018464509
ASV_4677	0.000961	0.0000000000	0.0007776896	0.0021045365
ASV_6153	0.000854	0.0004432760	0.0018621650	0.0002576521
ASV_4866	0.000933	0.0007032404	0.0014195363	0.0006755672
ASV_4722	0.000794	0.0001100299	0.0003383339	0.0019327756
ASV_4813	0.000971	0.0001204674	0.0009347914	0.0018568664
ASV_5189	0.000665	0.0008598535	0.0011347300	0.0000000000
ASV_4901	0.000667	0.0008819747	0.0011176831	0.0000000000
ASV_4863	0.000725	0.0014456090	0.0003254179	0.0004031820
ASV_6925	0.000795	0.000000000	0.000000000	0.002383689
ASV_7124	0.000909	0.0003495477	0.0018206377	0.0005576778
ASV_7988	0.000789	0.000000000	0.001153437	0.001212347
ASV_5953	0.000852	0.0003749747	0.0010417937	0.0011390661
ASV_5445	0.001161	0.0032264366	0.0001117683	0.0001455299
ASV_9416	0.001097	0.001552482	0.001013849	0.000725486
ASV_6212	0.000761	0.0003501628	0.0006214141	0.0013111251
ASV_6744	0.000973	0.0019305023	0.0000000000	0.0009888973
ASV_8407	0.000945	0.0002329113	0.0019169099	0.0006857732
ASV_7001	0.000911	0.0018563340	0.0005450958	0.0003310276
ASV_6270	0.000802	0.0002200598	0.0001562510	0.0020293166
ASV_8356	0.000708	0.0004570431	0.0012178332	0.0004486275
ASV_6199	0.001014	0.0016025339	0.0002380544	0.0012010333
ASV_5638	0.000796	0.0002554200	0.0013064926	0.0008246874
ASV_6571	0.000702	0.0000000000	0.0015511475	0.0005546962
ASV_8561	0.000772	0.0013437883	0.0005976652	0.0003740085
ASV_8627	0.000908	0.0003800490	0.0009339161	0.0014089319
ASV_7163	0.000821	0.0011375457	0.0002200743	0.0011043971
ASV_7461	0.00109	0.0004777236	0.0026682488	0.0001237556
ASV_7357	0.000724	0.0003436837	0.0000000000	0.0018272847
ASV_9447	0.000762	0.0001165159	0.0009771155	0.0011919991
ASV_6792	0.000687	0.0000000000	0.0005287777	0.0015335992
ASV_7276	0.000937	0.0004900788	0.0007658751	0.0015564836
ASV_7353	0.00082	0.000000000	0.000000000	0.002460386
ASV_7993	0.000776	0.0003614022	0.0007776651	0.0011874922
ASV_8048	0.00097	0.000000000	0.002910899	0.000000000
ASV_9881	0.000765	0.000380049	0.000000000	0.001913953
ASV_7795	0.000718	0.0000000000	0.0016309261	0.0005231662
ASV_6554	0.000687	0.000000000	0.000000000	0.002060905
ASV_7185	0.000595	0.0001386370	0.0003570816	0.0012878053
ASV_7548	0.000966	0.000000000	0.000000000	0.002898447
ASV_8689	0.001211	0.000000000	0.003634025	0.000000000
ASV_7505	0.000784	0.0000000000	0.0002380544	0.0021154142
ASV_8077	0.000876	0.0000000000	0.0003888448	0.0022387337
ASV_8313	0.000782	0.0012747671	0.0005056858	0.0005651825
ASV_9050	0.000862	0.0007459377	0.0003937586	0.0014455774
ASV_7919	0.00102	0.0026891135	0.0000000000	0.0003712669
ASV_8213	0.000798	0.0000000000	0.0003912294	0.0020017009
ASV_8778	0.000697	0.0001386370	0.0015637931	0.0003871867
ASV_8917	0.000994	0.000000000	0.002982152	0.000000000
ASV_9667	0.000624	0.001870508	0.000000000	0.000000000
ASV_9659	0.00069	0.0005601860	0.0009002554	0.0006086359
ASV_8538	0.001332	0.0037971984	0.0000000000	0.0002000464
ASV_9270	0.001	0.0014267632	0.0013810600	0.0001924735
ASV_9468	0.000632	0.0002200598	0.0016765246	0.0000000000
ASV_8476	0.000755	0.000000000	0.002265254	0.000000000
ASV_8542	0.000781	0.0006931852	0.0013666162	0.0002825912
ASV_9032	0.001059	0.0027850023	0.0003912294	0.0000000000
ASV_8907	0.000856	0.000000000	0.002567301	0.000000000
ASV_9317	0.000799	0.0016087176	0.0007883407	0.0000000000
ASV_9565	0.000675	0.0012425780	0.0003596108	0.0004236080
ASV_9905	0.000958	0.000000000	0.000000000	0.002874338
ASV_8721	0.000755	0.000000000	0.000000000	0.002264334
ASV_9012	0.001052	0.0006927081	0.0024626148	0.0000000000
ASV_8305	0.000826	0.0001165159	0.0002605388	0.0020998540
ASV_8989	0.000804	0.0003495477	0.0007816164	0.0012799211
ASV_9596	0.000964	0.002890734	0.000000000	0.000000000
ASV_8567	0.000777	0.0003300897	0.0020006425	0.0000000000
ASV_8711	0.000742	0.000000000	0.000000000	0.002225641
ASV_8925	0.000662	0.000000000	0.001986297	0.000000000
ASV_8992	0.000658	0.0017477384	0.0002265319	0.0000000000
ASV_8767	0.000859	0.0015921688	0.0000000000	0.0009834662
ASV_9197	0.000795	0.000000000	0.000306350	0.002079511
ASV_9237	0.000931	0.0003325087	0.0000000000	0.0024616987
ASV_9288	0.001014	0.0022616800	0.0007812549	0.0000000000
ASV_9476	0.000737	0.000000000	0.001048452	0.001162453
ASV_9655	8e-04	0.0002329113	0.0010728584	0.0010944106
ASV_9915	0.001008	0.000000000	0.000000000	0.003023179
ASV_1446	0.000733	0.0005000393	0.0004823443	0.0012172067
ASV_1875	0.00083	0.0001200665	0.0022328238	0.0001385540
ASV_2055	0.000619	0.0004660636	0.0001100371	0.0012799211
ASV_2622	0.000725	0.0014375854	0.0007360558	0.0000000000
ASV_2479	0.000789	0.0009808551	0.0001531750	0.0012337282
ASV_3330	0.000695	0.0002200598	0.0005133326	0.0013524888
ASV_3378	0.000865	0.0005726416	0.0007880520	0.0012331708
ASV_3749	0.00093	0.0020950566	0.0006951948	0.0000000000
ASV_3221	0.001121	0.0007402484	0.0026233705	0.0000000000
ASV_4531	0.000919	0.0008538056	0.0019028883	0.0000000000
ASV_4238	0.000966	0.0000000000	0.0003888448	0.0025102499
ASV_4729	0.000826	0.0000000000	0.0004167898	0.0020625472
ASV_3747	0.000991	0.001902676	0.001071245	0.000000000
ASV_4582	0.000715	0.0003745738	0.0008339989	0.0009351470
ASV_5178	0.001094	0.0004159111	0.0028655652	0.0000000000
ASV_4122	0.000585	0.0000000000	0.0008883904	0.0008651417
ASV_4348	0.000716	0.0005001154	0.0001562510	0.0014924044
ASV_5024	0.000628	0.0010725664	0.0008126783	0.0000000000
ASV_5063	0.000682	0.0001165159	0.0016957890	0.0002349209
ASV_5227	0.000608	0.0002545073	0.0001190272	0.0014496955
ASV_4290	0.000756	0.000000000	0.000312502	0.001955437
ASV_4089	0.000832	0.000510840	0.000000000	0.001984521
ASV_4506	0.000869	0.0003325087	0.0000000000	0.0022734770
ASV_7234	0.000865	0.0015033528	0.0001202918	0.0009727780
ASV_5851	0.001022	0.001478646	0.001588301	0.000000000
ASV_5206	0.00076	0.0011913180	0.0002792041	0.0008088339
ASV_7056	0.000756	0.0010874498	0.0005695585	0.0006113790
ASV_7168	0.000909	0.0007635220	0.0009794951	0.0009852342
ASV_5960	0.000729	0.0006755704	0.0000000000	0.0015109803
ASV_8934	0.000807	0.0001204674	0.0007394655	0.0015606805
ASV_5816	0.000699	0.0000000000	0.0004773734	0.0016183260
ASV_8586	0.000768	0.000000000	0.000478638	0.001825230
ASV_5524	0.000727	0.000000000	0.000239319	0.001940947
ASV_6687	0.000658	0.0002401329	0.0006729627	0.0010600542
ASV_7266	0.001063	0.0006820564	0.0018910028	0.0006163604
ASV_6230	0.001455	0.0025695989	0.0012987672	0.0004969906
ASV_7729	0.000957	0.0014988437	0.0002752782	0.0010955805
ASV_7992	0.000723	0.0000000000	0.0002405836	0.0019272758
ASV_5374	0.000678	0.0010919388	0.0009417858	0.0000000000
ASV_5559	0.000672	0.000586531	0.001291833	0.000138554
ASV_6382	0.000693	0.0002369833	0.0006778688	0.0011642392
ASV_5514	0.001063	0.001262859	0.001925981	0.000000000
ASV_6158	0.000807	0.0003325087	0.0020893736	0.0000000000
ASV_6394	0.000925	0.002461646	0.000312502	0.000000000
ASV_9872	0.001036	0.0028395953	0.0002680193	0.0000000000
ASV_6098	0.000792	0.0009437872	0.0012399667	0.0001922537
ASV_7426	0.000747	0.0003495477	0.0003383339	0.0015517503
ASV_8752	0.001219	0.0021098060	0.0004315292	0.0011162124
ASV_9451	0.000698	0.0008243505	0.0005240624	0.0007449819
ASV_9142	0.00089	0.0006909789	0.0000000000	0.0019789820
ASV_6657	0.000759	0.0002232163	0.0016157282	0.0004365897
ASV_6841	0.000779	0.0004727431	0.0000000000	0.0018634016
ASV_7156	0.000699	0.0003614022	0.0004811671	0.0012549276
ASV_9076	0.000643	0.0004401195	0.0014890475	0.0000000000
ASV_6076	0.000745	0.0001165159	0.0004786380	0.0016392112
ASV_7816	0.000849	0.0007294761	0.0005370816	0.0012802834
ASV_7931	0.000967	0.0005879287	0.0008142221	0.0014986699
ASV_9161	0.000874	0.0014511912	0.0008619977	0.0003088300
ASV_7332	0.000737	0.000000000	0.000156251	0.002055450
ASV_5930	0.000839	0.0019529416	0.0001691670	0.0003934646
ASV_6511	0.000795	0.0001200665	0.0007192215	0.0015468434
ASV_7693	0.000795	0.0005099273	0.0008918216	0.0009835862
ASV_7782	0.000794	0.0002545073	0.0013817854	0.0007451113
ASV_6151	0.000687	0.000000000	0.000000000	0.002060073
ASV_6816	0.000861	0.0000000000	0.0022549117	0.0003288398
ASV_7151	0.000631	0.0013207891	0.0005716282	0.0000000000
ASV_6509	0.000627	0.0007203988	0.0001691670	0.0009924233
ASV_6939	0.000888	0.000000000	0.001138565	0.001526735
ASV_7279	0.001174	0.0007414512	0.0027807794	0.0000000000
ASV_9806	0.000817	0.0000000	0.0024508	0.0000000
ASV_7665	0.000814	0.0000000000	0.0005763883	0.0018660858
ASV_9387	0.00074	0.0000000000	0.0002605388	0.0019591633
ASV_7706	0.000792	0.000380049	0.000000000	0.001997289
ASV_7742	0.000842	0.0001386370	0.0001190272	0.0022679903
ASV_9353	0.000745	0.0020893389	0.0000000000	0.0001455299
ASV_8093	0.000762	0.002284918	0.000000000	0.000000000
ASV_9180	0.001027	0.0009195247	0.0005011224	0.0016600716
ASV_7065	0.000658	0.0001200665	0.0000000000	0.0018545665
ASV_7085	0.000599	0.000000000	0.001796816	0.000000000
ASV_7957	0.000709	0.0001100299	0.0014135008	0.0006023351
ASV_6786	0.000877	0.0000000000	0.0018602448	0.0007698941
ASV_9021	0.000986	0.0021248997	0.0004028489	0.0004298539
ASV_9583	0.000736	0.0007600979	0.0005824736	0.0008651417
ASV_6884	0.000785	0.0005182089	0.0006766678	0.0011605911
ASV_8120	0.000696	0.0003754865	0.0008249955	0.0008882846
ASV_8808	0.000785	0.0002200598	0.0000000000	0.0021357808
ASV_9624	0.000665	0.0016628765	0.0000000000	0.0003321907
ASV_7653	0.000774	0.000000000	0.000000000	0.002321503
ASV_7969	0.000649	0.0000000000	0.0015552697	0.0003923216
ASV_8581	0.001122	0.002130309	0.001237161	0.000000000
ASV_8796	0.00083	0.0004963548	0.0019933736	0.0000000000
ASV_9597	0.000754	0.0004490246	0.0001190272	0.0016930420
ASV_9239	0.000789	0.0003719359	0.0000000000	0.0019936355
ASV_8116	0.000591	0.0003325087	0.0000000000	0.0014419029
ASV_8933	0.00139	0.000000000	0.004168621	0.000000000
ASV_9033	0.000777	0.000255420	0.000833519	0.001241348
ASV_9055	0.000784	0.002351561	0.000000000	0.000000000
ASV_8147	0.000771	0.0008373709	0.0000000000	0.0014763722
ASV_9679	0.000925	0.001615135	0.001161264	0.000000000
ASV_8870	0.000682	0.000000000	0.000156251	0.001891214
ASV_9067	0.000721	0.0007142457	0.0011659860	0.0002825912
ASV_9924	0.000738	0.0000000000	0.0003100593	0.0019049333
ASV_9867	0.000742	0.0000000000	0.0001538083	0.0020722232
ASV_8740	0.000826	0.0001165159	0.0001562510	0.0022067311
ASV_9072	0.00077	0.0001100299	0.0001562510	0.0020445891
ASV_9242	0.000723	0.000000000	0.000000000	0.002169582
ASV_9247	0.000741	0.000000000	0.000000000	0.002223841
ASV_9668	0.000587	0.001760478	0.000000000	0.000000000
ASV_9869	0.000816	0.0000000000	0.0023071244	0.0001412956
ASV_9912	0.000666	0.00000000	0.00000000	0.00199785
ASV_648	0.001195	0.0027854662	0.0004687529	0.0003306926
ASV_831	0.000849	0.0012012088	0.0004167898	0.0009281880
ASV_2122	0.000699	0.0006001087	0.0013572529	0.0001397976
ASV_2423	0.000622	0.0008101353	0.0010570556	0.0000000000
ASV_2996	0.000905	0.0003800490	0.0021433925	0.0001922537
ASV_3052	0.000802	0.0003719359	0.0004315292	0.0016021786
ASV_3666	0.000925	0.0006968721	0.0012731723	0.0008057574
ASV_2690	0.000582	0.000000000	0.000000000	0.001745347
ASV_3273	0.000913	0.0017850631	0.0003608753	0.0005935110
ASV_3757	0.001505	0.0012700252	0.0023330689	0.0009125292
ASV_6821	0.001332	0.0026009728	0.0003888448	0.0010049545
ASV_3689	0.000747	0.0000000000	0.0008655875	0.0013740164
ASV_5338	0.001077	0.0009572726	0.0014071180	0.0008664436
ASV_3480	0.000937	0.0007600979	0.0011313665	0.0009180755
ASV_4170	0.000894	0.0006494771	0.0002605388	0.0017713065
ASV_4161	0.000714	0.0001204674	0.0000000000	0.0020203269
ASV_4033	0.000664	0.0009633384	0.0000000000	0.0010296805
ASV_5392	0.000693	0.0002551529	0.0014387724	0.0003863053
ASV_4243	0.000723	0.0000000000	0.0002734668	0.0018958480
ASV_4667	0.000646	0.0005983855	0.0004811671	0.0008584891
ASV_5167	0.000659	0.0000000000	0.0011176831	0.0008600118
ASV_8225	0.000637	0.0000000000	0.0013092994	0.0006027661
ASV_4064	0.000725	0.000000000	0.000000000	0.002175141
ASV_7334	0.000626	0.0000000000	0.0003480916	0.0015311131
ASV_4397	0.000595	0.000000000	0.001785408	0.000000000
ASV_5251	0.000718	0.0002369833	0.0006503341	0.0012672696
ASV_6876	0.000892	0.0018372861	0.0004167898	0.0004211453
ASV_5004	0.000752	0.001221092	0.001034950	0.000000000
ASV_4652	0.000678	0.0008132978	0.0009322489	0.0002886004
ASV_5139	0.000739	0.0004791642	0.0008855427	0.0008537829
ASV_8395	0.000746	0.0003745738	0.0002235366	0.0016385212
ASV_5059	0.000607	0.0015305127	0.0000000000	0.0002910598
ASV_8414	0.000673	0.0000000000	0.0008211048	0.0011968939
ASV_8950	0.000882	0.0004754798	0.0002605388	0.0019086673
ASV_7973	0.000896	0.0008093334	0.0018781607	0.0000000000
ASV_8856	0.000776	0.0015770202	0.0004181183	0.0003335493
ASV_5522	0.000642	0.0001165159	0.0018106678	0.0000000000
ASV_6492	0.000775	0.0006354690	0.0010788323	0.0006120036
ASV_6039	0.000595	0.0015660764	0.0002200743	0.0000000000
ASV_8946	0.000834	0.0006650174	0.0002380544	0.0015991191
ASV_5706	0.000745	0.0006650174	0.0010826260	0.0004876234
ASV_9135	0.00069	0.0004818697	0.0000000000	0.0015875225
ASV_6857	0.000698	0.0005825795	0.0010139621	0.0004962197
ASV_6403	0.000648	0.0004924033	0.0001117683	0.0013383693
ASV_5516	0.000702	0.0002409348	0.0003493561	0.0015158230
ASV_5484	0.000695	0.000000000	0.000000000	0.002084005
ASV_6387	0.000905	0.0002265458	0.0024894548	0.0000000000
ASV_8082	0.00092	0.0013077414	0.0007471910	0.0007047202
ASV_5735	0.000683	0.0001164556	0.0000000000	0.0019320930
ASV_5635	0.000758	0.0006625984	0.0005489545	0.0010628367
ASV_7659	0.000737	0.0002554200	0.0007886108	0.0011680563
ASV_9236	0.00103	0.0011401469	0.0002605388	0.0016894767
ASV_6748	0.000833	0.001002842	0.000000000	0.001497350
ASV_9298	0.000789	0.0004736558	0.0003125020	0.0015794026
ASV_8329	0.001344	0.002298780	0.001733423	0.000000000
ASV_6237	0.00069	0.000000000	0.000000000	0.002069486
ASV_7137	0.001114	0.0006650174	0.0015802483	0.0010972091
ASV_6986	0.000933	0.0007600979	0.0012497086	0.0007898571
ASV_7272	0.000768	0.0003800490	0.0003438284	0.0015793276
ASV_6745	0.000677	0.0012641539	0.0000000000	0.0007660151
ASV_6316	0.000685	0.0005822782	0.0014728400	0.0000000000
ASV_7688	0.000678	0.0000000	0.0020328	0.0000000
ASV_6016	0.000906	0.0004525752	0.0022653856	0.0000000000
ASV_7920	0.000753	0.0010368949	0.0003892413	0.0008327643
ASV_7961	0.00098	0.0021823184	0.0007571558	0.0000000000
ASV_8331	0.000756	0.0002554200	0.0007271787	0.0012858250
ASV_6462	0.000595	0.000000000	0.001785408	0.000000000
ASV_6764	0.001054	0.0005822782	0.0025806856	0.0000000000
ASV_6982	0.001494	0.0041571383	0.0003254179	0.0000000000
ASV_8168	0.000704	0.000000e+00	2.015114e-03	9.612686e-05
ASV_8845	0.000651	0.0014456090	0.0003063500	0.0002000464
ASV_9660	0.000572	0.0013797488	0.0003353049	0.0000000000
ASV_7497	0.000659	0.0000000000	0.0005171263	0.0014588735
ASV_8391	0.000567	0.0009356570	0.0005733594	0.0001922537
ASV_7707	0.000775	0.0004464326	0.0002405836	0.0016393040
ASV_8266	0.000787	0.0007272504	0.0000000000	0.0016323230
ASV_8449	0.000664	0.0002330318	0.0000000000	0.0017577668
ASV_9176	0.000704	0.0001100299	0.0002734668	0.0017282907
ASV_9805	0.000916	0.000000000	0.002278661	0.000470708
ASV_7366	0.000687	0.0000000000	0.0001190272	0.0019410243
ASV_8590	0.000948	0.0006345563	0.0020648750	0.0001455299
ASV_8948	0.000714	0.000000000	0.000000000	0.002142923
ASV_9060	0.000618	0.0010763037	0.0002405836	0.0005371319
ASV_9290	0.001128	0.0003325087	0.0015632328	0.0014886102
ASV_9545	0.000789	0.000255420	0.000000000	0.002111373
ASV_9496	0.000877	0.0002182358	0.0021447364	0.0002685660
ASV_7749	0.000592	1.680931e-03	0.000000e+00	9.612686e-05
ASV_7784	0.000743	0.0005932105	0.0002235366	0.0014134439
ASV_8017	0.000816	0.000000000	0.001107654	0.001341829
ASV_8326	0.000959	0.0009975261	0.0008563825	0.0010216230
ASV_7559	0.000605	0.0011849165	0.0005133326	0.0001163565
ASV_8171	0.000692	0.000000e+00	1.979952e-03	9.612686e-05
ASV_8041	0.000834	0.0000000000	0.0019212175	0.0005821196
ASV_7541	0.000582	0.000000000	0.000000000	0.001745347
ASV_9680	0.000982	0.001390208	0.001556839	0.000000000
ASV_8765	0.000892	0.001220742	0.000000000	0.001454627
ASV_8548	0.00063	0.0005077714	0.0011907318	0.0001924735
ASV_8877	0.000602	0.000000000	0.001666381	0.000138794
ASV_9329	0.000796	0.0018155802	0.0005719266	0.0000000000
ASV_9491	0.000688	0.0000000000	0.0013444851	0.0007209976
ASV_9832	0.001026	0.000000000	0.003079229	0.000000000
ASV_8886	0.000695	0.000000000	0.000000000	0.002084878
ASV_9243	0.000779	0.000138637	0.000000000	0.002197996
ASV_9066	0.000767	0.0001164556	0.0021844377	0.0000000000
ASV_9472	0.000725	0.0000000000	0.0018875671	0.0002886004
ASV_9866	0.000731	0.0000000000	0.0019995078	0.0001922537
ASV_8931	0.000831	0.0000000000	0.0002605388	0.0022330154
ASV_8960	0.000582	0.000000000	0.000000000	0.001745347
ASV_8967	0.000686	0.000000000	0.000000000	0.002059108
ASV_9004	0.001097	0.001140147	0.000000000	0.002151413
ASV_9215	0.000769	0.000000000	0.002307124	0.000000000
ASV_9285	0.000865	0.001836188	0.000759132	0.000000000
ASV_9359	0.001137	0.003412234	0.000000000	0.000000000
ASV_9484	0.000683	0.0000000000	0.0005730407	0.0014745219
ASV_9556	0.000582	0.0016305598	0.0000000000	0.0001163565
ASV_9847	0.000844	0.000000000	0.002533295	0.000000000
ASV_9917	0.000501	0.0002330318	0.0000000000	0.0012698787
ASV_1024	0.001057	0.0028618389	0.0001190272	0.0001908951
ASV_1411	0.000529	0.0011067246	0.0004799026	0.0000000000
ASV_1867	0.000752	0.0005005164	0.0001100371	0.0016440058
ASV_1897	0.001116	0.0002182358	0.0026053879	0.0005252245
ASV_7110	0.001182	0.0023758688	0.0008894579	0.0002798129
ASV_2258	0.000645	0.0002409348	0.0000000000	0.0016925683
ASV_2989	0.000651	0.000000000	0.001954429	0.000000000
ASV_3728	0.000727	0.000510840	0.000000000	0.001668852
ASV_2846	0.000669	0.0000000000	0.0012431920	0.0007647763
ASV_3127	0.000794	0.0004767153	0.0019052135	0.0000000000
ASV_3144	0.00121	0.003630802	0.000000000	0.000000000
ASV_3398	0.000785	0.0002401329	0.0000000000	0.0021158391
ASV_3421	0.000734	0.0000000000	0.0003808306	0.0018209425
ASV_3653	0.000558	0.000000000	0.001673733	0.000000000
ASV_3587	0.000665	0.000000000	0.001994011	0.000000000
ASV_3539	0.000703	0.000138637	0.000000000	0.001969513
ASV_3923	0.00059	0.0000000000	0.0015685738	0.0002000464
ASV_3971	0.00063	0.000000000	0.000000000	0.001888811
ASV_3936	0.000758	0.0018459526	0.0000000000	0.0004269346
ASV_4844	0.000976	0.0018020798	0.0002605388	0.0008660062
ASV_4318	0.000714	0.0007854848	0.0007972302	0.0005597265
ASV_5166	0.000968	0.0005834157	0.0013227854	0.0009982187
ASV_4391	0.000645	0.0002200598	0.0003968345	0.0013194019
ASV_5155	0.000978	0.0002232163	0.0016744065	0.0010375686
ASV_4932	0.000648	0.0001204674	0.0005686628	0.0012558823
ASV_4392	0.000596	0.0001100299	0.0013917744	0.0002868255
ASV_4446	0.000794	0.0000000000	0.0007816164	0.0016008289
ASV_4919	0.000635	0.0003509647	0.0000000000	0.0015549605
ASV_5710	0.001064	0.0028096201	0.0001190272	0.0002618864
ASV_5470	0.000921	0.0003325087	0.0015527926	0.0008768467
ASV_4681	0.000632	0.000000000	0.000000000	0.001896801
ASV_5291	0.000544	0.001631223	0.000000000	0.000000000
ASV_4597	0.000553	0.000000000	0.000000000	0.001658164
ASV_4775	0.000589	0.00000000	0.00176666	0.00000000
ASV_4653	0.000975	0.0019838529	0.0000000000	0.0009424066
ASV_4790	0.000762	0.000000000	0.000000000	0.002285206
ASV_4824	0.000759	0.000000000	0.000000000	0.002277728
ASV_9499	0.000606	0.0001204674	0.0016987780	0.0000000000
ASV_5644	0.00082	0.0003432827	0.0019181594	0.0002000464
ASV_5065	0.000768	0.0014631448	0.0000000000	0.0008398793
ASV_5408	0.00055	0.0000000000	0.0014582914	0.0001922537
ASV_5902	0.000732	0.0000000000	0.0002680193	0.0019277973
ASV_5311	0.000556	0.0001204674	0.0015473538	0.0000000000
ASV_5645	0.000708	0.0002409348	0.0018833522	0.0000000000
ASV_9127	0.00067	0.0003800490	0.0005809496	0.0010475455
ASV_6300	0.000976	0.0010987687	0.0007292917	0.0011005867
ASV_5193	0.001614	0.004702935	0.000000000	0.000138554
ASV_6713	0.000601	0.0000000000	0.0001117683	0.0016921347
ASV_8726	0.000624	0.000000000	0.000000000	0.001871616
ASV_5932	0.000591	0.0014003369	0.0000000000	0.0003725105
ASV_7959	0.000626	0.0002182358	0.0015202053	0.0001385540
ASV_6919	0.000682	0.0004973338	0.0000000000	0.0015480487
ASV_6630	0.000735	0.0014829024	0.0007217507	0.0000000000
ASV_6854	0.000735	0.0002330318	0.0009179121	0.0010541149
ASV_7540	0.000616	0.001847215	0.000000000	0.000000000
ASV_8662	0.000616	0.0000000000	0.0015902639	0.0002576521
ASV_6045	0.000644	0.0005605870	0.0006550658	0.0007162146
ASV_6886	0.000679	0.0006201819	0.0001562510	0.0012619895
ASV_6930	0.000656	0.0000000000	0.0003608753	0.0016083129
ASV_7015	0.000562	0.0012046741	0.0004811671	0.0000000000
ASV_8833	0.000737	0.0001204674	0.0003125020	0.0017783467
ASV_6022	0.000542	0.0012406124	0.0000000000	0.0003845074
ASV_6418	0.000617	0.0001386370	0.0001100371	0.0016032436
ASV_6494	0.000932	0.0012228391	0.0010182732	0.0005546962
ASV_8817	0.000911	0.0020565871	0.0004289967	0.0002475113
ASV_6253	0.000565	0.0000000000	0.0007141633	0.0009807300
ASV_6251	0.000628	0.0002591044	0.0001562510	0.0014693471
ASV_6407	0.000592	0.0009902690	0.0001562510	0.0006308799
ASV_7011	0.000626	0.0001204674	0.0000000000	0.0017588822
ASV_9444	0.000635	0.0005800450	0.0008555924	0.0004686124
ASV_8497	0.000656	0.00000000	0.00000000	0.00196915
ASV_9168	0.000788	0.0015986017	0.0004084859	0.0003564686
ASV_6218	0.000524	7.806467e-04	6.949157e-04	9.612686e-05
ASV_8388	0.000716	0.000000000	0.000312502	0.001836399
ASV_7946	0.000692	1.378572e-03	6.021456e-04	9.612686e-05
ASV_8444	0.000762	0.0006909789	0.0000000000	0.0015961472
ASV_8930	0.000522	0.000000000	0.001564756	0.000000000
ASV_7420	0.000565	0.0001165159	0.0013868357	0.0001908951
ASV_7818	0.000728	0.000000000	0.002183924	0.000000000
ASV_8369	0.000693	0.0009844944	0.0002894587	0.0008051774
ASV_9770	0.000649	0.0000000000	0.0013990969	0.0005483789
ASV_7229	0.000467	0.0000000000	0.0003438284	0.0010573954
ASV_9113	0.000582	0.0004973338	0.0006671475	0.0005821196
ASV_9617	0.000625	0.0002486669	0.0016261517	0.0000000000
ASV_9835	0.00062	0.0001164556	0.0006336244	0.0011113997
ASV_6908	0.00075	0.0000000000	0.0009645589	0.0012855963
ASV_7291	0.00062	0.0014704985	0.0003909724	0.0000000000
ASV_9603	0.000861	0.0009513794	0.0004687529	0.0011642607
ASV_7731	0.000845	0.0005005164	0.0000000000	0.0020333093
ASV_8422	0.000772	0.0011256111	0.0003063500	0.0008844523
ASV_8430	0.000698	0.0000000000	0.0012108446	0.0008835285
ASV_7582	0.000961	0.001787940	0.001093757	0.000000000
ASV_8233	0.000577	0.0000000000	0.0012003887	0.0005311156
ASV_8690	0.000602	0.000000000	0.001806191	0.000000000
ASV_9352	0.000738	0.0011183819	0.0002662881	0.0008297580
ASV_9363	0.000661	0.0007244019	0.0007577188	0.0004995052
ASV_8079	0.000654	0.000000000	0.000000000	0.001963324
ASV_9665	0.000779	0.0001100299	0.0022279674	0.0000000000
ASV_7832	0.000805	0.0000000000	0.0005420198	0.0018738778
ASV_8788	0.000595	0.0009460885	0.0000000000	0.0008387854
ASV_8047	0.000818	0.0000000000	0.0018499147	0.0006052234
ASV_9260	0.000638	0.0006039948	0.0013089913	0.0000000000
ASV_9513	0.000527	0.000000000	0.001581803	0.000000000
ASV_8569	0.000613	0.0007101386	0.0009903343	0.0001387940
ASV_8660	0.000681	0.0003325087	0.0017098767	0.0000000000
ASV_9052	0.000605	0.0002591044	0.0000000000	0.0015546794
ASV_9868	0.000647	0.0000000000	0.0011185256	0.0008237984
ASV_8958	0.00058	0.000000000	0.000000000	0.001740218
ASV_9261	0.000622	0.0001165159	0.0004773734	0.0012711539
ASV_9654	0.000779	0.0007065671	0.0000000000	0.0016311432
ASV_9844	0.00063	0.000000000	0.000169167	0.001720249
ASV_9930	0.000463	0.000000000	0.000000000	0.001388203
ASV_8906	0.00105	0.000000000	0.003150122	0.000000000
ASV_9324	0.000555	0.0014456090	0.0002200743	0.0000000000
ASV_9542	0.000617	0.000000000	0.000000000	0.001852149
ASV_9623	0.000579	0.0013398182	0.0001202918	0.0002775881
ASV_9671	0.000584	0.0002200598	0.0000000000	0.0015309030
ASV_9681	0.001068	0.00320396	0.00000000	0.00000000
ASV_1205	0.000892	0.0007510722	0.0001691670	0.0017546610
ASV_1610	0.000677	0.0009388119	0.0005360386	0.0005571832
ASV_2070	0.001173	0.0026603427	0.0001562510	0.0007032031
ASV_2001	0.000651	0.0004710312	0.0006951948	0.0007878891
ASV_3498	0.000673	0.000000000	0.001041794	0.000976096
ASV_2438	0.000678	0.0003573905	0.0009596207	0.0007176980
ASV_3339	0.000697	0.0000000000	0.0013909319	0.0006989879
ASV_2704	0.000882	0.0018081455	0.0008379841	0.0000000000
ASV_3013	0.001486	0.0043191755	0.0000000000	0.0001397976
ASV_3536	0.000833	0.0013162609	0.0006493836	0.0005320186
ASV_4279	0.000897	0.0024110287	0.0000000000	0.0002795951
ASV_3709	0.001008	0.0017532276	0.0005210776	0.0007490818
ASV_3822	0.000726	0.0003325087	0.0001531750	0.0016933265
ASV_6464	0.000796	0.0009330364	0.0003125020	0.0011410268
ASV_6106	0.000866	0.0013793408	0.0008389470	0.0003782428
ASV_3957	0.000721	0.0009429974	0.0001117683	0.0011068661
ASV_3884	0.000701	0.0000000000	0.0002380544	0.0018653572
ASV_4426	0.000643	0.001053308	0.000312502	0.000561912
ASV_4622	0.000999	0.0028523128	0.0000000000	0.0001455299
ASV_4515	0.000844	0.0007256531	0.0011092512	0.0006981930
ASV_5028	0.000584	0.0001164556	0.0004260105	0.0012095995
ASV_4488	0.000746	0.0013144938	0.0003883111	0.0005343758
ASV_7340	0.000608	0.0003436837	0.0013631867	0.0001163565
ASV_9044	0.000552	0.0008368545	0.0001202918	0.0006981971
ASV_5717	0.000608	0.0003501628	0.0000000000	0.0014731576
ASV_6123	0.000641	0.0011313250	0.0004167898	0.0003737149
ASV_5270	0.000691	0.0001100299	0.0005210776	0.0014414578
ASV_4867	0.000599	0.000000000	0.000000000	0.001796776
ASV_4897	0.000672	0.0011503186	0.0008655875	0.0000000000
ASV_5965	0.000608	0.0007330267	0.0008344551	0.0002576521
ASV_8178	0.000608	0.0003754865	0.0000000000	0.0014489596
ASV_5034	0.000679	0.0000000000	0.0007052055	0.0013306563
ASV_5468	0.000517	0.0001165159	0.0008054194	0.0006301626
ASV_9633	0.000736	0.0003383023	0.0005730407	0.0012979602
ASV_5506	0.000623	0.0012312388	0.0003596108	0.0002775881
ASV_5373	0.000698	0.0004963548	0.0013672582	0.0002304098
ASV_6214	0.000633	0.0011249242	0.0004470732	0.0003265367
ASV_5776	0.000595	0.0001165159	0.0016688461	0.0000000000
ASV_6200	0.000866	0.0005982847	0.0005210776	0.0014793583
ASV_6666	0.000599	0.0000000000	0.0005976652	0.0012001688
ASV_6950	0.000795	0.000510840	0.000000000	0.001873337
ASV_9157	0.000675	0.0005822782	0.0010182732	0.0004249666
ASV_5733	0.000985	0.002954433	0.000000000	0.000000000
ASV_5957	0.000599	0.0004777236	0.0003506207	0.0009677241
ASV_9719	0.000622	0.0007065671	0.0007385974	0.0004208908
ASV_6327	0.000498	0.000000000	0.001494395	0.000000000
ASV_8437	0.000534	0.0000000000	0.0011756573	0.0004249666
ASV_6999	0.000892	0.0005108400	0.0013996176	0.0007647763
ASV_5701	0.00091	0.0007600979	0.0012632853	0.0007066324
ASV_6431	0.000499	0.000000000	0.001495605	0.000000000
ASV_5636	0.000912	0.0017790595	0.0007658751	0.0001922537
ASV_6198	0.000647	0.0013150102	0.0006250039	0.0000000000
ASV_6536	0.000724	0.000000000	0.002173482	0.000000000
ASV_7121	0.000508	0.001522909	0.000000000	0.000000000
ASV_6425	0.000645	0.0000000000	0.0012268536	0.0007073444
ASV_6881	0.000527	0.00158107	0.00000000	0.00000000
ASV_7817	0.000597	0.0002264855	0.0000000000	0.0015643805
ASV_6883	0.00059	0.0009301082	0.0003797876	0.0004594610
ASV_6549	0.000547	0.000000000	0.001640834	0.000000000
ASV_6750	0.000708	0.0003758874	0.0002680193	0.0014800801
ASV_7166	0.000938	0.002526464	0.000153175	0.000134283
ASV_8377	0.000603	0.0005031742	0.0011652742	0.0001412956
ASV_9401	0.00065	0.0002329113	0.0013863444	0.0003321907
ASV_7203	0.000568	0.0002200598	0.0006623247	0.0008227362
ASV_8595	0.000662	0.0000000000	0.0017439506	0.0002416568
ASV_6051	0.000584	0.0000000000	0.0011960381	0.0005551762
ASV_8094	0.000597	0.0003494874	0.0007265177	0.0007156151
ASV_7556	0.000546	0.000000000	0.001638507	0.000000000
ASV_6665	0.000592	0.0000000000	0.0013406357	0.0004365897
ASV_6985	0.000595	0.001783908	0.000000000	0.000000000
ASV_6838	0.000602	0.000000000	0.000000000	0.001804751
ASV_7614	0.000477	0.0013203586	0.0001117683	0.0000000000
ASV_8068	0.000592	0.0001204674	0.0000000000	0.0016565935
ASV_9887	0.000799	0.0008766138	0.0004167898	0.0011034325
ASV_9936	0.000756	0.0006650174	0.0000000000	0.0016016620
ASV_6751	0.00073	0.0006968721	0.0007501420	0.0007425339
ASV_7596	0.000607	0.0008599794	0.0005900677	0.0003715070
ASV_7194	0.001129	0.000000000	0.003387004	0.000000000
ASV_8156	0.000649	0.0008266545	0.0005145972	0.0006066062
ASV_8864	0.000859	0.0006650174	0.0006294284	0.0012838987
ASV_9101	0.001007	2.454791e-03	4.687529e-04	9.612686e-05
ASV_9913	0.000602	0.0004547579	0.0006490805	0.0007035895
ASV_7869	0.000777	0.0000000000	0.0003888448	0.0019425264
ASV_9094	0.000709	0.0002554200	0.0002605388	0.0016108625
ASV_7748	0.000674	0.002021189	0.000000000	0.000000000
ASV_8208	0.00068	0.0000000000	0.0007391317	0.0013013646
ASV_8242	0.000572	0.0003493669	0.0008855427	0.0004806343
ASV_8324	0.000784	0.0007750473	0.0012506199	0.0003251781
ASV_8333	0.000698	0.0010063930	0.0008968245	0.0001922537
ASV_8656	0.00053	0.0007107692	0.0001202918	0.0007593175
ASV_7733	0.000622	0.0010288295	0.0002235366	0.0006141206
ASV_7927	0.00075	0.0011179935	0.0008558965	0.0002775881
ASV_9769	0.000649	0.000138637	0.000000000	0.001807108
ASV_8547	0.000651	0.0007209153	0.0012308471	0.0000000000
ASV_8851	0.000626	0.0000000000	0.0002727457	0.0016044502
ASV_9454	0.000566	0.0000000000	0.0014195680	0.0002775881
ASV_7740	0.000767	0.000255420	0.002045916	0.000000000
ASV_8364	0.00055	0.0006890389	0.0008220537	0.0001397976
ASV_8996	0.000589	0.0014089930	0.0003570816	0.0000000000
ASV_9361	0.000778	0.0005090146	0.0013382068	0.0004853739
ASV_8678	0.000644	0.000000000	0.001793484	0.000138794
ASV_8867	0.000594	0.000000000	0.000000000	0.001781645
ASV_8720	0.000629	0.00025542	0.00000000	0.00163243
ASV_8336	0.001107	0.00332046	0.00000000	0.00000000
ASV_9037	0.000643	0.0002772741	0.0005011224	0.0011510953
ASV_9075	0.000759	0.0002200598	0.0018172581	0.0002401121
ASV_9701	0.000742	0.000000000	0.000000000	0.002224653
ASV_9194	0.000725	0.000380049	0.001793484	0.000000000
ASV_9446	0.00056	0.0000000000	0.0004811671	0.0011996643
ASV_9644	0.000525	0.0004505571	0.0002329894	0.0008900532
ASV_8573	0.000556	0.0001100299	0.0015569650	0.0000000000
ASV_9346	0.000544	0.0002200598	0.0002405836	0.0011723348
ASV_9538	0.000604	0.0000000000	0.0001190272	0.0016916619
ASV_9576	0.000608	0.0011415737	0.0002662881	0.0004163821
ASV_9318	0.000648	0.0011653928	0.0007771369	0.0000000000
ASV_9586	0.000968	0.0025927419	0.0001117683	0.0002000464
ASV_9854	0.000533	0.0000000000	0.0007141633	0.0008850240
ASV_9249	0.000417	0.000000000	0.000000000	0.001249649
ASV_9274	0.000683	0.002047787	0.000000000	0.000000000
ASV_9858	0.000516	0.000000000	0.001547354	0.000000000
ASV_9916	0.00058	0.000000000	0.000000000	0.001739046
ASV_9921	0.000715	0.00000000	0.00000000	0.00214391
ASV_1089	0.000708	0.0007356859	0.0012503693	0.0001385540
ASV_1179	0.000582	0.0007662600	0.0005951361	0.0003845074
ASV_1148	0.000611	0.000000000	0.000000000	0.001833716
ASV_1848	0.000655	0.0003325087	0.0003125020	0.0013189969
ASV_2054	0.000531	0.0003495477	0.0002200743	0.0010239450
ASV_6072	0.000644	0.0005845970	0.0008389470	0.0005087615
ASV_2511	0.00065	0.0007812418	0.0001202918	0.0010472620
ASV_2589	0.000826	0.0013583826	0.0007486324	0.0003712670
ASV_4387	0.00072	0.0009500833	0.0006951948	0.0005132725
ASV_3086	0.000628	0.0002545073	0.0016293405	0.0000000000
ASV_3082	0.000761	0.0010216801	0.0009289112	0.0003310276
ASV_4399	0.000835	0.0016544937	0.0003383339	0.0005117890
ASV_4675	0.00065	0.0007644347	0.0000000000	0.0011860833
ASV_4026	0.000957	0.0020235449	0.0008464955	0.0000000000
ASV_4234	0.000636	0.0002182358	0.0002605388	0.0014293883
ASV_4275	0.000466	0.001397528	0.000000000	0.000000000
ASV_4302	0.000722	0.001854944	0.000312502	0.000000000
ASV_3456	0.000613	0.0016263511	0.0000000000	0.0002124833
ASV_4626	0.000618	0.0000000000	0.0005824736	0.0012706759
ASV_4388	0.000482	0.001445609	0.000000000	0.000000000
ASV_3726	0.000523	0.0001100299	0.0011758282	0.0002825912
ASV_3840	0.000514	0.0005005164	0.0000000000	0.0010421870
ASV_4152	0.000562	0.0003325087	0.0001100371	0.0012427532
ASV_4191	0.000774	0.0010450664	0.0004327937	0.0008445401
ASV_5239	0.001042	0.000000000	0.003126466	0.000000000
ASV_4336	0.000618	0.0017136605	0.0000000000	0.0001397976
ASV_4149	0.00084	0.0018225337	0.0002290644	0.0004686124
ASV_4358	0.000426	0.000000000	0.000000000	0.001277671
ASV_4516	0.001019	0.0002554200	0.0024068251	0.0003934646
ASV_8472	0.000597	0.0000000000	0.0001202918	0.0016714711
ASV_5663	0.000558	0.0002554200	0.0007204861	0.0006970370
ASV_4635	0.000573	0.0000000000	0.0012500078	0.0004698418
ASV_4943	0.000617	0.0004660636	0.0009898305	0.0003949481
ASV_5048	0.000662	0.000000000	0.000000000	0.001985157
ASV_5092	0.000655	0.0004965648	0.0007378298	0.0007307928
ASV_6161	0.000767	0.0002232163	0.0020779029	0.0000000000
ASV_5214	0.000615	0.000000000	0.000000000	0.001846478
ASV_5962	0.000717	0.000380049	0.000000000	0.001769764
ASV_7508	0.000559	0.0001165159	0.0001190272	0.0014422661
ASV_5907	0.000624	0.0001100299	0.0000000000	0.0017630994
ASV_5191	0.000553	0.000380049	0.001278529	0.000000000
ASV_6377	0.000513	0.0005631214	0.0004953525	0.0004801361
ASV_5328	0.00063	0.000000000	0.000306350	0.001585145
ASV_7805	0.000811	0.0003800490	0.0005580118	0.0014961183
ASV_8390	0.000603	0.0005108400	0.0003886969	0.0009098652
ASV_9441	0.000569	0.0000000000	0.0002605388	0.0014460999
ASV_6400	0.00053	0.0010348140	0.0000000000	0.0005551762
ASV_7469	0.000635	0.0006130807	0.0001190272	0.0011738834
ASV_5904	0.000539	0.0000000000	0.0008793984	0.0007371783
ASV_5876	0.000689	0.0015033932	0.0004483711	0.0001163565
ASV_6036	0.000641	0.0001204674	0.0005210776	0.0012801114
ASV_8876	0.000581	0.000495553	0.000000000	0.001247059
ASV_9169	0.000561	0.0003533787	0.0009350420	0.0003959516
ASV_6448	0.000774	0.000000000	0.002322003	0.000000000
ASV_6335	0.000533	0.0001165159	0.0008309899	0.0006519345
ASV_6770	0.000692	0.0006968721	0.0009908535	0.0003888069
ASV_5792	0.00058	0.0006159096	0.0007049960	0.0004193927
ASV_9621	0.000717	0.0018171630	0.0000000000	0.0003343294
ASV_7998	0.000582	0.000495553	0.000000000	0.001250150
ASV_7047	0.000547	0.0001204674	0.0007089669	0.0008122464
ASV_9525	0.00048	0.0009637393	0.0004761089	0.0000000000
ASV_6220	0.000577	0.0001100299	0.0016205562	0.0000000000
ASV_6902	0.000589	0.0004727431	0.0011767130	0.0001163565
ASV_7560	0.000493	0.001477997	0.000000000	0.000000000
ASV_7635	0.000574	0.0000000000	0.0009526068	0.0007692347
ASV_6650	0.000555	0.0002300964	0.0010514404	0.0003833686
ASV_5916	0.000613	0.0000000	0.0018381	0.0000000
ASV_6358	0.000625	0.000000000	0.001875012	0.000000000
ASV_7455	0.000452	0.0011211739	0.0000000000	0.0002359244
ASV_9003	0.000671	0.0013586175	0.0001100371	0.0005436845
ASV_9662	0.000575	0.0001100299	0.0003254179	0.0012895448
ASV_9877	0.000886	0.0021148343	0.0005420198	0.0000000000
ASV_6757	0.000575	0.0004730442	0.0000000000	0.0012504823
ASV_7314	0.000565	0.0000000000	0.0008819529	0.0008144952
ASV_7485	0.000385	0.000000000	0.000000000	0.001153522
ASV_7743	0.000542	0.0010996709	0.0000000000	0.0005262427
ASV_9799	0.000599	0.0000000000	0.0007186675	0.0010785140
ASV_8350	0.000494	0.0009449978	0.0003912294	0.0001455299
ASV_9649	0.000495	0.0003614022	0.0007051732	0.0004193927
ASV_7647	0.000536	0.0002401329	0.0002792041	0.0010895106
ASV_9191	0.000449	0.0000000000	0.0004626010	0.0008853713
ASV_6862	0.000578	0.001733413	0.000000000	0.000000000
ASV_8368	0.000637	0.0004900788	0.0006250039	0.0007966271
ASV_7754	0.000487	0.0008320325	0.0002200743	0.0004098616
ASV_8310	0.000578	0.0004659431	0.0003795660	0.0008898685
ASV_9463	0.000525	0.0005501494	0.0002727457	0.0007506434
ASV_7417	0.000516	0.0005696075	0.0002734668	0.0007047202
ASV_7935	6e-04	0.0004963548	0.0004755170	0.0008275332
ASV_7041	0.000447	0.00000000	0.00134122	0.00000000
ASV_7710	0.000618	0.0005891988	0.0001202918	0.0011440317
ASV_9145	0.000639	0.0008164268	0.0011013167	0.0000000000
ASV_9821	0.000585	0.0009626284	0.0007924045	0.0000000000
ASV_7080	0.000763	0.000000000	0.002288498	0.000000000
ASV_7301	0.000593	0.0010705507	0.0002380544	0.0004693618
ASV_8107	0.000578	0.0008701278	0.0000000000	0.0008651417
ASV_8286	0.000471	0.0002182358	0.0000000000	0.0011942013
ASV_8631	0.00071	0.0008839894	0.0012451917	0.0000000000
ASV_8716	0.000519	0.0000000000	0.0010826260	0.0004734863
ASV_7686	0.000689	0.000000000	0.002066605	0.000000000
ASV_8409	0.00054	0.0000000000	0.0001100371	0.0015112942
ASV_8781	0.000538	0.0001386370	0.0003583462	0.0011170882
ASV_8352	0.000476	0.0012046741	0.0002235366	0.0000000000
ASV_8457	0.000579	0.0000000000	0.0010157693	0.0007219172
ASV_8516	0.000548	0.0008156113	0.0000000000	0.0008293478
ASV_9357	0.000916	0.002747566	0.000000000	0.000000000
ASV_9569	0.000531	0.0004696142	0.0002405836	0.0008824248
ASV_8703	0.000464	0.000000000	0.000000000	0.001390862
ASV_9272	0.000957	0.0021078574	0.0004315292	0.0003322711
ASV_9622	0.000546	0.0013772447	0.0002605388	0.0000000000
ASV_9827	0.000486	0.0002232163	0.0005939569	0.0006396579
ASV_8693	0.00066	0.0000000000	0.0001190272	0.0018613192
ASV_8753	0.000581	0.0014626519	0.0002792041	0.0000000000
ASV_8966	0.000537	0.0000000	0.0000000	0.0016123
ASV_9428	0.000677	0.0000000000	0.0007816164	0.0012491464
ASV_7690	0.000481	0.000000000	0.001443501	0.000000000
ASV_8335	0.000578	0.0002554200	0.0002235366	0.0012557745
ASV_9575	0.000735	0.0009365637	0.0009898305	0.0002795951
ASV_8257	0.000695	0.0000000000	0.0007616611	0.0013232060
ASV_9334	0.000705	0.0015239626	0.0003076166	0.0002840840
ASV_9277	0.000512	0.0006990954	0.0001531750	0.0006844681
ASV_9595	0.000816	0.0009204374	0.0000000000	0.0015275501
ASV_9349	0.00051	0.0005501494	0.0000000000	0.0009785830
ASV_9489	0.000548	0.000000000	0.001644972	0.000000000
ASV_9482	0.000594	0.000000000	0.001781706	0.000000000
ASV_9831	0.000514	0.0000000000	0.0011109663	0.0004298539
ASV_9281	0.000481	0.0011521869	0.0000000000	0.0002910598
ASV_9540	0.000391	0.000000000	0.000000000	0.001173752
ASV_9547	0.000559	0.000000000	0.000000000	0.001677571
ASV_1624	0.000543	0.0000000000	0.0013545966	0.0002740806
ASV_1803	0.000427	0.000000000	0.000000000	0.001279921
ASV_3070	0.000524	0.000000000	0.001572647	0.000000000
ASV_2814	0.000487	0.0001164556	0.0011449417	0.0002000464
ASV_3230	0.00069	0.001062322	0.000000000	0.001006650
ASV_2454	0.000539	0.0004529761	0.0000000000	0.0011639019
ASV_2365	0.00051	0.0011896497	0.0001100371	0.0002304098
ASV_3422	0.000502	0.0001386370	0.0007812549	0.0005861983
ASV_4287	0.000795	0.0014466140	0.0009375059	0.0000000000
ASV_3328	0.000521	0.0008264445	0.0000000000	0.0007372279
ASV_3586	0.00051	0.0010031255	0.0001117683	0.0004163821
ASV_3891	0.000412	0.0000000000	0.0004084859	0.0008274006
ASV_3623	0.000476	0.0000000000	0.0001202918	0.0013072074
ASV_3491	0.000421	1.204674e-04	1.045070e-03	9.612686e-05
ASV_3568	0.000729	0.0015891393	0.0005964006	0.0000000000
ASV_4183	0.000452	0.0002551529	0.0009623342	0.0001397976
ASV_3797	0.000519	0.000000000	0.000000000	0.001557452
ASV_3851	0.000438	0.0003405272	0.0005989298	0.0003740085
ASV_4002	0.000525	0.0005514819	0.0000000000	0.0010226236
ASV_3827	0.000506	0.000000000	0.000000000	0.001518104
ASV_4281	0.000529	0.0001165159	0.0006542974	0.0008156235
ASV_3831	0.000638	0.0004711457	0.0006219279	0.0008217989
ASV_3767	0.000505	0.000000000	0.000000000	0.001516168
ASV_4464	0.000526	0.0006694431	0.0006358307	0.0002730770
ASV_5404	0.000842	0.0003325087	0.0014400013	0.0007543006
ASV_5747	0.00043	0.0000000000	0.0007146592	0.0005767611
ASV_5308	0.000763	0.0002772741	0.0008979814	0.0011131505
ASV_4541	0.000462	0.0000000000	0.0011864715	0.0002000464
ASV_4405	0.000623	0.0000000000	0.0009255238	0.0009446464
ASV_4469	0.000533	0.0001204674	0.0013332733	0.0001455299
ASV_5518	0.000662	0.0015544054	0.0001531750	0.0002795951
ASV_7867	0.000538	0.0007437513	0.0003596108	0.0005103010
ASV_6964	0.000528	0.0000000000	0.0006123814	0.0009708175
ASV_4750	0.000661	0.0007600979	0.0001202918	0.0011016581
ASV_5805	0.000627	0.0003710232	0.0003888448	0.0011206223
ASV_5891	0.000563	0.0003645372	0.0010460736	0.0002775881
ASV_5489	0.000432	0.0011557375	0.0000000000	0.0001412956
ASV_6055	0.000455	0.0000000000	0.0009449588	0.0004193927
ASV_5810	4e-04	0.000000000	0.000000000	0.001199003
ASV_5979	0.000492	0.000000000	0.000000000	0.001474604
ASV_5801	0.000495	0.0003873039	0.0002752782	0.0008217327
ASV_9561	0.000516	0.0003534992	0.0008594686	0.0003343294
ASV_9160	0.000461	0.0001165159	0.0007228150	0.0005423626
ASV_6507	0.000729	0.0018871390	0.0001531750	0.0001455299
ASV_7226	0.000439	0.0002409348	0.0008198136	0.0002576521
ASV_6329	0.000493	0.000000000	0.000395570	0.001083802
ASV_7613	0.000698	0.0011466102	0.0009477194	0.0000000000
ASV_9528	0.000588	0.0007366978	0.0006285602	0.0004000928
ASV_9792	0.000614	0.0009554472	0.0008854420	0.0000000000
ASV_6416	0.001004	0.0002200598	0.0027925940	0.0000000000
ASV_6623	0.000646	0.0013219010	0.0006174541	0.0000000000
ASV_7027	0.000513	0.0002545073	0.0004615910	0.0008241341
ASV_5929	0.000517	6.111562e-04	8.438608e-04	9.612686e-05
ASV_6275	0.000428	0.0008026392	0.0000000000	0.0004808541
ASV_6621	0.000599	0.0003754865	0.0000000000	0.0014227922
ASV_7488	0.000519	0.0000000000	0.0002752782	0.0012827898
ASV_7506	0.000692	0.0001204674	0.0003888448	0.0015669800
ASV_7672	0.000467	0.000000000	0.001400711	0.000000000
ASV_7788	0.000602	0.0008722423	0.0003808306	0.0005529267
ASV_6799	0.000535	0.0002182358	0.0003125020	0.0010749834
ASV_9949	0.000664	0.0004401195	0.0014127311	0.0001385540
ASV_7175	0.000434	0.000000000	0.000000000	0.001302359
ASV_9209	0.000731	0.0004731647	0.0013951438	0.0003251781
ASV_8715	0.000601	0.0000000000	0.0005210776	0.0012830925
ASV_6202	0.000886	0.002659388	0.000000000	0.000000000
ASV_7465	0.000471	0.0002409348	0.0000000000	0.0011733185
ASV_7837	0.000605	0.0002772741	0.0009588096	0.0005794792
ASV_8831	0.000611	0.000000000	0.001833057	0.000000000
ASV_6907	0.000481	0.0000000000	0.0002200743	0.0012230495
ASV_7155	0.000441	0.0007228045	0.0001562510	0.0004451962
ASV_7306	0.00043	0.0002200598	0.0010712449	0.0000000000
ASV_8005	0.000797	0.0003754865	0.0015008294	0.0005146971
ASV_9607	0.000631	0.0007043844	0.0008052320	0.0003845074
ASV_8887	0.000909	0.0005569390	0.0020308963	0.0001397976
ASV_8365	0.000421	0.001261824	0.000000000	0.000000000
ASV_7034	0.000594	0.0000000000	0.0001100371	0.0016708014
ASV_8562	0.000596	0.0003977415	0.0005210776	0.0008693296
ASV_9640	0.000543	0.0001204674	0.0000000000	0.0015082728
ASV_6863	0.000803	0.0016034466	0.0003943054	0.0004113911
ASV_7483	0.000486	0.0000000000	0.0011265741	0.0003321907
ASV_8614	0.000523	0.0000000000	0.0013676546	0.0002000464
ASV_7026	0.000835	0.0016563871	0.0008483699	0.0000000000
ASV_7257	0.000467	0.0002369833	0.0010229536	0.0001412956
ASV_8951	0.000498	0.0001165159	0.0000000000	0.0013788569
ASV_9674	0.000772	0.002315869	0.000000000	0.000000000
ASV_9567	0.000481	0.0010176160	0.0001691670	0.0002549105
ASV_7567	0.000614	0.0014829024	0.0003596108	0.0000000000
ASV_9339	0.000427	0.0001164556	0.0011649472	0.0000000000
ASV_7639	0.000498	0.000000000	0.001494482	0.000000000
ASV_9709	0.000581	0.0000000000	0.0010022447	0.0007408402
ASV_8838	6e-04	0.0004954422	0.0013059852	0.0000000000
ASV_8480	0.000725	0.0000000000	0.0017867694	0.0003871867
ASV_8771	0.000857	0.001160317	0.001409458	0.000000000
ASV_8433	0.000496	0.0000000000	0.0009623342	0.0005262427
ASV_8799	0.000464	0.0006019361	0.0002605388	0.0005300373
ASV_9594	0.000622	0.001866526	0.000000000	0.000000000
ASV_8119	0.000902	0.002554200	0.000153175	0.000000000
ASV_9007	0.000767	0.001917460	0.000000000	0.000384947
ASV_9456	0.000481	0.0000000000	0.0005951361	0.0008472395
ASV_8754	0.000615	0.000380049	0.000000000	0.001464327
ASV_9616	0.000429	0.000138637	0.001148326	0.000000000
ASV_8965	0.000552	0.000000000	0.000000000	0.001656608
ASV_9543	0.000637	0.000000000	0.000000000	0.001912497
ASV_9601	0.000631	0.0012729035	0.0006195504	0.0000000000
ASV_9297	0.000682	0.0009522921	0.0010937568	0.0000000000
ASV_9682	0.000808	0.0023061139	0.0001190272	0.0000000000
ASV_9870	0.000564	0.000000000	0.001691891	0.000000000
ASV_358	0.000789	0.002368279	0.000000000	0.000000000
ASV_956	0.000485	0.0008379995	0.0006176204	0.0000000000
ASV_785	0.000731	0.0001164556	0.0019324095	0.0001455299
ASV_1382	0.000328	0.0000000000	0.0001190272	0.0008651417
ASV_1861	0.000822	0.000000000	0.002465141	0.000000000
ASV_1623	0.000367	0.001100299	0.000000000	0.000000000
ASV_2241	0.00054	0.0008792863	0.0000000000	0.0007417457
ASV_2839	0.000545	0.0009544551	0.0003888448	0.0002910598
ASV_2608	0.000386	0.0008932111	0.0001190272	0.0001455299
ASV_2948	0.00045	0.0005846185	0.0002405836	0.0005237727
ASV_3182	0.00048	0.0008028328	0.0004992784	0.0001387940
ASV_3486	0.000401	0.0004609946	0.0007406629	0.0000000000
ASV_3628	0.000495	0.0002545073	0.0000000000	0.0012309920
ASV_3247	0.00049	0.0001386370	0.0003705759	0.0009604680
ASV_3348	0.000623	0.0007814731	0.0000000000	0.0010884291
ASV_3883	0.000599	0.0008600001	0.0009378674	0.0000000000
ASV_4576	0.000791	0.0001100299	0.0018275815	0.0004365897
ASV_3694	0.000463	0.00000000	0.00000000	0.00138794
ASV_4017	0.000479	0.0002232163	0.0000000000	0.0012150995
ASV_4364	0.000388	0.001165159	0.000000000	0.000000000
ASV_3853	0.000401	0.0006601793	0.0000000000	0.0005416992
ASV_4118	0.000449	0.0003614022	0.0002792041	0.0007069723
ASV_5215	0.000424	0.0000000000	0.0004586257	0.0008141601
ASV_3945	0.000418	0.000000000	0.001254385	0.000000000
ASV_3961	0.00059	0.0003800490	0.0007417059	0.0006489801
ASV_4167	0.000475	0.000000000	0.001426242	0.000000000
ASV_3754	0.000498	0.0003347517	0.0005816282	0.0005772007
ASV_5711	0.000877	0.002631289	0.000000000	0.000000000
ASV_4581	0.000595	0.0011812555	0.0001100371	0.0004945993
ASV_8210	0.000536	0.0003800490	0.0006695836	0.0005579468
ASV_4519	0.000409	0.0002409348	0.0008395133	0.0001455299
ASV_4768	0.000433	0.0001200665	0.0003425638	0.0008370301
ASV_4978	0.000489	0.0004489644	0.0008281221	0.0001908951
ASV_4415	0.000562	0.0008124753	0.0001190272	0.0007536980
ASV_5103	0.000548	0.0001165159	0.0003888448	0.0011388336
ASV_4608	0.001098	0.0026603427	0.0006328459	0.0000000000
ASV_4719	0.000477	0.0004806668	0.0003808306	0.0005706550
ASV_6660	0.000437	0.0001204674	0.0011906358	0.0000000000
ASV_4572	0.000497	1.386370e-04	1.255458e-03	9.612686e-05
ASV_4831	0.000416	0.000000000	0.000153175	0.001095497
ASV_4778	0.000438	0.0000000000	0.0006138329	0.0006989879
ASV_6574	0.000545	0.0007509730	0.0007417059	0.0001412956
ASV_5044	0.000404	0.000000000	0.000000000	0.001210648
ASV_5066	0.001059	0.0029154956	0.0002605388	0.0000000000
ASV_8205	0.000624	0.0000000000	0.0010698106	0.0008029418
ASV_5247	0.000462	0.00000000	0.00000000	0.00138554
ASV_5134	0.000554	0.0006625984	0.0006176204	0.0003817901
ASV_5833	0.000449	0.001109096	0.000239319	0.000000000
ASV_5458	0.000386	0.0001165159	0.0005746239	0.0004654258
ASV_5811	0.000493	0.0000000000	0.0005210776	0.0009569852
ASV_7791	0.000453	0.0004819658	0.0002380544	0.0006375299
ASV_9029	0.000851	0.0025542	0.0000000	0.0000000
ASV_5961	0.00049	0.0001200665	0.0000000000	0.0013505355
ASV_4871	0.000459	0.0001100299	0.0003968345	0.0008700545
ASV_6127	0.000624	0.0005108400	0.0011690585	0.0001924735
ASV_5438	0.000724	0.0011395845	0.0004988820	0.0005343758
ASV_5589	0.000755	0.0007044446	0.0011611824	0.0004000928
ASV_5705	0.000653	0.0007854848	0.0008410600	0.0003337691
ASV_7984	0.000432	0.0000000000	0.0007141633	0.0005821196
ASV_5722	0.00046	0.0003614022	0.0000000000	0.0010187093
ASV_6910	0.00042	0.0000000000	0.0011173206	0.0001412956
ASV_5880	0.000437	0.0001204674	0.0011907680	0.0000000000
ASV_6172	0.000566	0.000000000	0.000312502	0.001386254
ASV_6182	0.000397	0.000000000	0.001190272	0.000000000
ASV_6736	0.000715	0.0009357739	0.0003888448	0.0008210767
ASV_9764	0.000477	0.0000000000	0.0010960478	0.0003343294
ASV_6450	0.000388	0.0001165159	0.0000000000	0.0010472081
ASV_8405	0.000407	0.0000000000	0.0010826260	0.0001397976
ASV_6117	0.000927	0.002070940	0.000710641	0.000000000
ASV_7948	0.000714	0.0004965046	0.0011704612	0.0004763377
ASV_8592	0.000572	0.0000000000	0.0006902445	0.0010243960
ASV_6443	0.000457	0.0001204674	0.0000000000	0.0012516480
ASV_9370	0.00047	0.0007930448	0.0004773734	0.0001387940
ASV_7037	0.000696	0.000000000	0.001954052	0.000134283
ASV_8718	0.000605	0.0007519849	0.0001691670	0.0008928167
ASV_9152	0.000567	0.0005182089	0.0003888448	0.0007940374
ASV_8685	0.000565	0.000000000	0.001694059	0.000000000
ASV_7170	0.000453	0.0002545073	0.0009587997	0.0001455299
ASV_8502	0.000458	0.0001204674	0.0007417059	0.0005117890
ASV_8610	0.000474	0.0000000000	0.0003865799	0.0010345144
ASV_8916	0.000487	0.0001165159	0.0013451132	0.0000000000
ASV_8646	0.000384	0.0001204674	0.0002405836	0.0007916274
ASV_6852	4e-04	0.0009790325	0.0002200743	0.0000000000
ASV_6929	0.000444	0.0001204674	0.0001202918	0.0010919069
ASV_7289	0.000494	0.0009874951	0.0000000000	0.0004945993
ASV_8053	0.000569	0.0002409348	0.0009019082	0.0005651825
ASV_7954	0.00054	0.0006287159	0.0002393190	0.0007528189
ASV_9713	0.000399	0.0002330318	0.0002303289	0.0007336567
ASV_8175	0.000533	0.000000000	0.000000000	0.001598738
ASV_9365	0.00059	0.0009151079	0.0008549174	0.0000000000
ASV_7116	0.000406	0.0005103059	0.0007077024	0.0000000000
ASV_7377	0.000473	0.0000000000	0.0003608753	0.0010592215
ASV_9795	0.000373	0.000000000	0.001117683	0.000000000
ASV_7029	0.000439	0.0001204674	0.0010542719	0.0001412956
ASV_7292	0.000424	0.0001386370	0.0010105426	0.0001237556
ASV_8301	0.000431	0.0001165159	0.0004786380	0.0006986530
ASV_9011	0.000916	0.0024189307	0.0003301114	0.0000000000
ASV_9121	0.000468	0.000000000	0.000000000	0.001402928
ASV_8216	0.000513	0.0003325087	0.0012079462	0.0000000000
ASV_9731	0.000414	0.0001204674	0.0002235366	0.0008981852
ASV_8022	0.000515	0.0003800490	0.0002894587	0.0008754174
ASV_8234	0.000532	0.0000000000	0.0006247130	0.0009715583
ASV_9736	0.000442	0.0001100299	0.0010240069	0.0001922537
ASV_7841	0.000442	0.00000000	0.00000000	0.00132575
ASV_7245	0.000403	0.000000000	0.000000000	0.001208284
ASV_8679	0.000432	0.000000000	0.001158608	0.000138794
ASV_9048	0.000471	0.001413909	0.000000000	0.000000000
ASV_9211	0.000671	0.000000e+00	1.915585e-03	9.612686e-05
ASV_9325	0.000401	0.0009637393	0.0002393190	0.0000000000
ASV_7922	0.000556	0.0003800490	0.0010540006	0.0002327129
ASV_8446	0.000471	0.000000000	0.000000000	0.001412162
ASV_9851	0.000502	0.0004900788	0.0008780017	0.0001387940
ASV_7611	0.000516	0.0003300897	0.0012164107	0.0000000000
ASV_8021	0.000485	0.00000000	0.00145515	0.00000000
ASV_8054	0.000494	0.0000000000	0.0005210776	0.0009596512
ASV_8990	0.000589	0.0008285965	0.0006773286	0.0002623097
ASV_9340	0.000507	0.0003346914	0.0004614249	0.0007240687
ASV_9767	0.000406	0.0000000000	0.0009285799	0.0002883806
ASV_9058	0.00043	0.0011451839	0.0000000000	0.0001455299
ASV_9702	0.00042	0.0003432827	0.0004504032	0.0004654258
ASV_9729	0.000391	0.000000000	0.001172154	0.000000000
ASV_9110	0.000492	0.0000000000	0.0013600450	0.0001163565
ASV_9116	0.000477	0.0000000000	0.0013146847	0.0001163565
ASV_9742	0.000363	0.0000000000	0.0004709125	0.0006194283
ASV_8555	0.000408	0.0002409348	0.0009831118	0.0000000000
ASV_9164	0.000551	0.000000000	0.000000000	0.001652499
ASV_9493	0.000471	0.0000000000	0.0004253772	0.0009889435
ASV_9639	0.000516	0.001100914	0.000309426	0.000138554
ASV_9734	0.000579	0.000380049	0.001356797	0.000000000
ASV_8961	0.000468	0.000000000	0.000000000	0.001404249
ASV_9510	0.000509	0.0003325087	0.0001190272	0.0010741981
ASV_9904	0.00044	0.000000000	0.000000000	0.001318807
ASV_9364	0.000468	0.0007322309	0.0000000000	0.0006728880
ASV_9663	0.00042	0.0006601793	0.0000000000	0.0005988204
ASV_607	0.000579	0.000890889	0.000000000	0.000845276
ASV_1330	0.000378	0.0008432719	0.0000000000	0.0002910598
ASV_1475	0.000773	0.001840875	0.000000000	0.000478398
ASV_1915	0.000421	0.000000000	0.000000000	0.001261658
ASV_2066	0.00036	0.0001165159	0.0001202918	0.0008436687
ASV_2804	0.000418	0.0002554200	0.0000000000	0.0009981644
ASV_2950	0.000467	0.0005005164	0.0000000000	0.0009014627
ASV_2973	0.000528	0.0008160259	0.0004908677	0.0002785916
ASV_2849	0.00031	0.0000000000	0.0001202918	0.0008094741
ASV_3170	0.000388	0.0000000000	0.0007706259	0.0003939446
ASV_3033	0.000514	0.0001165159	0.0014258460	0.0000000000
ASV_7328	0.000624	0.0016800718	0.0000000000	0.0001908951
ASV_3131	0.000688	0.000000000	0.002064355	0.000000000
ASV_4288	0.000505	0.000255420	0.000000000	0.001258888
ASV_3565	0.000624	0.0000000000	0.0013026940	0.0005686479
ASV_3864	0.000476	0.0002545073	0.0007080719	0.0004639721
ASV_3464	0.000383	0.0004609946	0.0002405836	0.0004475577
ASV_4610	0.000672	0.0010665650	0.0005210776	0.0004298539
ASV_5944	0.000652	0.001532520	0.000000000	0.000422638
ASV_3845	0.000532	0.0007600979	0.0000000000	0.0008347742
ASV_4428	0.00033	0.000990269	0.000000000	0.000000000
ASV_4200	0.000426	0.0000000000	0.0001190272	0.0011593369
ASV_4898	0.000422	0.0011481200	0.0001190272	0.0000000000
ASV_5894	0.000469	0.000255420	0.000000000	0.001152713
ASV_4718	0.000408	0.0006346645	0.0003125020	0.0002771081
ASV_4247	0.000368	0.0000000000	0.0005285581	0.0005767611
ASV_7249	0.000412	0.00000000	0.00000000	0.00123517
ASV_5216	0.000526	0.0001386370	0.0005078720	0.0009311995
ASV_5313	0.000597	0.0011520870	0.0006375723	0.0000000000
ASV_8854	0.000441	0.0004859173	0.0000000000	0.0008374007
ASV_5986	0.000637	0.0012163460	0.0003125020	0.0003817901
ASV_6484	0.000487	0.0008362970	0.0003892413	0.0002349209
ASV_5093	0.001167	0.000000000	0.003499603	0.000000000
ASV_5031	0.000503	0.0005529272	0.0007206874	0.0002349209
ASV_7223	0.00066	0.0000000000	0.0015632328	0.0004181492
ASV_5322	0.000399	0.0000000000	0.0004832865	0.0007136978
ASV_4669	0.000392	0.000583876	0.000000000	0.000592368
ASV_9025	0.000611	0.0010155179	0.0000000000	0.0008187511
ASV_5208	0.000376	0.0006601793	0.0004687529	0.0000000000
ASV_5385	0.000469	0.0004900788	0.0004501022	0.0004654258
ASV_6065	0.000511	0.0004425386	0.0008138509	0.0002771081
ASV_5052	0.000357	0.000000000	0.001071245	0.000000000
ASV_5145	0.000372	0.0003401262	0.0001117683	0.0006627439
ASV_6642	0.000424	0.0007363770	0.0000000000	0.0005347602
ASV_5548	0.000454	0.0000000000	0.0002605388	0.0011023144
ASV_6132	0.00041	0.0001386370	0.0008995753	0.0001924735
ASV_6135	0.00047	0.0001200665	0.0000000000	0.0012905610
ASV_8615	0.000361	0.0000000000	0.0005844120	0.0004989758
ASV_6680	0.000382	0.0000000000	0.0005951361	0.0005506651
ASV_5577	0.000407	0.0007950820	0.0001117683	0.0003146507
ASV_6315	0.000393	0.0005182089	0.0000000000	0.0006600605
ASV_8330	0.000477	0.0006208699	0.0001691670	0.0006401292
ASV_7790	0.000399	0.000000000	0.001198488	0.000000000
ASV_9155	0.000436	0.0000000000	0.0008449508	0.0004639721
ASV_5874	0.000387	0.0001386370	0.0003968345	0.0006251179
ASV_6249	0.000501	0.0000000000	0.0011547199	0.0003490694
ASV_6445	0.000384	0.0002365221	0.0000000000	0.0009160381
ASV_7243	0.000419	0.0002545073	0.0000000000	0.0010013761
ASV_5703	0.000503	0.0007919055	0.0003795660	0.0003380034
ASV_6671	0.000456	0.000000000	0.000000000	0.001366863
ASV_6080	0.000446	0.0000000000	0.0004297057	0.0009083988
ASV_6333	0.000369	0.000000000	0.001108463	0.000000000
ASV_7411	0.000536	0.0011087124	0.0004992784	0.0000000000
ASV_7895	0.00037	0.000000000	0.001108594	0.000000000
ASV_6470	0.000415	0.000000000	0.000000000	0.001244011
ASV_7641	0.000485	0.0003800490	0.0003853153	0.0006909862
ASV_7956	0.000422	0.0001100299	0.0001202918	0.0010370376
ASV_8000	0.000619	0.000000000	0.001856067	0.000000000
ASV_6028	0.000385	0.0003791709	0.0003608753	0.0004140959
ASV_9376	0.00041	0.0000000000	0.0007834144	0.0004475577
ASV_6537	0.000404	0.0002409348	0.0000000000	0.0009715583
ASV_7287	0.000447	0.000255420	0.000000000	0.001086235
ASV_9228	0.000437	0.0001386370	0.0004137138	0.0007574362
ASV_6139	0.000312	0.0003601994	0.0000000000	0.0005767611
ASV_8067	0.000411	0.000000000	0.000000000	0.001233445
ASV_8534	0.000688	0.0007600979	0.0011101223	0.0001924735
ASV_9452	0.000609	0.0011884790	0.0005053395	0.0001342830
ASV_7117	0.000403	0.0002330318	0.0009770214	0.0000000000
ASV_7445	0.000423	0.0008188361	0.0001117683	0.0003398440
ASV_7955	0.000451	0.0004754798	0.0003125020	0.0005636844
ASV_8597	0.00053	0.0006345563	0.0004012270	0.0005542162
ASV_9527	0.000517	0.0000000000	0.0011611570	0.0003909415
ASV_9901	0.000407	0.0004739666	0.0000000000	0.0007465948
ASV_8148	0.00043	0.0009122552	0.0003763253	0.0000000000
ASV_7212	0.00039	0.000000000	0.001169799	0.000000000
ASV_7627	0.000441	0.0000000000	0.0002605388	0.0010637365
ASV_8504	0.000336	0.000000000	0.000000000	0.001006657
ASV_8589	0.000429	0.0003800490	0.0009077311	0.0000000000
ASV_9922	0.00047	0.000000000	0.000000000	0.001409259
ASV_7909	0.000457	0.0001165159	0.0005011224	0.0007524786
ASV_8572	0.000393	0.0001100299	0.0000000000	0.0010691242
ASV_7078	0.000409	0.000000000	0.001227987	0.000000000
ASV_7629	0.000338	0.0003495477	0.0000000000	0.0006643203
ASV_7933	0.000557	0.0011745957	0.0004970034	0.0000000000
ASV_9227	0.000638	0.0002545073	0.0010421552	0.0006161886
ASV_9395	0.00064	0.0004965046	0.0012842275	0.0001387940
ASV_8111	0.000545	0.0005001154	0.0009903037	0.0001455299
ASV_8197	0.000406	0.0001204674	0.0005210776	0.0005767611
ASV_9450	0.000389	0.0001165159	0.0006584073	0.0003923001
ASV_9458	0.000609	0.0000000000	0.0012503693	0.0005774205
ASV_9778	0.000391	0.0001100299	0.0006862933	0.0003757220
ASV_9923	0.00043	0.0001165159	0.0007496882	0.0004251250
ASV_6998	0.000572	0.0010216801	0.0000000000	0.0006939702
ASV_7274	0.000502	0.0003800490	0.0001100371	0.0010169352
ASV_7723	0.000354	0.0004660636	0.0005964006	0.0000000000
ASV_8843	0.000349	0.000000000	0.001048452	0.000000000
ASV_6975	0.000346	0.0002330318	0.0004555967	0.0003490694
ASV_7991	0.000357	0.000000000	0.000000000	0.001069646
ASV_9554	0.000631	0.0014250352	0.0004687529	0.0000000000
ASV_9920	0.000429	0.0002545073	0.0001164947	0.0009156343
ASV_8607	0.000418	0.0000000000	0.0005121935	0.0007431948
ASV_9312	0.000397	0.0003586968	0.0000000000	0.0008337485
ASV_7962	0.000666	0.0017189692	0.0002792041	0.0000000000
ASV_9529	0.000357	0.000000000	0.001071245	0.000000000
ASV_8393	0.00039	0.0000000000	0.0001190272	0.0010520457
ASV_9056	0.000359	0.0003614022	0.0007141633	0.0000000000
ASV_9462	0.000374	0.0002329113	0.0007646479	0.0001237556
ASV_9610	0.000608	0.001131022	0.000000000	0.000693777
ASV_7632	0.000421	0.0000000000	0.0004012270	0.0008603248
ASV_7793	0.000528	0.0000000000	0.0008203740	0.0007626469
ASV_8145	0.000385	0.001154861	0.000000000	0.000000000
ASV_9459	0.00043	0.0000000000	0.0004401486	0.0008504025
ASV_9559	0.000371	0.0002330318	0.0004773734	0.0004033508
ASV_8540	0.000408	0.0002554200	0.0000000000	0.0009693922
ASV_8658	0.000443	0.0000000000	0.0002605388	0.0010692513
ASV_9612	0.000432	0.0002772741	0.0004913343	0.0005259807
ASV_9710	0.000539	0.0006032652	0.0006318130	0.0003817901
ASV_8789	0.000355	0.0002401329	0.0006860532	0.0001387940
ASV_9235	0.000481	0.0002545073	0.0000000000	0.0011897739
ASV_9568	0.000352	0.0003495477	0.0003229752	0.0003845074
ASV_8355	0.000404	0.0002409348	0.0000000000	0.0009710783
ASV_8905	0.000408	0.000000000	0.001090311	0.000134283
ASV_9267	0.000392	0.001038587	0.000000000	0.000138554
ASV_9276	0.000484	0.0008579671	0.0001202918	0.0004750648
ASV_9776	0.000426	0.000000000	0.000000000	0.001277955
ASV_9918	0.000431	0.0000000000	0.0001100371	0.0011822040
ASV_8672	0.000747	0.000000000	0.002240561	0.000000000
ASV_9686	0.000506	0.0007322309	0.0000000000	0.0007871691
ASV_9837	0.000494	0.0002554200	0.0010814530	0.0001455299
ASV_9647	0.000377	0.0003614022	0.0000000000	0.0007702147
ASV_9326	0.000396	0.0001204674	0.0005976652	0.0004707447
ASV_9589	0.000612	0.0016427560	0.0000000000	0.0001924735
ASV_9899	0.000353	0.000000000	0.000000000	0.001057835
ASV_89	0.001013	0.003040392	0.000000000	0.000000000
ASV_1343	0.000378	0.000000000	0.001134747	0.000000000
ASV_2094	0.000654	0.000138637	0.001823772	0.000000000
ASV_2049	0.000391	0.0001200665	0.0004908677	0.0005616720
ASV_3120	0.000365	0.0009388884	0.0001562510	0.0000000000
ASV_2863	0.000514	0.0005108400	0.0006537881	0.0003787181
ASV_3163	0.000375	0.0007292661	0.0000000000	0.0003947081
ASV_3424	0.000606	0.0014017290	0.0000000000	0.0004156621
ASV_3858	0.000329	0.0001165159	0.0000000000	0.0008710143
ASV_4320	0.000461	0.0005001154	0.0001562510	0.0007266510
ASV_3374	0.00041	0.001229633	0.000000000	0.000000000
ASV_3630	0.000296	0.0007702092	0.0001190272	0.0000000000
ASV_3590	0.00039	0.0000000000	0.0009375059	0.0002327129
ASV_3624	0.000429	0.0004900788	0.0007954632	0.0000000000
ASV_3814	0.000676	0.0016625436	0.0001190272	0.0002475113
ASV_3756	0.000404	0.0000000000	0.0010694491	0.0001412956
ASV_3860	0.000468	0.000000000	0.001404531	0.000000000
ASV_5658	0.000414	0.0001165159	0.0011250389	0.0000000000
ASV_4038	0.000413	0.0000000000	0.0003125020	0.0009276959
ASV_4246	0.000407	0.000000000	0.001222035	0.000000000
ASV_4695	0.000298	0.0002369833	0.0000000000	0.0006576796
ASV_4331	0.000352	0.0002330318	0.0004595250	0.0003638677
ASV_4402	0.000358	0.0000000000	0.0001202918	0.0009549972
ASV_7807	0.000424	0.0005099273	0.0002303289	0.0005321192
ASV_4277	0.000284	0.0002200598	0.0000000000	0.0006320187
ASV_7091	0.000321	0.0001200665	0.0007051732	0.0001385540
ASV_4579	0.000333	0.0000000000	0.0003927036	0.0006052234
ASV_5840	0.000484	0.000000000	0.000000000	0.001450542
ASV_5619	0.000496	0.001487503	0.000000000	0.000000000
ASV_4474	0.000474	0.0007973973	0.0003888448	0.0002349209
ASV_5228	0.000368	0.0000000000	0.0002380544	0.0008655187
ASV_4583	0.000373	0.000000000	0.000000000	0.001118381
ASV_5629	0.000403	0.0001165159	0.0010937568	0.0000000000
ASV_4880	0.000327	0.0000000000	0.0006323598	0.0003490694
ASV_6332	0.000497	0.0005001154	0.0009903037	0.0000000000
ASV_6538	0.000546	0.0009265504	0.0000000000	0.0007112393
ASV_4788	0.000368	0.0000000000	0.0001562510	0.0009491207
ASV_4819	0.000449	0.0000000000	0.0008002817	0.0005461445
ASV_4981	0.000311	0.0001165159	0.0001190272	0.0006981388
ASV_5156	0.000545	0.0006354690	0.0002605388	0.0007378979
ASV_7326	0.000331	0.0002772741	0.0007150925	0.0000000000
ASV_5572	0.00049	0.0010216801	0.0004470732	0.0000000000
ASV_6452	0.000655	0.0014923288	0.0000000000	0.0004731234
ASV_5958	0.000494	0.0006032652	0.0005011224	0.0003789061
ASV_5295	0.000428	0.000000000	0.000000000	0.001283899
ASV_5580	0.000446	0.0003614022	0.0006951948	0.0002810932
ASV_7303	0.000372	0.0002409348	0.0005370816	0.0003377836
ASV_5343	0.000283	0.0000000000	0.0000000000	0.0008499333
ASV_6241	0.000454	0.0002401329	0.0002605388	0.0008600118
ASV_5909	0.000357	0.0000000000	0.0007936691	0.0002771081
ASV_5606	0.000362	0.0000000	0.0010874	0.0000000
ASV_5707	0.000346	0.0002554200	0.0007823782	0.0000000000
ASV_6474	0.000362	0.000000000	0.000000000	0.001087435
ASV_8007	0.00046	0.0011209164	0.0000000000	0.0002580386
ASV_6128	0.000461	0.0005108400	0.0000000000	0.0008729005
ASV_8501	0.000407	0.0000000000	0.0006188850	0.0006007268
ASV_6052	0.000372	0.0002554200	0.0000000000	0.0008620316
ASV_8381	0.000555	0.0003387032	0.0013266442	0.0000000000
ASV_5938	0.000638	0.0011401469	0.0000000000	0.0007727357
ASV_7089	0.00051	0.0000000000	0.0012392807	0.0002910598
ASV_7570	0.000459	0.0003800490	0.0003063500	0.0006897427
ASV_6105	0.000342	0.0005103059	0.0005171263	0.0000000000
ASV_6783	0.00037	0.0001100299	0.0001100371	0.0008885198
ASV_7650	0.000487	0.0001386370	0.0003888448	0.0009342223
ASV_7976	0.000418	0.0003614022	0.0007680397	0.0001237556
ASV_6406	0.000337	0.0002200598	0.0007895381	0.0000000000
ASV_6442	0.000406	0.00000000	0.00000000	0.00121931
ASV_5974	0.000256	0.0000000000	0.0000000000	0.0007690149
ASV_7470	0.000349	0.0000000000	0.0001190272	0.0009272066
ASV_7191	0.000348	0.0000000000	0.0004811671	0.0005636791
ASV_7573	0.000437	0.0003800490	0.0000000000	0.0009306727
ASV_6699	0.00037	0.000000000	0.000000000	0.001109821
ASV_6949	0.000379	0.000000000	0.001138337	0.000000000
ASV_7025	0.00031	0.0004501561	0.0001117683	0.0003669959
ASV_9278	0.000345	0.0002330318	0.0002405836	0.0005599393
ASV_9779	0.000728	0.0012525971	0.0009308647	0.0000000000
ASV_5967	0.000487	0.00000000	0.00146107	0.00000000
ASV_7169	0.000458	0.0010974137	0.0000000000	0.0002771081
ASV_7216	0.000505	0.0000000000	0.0010498919	0.0004654258
ASV_9822	0.00035	0.0001165159	0.0001190272	0.0008144800
ASV_6697	0.000372	0.0000000000	0.0005806183	0.0005343758
ASV_6787	0.000411	0.000000000	0.001093757	0.000138794
ASV_6926	0.000356	0.00000000	0.00000000	0.00106943
ASV_9514	0.000298	0.0000000000	0.0008941465	0.0000000000
ASV_9801	0.000347	0.0000000000	0.0003403661	0.0007009214
ASV_7207	0.000353	0.0000000000	0.0004726436	0.0005863517
ASV_8039	0.000458	0.0000000000	0.0004687529	0.0009056386
ASV_7263	0.000569	0.0015084347	0.0000000000	0.0002000464
ASV_7939	0.000374	0.0003606004	0.0002605388	0.0004994776
ASV_9775	0.000381	0.000000000	0.000000000	0.001142793
ASV_6855	0.000342	0.0003574507	0.0001190272	0.0005501851
ASV_8835	0.000268	0.0000000000	0.0001100371	0.0006931176
ASV_9275	0.000324	7.069984e-04	1.691670e-04	9.612686e-05
ASV_6606	0.000443	0.0003800490	0.0000000000	0.0009489592
ASV_7507	0.000357	0.0000000000	0.0002380544	0.0008328078
ASV_7622	0.000345	0.0001100299	0.0005000794	0.0004238869
ASV_9378	0.000429	0.0005108400	0.0003608753	0.0004156621
ASV_7217	0.000365	0.000000000	0.001095379	0.000000000
ASV_8321	0.000655	0.0003800490	0.0013026940	0.0002825912
ASV_7356	0.000364	0.0001164556	0.0002200743	0.0007545026
ASV_7454	0.000345	0.0002200598	0.0008144428	0.0000000000
ASV_8049	0.000432	0.0000000000	0.0003705759	0.0009266974
ASV_9023	0.000404	0.0004959539	0.0001117683	0.0006053481
ASV_7855	0.00032	0.0000000000	0.0009585405	0.0000000000
ASV_8096	0.000313	0.0002330318	0.0007065624	0.0000000000
ASV_8367	0.000474	0.0004401195	0.0007816164	0.0002000464
ASV_9413	0.000335	0.0002409348	0.0003318426	0.0004327593
ASV_9570	0.000305	0.0006796373	0.0001202918	0.0001163565
ASV_8467	0.000416	0.0001100299	0.0011371559	0.0000000000
ASV_9503	0.000318	0.0000000000	0.0009525462	0.0000000000
ASV_9042	0.00032	0.0008404653	0.0001190272	0.0000000000
ASV_9348	0.000338	0.0003300897	0.0000000000	0.0006832281
ASV_9925	0.00039	0.000000000	0.000000000	0.001170193
ASV_8157	0.000341	0.0003300897	0.0004992784	0.0001924735
ASV_8285	0.000424	0.0002232163	0.0002605388	0.0007869291
ASV_9385	0.000459	0.0007001054	0.0006773286	0.0000000000
ASV_9046	0.000489	0.0011860201	0.0000000000	0.0002810932
ASV_9282	0.00049	0.0013519974	0.0001190272	0.0000000000
ASV_9419	0.000388	0.000000000	0.000000000	0.001164239
ASV_9760	0.000329	0.0000000000	0.0008704143	0.0001163565
ASV_8549	0.000346	0.0003601994	0.0001531750	0.0005246194
ASV_9244	0.000349	0.000000000	0.000000000	0.001048236
ASV_9656	0.000311	0.0009316452	0.0000000000	0.0000000000
ASV_8719	0.000316	0.0000000000	0.0000000000	0.0009492681
ASV_9811	0.000372	0.0000000000	0.0004607916	0.0006542967
ASV_8904	0.000366	0.0000000000	0.0008643229	0.0002327129
ASV_8914	0.000401	0.000000000	0.001202916	0.000000000
ASV_8991	0.000306	0.0002330318	0.0006851277	0.0000000000
ASV_9002	0.000519	0.0007101386	0.0005210776	0.0003267565
ASV_9051	0.000297	0.0006023371	0.0000000000	0.0002883806
ASV_9688	0.000375	0.0002545073	0.0008704084	0.0000000000
ASV_9343	0.000359	0.0005501494	0.0000000000	0.0005262427
ASV_562	0.000272	0.0005787566	0.0002380544	0.0000000000
ASV_961	0.000379	0.0003800490	0.0000000000	0.0007577125
ASV_2092	0.000277	0.0000000000	0.0008306513	0.0000000000
ASV_2406	0.000544	0.0012752747	0.0001562510	0.0002000464
ASV_2543	0.000288	0.0000000000	0.0008644189	0.0000000000
ASV_2869	0.000579	0.0012015500	0.0000000000	0.0005364714
ASV_3088	0.000278	0.0003586968	0.0004761089	0.0000000000
ASV_2812	0.000372	0.000380049	0.000735936	0.000000000
ASV_2503	0.000452	0.0006650174	0.0005505564	0.0001397976
ASV_3152	0.000365	0.000000000	0.001093757	0.000000000
ASV_3204	0.000325	0.0005040869	0.0000000000	0.0004698418
ASV_3239	0.000751	0.002252427	0.000000000	0.000000000
ASV_4928	0.000452	0.0000000000	0.0005420198	0.0008135795
ASV_3212	0.000466	0.000000000	0.001399237	0.000000000
ASV_3351	0.000608	0.000000000	0.001823772	0.000000000
ASV_3979	0.000382	0.0000000000	0.0002605388	0.0008842745
ASV_4693	0.00034	0.0001165159	0.0000000000	0.0009035797
ASV_4035	0.000393	0.0003300897	0.0008483699	0.0000000000
ASV_4053	0.000342	0.0003940570	0.0000000000	0.0006306601
ASV_4227	0.00035	0.0006713311	0.0000000000	0.0003789061
ASV_4827	0.000277	0.0002554200	0.0000000000	0.0005767611
ASV_4833	0.000332	0.0000000000	0.0005057351	0.0004911062
ASV_4771	0.000255	0.0001165159	0.0003608753	0.0002883806
ASV_6652	0.000364	0.000000000	0.000000000	0.001090773
ASV_5307	0.00038	0.0003618533	0.0007791899	0.0000000000
ASV_5466	0.000281	0.0008432719	0.0000000000	0.0000000000
ASV_5395	0.000335	0.0001386370	0.0007275752	0.0001387940
ASV_6291	0.000423	0.0003800490	0.0002792041	0.0006093477
ASV_6678	0.000329	0.0000000000	0.0005763883	0.0004113911
ASV_4874	0.000331	0.0003758874	0.0006178420	0.0000000000
ASV_5582	0.000381	0.0006023371	0.0005420198	0.0000000000
ASV_5535	0.000374	0.0000000000	0.0003076166	0.0008145495
ASV_5815	0.000343	0.000000000	0.001030414	0.000000000
ASV_5274	0.000479	0.000380049	0.000000000	0.001058224
ASV_6143	0.000275	0.0001204674	0.0001531750	0.0005519338
ASV_9310	0.000284	0.0002551529	0.0005963996	0.0000000000
ASV_6814	0.000365	0.0000000000	0.0005075009	0.0005888533
ASV_5651	0.000447	0.0002232163	0.0006493836	0.0004698418
ASV_6909	0.000418	0.0009979901	0.0001100371	0.0001455299
ASV_9027	0.000514	0.0013971665	0.0000000000	0.0001455299
ASV_5150	0.00028	0.0002200598	0.0004799026	0.0001397976
ASV_7384	0.000417	0.0000000000	0.0010196708	0.0002327129
ASV_7860	0.000538	0.0005982847	0.0008933847	0.0001237556
ASV_7701	0.000278	0.0000000000	0.0008341197	0.0000000000
ASV_5280	0.000309	0.0000000000	0.0000000000	0.0009268498
ASV_5675	0.000313	0.0000000000	0.0009397928	0.0000000000
ASV_6815	0.000311	0.0000000000	0.0001190272	0.0008147200
ASV_8603	0.000415	0.000000000	0.000000000	0.001243716
ASV_6670	0.000349	0.0001200665	0.0006508359	0.0002771081
ASV_5585	0.000257	0.0007702092	0.0000000000	0.0000000000
ASV_6069	0.000338	0.0001204674	0.0002235366	0.0006686588
ASV_6534	0.000346	0.0004464326	0.0004671188	0.0001237556
ASV_5567	0.000533	0.0007125577	0.0008855427	0.0000000000
ASV_5601	0.00041	0.0000000000	0.0007816164	0.0004474042
ASV_5947	0.000346	0.0001386370	0.0008979569	0.0000000000
ASV_6435	0.000274	0.0000000000	0.0002405836	0.0005817823
ASV_8825	0.000447	0.001342497	0.000000000	0.000000000
ASV_5672	0.000266	0.0000000000	0.0000000000	0.0007986033
ASV_6434	0.000341	0.0002409348	0.0005011224	0.0002795951
ASV_7071	0.000365	0.000000000	0.001093757	0.000000000
ASV_9471	0.000309	0.0000000000	0.0000000000	0.0009257232
ASV_6047	0.000337	0.0004364716	0.0005733594	0.0000000000
ASV_6495	0.000669	0.000380049	0.001626059	0.000000000
ASV_6235	0.000302	0.0000000000	0.0003383339	0.0005689519
ASV_7348	0.000387	0.0001386370	0.0004483711	0.0005742637
ASV_8849	0.000279	0.0001164556	0.0007217507	0.0000000000
ASV_6112	0.000438	0.0005005164	0.0000000000	0.0008126225
ASV_6277	0.000332	0.0007368516	0.0002605388	0.0000000000
ASV_6136	0.000369	0.0003610013	0.0004137138	0.0003337691
ASV_6781	0.000329	0.0000000000	0.0003808306	0.0006063496
ASV_6552	0.000317	0.0000000000	0.0000000000	0.0009508878
ASV_6928	0.000418	0.0000000000	0.0005210776	0.0007332576
ASV_6912	0.000306	0.0004810678	0.0001562510	0.0002795951
ASV_7363	0.000273	0.0000000000	0.0003570816	0.0004631228
ASV_7651	0.000334	0.0000000000	0.0001562510	0.0008449416
ASV_6545	0.000292	0.0002330318	0.0000000000	0.0006441039
ASV_6911	0.000297	0.0000000000	0.0000000000	0.0008924798
ASV_6326	0.000308	0.0000000000	0.0009244799	0.0000000000
ASV_8187	0.000341	0.0003940570	0.0006292839	0.0000000000
ASV_6525	0.000369	0.0000000000	0.0004913343	0.0006163604
ASV_7669	0.000337	0.000000000	0.000000000	0.001011761
ASV_9636	0.000343	0.0003758874	0.0006524534	0.0000000000
ASV_6727	0.000284	0.0004771162	0.0002393190	0.0001342830
ASV_7038	0.00045	6.650174e-04	5.890447e-04	9.612686e-05
ASV_7811	0.000279	0.0000000000	0.0007217507	0.0001163565
ASV_7979	0.000327	0.0000000000	0.0009822895	0.0000000000
ASV_7264	0.000364	0.00109342	0.00000000	0.00000000
ASV_8031	0.000365	0.000000000	0.001093757	0.000000000
ASV_8387	0.000317	0.0000000000	0.0000000000	0.0009501678
ASV_9434	0.000451	0.000000000	0.001353996	0.000000000
ASV_7437	0.000443	0.0003325087	0.0005091366	0.0004878634
ASV_7452	0.000272	0.0008151895	0.0000000000	0.0000000000
ASV_7493	0.000305	0.0001165159	0.0001202918	0.0006775485
ASV_8227	0.000436	0.0001200665	0.0011888378	0.0000000000
ASV_8304	0.000486	0.0002330318	0.0010840397	0.0001397976
ASV_8810	0.000344	0.0004401195	0.0000000000	0.0005909879
ASV_7346	0.000306	0.0000000000	0.0000000000	0.0009189262
ASV_8813	0.000366	0.0004850046	0.0002734668	0.0003398440
ASV_7726	0.000284	0.0007132977	0.0000000000	0.0001387940
ASV_9322	0.000427	0.0008388186	0.0001164947	0.0003251781
ASV_7275	0.000523	0.001262765	0.000306350	0.000000000
ASV_7756	0.000323	0.0001200665	0.0001562510	0.0006917402
ASV_8015	0.000318	0.0000000000	0.0002881942	0.0006651586
ASV_8744	0.000325	0.0001165159	0.0000000000	0.0008576982
ASV_8898	0.000398	0.0002554200	0.0009375059	0.0000000000
ASV_8003	0.000352	0.0002232163	0.0000000000	0.0008327449
ASV_9422	0.000325	0.0000000000	0.0000000000	0.0009743289
ASV_7415	0.000418	0.0002330318	0.0010221999	0.0000000000
ASV_9106	0.000381	0.0000000000	0.0005580118	0.0005841888
ASV_9549	3e-04	0.0004802659	0.0000000000	0.0004193927
ASV_7691	0.000281	0.0000000000	0.0008420425	0.0000000000
ASV_9181	0.000324	0.0001204674	0.0003865799	0.0004639721
ASV_9420	0.000464	0.0006130205	0.0003795660	0.0004000928
ASV_9715	0.000354	0.0004529761	0.0001202918	0.0004876234
ASV_9751	0.000268	0.0005710245	0.0002320601	0.0000000000
ASV_8292	0.000344	0.000000000	0.000000000	0.001033261
ASV_9077	0.000272	0.0006601793	0.0001562510	0.0000000000
ASV_9678	0.000315	0.0003282657	0.0006158621	0.0000000000
ASV_8521	0.000366	0.0003719359	0.0001691670	0.0005559397
ASV_8669	0.000315	0.0000000000	0.0009448618	0.0000000000
ASV_9232	0.000278	0.0000000000	0.0000000000	0.0008340546
ASV_8066	0.000318	0.0000000000	0.0000000000	0.0009551419
ASV_9097	0.000463	0.0000000000	0.0011968640	0.0001924735
ASV_9577	0.000281	0.0003566488	0.0001190272	0.0003669959
ASV_9695	0.000409	0.0009338512	0.0001531750	0.0001387940
ASV_9892	0.000323	0.0000000000	0.0001562510	0.0008112517
ASV_8812	0.00029	0.0003300897	0.0001202918	0.0004183892
ASV_9632	0.000327	0.0001200665	0.0000000000	0.0008623731
ASV_8287	0.000314	0.0000000000	0.0000000000	0.0009414159
ASV_8565	0.000286	0.0001164556	0.0000000000	0.0007425339
ASV_8729	0.000359	0.000000000	0.000000000	0.001077717
ASV_9372	0.000321	0.0001200665	0.0004297057	0.0004121362
ASV_9587	0.000415	0.0006032652	0.0000000000	0.0006430444
ASV_8915	0.00028	0.0000000000	0.0007245462	0.0001163565
ASV_9054	0.000439	0.001316849	0.000000000	0.000000000
ASV_9189	0.00033	0.0000000000	0.0001562510	0.0008327643
ASV_9263	0.00032	0.0002330318	0.0000000000	0.0007280270
ASV_9593	0.000417	0.0008036545	0.0004470732	0.0000000000
ASV_9336	0.000324	0.0003365154	0.0004998578	0.0001342830
ASV_9857	0.000278	0.0000000000	0.0008331905	0.0000000000
ASV_9865	0.000318	0.0000000000	0.0002235366	0.0007296054
ASV_1633	0.000238	0.0006023371	0.0001117683	0.0000000000
ASV_2146	0.000397	0.0007237326	0.0004687529	0.0000000000
ASV_2361	0.000294	0.0000000000	0.0004811671	0.0004000928
ASV_2689	0.000406	0.0009587767	0.0002605388	0.0000000000
ASV_2987	0.000314	0.0003325087	0.0000000000	0.0006109557
ASV_2521	0.000375	0.0006049677	0.0005210776	0.0000000000
ASV_2947	0.000518	0.001232841	0.000322342	0.000000000
ASV_2665	0.000341	0.0003493669	0.0003888448	0.0002843239
ASV_2592	0.000428	0.000000000	0.001282739	0.000000000
ASV_3690	3e-04	0.0000000000	0.0006214141	0.0002771081
ASV_3066	0.00042	0.0004754798	0.0006493836	0.0001342830
ASV_3826	0.000241	0.0000000000	0.0007217507	0.0000000000
ASV_3948	0.000274	0.0003396719	0.0004811671	0.0000000000
ASV_3441	0.000396	0.0003800490	0.0002605388	0.0005472138
ASV_9889	0.000418	0.0005879287	0.0005499975	0.0001163565
ASV_4394	0.000347	0.0002200598	0.0008203740	0.0000000000
ASV_3688	0.000356	0.0003749747	0.0001691670	0.0005252245
ASV_4250	0.000234	0.0000000000	0.0007012414	0.0000000000
ASV_4005	0.000374	0.000000000	0.000153175	0.000968362
ASV_9219	0.000508	0.0007600979	0.0000000000	0.0007635803
ASV_4338	0.000405	0.0009732595	0.0002405836	0.0000000000
ASV_4539	0.00033	0.0000000000	0.0009891698	0.0000000000
ASV_4836	0.00028	0.0000000000	0.0000000000	0.0008385401
ASV_4817	0.000395	0.0003397322	0.0006982708	0.0001455299
ASV_5055	0.000323	0.0000000000	0.0002605388	0.0007074419
ASV_5684	0.000351	0.000000000	0.000000000	0.001052485
ASV_9407	0.000305	0.0002182358	0.0000000000	0.0006965008
ASV_5418	0.000443	0.0010368931	0.0001691670	0.0001237556
ASV_5275	0.00031	0.0000000000	0.0007905811	0.0001387940
ASV_5243	0.000313	0.0000000000	0.0009375059	0.0000000000
ASV_4954	0.00068	0.001900245	0.000000000	0.000138794
ASV_5549	0.000223	0.0000000000	0.0000000000	0.0006685914
ASV_4926	0.000258	0.0000000000	0.0000000000	0.0007743733
ASV_4869	0.000403	0.0001204674	0.0010879664	0.0000000000
ASV_5090	0.000222	0.0000000000	0.0003570816	0.0003086102
ASV_5257	0.000505	0.0010450664	0.0004687529	0.0000000000
ASV_6229	0.000233	0.0001165159	0.0005824736	0.0000000000
ASV_5222	0.000358	0.0000000000	0.0005210776	0.0005542162
ASV_5455	0.000352	0.0003614022	0.0006951948	0.0000000000
ASV_6688	0.000278	0.0000000000	0.0000000000	0.0008327643
ASV_6803	0.000244	0.0003509647	0.0002405836	0.0001412956
ASV_5182	0.000265	0.0000000000	0.0000000000	0.0007951147
ASV_5192	0.000536	0.0007600979	0.0008483699	0.0000000000
ASV_5734	0.000211	0.0000000000	0.0001117683	0.0005210935
ASV_7772	0.000247	0.0003405272	0.0000000000	0.0004008637
ASV_6347	0.000358	0.0002554200	0.0000000000	0.0008190773
ASV_5124	0.00033	0.0008499436	0.0000000000	0.0001412956
ASV_6167	3e-04	0.0002554200	0.0006452758	0.0000000000
ASV_6873	0.000522	0.0003325087	0.0010421552	0.0001908951
ASV_6622	0.000432	0.0005108400	0.0007860209	0.0000000000
ASV_6942	0.000295	0.0000000000	0.0008849023	0.0000000000
ASV_8939	0.000371	0.0000000000	0.0006401048	0.0004731234
ASV_5448	0.000263	0.0001200665	0.0006703013	0.0000000000
ASV_6343	0.000337	0.0002545073	0.0001100371	0.0006453433
ASV_6700	0.000279	0.0000000000	0.0000000000	0.0008383002
ASV_7192	0.000494	0.0007600979	0.0007231398	0.0000000000
ASV_7198	0.000241	0.0000000000	0.0007217507	0.0000000000
ASV_7044	0.000325	0.0003325087	0.0000000000	0.0006429610
ASV_8219	0.000335	0.0003787700	0.0003888448	0.0002359244
ASV_9804	0.000463	0.0012771001	0.0001117683	0.0000000000
ASV_6215	0.000286	0.0002409348	0.0006176204	0.0000000000
ASV_6274	0.000372	0.001115808	0.000000000	0.000000000
ASV_7732	0.000347	0.0005005164	0.0000000000	0.0005414030
ASV_9386	0.000286	0.0003300897	0.0000000000	0.0005273200
ASV_7331	0.000238	0.0000000000	0.0007141633	0.0000000000
ASV_5955	0.000297	0.0003430617	0.0002605388	0.0002868255
ASV_7330	0.000271	0.0001200665	0.0001562510	0.0005352402
ASV_7432	0.000358	0.001073234	0.000000000	0.000000000
ASV_7129	0.000434	0.0003800490	0.0005210776	0.0004004404
ASV_6410	0.000369	0.0006909789	0.0000000000	0.0004163821
ASV_6917	3e-04	0.0000000000	0.0002380544	0.0006632183
ASV_7127	0.000234	0.0007030469	0.0000000000	0.0000000000
ASV_9445	0.000278	0.0006931852	0.0000000000	0.0001397976
ASV_9943	0.000257	0.0001100299	0.0001164947	0.0005431484
ASV_6338	0.00043	0.000000000	0.001289117	0.000000000
ASV_6988	0.000419	0.0005005164	0.0004988820	0.0002580386
ASV_6796	0.000315	0.0000000000	0.0006548442	0.0002910598
ASV_7046	0.000279	0.0000000000	0.0000000000	0.0008368074
ASV_7464	0.000313	0.0000000000	0.0009375059	0.0000000000
ASV_7362	0.000279	0.0000000000	0.0000000000	0.0008383002
ASV_7836	0.000327	0.0003931444	0.0005877801	0.0000000000
ASV_8008	0.000279	0.0000000000	0.0008376123	0.0000000000
ASV_8372	0.000289	0.0004512676	0.0000000000	0.0004156621
ASV_8606	0.000238	0.0000000000	0.0004811671	0.0002327129
ASV_6423	0.000249	0.0000000000	0.0003403661	0.0004073600
ASV_7255	0.000332	0.0004881847	0.0005078720	0.0000000000
ASV_7030	0.000287	0.0000000000	0.0007440311	0.0001163565
ASV_7504	0.000281	0.0000000000	0.0005805212	0.0002618864
ASV_7822	0.000313	0.0000000000	0.0009375059	0.0000000000
ASV_9143	0.000282	0.0000000000	0.0001202918	0.0007266510
ASV_9296	0.000302	0.0007372897	0.0001691670	0.0000000000
ASV_7595	0.000263	0.0001204674	0.0006695836	0.0000000000
ASV_7945	0.000241	0.0007228045	0.0000000000	0.0000000000
ASV_8084	0.000325	0.0002545073	0.0000000000	0.0007206737
ASV_8827	0.000253	0.0002329113	0.0001168410	0.0004090831
ASV_9085	0.000325	0.0005090146	0.0004659789	0.0000000000
ASV_9204	0.000345	0.0003800490	0.0001190272	0.0005371319
ASV_6771	0.000421	0.0009504667	0.0003125020	0.0000000000
ASV_7143	0.00033	0.0008710394	0.0001190272	0.0000000000
ASV_7456	0.000299	0.0002200598	0.0003888448	0.0002883806
ASV_8235	0.000311	0.0000000000	0.0000000000	0.0009325845
ASV_6900	0.00038	0.001139235	0.000000000	0.000000000
ASV_7814	0.000241	0.0003614022	0.0003608753	0.0000000000
ASV_7430	0.000424	0.0004900788	0.0007813388	0.0000000000
ASV_7603	0.000234	0.0007027457	0.0000000000	0.0000000000
ASV_9039	0.000264	0.0006003323	0.0000000000	0.0001908951
ASV_7574	0.000372	0.0003325087	0.0000000000	0.0007832631
ASV_7875	0.000243	0.0001100299	0.0006200368	0.0000000000
ASV_8392	0.000268	0.0001204674	0.0006824996	0.0000000000
ASV_8438	0.000238	0.0002330318	0.0004811671	0.0000000000
ASV_8908	0.000451	0.000000000	0.001353404	0.000000000
ASV_7777	0.00029	0.0002182358	0.0000000000	0.0006503431
ASV_8969	0.000279	0.0000000000	0.0000000000	0.0008368074
ASV_9412	0.000311	0.0000000000	0.0009344299	0.0000000000
ASV_9823	0.000293	0.0000000000	0.0000000000	0.0008780182
ASV_7936	0.000366	0.0005108400	0.0000000000	0.0005873553
ASV_8322	0.000404	0.0010216663	0.0000000000	0.0001908951
ASV_8317	0.000312	0.0008201685	0.0000000000	0.0001163565
ASV_8443	0.000514	0.0001100299	0.0014310000	0.0000000000
ASV_8692	0.000298	0.0000000000	0.0008928986	0.0000000000
ASV_8439	0.000226	0.0000000000	0.0006772814	0.0000000000
ASV_8844	0.000241	0.0000000000	0.0007217507	0.0000000000
ASV_8861	0.000255	0.0000000000	0.0000000000	0.0007649715
ASV_9793	0.000258	0.0000000000	0.0000000000	0.0007741159
ASV_9843	0.000352	0.0002182358	0.0008381917	0.0000000000
ASV_8465	0.000258	0.0000000000	0.0007727452	0.0000000000
ASV_8842	0.000302	0.0000000000	0.0004823443	0.0004223888
ASV_9794	0.000241	0.0000000000	0.0007217507	0.0000000000
ASV_9859	0.000238	0.0000000000	0.0007141633	0.0000000000
ASV_8325	0.000483	0.0011139818	0.0000000000	0.0003337691
ASV_9692	0.000465	0.0004727431	0.0009221293	0.0000000000
ASV_9754	0.000207	0.0000000000	0.0000000000	0.0006204319
ASV_9781	0.000297	0.0000000000	0.0004595250	0.0004327593
ASV_8911	0.000254	0.0000000000	0.0007621024	0.0000000000
ASV_9140	0.000264	0.0000000000	0.0001190272	0.0006735542
ASV_9645	0.000282	0.0002409348	0.0000000000	0.0006036149
ASV_9839	0.000285	0.0000000000	0.0001562510	0.0006989879
ASV_8995	0.000415	0.0004490246	0.0005210776	0.0002740806
ASV_9524	0.00028	0.0000000000	0.0000000000	0.0008398793
ASV_9712	0.00034	0.0003800490	0.0002380544	0.0004028489
ASV_9807	0.000256	0.0000000000	0.0007668322	0.0000000000
ASV_9308	0.000256	0.0001386370	0.0006298248	0.0000000000
ASV_592	0.000186	0.0004401195	0.0001190272	0.0000000000
ASV_757	0.000393	0.0003800490	0.0000000000	0.0008001856
ASV_1198	0.000284	0.0004900788	0.0003608753	0.0000000000
ASV_3112	0.000322	0.0002545073	0.0003125020	0.0004000928
ASV_2019	0.000259	0.0000000000	0.0002605388	0.0005170369
ASV_2075	0.000239	0.0000000000	0.0000000000	0.0007161849
ASV_2360	0.000379	0.001137411	0.000000000	0.000000000
ASV_2425	0.000199	0.0003601994	0.0002380544	0.0000000000
ASV_3171	0.000272	0.000000000	0.000000000	0.000815755
ASV_2788	0.000235	0.0000000000	0.0000000000	0.0007064781
ASV_3111	0.000239	0.0000000000	0.0001117683	0.0006057105
ASV_3885	0.000434	0.000000000	0.001302694	0.000000000
ASV_3293	0.000275	0.0002182358	0.0002741001	0.0003321907
ASV_4839	0.000189	0.0000000000	0.0005661004	0.0000000000
ASV_3569	0.000347	0.0000000000	0.0003888448	0.0006535130
ASV_3836	0.000194	0.0005825795	0.0000000000	0.0000000000
ASV_3415	0.000543	0.0015201958	0.0001100371	0.0000000000
ASV_3819	0.000268	0.0008028543	0.0000000000	0.0000000000
ASV_3637	0.000286	0.0003800490	0.0004773734	0.0000000000
ASV_4245	0.000182	0.0001204674	0.0002329894	0.0001922537
ASV_3983	0.000186	0.0000000000	0.0005588415	0.0000000000
ASV_3790	0.000205	0.0000000000	0.0004761089	0.0001397976
ASV_3920	0.000309	0.0005877535	0.0000000000	0.0003386005
ASV_4240	0.000358	0.0005982847	0.0000000000	0.0004749790
ASV_5908	0.00021	0.0001204674	0.0003767116	0.0001342830
ASV_4037	0.000269	0.0000000000	0.0000000000	0.0008072128
ASV_4347	0.000232	0.0001386370	0.0000000000	0.0005569578
ASV_4774	0.000426	0.0010180293	0.0002605388	0.0000000000
ASV_4780	0.000212	0.0000000000	0.0003570783	0.0002775881
ASV_5042	0.000238	0.000000000	0.000153175	0.000561912
ASV_5331	0.000256	0.0000000000	0.0003723071	0.0003962061
ASV_4242	0.000198	0.0000000000	0.0005951361	0.0000000000
ASV_4199	0.000222	0.0000000000	0.0002290644	0.0004365897
ASV_5346	0.000353	0.0003325087	0.0000000000	0.0007252709
ASV_4543	0.000258	0.0000000000	0.0000000000	0.0007744879
ASV_5095	0.000223	0.0000000000	0.0006695836	0.0000000000
ASV_5660	0.000211	0.0001100299	0.0000000000	0.0005237727
ASV_6050	0.000225	0.0000000000	0.0000000000	0.0006739408
ASV_6420	0.000279	0.0000000000	0.0001190272	0.0007187162
ASV_4624	0.000199	0.0000000000	0.0004811671	0.0001163565
ASV_5143	0.000258	0.0001204674	0.0002605388	0.0003919351
ASV_4974	2e-04	0.0000000000	0.0006014589	0.0000000000
ASV_5532	0.000328	0.0003800490	0.0001202918	0.0004835333
ASV_6110	0.000214	0.0003495477	0.0000000000	0.0002910598
ASV_7468	0.000287	0.0000000000	0.0008612349	0.0000000000
ASV_9550	0.00043	0.0010987687	0.0000000000	0.0001908951
ASV_5345	0.000222	0.000525941	0.000000000	0.000138794
ASV_6760	0.000222	0.0001204674	0.0003523519	0.0001924735
ASV_6809	0.000379	0.0006650174	0.0001562510	0.0003164029
ASV_5282	0.000298	0.000000000	0.000754067	0.000138794
ASV_5680	0.000422	0.0002182358	0.0009099224	0.0001385540
ASV_6432	0.000247	0.0000000000	0.0004595250	0.0002825912
ASV_5525	0.00026	0.0000000000	0.0007812549	0.0000000000
ASV_8974	0.000199	0.0002409348	0.0002405836	0.0001163565
ASV_5668	0.00025	0.0001204674	0.0000000000	0.0006305027
ASV_5963	0.00022	0.0001165159	0.0001691670	0.0003734750
ASV_6504	0.000233	0.0005545481	0.0000000000	0.0001455299
ASV_5652	0.00024	0.0000000000	0.0003808306	0.0003377836
ASV_5320	0.000268	0.0000000000	0.0002605388	0.0005434029
ASV_5526	0.000244	0.0000000000	0.0002320601	0.0005013035
ASV_5971	0.000214	0.0000000000	0.0002380544	0.0004028489
ASV_6441	0.000195	0.0003495477	0.0000000000	0.0002346809
ASV_6155	0.000245	0.0001165159	0.0006176204	0.0000000000
ASV_9449	0.000257	0.0004159111	0.0001562510	0.0002000464
ASV_6556	0.000251	0.0001204674	0.0004327937	0.0002000464
ASV_9548	0.000226	0.0001100299	0.0001531750	0.0004156621
ASV_6058	0.000213	0.0001165159	0.0001202918	0.0004028489
ASV_5667	0.00021	0.0000000000	0.0003505230	0.0002798497
ASV_5752	0.000235	0.0000000000	0.0005043426	0.0002000464
ASV_6476	0.000194	0.0005825795	0.0000000000	0.0000000000
ASV_6648	0.000213	0.0000000000	0.0003608753	0.0002771081
ASV_7321	0.000246	0.0001386370	0.0006006961	0.0000000000
ASV_6653	0.000355	0.000000000	0.001065513	0.000000000
ASV_9768	0.000245	0.0000000000	0.0000000000	0.0007335416
ASV_7336	0.000245	0.0000000000	0.0000000000	0.0007347698
ASV_8560	0.000216	0.0001204674	0.0000000000	0.0005277475
ASV_7048	0.000194	0.0000000000	0.0005824736	0.0000000000
ASV_6044	0.000225	0.0001100299	0.0000000000	0.0005651825
ASV_6674	0.000344	0.0001100299	0.0005210776	0.0004000928
ASV_6879	0.000231	0.0006931852	0.0000000000	0.0000000000
ASV_8419	0.000205	0.0003493669	0.0002662881	0.0000000000
ASV_8173	0.000176	0.0000000000	0.0002405836	0.0002883806
ASV_7633	0.000198	0.0000000000	0.0005951361	0.0000000000
ASV_9166	0.000226	0.0000000000	0.0001202918	0.0005571832
ASV_6756	0.000307	0.0003791709	0.0005420198	0.0000000000
ASV_6800	0.000232	0.0000000000	0.0000000000	0.0006969639
ASV_7315	0.000175	0.0000000000	0.0000000000	0.0005258031
ASV_7513	0.000186	0.0000000000	0.0005588415	0.0000000000
ASV_7525	0.000197	0.0000000000	0.0005904063	0.0000000000
ASV_7610	0.000198	0.0004401195	0.0001531750	0.0000000000
ASV_8357	0.000207	0.0004635291	0.0001562510	0.0000000000
ASV_6634	0.000219	0.0003493669	0.0003063500	0.0000000000
ASV_8618	2e-04	0.0001204674	0.0004799026	0.0000000000
ASV_8879	0.000204	0.0000000000	0.0006105831	0.0000000000
ASV_9222	0.000209	0.0000000000	0.0003596108	0.0002685660
ASV_7196	0.000351	0.0002554200	0.0005210776	0.0002775881
ASV_8177	0.000254	0.0002232163	0.0005384101	0.0000000000
ASV_8454	0.000228	0.0000000000	0.0000000000	0.0006844681
ASV_6639	0.000204	0.0001100299	0.0002200743	0.0002825912
ASV_6845	0.000175	0.000000000	0.000000000	0.000524305
ASV_7626	2e-04	0.0000000000	0.0006014589	0.0000000000
ASV_7905	0.000227	0.0002330318	0.0000000000	0.0004485472
ASV_7600	0.000199	0.0003574507	0.0002380544	0.0000000000
ASV_6892	0.000269	0.0006939110	0.0001117683	0.0000000000
ASV_9614	0.000243	0.0003568728	0.0002393190	0.0001342830
ASV_7197	0.000311	0.0002554200	0.0002605388	0.0004156621
ASV_7527	0.000204	0.0000000000	0.0002405836	0.0003725105
ASV_7942	0.000175	0.0001200665	0.0000000000	0.0004047370
ASV_8442	0.000212	0.0000000000	0.0001202918	0.0005155196
ASV_8489	0.000211	0.0006339229	0.0000000000	0.0000000000
ASV_9217	0.000287	0.0000000000	0.0000000000	0.0008600118
ASV_9396	0.000207	0.0001100299	0.0005102567	0.0000000000
ASV_7339	0.000254	0.0002232163	0.0001190272	0.0004188837
ASV_7605	0.000219	0.0002329113	0.0000000000	0.0004251250
ASV_7760	0.000261	0.0001204674	0.0006613092	0.0000000000
ASV_8640	0.000186	0.0000000000	0.0005588415	0.0000000000
ASV_9187	0.000236	0.0000000000	0.0007093365	0.0000000000
ASV_9724	0.000253	0.0002182358	0.0003943054	0.0001455299
ASV_7802	0.000224	0.0000000000	0.0000000000	0.0006714149
ASV_8427	0.000209	0.000000000	0.000000000	0.000627421
ASV_8453	0.000199	0.0000000000	0.0005976652	0.0000000000
ASV_7995	0.000231	0.0000000000	0.0000000000	0.0006942538
ASV_8226	0.000229	0.0000000000	0.0000000000	0.0006884734
ASV_9787	0.000237	0.0002369231	0.0000000000	0.0004750648
ASV_8544	0.000247	0.0002772741	0.0001562510	0.0003088300
ASV_8871	0.000287	0.0000000000	0.0000000000	0.0008616494
ASV_9108	0.000253	0.000000000	0.000000000	0.000757656
ASV_8522	0.000217	0.0003495477	0.0001100371	0.0001908951
ASV_8976	0.000359	0.0009554472	0.0001202918	0.0000000000
ASV_9172	0.000204	0.0001386370	0.0002393190	0.0002327129
ASV_9862	0.000199	0.0000000000	0.0003570816	0.0002401121
ASV_9501	0.000206	0.0000000000	0.0003596108	0.0002580386
ASV_9090	0.000231	0.0002409348	0.0002605388	0.0001922537
ASV_9132	0.00022	0.0001165159	0.0000000000	0.0005426465
ASV_9500	0.000294	0.0000000000	0.0008819529	0.0000000000
ASV_9820	0.00026	0.0000000000	0.0007812549	0.0000000000
ASV_9728	0.000491	0.000000000	0.001472884	0.000000000
ASV_9756	0.000218	0.0000000000	0.0000000000	0.0006534884
ASV_8994	0.000281	0.0006065947	0.0000000000	0.0002374225
ASV_9059	0.00029	0.0008704169	0.0000000000	0.0000000000
ASV_9345	0.000224	0.0002200598	0.0001190272	0.0003321907
ASV_9425	0.000295	0.0003710232	0.0003723071	0.0001412956
ASV_8337	0.000231	0.0006931852	0.0000000000	0.0000000000
ASV_8601	0.000238	0.0000000000	0.0000000000	0.0007150911
ASV_9212	0.000235	0.0000000000	0.0002605388	0.0004451962
ASV_9246	0.000248	0.0000000000	0.0000000000	0.0007453513
ASV_9557	0.000195	0.0003495477	0.0001202918	0.0001163565
ASV_9810	0.000413	0.000000000	0.001240291	0.000000000
ASV_9125	0.000221	0.0000000000	0.0005461839	0.0001163565
ASV_9158	0.000264	0.0001100299	0.0002605388	0.0004228780
ASV_9438	0.000224	0.0000000000	0.0001190272	0.0005542162
ASV_8880	0.00026	0.0000000000	0.0007812549	0.0000000000
ASV_9818	0.000249	0.0000000000	0.0002320601	0.0005160731
ASV_9356	0.000349	0.0009092147	0.0000000000	0.0001387940
ASV_9492	0.000255	0.0000000000	0.0007658751	0.0000000000
ASV_9689	0.00039	0.001018029	0.000153175	0.000000000
ASV_9469	0.000274	0.000000000	0.000156251	0.000665357
ASV_9700	0.000235	0.0000000000	0.0000000000	0.0007058753
ASV_649	0.000186	0.0000000000	0.0000000000	0.0005567032
ASV_901	0.000156	0.000000000	0.000467364	0.000000000
ASV_993	0.000327	0.0007600979	0.0002200743	0.0000000000
ASV_1629	0.000266	0.0001100299	0.0005420198	0.0001455299
ASV_2191	0.000185	0.0000000000	0.0000000000	0.0005542162
ASV_2400	0.000349	0.0008765535	0.0001691670	0.0000000000
ASV_3340	0.000194	0.0000000000	0.0000000000	0.0005821196
ASV_3759	0.00016	0.0004806668	0.0000000000	0.0000000000
ASV_2614	0.000155	0.0004660636	0.0000000000	0.0000000000
ASV_3090	0.000156	0.000000000	0.000467364	0.000000000
ASV_2588	0.000248	0.0001100299	0.0006328459	0.0000000000
ASV_2644	0.000366	0.001098769	0.000000000	0.000000000
ASV_2886	0.000181	0.0001100299	0.0004327937	0.0000000000
ASV_3354	0.000257	0.0004464326	0.0000000000	0.0003251781
ASV_3890	0.000258	0.0000000000	0.0000000000	0.0007727316
ASV_3654	0.000171	0.0000000000	0.0001117683	0.0004004404
ASV_3087	0.000164	0.0000000000	0.0003570816	0.0001342830
ASV_3185	0.000169	0.0000000000	0.0002752782	0.0002327129
ASV_3889	0.000191	0.0000000000	0.0002405836	0.0003310276
ASV_3231	0.000171	0.0002772741	0.0000000000	0.0002359244
ASV_4136	0.000317	0.0009504667	0.0000000000	0.0000000000
ASV_3668	0.000196	0.0000000000	0.0005877801	0.0000000000
ASV_4036	0.000269	0.0008070758	0.0000000000	0.0000000000
ASV_4584	0.000211	0.0002182358	0.0000000000	0.0004138781
ASV_5162	0.000341	0.0007600979	0.0000000000	0.0002623097
ASV_4660	0.000181	0.0002554200	0.0000000000	0.0002883806
ASV_4323	0.00018	0.0000000000	0.0000000000	0.0005406299
ASV_4521	0.000197	0.0001100299	0.0000000000	0.0004798593
ASV_8622	0.000195	0.0000000000	0.0000000000	0.0005847951
ASV_4528	0.000209	0.0003719359	0.0000000000	0.0002549105
ASV_6557	0.000157	0.0002330318	0.0002393190	0.0000000000
ASV_4856	0.000265	0.0003800490	0.0000000000	0.0004156621
ASV_5602	0.000246	0.0000000000	0.0002605388	0.0004771545
ASV_4524	0.000269	0.0006696488	0.0000000000	0.0001385540
ASV_4770	0.000207	0.0000000000	0.0006214141	0.0000000000
ASV_5461	0.000136	0.0000000000	0.0001202918	0.0002883806
ASV_8264	0.000247	0.0000000000	0.0005499975	0.0001924735
ASV_5543	0.000166	0.0000000000	0.0004992784	0.0000000000
ASV_4881	0.000194	0.0000000000	0.0000000000	0.0005818407
ASV_5648	0.000155	0.0004658226	0.0000000000	0.0000000000
ASV_5221	0.000159	0.0000000000	0.0004761089	0.0000000000
ASV_5858	0.000379	0.001136163	0.000000000	0.000000000
ASV_5579	0.000178	0.0001204674	0.0000000000	0.0004143727
ASV_5213	0.000199	0.0002232163	0.0003738826	0.0000000000
ASV_5015	0.000201	0.0002554200	0.0000000000	0.0003490694
ASV_5431	2e-04	0.0001165159	0.0000000000	0.0004841304
ASV_5830	0.000247	0.0000000000	0.0007411519	0.0000000000
ASV_6433	0.000144	0.0000000000	0.0002405836	0.0001922537
ASV_8276	0.000321	0.0007018526	0.0002605388	0.0000000000
ASV_6649	0.000153	0.0001204674	0.0003400313	0.0000000000
ASV_5396	0.000225	0.0004159111	0.0002605388	0.0000000000
ASV_5905	0.000177	0.0000000000	0.0000000000	0.0005320186
ASV_6782	2e-04	0.0000000000	0.0000000000	0.0005998335
ASV_5813	0.000155	0.0000000000	0.0004659789	0.0000000000
ASV_5399	0.000181	0.0000000000	0.0001202918	0.0004238869
ASV_5540	0.000223	0.0000000000	0.0000000000	0.0006675383
ASV_5937	0.000247	0.0007420464	0.0000000000	0.0000000000
ASV_6526	0.000155	0.0001204674	0.0003438284	0.0000000000
ASV_7095	0.000254	0.0002232163	0.0002605388	0.0002773481
ASV_5741	0.000171	0.0000000000	0.0000000000	0.0005125626
ASV_6817	0.000155	0.0004660636	0.0000000000	0.0000000000
ASV_5783	0.000246	0.0003800490	0.0003570816	0.0000000000
ASV_5469	0.000186	0.0000000000	0.0000000000	0.0005591903
ASV_5899	0.00022	0.0000000000	0.0004687529	0.0001908951
ASV_7712	0.000275	0.0002182358	0.0004167898	0.0001908951
ASV_7093	0.000317	0.0009522921	0.0000000000	0.0000000000
ASV_7874	0.00018	0.0000000000	0.0003505230	0.0001908951
ASV_9389	0.000156	0.0001200665	0.0000000000	0.0003490694
ASV_5854	0.000244	0.0004900788	0.0002405836	0.0000000000
ASV_7228	0.000156	0.000000000	0.000467364	0.000000000
ASV_7188	0.000168	0.0002330318	0.0002722022	0.0000000000
ASV_8647	0.000226	0.0000000000	0.0001538083	0.0005237411
ASV_7059	0.000155	0.0000000000	0.0000000000	0.0004654258
ASV_8582	0.000147	0.0004401195	0.0000000000	0.0000000000
ASV_6714	0.000186	0.0000000000	0.0000000000	0.0005591903
ASV_7250	0.000156	0.0000000000	0.0000000000	0.0004676338
ASV_8167	0.000199	0.0000000000	0.0005958437	0.0000000000
ASV_8202	0.00031	0.0006696488	0.0002605388	0.0000000000
ASV_6115	0.000247	0.0007402484	0.0000000000	0.0000000000
ASV_6923	0.000177	0.0000000000	0.0002894587	0.0002401121
ASV_6896	0.000191	0.0001204674	0.0001562510	0.0002961733
ASV_6460	0.00024	0.0000000000	0.0007200638	0.0000000000
ASV_6759	0.000161	0.0002409348	0.0002405836	0.0000000000
ASV_8885	0.000155	0.0000000000	0.0000000000	0.0004654258
ASV_7113	0.000201	0.0002330318	0.0003705759	0.0000000000
ASV_9757	0.000193	0.0000000000	0.0001202918	0.0004594610
ASV_7158	0.000157	0.0003614022	0.0001100371	0.0000000000
ASV_7528	0.000162	0.0000000000	0.0003391015	0.0001455299
ASV_7741	0.00025	0.0006309065	0.0001202918	0.0000000000
ASV_7349	0.000262	0.0000000000	0.0002605388	0.0005262427
ASV_7373	0.00044	0.000000000	0.001319709	0.000000000
ASV_9706	0.000202	0.0001386370	0.0004687529	0.0000000000
ASV_7608	0.000147	0.0004401195	0.0000000000	0.0000000000
ASV_7813	0.00019	0.0001100299	0.0002680193	0.0001924735
ASV_8490	0.000264	0.0000000000	0.0000000000	0.0007910343
ASV_8593	0.000174	0.0000000000	0.0000000000	0.0005205883
ASV_9404	0.00019	0.0000000000	0.0002329894	0.0003364250
ASV_7876	0.000304	0.0002554200	0.0003888448	0.0002685660
ASV_8102	0.000318	0.0005001154	0.0002605388	0.0001924735
ASV_9739	0.000198	0.000000e+00	4.985932e-04	9.612686e-05
ASV_7031	0.000193	0.0000000000	0.0005787901	0.0000000000
ASV_7808	0.000142	0.0000000000	0.0000000000	0.0004271746
ASV_8236	0.000226	0.0000000000	0.0006766678	0.0000000000
ASV_7623	0.00016	0.0000000000	0.0004811671	0.0000000000
ASV_8638	0.000387	0.0007600979	0.0002605388	0.0001412956
ASV_8888	0.000205	0.0000000000	0.0004985932	0.0001163565
ASV_9406	0.000193	0.0001200665	0.0000000000	0.0004601806
ASV_7475	0.000338	0.0001165159	0.0008967169	0.0000000000
ASV_8486	2e-04	0.0000000000	0.0000000000	0.0006008371
ASV_9544	2e-04	0.0001204674	0.0000000000	0.0004792990
ASV_7495	0.000174	0.0000000000	0.0001100371	0.0004116311
ASV_7695	0.000158	0.0001165159	0.0003570816	0.0000000000
ASV_7821	0.000167	0.0000000000	0.0001202918	0.0003814543
ASV_9937	0.000185	0.0001386370	0.0002235366	0.0001924735
ASV_7499	0.000298	0.0000000000	0.0007013468	0.0001924735
ASV_8020	0.000178	0.0000000000	0.0001562510	0.0003787181
ASV_8143	0.000164	0.0001204674	0.0002380544	0.0001342830
ASV_8212	0.000347	0.000000000	0.001042155	0.000000000
ASV_9171	0.000148	2.369833e-04	1.117683e-04	9.612686e-05
ASV_9397	0.000166	0.0001164556	0.0002405836	0.0001412956
ASV_7980	0.000192	0.0000000000	0.0005763883	0.0000000000
ASV_8013	0.00024	0.0000000000	0.0000000000	0.0007187162
ASV_9502	0.00016	0.0000000000	0.0004811671	0.0000000000
ASV_8498	0.000192	0.0000000000	0.0000000000	0.0005754259
ASV_8968	0.000203	0.0000000000	0.0000000000	0.0006083757
ASV_9304	0.000173	0.0003977415	0.0001202918	0.0000000000
ASV_8830	0.000208	0.0000000000	0.0006250039	0.0000000000
ASV_9107	0.000157	0.0003614022	0.0001100371	0.0000000000
ASV_9377	0.000196	0.0003873039	0.0000000000	0.0002000464
ASV_9860	0.000159	0.0000000000	0.0004761089	0.0000000000
ASV_8865	0.00015	0.000000e+00	3.527092e-04	9.612686e-05
ASV_9738	0.000155	0.0000000000	0.0004659789	0.0000000000
ASV_8878	0.000163	0.0002772741	0.0000000000	0.0002124833
ASV_9871	0.000156	0.00000000	0.00046885	0.00000000
ASV_8124	0.00025	0.000750973	0.000000000	0.000000000
ASV_8130	0.000163	0.0001200665	0.0000000000	0.0003692039
ASV_9196	0.000261	0.0000000000	0.0007826034	0.0000000000
ASV_8738	0.000217	0.00000000	0.00064978	0.00000000
ASV_8897	0.000198	0.000000000	0.000000000	0.000593744
ASV_9436	0.000157	0.0000000000	0.0004709125	0.0000000000
ASV_9690	0.000343	0.0005090146	0.0005210776	0.0000000000
ASV_9723	0.000156	0.0000000000	0.0001190272	0.0003490694
ASV_8517	0.000175	0.0001165159	0.0000000000	0.0004073600
ASV_8527	0.000507	0.001520196	0.000000000	0.000000000
ASV_8575	0.000186	0.0001100299	0.0001202918	0.0003267565
ASV_8828	0.000157	0.0000000000	0.0000000000	0.0004720666
ASV_9117	0.000204	0.0000000000	0.0000000000	0.0006108772
ASV_9328	0.000157	0.0002409348	0.0002290644	0.0000000000
ASV_9497	0.00016	0.0000000000	0.0004811671	0.0000000000
ASV_9683	0.000318	0.0009554472	0.0000000000	0.0000000000
ASV_9150	0.000156	0.0000000000	0.0003301114	0.0001385540
ASV_9417	0.000249	0.0000000000	0.0006089191	0.0001387940
ASV_9735	0.000165	0.0000000000	0.0003570816	0.0001387940
ASV_9814	0.000173	0.0000000000	0.0002380544	0.0002795951
ASV_9788	0.000159	0.0000000000	0.0004761089	0.0000000000
ASV_78	0.000149	0.0000000000	0.0004483711	0.0000000000
ASV_434	0.000178	0.0002554200	0.0000000000	0.0002773481
ASV_762	0.000274	0.0006650174	0.0001562510	0.0000000000
ASV_1505	0.000118	0.0001165159	0.0002380544	0.0000000000
ASV_1656	0.000117	0.0002330318	0.0001190272	0.0000000000
ASV_2544	0.00015	0.0000000000	0.0000000000	0.0004489337
ASV_2773	0.000215	0.0004900788	0.0001562510	0.0000000000
ASV_3383	0.000124	0.0002330318	0.0000000000	0.0001385540
ASV_2888	0.000158	0.0000000000	0.0000000000	0.0004750648
ASV_2974	0.000126	0.0000000000	0.0002405836	0.0001385540
ASV_3493	0.000245	0.0007340563	0.0000000000	0.0000000000
ASV_3581	0.000145	0.0001386370	0.0001562510	0.0001412956
ASV_3334	0.000115	0.0000000000	0.0003438284	0.0000000000
ASV_3798	0.000172	0.0000000000	0.0001168410	0.0004000928
ASV_3186	0.000198	0.0005950919	0.0000000000	0.0000000000
ASV_3984	0.000101	0.0000000000	0.0001117683	0.0001922537
ASV_3593	0.00012	0.0000000000	0.0003608753	0.0000000000
ASV_3919	0.000174	0.0002232163	0.0001538083	0.0001455299
ASV_3625	0.000125	0.0000000000	0.0003763253	0.0000000000
ASV_3974	0.000206	0.000000e+00	5.210776e-04	9.612686e-05
ASV_3976	0.000126	0.0000000000	0.0002405836	0.0001385540
ASV_4176	0.000225	0.0003800490	0.0000000000	0.0002961733
ASV_3947	0.000192	0.0000000000	0.0000000000	0.0005774205
ASV_4363	0.000168	0.0000000000	0.0003125020	0.0001908951
ASV_4239	0.000143	0.0001165159	0.0003125020	0.0000000000
ASV_4321	0.000127	0.0000000000	0.0000000000	0.0003817943
ASV_4623	0.000165	0.0002330318	0.0002605388	0.0000000000
ASV_4110	0.000279	0.0006354690	0.0000000000	0.0002000464
ASV_4119	0.000176	0.0001204674	0.0002605388	0.0001455299
ASV_4314	0.000133	0.0001100299	0.0000000000	0.0002886004
ASV_4728	0.000188	0.0002545073	0.0001190272	0.0001908951
ASV_5339	0.000146	0.0000000000	0.0000000000	0.0004365897
ASV_4764	0.000151	0.0002232163	0.0002303289	0.0000000000
ASV_6675	0.000135	0.000000e+00	3.100593e-04	9.612686e-05
ASV_4440	0.000132	0.0000000000	0.0001190272	0.0002771081
ASV_5743	0.000154	0.000000000	0.000462601	0.000000000
ASV_4593	0.000113	0.0000000000	0.0000000000	0.0003377836
ASV_4724	0.00014	0.0000000000	0.0000000000	0.0004193927
ASV_4850	0.00011	2.330318e-04	0.000000e+00	9.612686e-05
ASV_6059	0.000124	0.0002330318	0.0000000000	0.0001385540
ASV_5272	0.00012	0.0002200598	0.0000000000	0.0001397976
ASV_4829	0.000146	0.0000000000	0.0000000000	0.0004365897
ASV_5920	0.000126	0.0000000000	0.0002336820	0.0001455299
ASV_5531	0.000119	0.0000000000	0.0003570816	0.0000000000
ASV_7051	0.000167	0.0001100299	0.0000000000	0.0003909415
ASV_4927	0.000191	0.0003800490	0.0000000000	0.0001922537
ASV_6609	0.000206	0.0005005164	0.0000000000	0.0001163565
ASV_5397	0.000153	0.000000000	0.000000000	0.000458085
ASV_9136	0.00015	0.0004512676	0.0000000000	0.0000000000
ASV_5737	0.000126	0.0000000000	0.0000000000	0.0003782428
ASV_5739	2e-04	0.0000000000	0.0000000000	0.0006001392
ASV_5970	0.000139	0.0000000000	0.0000000000	0.0004163821
ASV_7646	0.000123	0.0000000000	0.0001117683	0.0002561540
ASV_6344	0.000146	0.0000000000	0.0000000000	0.0004365897
ASV_7734	0.000197	0.0003325087	0.0000000000	0.0002580386
ASV_5199	0.000179	0.0002772741	0.0002605388	0.0000000000
ASV_6308	0.000127	0.0002401329	0.0000000000	0.0001397976
ASV_5750	0.000127	0.0003795719	0.0000000000	0.0000000000
ASV_6731	0.000117	0.0003495477	0.0000000000	0.0000000000
ASV_7252	0.000165	0.0002330318	0.0002605388	0.0000000000
ASV_7640	0.000239	0.0003800490	0.0000000000	0.0003380034
ASV_6073	0.000156	0.0000000000	0.0000000000	0.0004684832
ASV_5791	0.000136	0.0001386370	0.0002680193	0.0000000000
ASV_6070	0.000124	0.0000000000	0.0000000000	0.0003717055
ASV_6000	0.000159	0.0000000000	0.0000000000	0.0004771545
ASV_7536	0.000198	0.0000000000	0.0002605388	0.0003343294
ASV_5727	0.00012	0.0002200598	0.0000000000	0.0001397976
ASV_5806	0.00015	0.0001165159	0.0000000000	0.0003322711
ASV_5834	0.000139	0.0000000000	0.0000000000	0.0004159021
ASV_6053	0.000112	0.0001164556	0.0002200743	0.0000000000
ASV_6152	0.000167	0.0000000000	0.0005011224	0.0000000000
ASV_6217	0.000138	0.0002200598	0.0000000000	0.0001924735
ASV_5969	0.000285	0.0003325087	0.0005210776	0.0000000000
ASV_6486	0.00013	0.0002330318	0.0001562510	0.0000000000
ASV_7404	0.000224	0.0004727431	0.0000000000	0.0002000464
ASV_9582	0.000213	0.0003800490	0.0000000000	0.0002580386
ASV_6216	0.00012	0.0002409348	0.0001202918	0.0000000000
ASV_6296	0.000254	0.0003325087	0.0004297057	0.0000000000
ASV_6250	0.000179	0.0000000000	0.0002605388	0.0002771081
ASV_7335	0.00013	0.0000000000	0.0001202918	0.0002685660
ASV_5898	0.000141	0.0000000000	0.0000000000	0.0004238869
ASV_7668	0.000116	0.0001165159	0.0002320601	0.0000000000
ASV_8201	0.000135	0.0001386370	0.0000000000	0.0002650513
ASV_6669	0.000173	0.0001200665	0.0000000000	0.0004000928
ASV_7512	0.000116	0.0000000000	0.0000000000	0.0003490694
ASV_6820	0.00011	0.0002200598	0.0001100371	0.0000000000
ASV_7799	0.000128	0.0001200665	0.0002649433	0.0000000000
ASV_6466	0.00011	0.0000000000	0.0003301114	0.0000000000
ASV_6591	0.000118	0.0003534992	0.0000000000	0.0000000000
ASV_6785	0.000153	0.0000000000	0.0000000000	0.0004575248
ASV_7711	0.00011	0.0000000000	0.0003301114	0.0000000000
ASV_9815	0.00014	0.0000000000	0.0001100371	0.0003088300
ASV_9424	0.000116	0.0000000000	0.0003494842	0.0000000000
ASV_6194	0.000117	0.0003495477	0.0000000000	0.0000000000
ASV_6289	0.000248	0.0007445862	0.0000000000	0.0000000000
ASV_7386	0.000261	0.0000000000	0.0007816164	0.0000000000
ASV_7423	0.000117	0.0003495477	0.0000000000	0.0000000000
ASV_9535	0.000121	0.0000000000	0.0002380544	0.0001237556
ASV_6603	3e-04	0.0007600979	0.0000000000	0.0001397976
ASV_7019	0.000131	0.0001164556	0.0000000000	0.0002771081
ASV_7183	0.000153	0.000000000	0.000459525	0.000000000
ASV_7358	0.000129	0.0000000000	0.0001190272	0.0002685660
ASV_7654	0.000152	0.0003347517	0.0001202918	0.0000000000
ASV_7478	0.000255	0.00076626	0.00000000	0.00000000
ASV_8850	0.000139	0.0000000000	0.0000000000	0.0004163821
ASV_9890	0.000126	0.0001386370	0.0002405836	0.0000000000
ASV_7511	0.000116	0.0000000000	0.0003494842	0.0000000000
ASV_7652	0.000195	0.0002554200	0.0000000000	0.0003306926
ASV_7786	0.000191	0.0000000000	0.0000000000	0.0005726852
ASV_7967	0.00012	0.0000000000	0.0003608753	0.0000000000
ASV_9442	0.000191	0.0000000000	0.0000000000	0.0005726852
ASV_9946	0.00015	0.0004511471	0.0000000000	0.0000000000
ASV_6804	0.000144	0.0000000000	0.0004327937	0.0000000000
ASV_7374	0.00031	0.0000000000	0.0009308647	0.0000000000
ASV_7827	0.000133	0.0002772741	0.0001202918	0.0000000000
ASV_8455	0.00012	0.0002200598	0.0000000000	0.0001387940
ASV_8814	0.000101	0.0001100299	0.0000000000	0.0001922537
ASV_9602	0.000188	0.0003325087	0.0000000000	0.0002327129
ASV_6789	0.000139	0.0000000000	0.0000000000	0.0004163821
ASV_7173	0.000137	0.0001204674	0.0000000000	0.0002910598
ASV_7319	0.00012	0.0000000000	0.0003608753	0.0000000000
ASV_7324	0.000123	0.0000000000	0.0001202918	0.0002475113
ASV_8261	0.000167	0.0001204674	0.0003795660	0.0000000000
ASV_8786	0.000123	0.0003687334	0.0000000000	0.0000000000
ASV_8841	0.000198	0.0003325087	0.0000000000	0.0002625497
ASV_9551	0.00014	0.0001164556	0.0001691670	0.0001342830
ASV_7058	0.000113	0.0000000000	0.0003403661	0.0000000000
ASV_7615	0.000198	0.0004364716	0.0001562510	0.0000000000
ASV_7042	0.000149	0.0000000000	0.0000000000	0.0004475577
ASV_7120	0.000252	0.0004965648	0.0002605388	0.0000000000
ASV_7809	0.000161	0.0002182358	0.0001190272	0.0001455299
ASV_8632	0.00012	0.0000000000	0.0003608753	0.0000000000
ASV_7981	0.00013	0.0000000000	0.0003912294	0.0000000000
ASV_8635	0.00011	0.0000000000	0.0000000000	0.0003288398
ASV_8700	0.00021	0.0004727431	0.0001562510	0.0000000000
ASV_9179	0.000124	0.0001386370	0.0000000000	0.0002327129
ASV_7985	0.00016	0.0000000000	0.0000000000	0.0004798593
ASV_8191	0.000231	0.000380049	0.000312502	0.000000000
ASV_8196	0.000111	0.000000e+00	2.380544e-04	9.612686e-05
ASV_8217	0.000175	0.0000000000	0.0005254821	0.0000000000
ASV_8611	0.000146	0.0001386370	0.0001531750	0.0001455299
ASV_8654	0.000116	0.0000000000	0.0001190272	0.0002304098
ASV_8732	0.000139	0.0000000000	0.0000000000	0.0004163821
ASV_7634	0.000135	0.0000000000	0.0000000000	0.0004038453
ASV_7661	0.000133	0.0000000000	0.0000000000	0.0004004404
ASV_7926	0.00019	0.0003325087	0.0002380544	0.0000000000
ASV_8269	0.000109	0.0000000000	0.0000000000	0.0003265367
ASV_8445	0.000128	0.0000000000	0.0002380544	0.0001455299
ASV_8554	0.00012	0.0003614022	0.0000000000	0.0000000000
ASV_8855	0.000239	0.0003325087	0.0002605388	0.0001237556
ASV_8942	0.000297	0.000890889	0.000000000	0.000000000
ASV_9112	0.000156	0.0000000000	0.0004687529	0.0000000000
ASV_9257	0.000131	0.0000000000	0.0000000000	0.0003934646
ASV_9826	0.000126	0.0000000000	0.0001100371	0.0002685660
ASV_8432	0.00018	0.0000000000	0.0005397429	0.0000000000
ASV_8642	0.000134	0.0000000000	0.0000000000	0.0004028489
ASV_9902	0.000351	0.0006650174	0.0003888448	0.0000000000
ASV_7994	0.000156	0.0000000000	0.0004687529	0.0000000000
ASV_8456	0.000144	0.0000000000	0.0004315292	0.0000000000
ASV_9437	0.000119	0.0000000000	0.0003570816	0.0000000000
ASV_9743	0.000139	0.0000000000	0.0000000000	0.0004161421
ASV_8181	0.000133	0.0000000000	0.0001168410	0.0002825912
ASV_8214	0.000156	0.0000000000	0.0004687529	0.0000000000
ASV_8757	0.000305	0.0007600979	0.0001562510	0.0000000000
ASV_9291	0.000184	0.0003325087	0.0002200743	0.0000000000
ASV_9766	0.000131	0.0000000000	0.0000000000	0.0003923216
ASV_9772	0.000224	0.0002182358	0.0002605388	0.0001924735
ASV_9850	0.00012	0.0000000000	0.0003596108	0.0000000000
ASV_7917	0.000216	0.000380049	0.000000000	0.000268566
ASV_8795	0.000134	0.0001204674	0.0000000000	0.0002825912
ASV_9147	0.000141	0.0000000000	0.0004225391	0.0000000000
ASV_8682	0.000153	0.000000000	0.000459525	0.000000000
ASV_8736	0.00024	0.0000000000	0.0005210776	0.0002000464
ASV_9620	0.000133	0.0003977415	0.0000000000	0.0000000000
ASV_9885	0.000141	0.000000000	0.000000000	0.000422638
ASV_9929	0.000158	0.0000000000	0.0002734668	0.0002000464
ASV_8169	0.000166	0.0000000000	0.0004985932	0.0000000000
ASV_8179	0.00016	0.000000000	0.000000000	0.000479299
ASV_8621	0.000135	0.0000000000	0.0001202918	0.0002840840
ASV_9134	0.000156	0.0000000000	0.0004687529	0.0000000000
ASV_9855	0.000118	0.0001165159	0.0002380544	0.0000000000
ASV_8384	0.000126	0.0001386370	0.0002405836	0.0000000000
ASV_8519	0.000119	0.0002330318	0.0000000000	0.0001237556
ASV_9163	0.000119	0.0000000000	0.0003570816	0.0000000000
ASV_9273	0.000131	0.0001165159	0.0002752782	0.0000000000
ASV_9481	0.000181	0.0002182358	0.0003254179	0.0000000000
ASV_9927	0.000222	0.0000000000	0.0003888448	0.0002775881
ASV_8725	0.000163	0.0002554200	0.0000000000	0.0002327129
ASV_9373	0.00014	0.0000000000	0.0000000000	0.0004193927
ASV_9432	0.000118	0.0002200598	0.0000000000	0.0001342830
ASV_9841	0.000155	0.000000000	0.000465677	0.000000000
ASV_9926	0.000139	0.0000000000	0.0000000000	0.0004163821
ASV_9100	0.000159	0.0000000000	0.0001531750	0.0003251781
ASV_8667	0.000156	0.0000000000	0.0004687529	0.0000000000
ASV_9205	0.000126	0.0000000000	0.0002380544	0.0001412956
ASV_9238	0.000118	0.0000000000	0.0000000000	0.0003541655
ASV_9782	0.000139	0.0000000000	0.0000000000	0.0004169057
ASV_9271	0.00011	2.330318e-04	0.000000e+00	9.612686e-05
ASV_9619	0.000133	0.0003977415	0.0000000000	0.0000000000
ASV_9718	0.000219	0.0000000000	0.0006568641	0.0000000000
ASV_1133	8e-05	0.0002409348	0.0000000000	0.0000000000
ASV_1782	0.000174	0.0000000000	0.0005210776	0.0000000000
ASV_2247	0.000122	0.0003654499	0.0000000000	0.0000000000
ASV_1776	0.000133	0.0000000000	0.0002605388	0.0001397976
ASV_1722	9.3e-05	0.0000000000	0.0002792041	0.0000000000
ASV_1805	9.3e-05	0.0000000000	0.0000000000	0.0002783516
ASV_1937	9.2e-05	0.0000000000	0.0000000000	0.0002771081
ASV_2096	0.000104	0.0001204674	0.0000000000	0.0001924735
ASV_2260	9.6e-05	0.0000000000	0.0001538083	0.0001342830
ASV_2288	8.6e-05	0.0001165159	0.0000000000	0.0001412956
ASV_2664	0.000174	0.0000000000	0.0005210776	0.0000000000
ASV_2299	0.000108	0.000000000	0.000000000	0.000323802
ASV_2813	9.3e-05	0.0001386370	0.0000000000	0.0001397976
ASV_2638	0.000198	0.0003325087	0.0002605388	0.0000000000
ASV_3129	7.9e-05	0.0000000000	0.0002380544	0.0000000000
ASV_3068	0.000104	0.0000000000	0.0001202918	0.0001908951
ASV_4074	8e-05	0.0000000000	0.0002405836	0.0000000000
ASV_5608	0.000149	0.0002554200	0.0000000000	0.0001924735
ASV_3468	9.7e-05	0.000000000	0.000153175	0.000138554
ASV_4316	0.000127	0.0001204674	0.0002605388	0.0000000000
ASV_3335	7.9e-05	0.0000000000	0.0002380544	0.0000000000
ASV_3495	7.7e-05	0.0000000000	0.0002307955	0.0000000000
ASV_3766	0.000105	0.0000000000	0.0000000000	0.0003146507
ASV_3758	6.4e-05	0.0000000000	0.0000000000	0.0001922537
ASV_3494	0.000119	0.000000e+00	2.605388e-04	9.612686e-05
ASV_4128	9.3e-05	0.0000000000	0.0000000000	0.0002775881
ASV_3825	7.8e-05	0.0000000000	0.0002329894	0.0000000000
ASV_4120	9.1e-05	0.000138637	0.000000000	0.000134283
ASV_4639	8.6e-05	0.0000000000	0.0001168410	0.0001397976
ASV_4577	9.3e-05	0.0000000000	0.0000000000	0.0002795951
ASV_4256	9.5e-05	0.0001165159	0.0001691670	0.0000000000
ASV_4100	7.3e-05	0.0002200598	0.0000000000	0.0000000000
ASV_4585	9.2e-05	0.0000000000	0.0000000000	0.0002771081
ASV_4674	0.000103	0.000000000	0.000309426	0.000000000
ASV_4466	9.1e-05	0.000000000	0.000273092	0.000000000
ASV_4357	0.000163	0.0003325087	0.0001562510	0.0000000000
ASV_6952	0.00017	0.0005090146	0.0000000000	0.0000000000
ASV_4404	7.9e-05	0.0000000000	0.0001202918	0.0001163565
ASV_4725	7.9e-05	0.0000000000	0.0001202918	0.0001163565
ASV_4471	0.000173	0.000380049	0.000000000	0.000138794
ASV_4252	9.4e-05	0.0000000000	0.0000000000	0.0002810932
ASV_4925	0.000143	0.0000000000	0.0004297057	0.0000000000
ASV_4990	0.000154	0.0000000000	0.0002605388	0.0002000464
ASV_5285	0.000133	0.0000000000	0.0000000000	0.0004000928
ASV_5977	0.000133	0.0000000000	0.0002605388	0.0001385540
ASV_7996	0.000176	0.0001386370	0.0003888448	0.0000000000
ASV_5217	9.7e-05	0.0000000000	0.0000000000	0.0002910598
ASV_9203	7.8e-05	0.0000000000	0.0001190272	0.0001163565
ASV_5976	0.000127	0.0000000000	0.0003808306	0.0000000000
ASV_4934	0.000127	0.0000000000	0.0003808306	0.0000000000
ASV_5225	9.7e-05	0.000000000	0.000153175	0.000138794
ASV_4823	0.000104	0.000000000	0.000312502	0.000000000
ASV_6350	0.000119	0.0000000000	0.0001562510	0.0002000464
ASV_5534	9.2e-05	0.0000000000	0.0000000000	0.0002771081
ASV_5099	8e-05	0.0001164556	0.0000000000	0.0001237556
ASV_6898	7.8e-05	0.0002329113	0.0000000000	0.0000000000
ASV_6020	0.000125	0.0003758874	0.0000000000	0.0000000000
ASV_5742	7.3e-05	0.0001100299	0.0001100371	0.0000000000
ASV_5748	0.000196	0.000587016	0.000000000	0.000000000
ASV_5836	7.5e-05	0.0001100299	0.0000000000	0.0001163565
ASV_5895	0.000182	0.0000000000	0.0005450958	0.0000000000
ASV_6691	0.000104	0.000000000	0.000312502	0.000000000
ASV_5417	9.3e-05	0.0000000000	0.0000000000	0.0002795951
ASV_6682	7.7e-05	0.0000000000	0.0000000000	0.0002304098
ASV_7794	7.9e-05	0.0000000000	0.0002380544	0.0000000000
ASV_5911	0.000149	0.0002554200	0.0000000000	0.0001908951
ASV_6164	0.000108	0.0000000000	0.0003254179	0.0000000000
ASV_5822	0.000103	0.0000000000	0.0001691670	0.0001412956
ASV_8224	9e-05	0.000000000	0.000000000	0.000268566
ASV_6543	0.000163	0.0003325087	0.0001562510	0.0000000000
ASV_6775	0.000126	0.0002232163	0.0001562510	0.0000000000
ASV_6071	8.7e-05	0.0001165159	0.0000000000	0.0001455299
ASV_6529	7.4e-05	0.0000000000	0.0002218055	0.0000000000
ASV_7810	6.4e-05	0.0000000000	0.0000000000	0.0001922537
ASV_5964	7.9e-05	0.0000000000	0.0002380544	0.0000000000
ASV_6231	8e-05	0.0002409348	0.0000000000	0.0000000000
ASV_6236	0.000102	0.00000000	0.00030635	0.00000000
ASV_6920	9.2e-05	0.0000000000	0.0000000000	0.0002771081
ASV_6018	0.000151	0.0004525752	0.0000000000	0.0000000000
ASV_6271	8.6e-05	0.0000000000	0.0001190272	0.0001387940
ASV_6662	7.7e-05	0.0001100299	0.0001202918	0.0000000000
ASV_6811	9.9e-05	0.0000000000	0.0001562510	0.0001397976
ASV_7028	0.000149	0.0004464326	0.0000000000	0.0000000000
ASV_7471	9e-05	0.000000000	0.000000000	0.000268566
ASV_6159	7.8e-05	0.0002330318	0.0000000000	0.0000000000
ASV_6232	0.000104	0.000000000	0.000312502	0.000000000
ASV_6339	0.000126	0.0000000000	0.0002605388	0.0001163565
ASV_6336	8.5e-05	0.0001204674	0.0000000000	0.0001342830
ASV_6667	7.2e-05	0.000000e+00	1.202918e-04	9.612686e-05
ASV_6428	0.00012	0.0000000000	0.0001691670	0.0001908951
ASV_7542	7.9e-05	0.0000000000	0.0000000000	0.0002359244
ASV_8159	0.000121	0.0002182358	0.0000000000	0.0001455299
ASV_6533	6.4e-05	0.0000000000	0.0000000000	0.0001922537
ASV_6570	8e-05	0.0000000000	0.0002405836	0.0000000000
ASV_6656	0.000104	0.0000000000	0.0001202918	0.0001924735
ASV_7218	0.000102	0.00000000	0.00030635	0.00000000
ASV_7463	0.000115	0.0003436837	0.0000000000	0.0000000000
ASV_7494	8.6e-05	0.0000000000	0.0000000000	0.0002580386
ASV_7820	0.000138	0.0000000000	0.0004137138	0.0000000000
ASV_6701	6.4e-05	0.0000000000	0.0000000000	0.0001922537
ASV_7347	9.8e-05	0.000000000	0.000156251	0.000138554
ASV_7914	0.000173	0.0003800490	0.0000000000	0.0001397976
ASV_7244	0.000113	0.0000000000	0.0000000000	0.0003380034
ASV_9208	8.8e-05	0.0000000000	0.0002649433	0.0000000000
ASV_7565	0.000166	0.0004965648	0.0000000000	0.0000000000
ASV_7965	0.000104	0.000000000	0.000312502	0.000000000
ASV_7222	0.000174	0.0000000000	0.0005210776	0.0000000000
ASV_8386	6.4e-05	0.0000000000	0.0000000000	0.0001922537
ASV_7579	0.00017	0.00051084	0.00000000	0.00000000
ASV_7775	0.000145	0.0004364716	0.0000000000	0.0000000000
ASV_8014	0.000104	0.000000000	0.000312502	0.000000000
ASV_8644	9.3e-05	0.0000000000	0.0000000000	0.0002795951
ASV_8714	7.8e-05	0.000000000	0.000233682	0.000000000
ASV_7990	7.7e-05	0.0000000000	0.0002303289	0.0000000000
ASV_9717	0.000124	0.0002545073	0.0001164947	0.0000000000
ASV_9758	8.5e-05	0.0000000000	0.0001100371	0.0001455299
ASV_9800	8e-05	0.0000000000	0.0002405836	0.0000000000
ASV_7474	7.4e-05	0.0000000000	0.0002218055	0.0000000000
ASV_7625	0.000111	0.0000000000	0.0000000000	0.0003337691
ASV_8193	9.8e-05	0.000000000	0.000156251	0.000138554
ASV_9518	0.000174	0.0000000000	0.0005210776	0.0000000000
ASV_7148	7.7e-05	0.0001200665	0.0001117683	0.0000000000
ASV_7189	0.000111	0.0000000000	0.0000000000	0.0003337691
ASV_7190	9.2e-05	0.0000000000	0.0000000000	0.0002771081
ASV_7195	0.000165	0.0003800490	0.0000000000	0.0001163565
ASV_8400	0.000181	0.0000000000	0.0005420198	0.0000000000
ASV_7146	9.2e-05	0.0002772741	0.0000000000	0.0000000000
ASV_7894	9.4e-05	0.0000000000	0.0000000000	0.0002825912
ASV_9752	0.000259	0.0000000000	0.0007776896	0.0000000000
ASV_7621	0.000101	0.0000000000	0.0001562510	0.0001455299
ASV_7977	7.3e-05	0.0002200598	0.0000000000	0.0000000000
ASV_8343	8.5e-05	0.0002550927	0.0000000000	0.0000000000
ASV_8612	0.000151	0.0000000000	0.0002605388	0.0001924735
ASV_9128	7.8e-05	0.0002330318	0.0000000000	0.0000000000
ASV_9697	7.8e-05	0.0000000000	0.0002329894	0.0000000000
ASV_7060	8.9e-05	0.0000000000	0.0002680193	0.0000000000
ASV_8223	7.9e-05	0.0000000000	0.0002380544	0.0000000000
ASV_8588	0.000119	0.0002182358	0.0000000000	0.0001385540
ASV_8982	8e-05	0.0000000000	0.0000000000	0.0002401121
ASV_7588	9.8e-05	0.000138637	0.000156251	0.000000000
ASV_7645	0.00017	0.00051084	0.00000000	0.00000000
ASV_7975	8e-05	0.0000000000	0.0002405836	0.0000000000
ASV_9167	0.000104	0.000000000	0.000312502	0.000000000
ASV_9423	0.000163	0.0003800490	0.0001100371	0.0000000000
ASV_7342	8.8e-05	0.000000e+00	1.691670e-04	9.612686e-05
ASV_9803	7.8e-05	0.0001165159	0.0001168410	0.0000000000
ASV_7642	0.000125	0.0002554200	0.0001202918	0.0000000000
ASV_8136	8.6e-05	0.0001204674	0.0000000000	0.0001385540
ASV_9716	0.00011	0.0000000000	0.0000000000	0.0003294491
ASV_9725	6.4e-05	0.0000000000	0.0000000000	0.0001922537
ASV_9789	0.000181	0.0000000000	0.0005420198	0.0000000000
ASV_7431	0.000173	0.000380049	0.000000000	0.000138554
ASV_7871	9.7e-05	0.0000000000	0.0000000000	0.0002910598
ASV_8203	0.000104	0.000000000	0.000312502	0.000000000
ASV_8636	0.000124	0.0001100299	0.0002605388	0.0000000000
ASV_8737	0.000128	0.0000000000	0.0000000000	0.0003833686
ASV_8952	8.6e-05	0.0000000000	0.0000000000	0.0002580386
ASV_9098	8.8e-05	0.0000000000	0.0002649433	0.0000000000
ASV_9178	0.000125	0.0002182358	0.0001562510	0.0000000000
ASV_9699	0.000108	0.0000000000	0.0000000000	0.0003251781
ASV_9704	0.000139	0.0000000000	0.0004167898	0.0000000000
ASV_7963	0.000111	0.0000000000	0.0000000000	0.0003322711
ASV_8366	7.3e-05	0.0002200598	0.0000000000	0.0000000000
ASV_8385	0.000172	0.0002554200	0.0002605388	0.0000000000
ASV_8440	8e-05	0.0000000000	0.0002405836	0.0000000000
ASV_9190	9.1e-05	0.0000000000	0.0001562510	0.0001163565
ASV_9705	7.9e-05	0.0001204674	0.0000000000	0.0001163565
ASV_8194	6.4e-05	0.0000000000	0.0000000000	0.0001922537
ASV_8619	0.000174	0.0000000000	0.0005210776	0.0000000000
ASV_9470	0.000133	0.0000000000	0.0000000000	0.0004000928
ASV_9534	8.8e-05	0.0000000000	0.0000000000	0.0002650513
ASV_7804	7.6e-05	0.0000000000	0.0002268781	0.0000000000
ASV_8199	8.4e-05	0.0000000000	0.0000000000	0.0002506394
ASV_9118	9e-05	0.000000000	0.000000000	0.000268566
ASV_9130	8.6e-05	0.0000000000	0.0001190272	0.0001385540
ASV_8822	9.3e-05	0.0000000000	0.0002792041	0.0000000000
ASV_9368	9.2e-05	0.0000000000	0.0002765428	0.0000000000
ASV_9151	9.2e-05	0.0000000000	0.0000000000	0.0002771081
ASV_9429	0.000104	0.000000000	0.000312502	0.000000000
ASV_9504	7.7e-05	0.0000000000	0.0002320601	0.0000000000
ASV_9730	7.9e-05	0.0000000000	0.0002380544	0.0000000000
ASV_8730	9.3e-05	0.0000000000	0.0000000000	0.0002775881
ASV_9119	8.5e-05	0.0001165159	0.0000000000	0.0001387940
ASV_9311	9.2e-05	0.0002772741	0.0000000000	0.0000000000
ASV_9457	8.6e-05	0.0000000000	0.0001190272	0.0001385540
ASV_9494	7.3e-05	0.0000000000	0.0002200743	0.0000000000
ASV_9783	8e-05	0.0000000000	0.0002405836	0.0000000000
ASV_9661	0.000124	0.0001100299	0.0002605388	0.0000000000
ASV_9092	7.9e-05	0.0000000000	0.0000000000	0.0002374225
ASV_9512	7.9e-05	0.0000000000	0.0002380544	0.0000000000
ASV_8972	0.000108	0.0000000000	0.0000000000	0.0003251781
ASV_9687	0.000125	0.0002545073	0.0001202918	0.0000000000
ASV_8998	8.5e-05	0.0001165159	0.0000000000	0.0001397976
ASV_9707	7.8e-05	0.0000000000	0.0000000000	0.0002327129
ASV_904	4e-05	0.0000000000	0.0001190272	0.0000000000
ASV_1018	4e-05	0.0001200665	0.0000000000	0.0000000000
ASV_1104	3.7e-05	0.0000000000	0.0001117683	0.0000000000
ASV_1582	4.7e-05	0.0000000000	0.0000000000	0.0001397976
ASV_1907	3.2e-05	0.000000e+00	0.000000e+00	9.612686e-05
ASV_1932	3.9e-05	0.0001164556	0.0000000000	0.0000000000
ASV_2086	4e-05	0.0000000000	0.0001190272	0.0000000000
ASV_2095	4.6e-05	0.000000000	0.000000000	0.000138794
ASV_2273	4.9e-05	0.0000000000	0.0000000000	0.0001455299
ASV_2246	5.2e-05	0.000000000	0.000156251	0.000000000
ASV_2746	3.9e-05	0.000000000	0.000116841	0.000000000
ASV_2919	5.2e-05	0.000000000	0.000156251	0.000000000
ASV_7350	3.7e-05	0.0000000000	0.0001100371	0.0000000000
ASV_3795	0.000111	0.0003325087	0.0000000000	0.0000000000
ASV_2986	6.4e-05	0.0000000000	0.0000000000	0.0001924735
ASV_3113	6.7e-05	0.0000000000	0.0000000000	0.0002000464
ASV_3472	4.6e-05	0.000000000	0.000000000	0.000138554
ASV_3792	4e-05	0.0000000000	0.0001202918	0.0000000000
ASV_3692	0.000111	0.0003325087	0.0000000000	0.0000000000
ASV_5165	4.6e-05	0.000000000	0.000000000	0.000138794
ASV_4105	6.4e-05	0.0000000000	0.0000000000	0.0001908951
ASV_3704	4.6e-05	0.000000000	0.000000000	0.000138794
ASV_4006	4.6e-05	0.000000000	0.000000000	0.000138554
ASV_4330	8.5e-05	0.00025542	0.00000000	0.00000000
ASV_3921	6.7e-05	0.0000000000	0.0000000000	0.0002000464
ASV_4198	3.9e-05	0.0000000000	0.0000000000	0.0001163565
ASV_8977	6.7e-05	0.0000000000	0.0000000000	0.0002000464
ASV_4438	4.9e-05	0.0000000000	0.0000000000	0.0001455299
ASV_4073	3.9e-05	0.000000000	0.000116841	0.000000000
ASV_3922	4.6e-05	0.000000000	0.000000000	0.000138794
ASV_4324	3.2e-05	0.000000e+00	0.000000e+00	9.612686e-05
ASV_5159	5.2e-05	0.000000000	0.000156251	0.000000000
ASV_7466	4.1e-05	0.0000000000	0.0000000000	0.0001237556
ASV_4166	4e-05	0.0000000000	0.0001202918	0.0000000000
ASV_4467	0.000127	0.000380049	0.000000000	0.000000000
ASV_4641	4.1e-05	0.0000000000	0.0000000000	0.0001237556
ASV_4396	5.2e-05	0.000000000	0.000156251	0.000000000
ASV_4776	0.00013	0.0000000000	0.0003888448	0.0000000000
ASV_5808	3.9e-05	0.0000000000	0.0000000000	0.0001163565
ASV_4933	5.1e-05	0.000000000	0.000153175	0.000000000
ASV_5057	6.7e-05	0.0000000000	0.0000000000	0.0002000464
ASV_4726	0.00013	0.0000000000	0.0003888448	0.0000000000
ASV_5520	4.5e-05	0.000000000	0.000000000	0.000134283
ASV_5999	6.4e-05	0.0000000000	0.0000000000	0.0001908951
ASV_4868	3.7e-05	0.0000000000	0.0001117683	0.0000000000
ASV_4930	6.4e-05	0.0000000000	0.0000000000	0.0001924735
ASV_7473	4e-05	0.0000000000	0.0001190272	0.0000000000
ASV_5209	3.7e-05	0.0001100299	0.0000000000	0.0000000000
ASV_4996	3.9e-05	0.0001165159	0.0000000000	0.0000000000
ASV_5664	6.4e-05	0.0000000000	0.0000000000	0.0001924735
ASV_5161	0.00013	0.0000000000	0.0003888448	0.0000000000
ASV_4894	4.9e-05	0.0000000000	0.0000000000	0.0001455299
ASV_5163	3.2e-05	0.000000e+00	0.000000e+00	9.612686e-05
ASV_5180	3.7e-05	0.0000000000	0.0001117683	0.0000000000
ASV_6376	3.2e-05	0.000000e+00	0.000000e+00	9.612686e-05
ASV_5403	4e-05	0.0001204674	0.0000000000	0.0000000000
ASV_4985	4.9e-05	0.0000000000	0.0000000000	0.0001455299
ASV_7843	4e-05	0.0000000000	0.0001190272	0.0000000000
ASV_5590	6.4e-05	0.0000000000	0.0000000000	0.0001924735
ASV_7481	8.7e-05	0.0000000000	0.0002605388	0.0000000000
ASV_5140	4.6e-05	0.000138637	0.000000000	0.000000000
ASV_6530	0.000111	0.0003325087	0.0000000000	0.0000000000
ASV_5035	4e-05	0.0000000000	0.0001202918	0.0000000000
ASV_5393	3.9e-05	0.0000000000	0.0000000000	0.0001163565
ASV_5537	4.5e-05	0.000000000	0.000000000	0.000134283
ASV_5959	3.9e-05	0.0000000000	0.0000000000	0.0001163565
ASV_5551	3.9e-05	0.0001164556	0.0000000000	0.0000000000
ASV_5302	0.000127	0.000380049	0.000000000	0.000000000
ASV_6157	3.9e-05	0.0000000000	0.0000000000	0.0001163565
ASV_7227	8.7e-05	0.0000000000	0.0002605388	0.0000000000
ASV_5528	0.000127	0.000380049	0.000000000	0.000000000
ASV_6188	4.6e-05	0.000138637	0.000000000	0.000000000
ASV_5618	6.4e-05	0.0000000000	0.0000000000	0.0001908951
ASV_6429	4.7e-05	0.0000000000	0.0000000000	0.0001397976
ASV_5893	8.7e-05	0.0000000000	0.0002605388	0.0000000000
ASV_5596	4.1e-05	0.0000000000	0.0000000000	0.0001237556
ASV_6334	6.7e-05	0.0000000000	0.0000000000	0.0002000464
ASV_6559	7.4e-05	0.0002232163	0.0000000000	0.0000000000
ASV_8872	5.2e-05	0.000000000	0.000156251	0.000000000
ASV_6851	3.9e-05	0.0001165159	0.0000000000	0.0000000000
ASV_6345	4e-05	0.0001200665	0.0000000000	0.0000000000
ASV_5940	0.000111	0.0003325087	0.0000000000	0.0000000000
ASV_5996	4e-05	0.0000000000	0.0001190272	0.0000000000
ASV_6180	8.7e-05	0.0000000000	0.0002605388	0.0000000000
ASV_7233	4e-05	0.0000000000	0.0001202918	0.0000000000
ASV_5738	0.00013	0.0000000000	0.0003888448	0.0000000000
ASV_5980	4e-05	0.0000000000	0.0001202918	0.0000000000
ASV_6156	5.2e-05	0.000000000	0.000156251	0.000000000
ASV_6454	6.4e-05	0.0000000000	0.0000000000	0.0001924735
ASV_7344	4.6e-05	0.000000000	0.000000000	0.000138794
ASV_6658	5.2e-05	0.000000000	0.000156251	0.000000000
ASV_6672	4.6e-05	0.000000000	0.000000000	0.000138794
ASV_7057	5.2e-05	0.000000000	0.000156251	0.000000000
ASV_5803	3.7e-05	0.0000000000	0.0001117683	0.0000000000
ASV_6363	5.2e-05	0.000000000	0.000156251	0.000000000
ASV_6555	6.7e-05	0.0000000000	0.0000000000	0.0002000464
ASV_6223	4.6e-05	0.000000000	0.000000000	0.000138554
ASV_6066	4.1e-05	0.0000000000	0.0000000000	0.0001237556
ASV_7327	7.3e-05	0.0002182358	0.0000000000	0.0000000000
ASV_7333	4.9e-05	0.0000000000	0.0000000000	0.0001455299
ASV_6239	4.6e-05	0.000000000	0.000000000	0.000138794
ASV_6244	4e-05	0.0000000000	0.0001190272	0.0000000000
ASV_6778	3.9e-05	0.0000000000	0.0000000000	0.0001163565
ASV_7489	6.4e-05	0.0000000000	0.0000000000	0.0001908951
ASV_7502	4e-05	0.0000000000	0.0001190272	0.0000000000
ASV_7713	7.3e-05	0.0002182358	0.0000000000	0.0000000000
ASV_6324	3.2e-05	0.000000e+00	0.000000e+00	9.612686e-05
ASV_6679	4.7e-05	0.0000000000	0.0000000000	0.0001412956
ASV_6735	0.000127	0.000380049	0.000000000	0.000000000
ASV_6806	4.5e-05	0.000000000	0.000000000	0.000134283
ASV_7177	5.2e-05	0.000000000	0.000156251	0.000000000
ASV_9934	4e-05	0.0000000000	0.0001202918	0.0000000000
ASV_9254	3.7e-05	0.0001100299	0.0000000000	0.0000000000
ASV_6362	8.7e-05	0.0000000000	0.0002605388	0.0000000000
ASV_7035	5.2e-05	0.000000000	0.000156251	0.000000000
ASV_7040	5.2e-05	0.000000000	0.000156251	0.000000000
ASV_6915	4e-05	0.0000000000	0.0001190272	0.0000000000
ASV_7399	4.7e-05	0.0000000000	0.0000000000	0.0001412956
ASV_7544	3.2e-05	0.000000e+00	0.000000e+00	9.612686e-05
ASV_8296	4e-05	0.0001204674	0.0000000000	0.0000000000
ASV_8403	4e-05	0.0001200665	0.0000000000	0.0000000000
ASV_6752	8.5e-05	0.00025542	0.00000000	0.00000000
ASV_7280	0.000127	0.000380049	0.000000000	0.000000000
ASV_8239	8.7e-05	0.0000000000	0.0002605388	0.0000000000
ASV_8410	4e-05	0.0001204674	0.0000000000	0.0000000000
ASV_6794	3.9e-05	0.0000000000	0.0000000000	0.0001163565
ASV_7182	4.6e-05	0.000138637	0.000000000	0.000000000
ASV_8413	0.000127	0.000380049	0.000000000	0.000000000
ASV_7036	4e-05	0.0000000000	0.0001190272	0.0000000000
ASV_7043	0.000127	0.000380049	0.000000000	0.000000000
ASV_7787	4e-05	0.0000000000	0.0001202918	0.0000000000
ASV_8639	4.5e-05	0.000000000	0.000000000	0.000134283
ASV_6948	4.6e-05	0.000000000	0.000000000	0.000138794
ASV_7492	0.000127	0.000380049	0.000000000	0.000000000
ASV_7674	6.4e-05	0.0000000000	0.0000000000	0.0001924735
ASV_8172	7.3e-05	0.0002182358	0.0000000000	0.0000000000
ASV_8629	4e-05	0.0001204674	0.0000000000	0.0000000000
ASV_9876	4e-05	0.0000000000	0.0001190272	0.0000000000
ASV_9893	3.9e-05	0.0000000000	0.0000000000	0.0001163565
ASV_7537	4.5e-05	0.000000000	0.000000000	0.000134283
ASV_8425	4e-05	0.0000000000	0.0001190272	0.0000000000
ASV_9771	5.1e-05	0.0000000000	0.0001538083	0.0000000000
ASV_7125	3.9e-05	0.0001165159	0.0000000000	0.0000000000
ASV_7631	3.9e-05	0.0000000000	0.0000000000	0.0001163565
ASV_8016	8.5e-05	0.00025542	0.00000000	0.00000000
ASV_8170	3.7e-05	0.0000000000	0.0001117683	0.0000000000
ASV_8218	5.2e-05	0.000000000	0.000156251	0.000000000
ASV_8650	8.7e-05	0.0000000000	0.0002605388	0.0000000000
ASV_9111	0.000111	0.0003325087	0.0000000000	0.0000000000
ASV_7482	6.7e-05	0.0000000000	0.0000000000	0.0002000464
ASV_7916	0.000127	0.000380049	0.000000000	0.000000000
ASV_8072	8.5e-05	0.00025542	0.00000000	0.00000000
ASV_8429	3.9e-05	0.0000000000	0.0000000000	0.0001163565
ASV_8882	3.7e-05	0.0001100299	0.0000000000	0.0000000000
ASV_9698	4.6e-05	0.000000000	0.000000000	0.000138794
ASV_7572	0.000127	0.000380049	0.000000000	0.000000000
ASV_7789	5.2e-05	0.000000000	0.000156251	0.000000000
ASV_7997	6.7e-05	0.0000000000	0.0000000000	0.0002000464
ASV_8011	4.9e-05	0.0000000000	0.0000000000	0.0001455299
ASV_8220	4.7e-05	0.0000000000	0.0000000000	0.0001397976
ASV_8411	3.2e-05	0.000000e+00	0.000000e+00	9.612686e-05
ASV_8596	0.000127	0.000380049	0.000000000	0.000000000
ASV_9230	3.7e-05	0.0000000000	0.0001117683	0.0000000000
ASV_7785	8.5e-05	0.0002545073	0.0000000000	0.0000000000
ASV_7921	0.000127	0.000380049	0.000000000	0.000000000
ASV_7968	5.2e-05	0.000000000	0.000156251	0.000000000
ASV_7970	3.9e-05	0.0000000000	0.0000000000	0.0001163565
ASV_8604	0.000111	0.0003325087	0.0000000000	0.0000000000
ASV_8853	5.1e-05	0.000000000	0.000153175	0.000000000
ASV_9105	8.7e-05	0.0000000000	0.0002605388	0.0000000000
ASV_8274	4.1e-05	0.0000000000	0.0000000000	0.0001237556
ASV_8655	4.6e-05	0.000000000	0.000000000	0.000138554
ASV_8984	6.7e-05	0.0000000000	0.0000000000	0.0002000464
ASV_7854	5.1e-05	0.000000000	0.000153175	0.000000000
ASV_8645	6.7e-05	0.0000000000	0.0000000000	0.0002000464
ASV_7722	3.9e-05	0.0001165159	0.0000000000	0.0000000000
ASV_8081	6.4e-05	0.0000000000	0.0000000000	0.0001908951
ASV_8406	5.2e-05	0.000000000	0.000156251	0.000000000
ASV_8416	6.7e-05	0.0000000000	0.0000000000	0.0002000464
ASV_8634	8.7e-05	0.0000000000	0.0002605388	0.0000000000
ASV_8706	4.9e-05	0.0000000000	0.0000000000	0.0001455299
ASV_8713	3.2e-05	0.000000e+00	0.000000e+00	9.612686e-05
ASV_9430	5.2e-05	0.000000000	0.000156251	0.000000000
ASV_9790	4e-05	0.0000000000	0.0001202918	0.0000000000
ASV_9791	5.2e-05	0.000000000	0.000156251	0.000000000
ASV_9796	4e-05	0.0000000000	0.0001202918	0.0000000000
ASV_8166	7.4e-05	0.0002232163	0.0000000000	0.0000000000
ASV_8267	5.2e-05	0.000000000	0.000156251	0.000000000
ASV_8532	0.000127	0.000380049	0.000000000	0.000000000
ASV_8609	4e-05	0.0001204674	0.0000000000	0.0000000000
ASV_9159	4.9e-05	0.0000000000	0.0000000000	0.0001455299
ASV_9410	4.6e-05	0.000000000	0.000000000	0.000138554
ASV_9465	6.4e-05	0.0000000000	0.0000000000	0.0001908951
ASV_9813	4.7e-05	0.0000000000	0.0000000000	0.0001412956
ASV_8032	5.2e-05	0.000000000	0.000156251	0.000000000
ASV_8571	3.7e-05	0.0001100299	0.0000000000	0.0000000000
ASV_8790	4e-05	0.0001200665	0.0000000000	0.0000000000
ASV_8846	0.00013	0.0000000000	0.0003888448	0.0000000000
ASV_9426	4.5e-05	0.000000000	0.000000000	0.000134283
ASV_9897	4e-05	0.0000000000	0.0001190272	0.0000000000
ASV_8616	3.9e-05	0.0000000000	0.0000000000	0.0001163565
ASV_8708	4e-05	0.0000000000	0.0001202918	0.0000000000
ASV_8839	3.9e-05	0.0001165159	0.0000000000	0.0000000000
ASV_8947	4e-05	0.0000000000	0.0001190272	0.0000000000
ASV_9115	5.2e-05	0.000000000	0.000156251	0.000000000
ASV_9174	4e-05	0.0001204674	0.0000000000	0.0000000000
ASV_9581	0.000127	0.000380049	0.000000000	0.000000000
ASV_9948	0.00013	0.0000000000	0.0003888448	0.0000000000
ASV_8206	4.6e-05	0.000000000	0.000000000	0.000138794
ASV_9141	4.6e-05	0.000000000	0.000000000	0.000138554
ASV_9394	4e-05	0.0000000000	0.0001202918	0.0000000000
ASV_9421	0.000111	0.0003325087	0.0000000000	0.0000000000
ASV_9812	4e-05	0.0000000000	0.0001202918	0.0000000000
ASV_8869	8.7e-05	0.0000000000	0.0002605388	0.0000000000
ASV_8891	4.7e-05	0.0000000000	0.0000000000	0.0001397976
ASV_9435	5.2e-05	0.000000000	0.000156251	0.000000000
ASV_9374	4.6e-05	0.000000000	0.000000000	0.000138794
ASV_9408	4.9e-05	0.0000000000	0.0000000000	0.0001455299
ASV_9440	4.5e-05	0.000000000	0.000000000	0.000134283
ASV_9874	3.7e-05	0.0000000000	0.0001100371	0.0000000000
