Compound_ID,OW1,OW2,OW3,OW4,OW5,OW6,CW1,CW2,CW3,CW4,CW5,CW6,PW1,PW2,PW3,PW4,PW5,PW6
Com_23_pos,387283372.1,5595536150,6656987161,180195732.3,6420898641,5711311491,1184279955,4870367569,8541799395,7928373595,5028705354,5734981450,5317936092,6272373668,6060606086,6915471477,7383967005,7237728754
Com_189_pos,94835667.39,510269180.7,298931700.1,130377359.8,333368984.1,971908702.5,455210046.4,285356981.5,756468664.6,581244394.2,97935285.88,88677957.21,296129253,357801681,209519954.4,259814498.1,220916840.9,231549427.7
Com_200_pos,1052110.072,95688585.13,52174230.84,556409.3502,30495030.24,971342978.1,1007386.471,3613904.415,26423290.13,17742045.14,18714928.98,18972176.59,9858294.48,10534318.03,15820993.88,9772535.414,11924909.93,18496217.76
Com_259_pos,788367815.6,632440361.9,549747812.3,278234653.1,947658057.9,871492857,701294325.8,375219732.6,1100853139,759241773,341883314.4,377730560.7,1104683966,1160234841,1135060839,1183291852,1315297625,1022691852
Com_266_pos,2456302.746,421979519.3,265538881.5,2075244.762,219403060.7,742367625.2,5203402.523,17389417.59,38524113.93,194132696.8,134013470.9,159530663.8,76718257.1,132532639,145530290.8,122676014.9,139249457.3,260537762.4
Com_275_pos,3464456654,1465785573,1597096467,1635911558,1238501570,2059413267,1207147972,1473193219,1911572691,1305152550,939821454,964736726.9,1476380351,1549263137,1318555115,1455301687,1679739902,1575117631
Com_304_pos,777774514.3,745783829.7,797390623.7,41816295.08,425408193.7,541996684.6,361436955,559466288,438235187.4,400121797.1,291687604.3,286553455.7,451330833.2,460681520.6,607724228.6,371586433.9,428689110,492617937.4
Com_497_pos,8207680.138,459718067.4,287642867,49097542.38,180386395.4,265305137.9,389318469.2,243601510.6,338975985.5,243874325.2,117644217.7,146752474.7,67189179.52,104098343.7,62290115.2,123287675,72226020.06,105718552.7
Com_673_pos,67587414.53,643060823.9,441059109,123820329.5,406097464.3,1455619087,548230400.2,522177013.7,832428563.6,606427921.1,196751532.2,176792634.6,351133702,353404455.5,283421912.5,336912106.2,260150919,260512476.4
Com_719_pos,19571563.69,17631764.96,962711.9516,26486188.82,18156219.55,19706932.56,2038766.544,16509253.34,20040624.35,11687512.3,10353257.34,10905272.23,17792061.48,23637799.26,13904285.15,18507381.59,18448208.36,24837393.94
Com_734_pos,46877771.87,485132245.1,301929911.6,107458851.9,356210680.3,67985049.69,202670416.3,129860656.8,48392692.64,130459959.2,40707743.78,39965307.55,167792940.7,137320422.1,147172433.7,97587470.58,215451793.3,184062208.1
Com_761_pos,222337721.4,380024314.4,359909748.1,155664107.9,459678622.4,366648972.8,427715310.3,256731226.2,625411219,378032329.5,272600850.1,202592218,486687965.1,586673731.8,457102261.9,474009283.3,339132244.1,382989295.9
Com_786_pos,57998089.67,20842294.56,64486946.55,98899959.05,46788688.6,36636650.02,78454933.7,114803978.5,28468019.87,29217482.08,95130700.74,117462142.7,24225720.93,25407435.7,26761309.03,25494501.99,34395934.75,30199440.77
Com_874_pos,1784875.424,266509697.2,244267545.7,23807906.65,116126160.9,445412567.1,282399841.2,225255125.2,217445899.3,120799321.3,83529258.33,97905775.63,45333854.33,60679942.56,27658518.47,62461505.52,34183715.2,47239568.12
Com_880_pos,2693082.72,21305361.72,21260717.61,30103750.82,18068962.12,2155417.449,38758714.57,10221399.42,8446878.789,4426056.7,31340044.9,27640649.75,224355439.6,185616943.3,1599084528,1233035358,65190823.47,47579998.48
Com_892_pos,544683513.8,3709363.403,1858245.573,1321806.239,2779053.952,2818909.296,2994775.192,5421069.96,7026535.994,1190216.199,2334121.888,2274423.975,880973.5555,700389.8818,775432.026,8993768.679,1690175.302,777542.4128
Com_926_pos,95222837.66,303129393.1,673791823.9,19202415.82,81055396.22,266157870.8,276761337.6,518096609.8,251516115.6,117858391.8,47064728.39,39092522.78,195623048.4,217478619.1,51996266.25,327605663.3,72018188.22,68825334
Com_1045_pos,406238689.3,47560214.6,141965231.5,97095146.79,37550509.77,133812295.4,91707598.31,95596241.4,132871694.8,48404155.8,89828198.65,85968428.83,129744834.7,75802603.62,81061518.42,97576916.47,149469258,50544880.53
Com_1386_pos,32112970.63,102489764.9,34501575.33,138360103.5,152130396.4,528814290.2,39789418.24,78279646.95,274200252.5,206009389.2,18416702.98,11609404.49,264457055.4,265350061.3,113107472.5,91942998.96,81709693.04,98436200.71
Com_1869_pos,4538375.108,2037965.808,1954066.791,5616985.068,2352299.312,1444372.227,32945076.72,53281469.63,2027841.895,1562180.352,20753906.08,54031508.32,1843361.405,1401849.544,1302971.573,1295132.462,1878856.386,1598720.536
Com_2005_pos,200939485.3,15251306.47,15980109.22,40727223.23,16856582.63,40725269.26,16283440.25,15818662.83,20832653.07,21343564.12,10638718.99,16324741.34,39287905.77,18918559.43,17917543.19,17441484.63,23692573.21,19264232.16
Com_2180_pos,557188.3583,41214291.6,67135663.49,1205088.643,15903379.29,89642212.55,37717967,45082389.83,15968657.84,9327303.564,26665642.97,25915555.59,3950587.763,6258442.699,2478258.31,4924806.85,4550910.51,6238912.326
Com_2398_pos,19051361.7,28859361.42,55593250.35,32023708.62,23017252.64,36491574.18,29209339.59,38752221.68,108193066.8,113514491.2,119389261.9,119474175.4,24334995.09,25161721.09,80412522.03,31481512.54,28296810.24,27173195.76
Com_2429_pos,405048874,135595841.4,18876790.04,142893306.7,103988108.8,71362101.1,77196577.42,74440641.41,49664068.63,135508933,54663510.43,75577039.76,58144159.49,96647573.09,100008233.6,67302341.94,73034885.37,72427437.11
Com_2442_pos,78847535.62,25335245.19,31247726.05,99548142.71,23954222.26,44377860.99,22210510.29,30034601.23,37125652.46,25683386.62,27042905.65,30415310.4,25451881,27010554.35,12619555.08,19577213.44,22246719.82,27253327.78
Com_2455_pos,75259004.43,70599120.29,93445551.28,73942398.93,51325964.94,90552074.08,173427744.8,108796564.9,366514907.6,80044686.32,80913081.72,94767434.24,64122325.73,71032783.23,296979846.5,95397555.33,310720901.9,266445539.5
Com_2764_pos,28187283.96,64730194.84,65966767.05,36791351.33,85035107.08,130417124.8,42658643.73,107343296.3,148908875.4,134905815.3,47312903.42,43138800.33,94106789.31,96446839.97,89904190.51,94859048.98,72737385.94,61671930.71
Com_2822_pos,367975212,264093349.7,356982692.6,171708953.4,32870668.19,25507338.76,47409329.5,45393334.46,101181090.6,27633615.12,232048461.5,204374908.7,166578659.9,154678435.1,160956114.5,152600563,194307636.7,178047088.7
Com_2977_pos,16766152.72,123939031.8,79274021.68,23957531.6,73600686.21,276611884.1,92302628.64,84489261.57,160403881.2,114645701,37006289.68,33173455.46,63558218.97,66214672.09,49159847.99,54204442.56,47716166.19,47485791.4
Com_2994_pos,6651835.778,17778262.15,12696755.15,270945156.1,14987557.95,25142485.12,6341000.212,5593703.98,18905007.11,33544670.1,7362651.675,5736447.711,15695842.72,14960147.65,14573649.51,17495372.23,14364739.59,16306305.07
Com_3648_pos,109498377.1,12311031.06,7194449.079,47274041.62,9892740.427,11612025.97,7761648.883,5403821.575,10365139.02,11292801.56,1012465.807,5609340.104,11135903.87,10114497.14,9891165.321,9189753.217,11548039.93,11255761.45
Com_3737_pos,77841240.09,109069276.4,38972328.12,55917406.96,91407091.9,192072238,47145282.38,31516231.16,46083430.94,42514842.41,31402631.5,37526034.3,47348589.32,50410934.97,43963263.08,41503305.95,42892755.78,44030832.52
Com_4133_pos,9943279.085,32696320.9,54599919.66,1549288.733,3350499.67,15425379.6,12989388.76,64953014.06,11296917.18,2222985.816,3885473.256,3798304.915,15963440.85,13086845.06,3016635.472,18218528.84,3307022.767,3764008.572
Com_4511_pos,1119714.394,10404098.6,6941532.017,616194.2751,5445046.496,40501860.04,528065.3852,1120265.469,4601084.627,2712669.766,4410262.812,4635951.472,1496864.094,2269942.974,3658323.396,1772760.47,1310351.354,2637888.09
Com_5288_pos,11274346.99,743520.5473,3950568.823,4569849.578,4346190.658,6456729.459,1006627.247,2116784.325,24461879.39,19797030.75,41490319.86,41440456.2,10728062.86,11148167.76,10205972.56,10143100.09,17673969.47,21767343.38
Com_6807_pos,21497583.7,19772656.34,19349265.45,22479312.92,16896017.33,31677999.8,12612411.76,20659501.03,24365194.31,22424480.61,16856686,15562314.97,12419307.08,14768741.4,15242754.31,14657652.36,16051340.02,17284408.92
Com_7182_pos,176209567.5,28599742.84,185640742.5,71137847.06,105217298.7,27131855.55,15352773.15,52979106.45,30618312.05,28239234.16,35398293.6,41076599.68,65114768.85,54102467.03,58119120.03,54773562.32,69494123.03,54154161.23
Com_7335_pos,600655.807,2068488.101,56518402.8,1533557.554,5994196.326,2967160.36,6793249.564,15067038.77,2226403.48,442590.2466,9792998.795,10789638.56,1930379.699,1775037.351,3331895.469,1677816.59,2604478.115,1546085.605
Com_7729_pos,5484387.408,2099726.326,2923450.239,2424757.191,2468648.097,1282720.086,54938673.94,73249500.83,3744805.814,2944766.167,46517309.88,59826933.64,4805552.88,3363435.137,2906302.373,4454871.024,3760968.393,3037223.379
Com_8420_pos,9513854.607,930191.9636,1433752.306,695369.8959,373605.3901,1192006.628,3390106.725,696965.1335,5040932.998,4731506.201,1119675.416,627661.328,5362814.17,4470236.464,2772552.932,2593282.228,4459232.61,4031716.014
Com_8467_pos,82023855,10848011.8,9227991.245,275938602.6,13541796.71,41936906.7,45413587.14,71182907.15,10150261.82,9854876.493,38960318.25,39090763.9,13653566.14,13218100.36,9787116.378,7063452.31,10520809.35,8923258.034
Com_8790_pos,428853679.7,38624142.81,18876790.04,126587603.7,87876752.27,38743026.69,132061325.3,57565745.71,76771990.12,70213731.86,88932803.96,77934702.75,99797654.66,97370805.6,92725462.99,45320610.65,73034885.37,116460530.8
Com_9672_pos,22092760.53,31419811.79,27787911.52,15592092.37,50102338.71,26061828.15,16353713.01,10535356.47,27055648.97,31206300.18,4481768.655,4526433.983,42111235.07,42485832.06,43243026.04,41957184.47,43224195.38,40759711.06
Com_10448_pos,10593960.68,6116397.672,1844073.414,339793.1292,2896605.783,2605289.272,3595722.784,2633776.24,2429499.906,2679348.273,2619663.516,2852507.115,28374247.82,2805161.646,5280700.725,4725683.537,3840559.001,18740536.09
Com_10880_pos,14948027.49,14228273.21,8366523.893,10054175.58,10805914.26,15347271.39,9122089.042,11022429.46,16701097.59,20305543.2,4906057.59,4800377.576,18192590.54,17383523.99,21114057.58,21836818.25,20528909.23,19300584.07
Com_11479_pos,121151266.1,38535978.14,96778216.37,159222302.7,42827241.75,89562956.83,114654664.6,83672580.66,166441923.5,189161156.4,134476128.8,122931212.5,94877888.62,77611651.02,88664196.01,139581301.1,102545919.2,91987634.25
Com_12768_pos,28180973.52,14052715.04,60079118.71,29171271,14500260.39,15461719.79,21150791.77,27309274.15,17660606.59,19437733.26,20167383.06,22066823.77,14394859.83,14710737.03,12632799.45,16366811.2,16790319.66,15323296.36
Com_13497_pos,749612.0649,7075525.53,5333768.103,923014.5509,12589209.4,801764.5427,7043853.165,27054110.97,12644665,5330861.923,29352798.59,24888789.39,21900192.32,18083200.96,9020907.364,16486795.43,9682360.143,15939922.62
Com_14196_pos,9216837.16,3897552.615,9192977.619,3182252.776,2640203.388,14216492.58,5933333.024,7343714.523,8756014.927,8194672.032,5384549.379,5929879.233,4083661.189,5760960.496,3992424.817,4393212.058,5382752.508,4443324.687
Com_16295_pos,13208204.46,6520102.043,15943883.43,33651433.27,12430698.66,13982752.21,19662066.9,9785194.621,13424561.38,35041294.28,21247768.02,18877283.15,20553190,18901114.91,15194967.78,34459525.29,26882949.68,22357823.31
Com_29527_pos,1308435.666,6187183.369,2635103.174,1731486.851,2366284.733,15874974.24,3179349.888,4049315.434,6527712.283,3824520.658,1888583.472,1422252.409,2453897.104,2383130.467,1346659.536,1219916.861,1300008.866,3571183.833
Com_33745_pos,4534861.835,2634482.673,2460212.183,6438416.95,993813.4125,2440458.599,7849664.152,5093898.844,5651644.116,3227950.768,5540459.786,4994361.349,1528985.72,3922435.024,4310487.867,3663575.022,7741025.685,3569715.517
Com_38433_pos,26132791.43,7856794.051,8690741.376,6520090.908,18295999.07,25952195.13,1435968004,2083422591,33838947.18,16825526.16,2211605172,2011119239,39044253.93,20143518.85,14364559.14,19254329.23,15281465.92,11446826.47
Com_10_pos,671198096.1,5444690848,3650198790,1017709674,3559006274,9671053300,4663326222,3646903160,7552359264,5351531590,1571491791,1383526673,3263104526,3522045543,2480580205,3035395090,2397544701,2416871450
Com_48_pos,3113027578,3525969.818,304593.3359,958403.7726,2493994.177,5412422.417,327285.3154,443865.8651,2293118.329,5377569.602,828672.3929,805310.6679,19502099.02,6538088.284,2419242.734,1584889.042,1596039.26,2873101.925
Com_93_pos,2058946707,3756706867,3556093873,1360772987,4051729332,3139056552,3323300909,2363687788,3785589292,2363732514,2104484413,1897018162,3042704859,3697623967,2095812572,2341518321,2349143661,2552293761
Com_157_pos,17453750.5,620952210.4,513587448.6,136735093.9,333261346,1204866082,597760839.4,533385885.3,586317764.7,393273437.4,247755758.6,319534699.1,151877716.2,227544880.7,113253919.2,224960417,123561924.9,184259428.3
Com_187_pos,183707709.1,1966369196,1328153400,377992718.2,1230388373,4273731298,1617671739,1581879623,2589859731,1839312684,621886805.2,560500345,1046067448,1095670786,857324583.4,892701999.5,801698817.8,768291732.8
Com_195_pos,269054618.5,2021293762,748925861.3,43278661.68,1124509483,359860292.8,509325059.2,325175304.6,1158425131,933025181.1,625910079.8,453211320.5,241133055.5,353161727.1,825961624.5,401334095,416138045.4,351791814.9
Com_197_pos,49820688.75,206604464,13253162.32,5659368.233,172054844.6,242193724.8,22873315.11,41439093.89,969271745,1260725125,11469249.05,9212218.575,109019368,159924027.8,138722094,90819206.36,112176647.8,101513593.4
Com_241_pos,71706039.62,830751444.8,492143956.2,179575751.4,484633322.7,2925428105,886006675,608276796.4,1013042619,773410021.1,270229039.7,266537048.7,454363433.4,563665283.1,353878004.3,508887881.1,319895924.3,338191362.9
Com_398_pos,600945.0668,24298319.63,46403903.89,5855198.116,32738366.96,387472829.5,32237941.89,58134579.51,41429741.93,15873391.28,11376982.07,13228514.69,26157809.86,35122453.7,14285912.14,21468060.37,13464771.09,13799830.22
Com_478_pos,54768188.1,84589829,157778374.1,65773909.6,161566321.7,76557984.83,150012391.8,78982670.08,115561416.8,58556580.84,92266797.11,88134572.91,744107133.7,592558521.1,2975233859,2980826954,267876868.2,332704152.7
Com_710_pos,891108614.1,1119667775,1520993733,488130813.2,1272902547,881341805,798436711.1,695560783.8,1206532174,473190341.3,703295683.1,779680105.9,476699732.8,407723304,321150894.3,569432692.6,417564534.4,424572653.9
Com_756_pos,9050633.009,4834551.73,16126682.4,710711.0104,13051656.42,10128516.07,59138254.69,26559233.5,58970097.57,126360854.6,490288.017,763254.8611,2149789.175,1242608.283,3073844.747,1341803.03,1585894.972,2020190.435
Com_778_pos,355820068.5,196253287.5,219015572.1,297308430.6,159825230.4,300435735.8,123343110.4,110780596.2,222405270.2,176414132.2,70436610.76,69705426.25,144771756.4,145795005.1,119430962.4,122581635.6,187737132,166080660.3
Com_864_pos,486424239.1,58844662.48,8375847.181,100499989.2,67367565.69,36341762.5,134066005.8,57977437.93,333091993.3,337100523,72059326.47,68646197.86,68601073.71,66885582.54,108546461.1,74639843.88,29573771.09,27298504.38
Com_955_pos,11274350.31,117097719.2,93414225.13,746618.7252,217407477.5,106224728.6,2710690.07,16864461.94,167924055.3,81453349.34,101333770.2,94116396.12,131354193.2,130033879.2,243858949.8,139759632.2,190499441.3,258775354.5
Com_1197_pos,18113336.76,95046775.74,78147724.4,16697254.83,26886015.76,184866326.2,102349879.4,58187398.97,100403000.9,68253735.12,21401487.47,23655351.4,23822007.78,32964274.05,17044513.14,27828477.56,19221805.63,22097644.29
Com_1409_pos,173250798,25001613.27,32252539.11,53192371.52,28966768.21,15744351.05,39155758.08,26639048.17,48490504.52,116884930.8,44456281.17,27035688.43,74658957.4,53723454.68,49494753.61,45891705.52,69399281.69,54713187.56
Com_1781_pos,9611859.742,25900842.26,25888692.73,13665001.09,13027084.62,32878874.37,9714115.46,18137373.16,30525966.74,31806822.84,5931239.034,4344335.982,146475556.3,131024144.9,52385107.66,111788651.3,55215848.34,62485947.76
Com_1872_pos,49075114.48,245201698.9,189730469.4,74758165.81,165564375.7,484854734.6,231545916.4,188368717.4,322515913.3,243905675,91677563.49,77731262.05,157635285.9,167325273.4,121182937,156725713.4,135739403.7,128792669.2
Com_2077_pos,8203960.798,69717328.58,69217729.28,28378840.99,89085167.18,93513284.65,108167656.6,122765072.2,143686027.8,69307772.99,53406480.92,52849253.87,43352863.6,49659088.88,48420512.19,48195758.02,49906664.3,39056151.12
Com_2095_pos,3917861.805,23080454.97,17206939.14,138413497.2,8522927.54,13283980.82,19236327.19,14953827,17238793.09,11922039.79,11755981.19,15591734.83,5354064.51,6663829.026,7718948.769,6734233.181,6341495.892,7333267.185
Com_3059_pos,401918.708,34715489.53,10516513.71,9242381.433,28832778.59,99624896.42,31116934.99,31334011.4,45527877.32,31628919.4,25874826.55,23518078.09,53625944.18,51369737.16,32631829.06,50410018.57,38418600.96,36513250.94
Com_3256_pos,146146095.4,75142105.23,146985997.6,298416363,89260155.13,89925448.07,122403159,305942087.1,98562152.9,94898678.57,69080805.04,67875598.53,86618166.96,88070922.6,91085876.69,106569320.8,113767028.3,104588236.4
Com_3449_pos,148993263.9,292417961.6,261418452.8,52530658.31,395833662.4,301434630.5,306774726.6,299801262.1,62675236.17,316612901.1,76910490.94,73337995.38,374266129.6,411740647.8,215122578.2,230481633.1,312181263.8,301456971.6
Com_4117_pos,25377483.45,6540009.055,4303998.788,13036819.89,9218973.388,13264075.73,12596287.73,18822282.72,9973036.11,11797126.29,13299544.82,12084320.5,11687313.13,9747476.803,11983433.93,21037532.91,11435902.88,10576445.07
Com_5075_pos,1814194.843,819653.8841,1139420.299,1667625.021,688550.127,653410.6271,729408.1234,1004020.931,521306.3304,1146287.347,548538.9038,646440.4144,764812.4722,781218.8879,917544.9947,979303.186,1028497.767,988772.2637
Com_6158_pos,781281.2161,184908627.8,260710283.7,7879940.002,111004577.2,949275849.5,121929637.4,213460659.3,173990188,15794146.46,29785009.54,44162165.24,24175078.83,26863277.72,13723947.06,25510015.39,14823546.13,20180672.28
Com_6529_pos,398248.5091,1884867.501,2153010.977,1060905.681,2721370.108,3457454.485,4248600.038,844713.2469,1149320.502,1385502.934,197935.6121,348080.7446,9954101.569,12246393.76,21197033.2,22825674.23,4227268.493,4577802.492
Com_6970_pos,2486949.451,14690861.26,34176949.17,4552204.468,47080788.35,48406772.63,42234875.5,15321090.86,44664102.04,44617659.81,9552646.46,8680719.343,51005417.94,45337079.14,38164402.45,58517362.41,57018991.2,63786918.09
Com_9294_pos,827588.5613,8027553.918,33464437.1,7704332.245,5250109.786,972180.9449,22491745.62,32118060.22,15365153.69,7396794.589,70877826.05,59154819.09,15883633.54,14309218.87,4164102.206,18689082.38,12082982.36,13814700.31
Com_13152_pos,47285640.63,26938256.59,59972167.03,47506431.88,34850771.69,31000321.21,45072192.64,37184812.04,34370071.61,41208537.95,32284433.59,43876292.05,45744680.13,30833302.24,49175210.43,42102848.39,44681211.51,42979679.45
Com_19907_pos,1697790.284,9287938.466,12700372.76,835841.1195,6703699.221,3505323.118,6686785.681,6483487.299,6199452.496,3568126.434,3314827.339,3787243.962,4522023.391,6559149.248,7352181.163,7353198.712,6765739.295,5675732.887
Com_1_pos,4138978082,34218727629,41692962813,3325525485,52442902135,40422030360,18123179822,22584073470,44888444460,48961755552,46662970281,47256338667,43194091392,44515349882,54542588948,46849892218,41264293851,52276911361
Com_7_pos,6026533.786,307238.4314,276890.7825,1172769.779,205185.305,843051.0251,287604750.4,48623280.09,1158310992,1378268339,2202679.225,2135615.177,483868.3597,270346.1326,12291183.43,325784.3706,686698.4937,277581.1229
Com_28_pos,123091848.6,4152677373,4311456119,89787562.8,4780860354,4991312972,909201632.5,2341117034,5747662138,5791964715,3743894620,4681659956,3887861515,4522062123,5510757080,4969013486,4368163260,6841944446
Com_34_pos,722740567.3,117146002.1,993596693.8,7158645216,163518518.8,12050594.56,495516493.2,342714688.7,232371971,122303652.2,159723238.6,163101931.5,291919678.4,261839114.2,160609193.1,126501655.6,494504454.8,383459189.4
Com_50_pos,13142819.22,548926.7168,589593.7929,872820.5054,2648335.375,380906.3879,676821.5328,804946.0329,2437564428,2556892247,1088923.473,946120.0112,502612.1591,483951.5937,3603354.639,568015.6045,547838.8208,467184.5469
Com_52_pos,5170302.808,2976127168,1076765.656,1677376.542,1551280292,3374117672,39413152.78,23899896.35,23661300.23,17809636.02,44347410.05,24526962.79,640797508.5,681564891.5,27039539.6,41455523.59,594895980.6,29014767.56
Com_57_pos,52590316.96,2476343462,1653155895,27336205.99,3110151253,3467032832,147181511.7,537241705.4,2497995985,3225214766,2256906353,3258041249,1909947615,2383463680,3854692711,2634515754,2143171970,4262848649
Com_69_pos,35793272.95,135008046.1,108765093.8,31485592.58,251484513.2,275236947.5,60517062.85,75414809.86,134785657.3,264630100.3,128745878.2,114328178,200728347.8,184588126.4,3014032425,268517464.6,152084735.8,140237977.7
Com_75_pos,5939414.024,4848620.646,1565999.199,2572750.123,27140546.01,2170031.769,20447711.42,16921247.52,10093093.35,7360445.125,9343409.796,8784954.62,1949569.771,1128909.966,984617.8654,911515.2141,1277020.822,1176626.696
Com_86_pos,432155510.6,1456563998,984717706.1,445694937,956091160.9,3125102388,1245084003,1004661319,1765541071,1273245307,542767123.5,438432613.3,884964163.5,861523073.3,765529885.4,808943431.2,661256877.3,602564203.1
Com_104_pos,1898187504,1347627693,1341395883,1325871090,1538516235,1931231069,1916400229,943145344.2,1623716715,1622685534,883661366.2,1007797247,1927327983,2086912871,1791607667,2361389415,2421672331,2224786764
Com_112_pos,6915589.311,6564504.598,4826610.13,15753739.47,4962338.095,10509614.43,1238535903,2420717991,6133903.446,10552662.38,1077567265,1062916845,5347286.399,4956605.809,4054355.667,3883409.993,6890320.665,5259211.139
Com_115_pos,1736680770,594358928,1016225691,1118754054,1091439854,673443237.9,2317179789,1829633817,1124735333,765803159.3,585510530.6,623986873.2,797177701.5,804933222.7,655289487.3,650268828,737486729.2,675742456.1
Com_122_pos,29062374.64,29020583.87,20727577.57,13626764.72,14777660.22,21854449.43,5577389985,9913698696,17599441.42,32150844,3332976555,3571074261,21466143.12,17919372.57,23086073.34,19996890.81,23825248.7,18100297.48
Com_151_pos,98889429.6,42821509.49,214150164.4,352858088.6,63460504.93,41815101.18,94467751.1,987346132.8,173666721.9,218171473.3,738761879.4,794149442.7,80649496.83,110305154.6,51247871.82,66587925.31,130419836.1,99533576.4
Com_178_pos,41818465.21,1026624616,11470577.33,19733549.75,271596132,133399416.4,23540791.62,21905869.1,11660766.93,10211922.75,24080073.09,22605906.51,44633156.85,14255274.43,16964362.55,9550341.051,18778902.95,16454113.2
Com_198_pos,49209506.89,622031830.9,575656562.6,248115105.6,524606872.6,1753779586,742293016.1,794543622.2,2099245917,1997221997,489136071.3,411497259.9,1044390418,1138710804,1026940308,974628191.9,720269749.5,609651682.9
Com_205_pos,2227299563,883909641.6,898675258.9,692863657,1276816865,6070503710,2775762738,1795787387,1927829386,2020642016,2399772087,2526302499,2994312455,2894619819,2206568041,3361258476,2559732698,2568192260
Com_219_pos,46395401.12,626679996.1,1014080539,137176639.9,111411119.9,28109986.09,490493745.3,1308188518,857917793.4,268201327.5,1118168355,1066854640,705541535.9,632590045.1,875573208.2,684613156.9,807318171.2,635963836.6
Com_230_pos,8750620.907,6368895.298,8587061.952,10603222.07,5141661.814,6116630.798,7511186.648,8207996.388,7651109.292,7041048.721,8297059.902,6796630.332,6445474.121,6560656.851,4773892.72,4776639.534,4839761.076,4675632.155
Com_261_pos,25218912.88,7378735.012,7840921.894,6520090.908,18001630.33,17251698.76,1442365886,2106602982,34209700.81,16686443.97,2228064704,2017626129,36267622.17,19736232.24,14182197.73,17887437.29,14755446.82,12387927.62
Com_264_pos,188702255.3,881491913.2,528785462.2,148852205.8,575356544.5,1676567687,825803276.4,508381823.9,1350551222,1041657458,185534294.6,163730338.5,510564709.5,646967800,387989914.5,484141937.1,396097520.7,428030999.1
Com_281_pos,30649967.47,12884826.12,211847214.8,5572175.689,37162758.41,441511.3427,2429615.134,4475451.22,29713202.34,33580849.07,3257296.02,5274435.801,4853368.597,5854386.315,9402671.122,22252847.83,2994001.893,2626486.244
Com_290_pos,19892975.3,247844369.9,236217225.7,2119327.442,284879315,637184593.9,2132212.515,6361892.855,52687339.75,44840097.98,72232157.65,55344676.69,76221363.83,72507828.48,143266410.6,61134422.81,69650394.46,129034908.5
Com_332_pos,49448886,483860426.8,443096130.8,587049031.7,114739415.8,445258423.5,488404330.5,841919295.6,574522690.6,262665333.7,343255113,358044476.4,172406799.1,48369269.79,195375516.9,119191169,259192924.3,84122120.76
Com_333_pos,41192175.31,5571850.212,5238212.498,9047014.178,4546874.105,1568234.593,6426444.237,7742222.211,1342539.212,1351127.559,7907532.951,3864365.646,566352.4537,3327771.41,768101.6871,2302049.761,3316679.81,3707628.589
Com_343_pos,799485900.4,9865292.755,6431459.729,5900899.102,7067862.92,803670503.8,8467630.601,21884922.32,14929743.66,35716731.67,616994.8176,612253.0362,9792421.598,7981487.213,39180565.96,20711206.59,22792349.11,21800769.87
Com_351_pos,24704785.68,68211631.96,22699463.94,25828581.37,41873793.24,29706642.39,106374446.5,173631102.4,19470182.66,6078000.187,93799053.64,100905524.6,10501521.99,8117532.664,13682642.23,12167630.33,12710822.32,10232507.61
Com_355_pos,52008220.8,98058619.92,88697882.31,33528494.19,236893189.3,170393505.5,145468100,662761414.8,203810969.9,104633971.9,407037373.1,205798627.1,623621741.5,482590224,396161827.3,261639177.9,304135905.7,221402198.8
Com_370_pos,400819541.9,848268126.4,890332661.9,789757985.8,582612094.1,435969780.5,362828310.9,257951614.1,493978453.7,504366348.6,289622188.3,351256969.3,264184370.4,266663190,290827011.9,228386222.5,336590079.8,317742492.6
Com_380_pos,7582458.983,4570488.515,5470181.508,5114022.881,5626067.821,4694929.531,307648827.3,926022485.2,5862053.071,5449460.914,484418944.9,488227914.1,4693202.632,4590075.184,5697779.842,4490819.713,7742393.234,6755287.553
Com_397_pos,95222837.66,303129393.1,673791823.9,19202415.82,81055396.22,266157870.8,276761337.6,518096609.8,251516115.6,117858391.8,47064728.39,39092522.78,195623048.4,217478619.1,51996266.25,327605663.3,72018188.22,68825334
Com_413_pos,25686972.78,19398789.37,25298832.54,33251345.05,19741397.22,18261523.05,1468095397,3492867975,42938947.6,35219954.3,619799687.8,611599893,31217538.18,26923781.12,25541682.28,26479593.45,26117478.09,25650461.66
Com_443_pos,521051216.5,3568791.849,3131012.592,2048399.143,2362030.992,345591309.2,4275692.291,2717706.644,3027433.001,3031206.926,1449681.793,1953408.689,2419201.825,3016635.846,2868425.322,3947223.804,2265134.167,2179022.562
Com_475_pos,786629.7813,115135080.7,63349638.87,612524.0592,78563530.43,395613078,2663172.033,8147411.903,35679693.81,30613414.83,29413991.9,29095485.29,16527719.92,23175499.38,29214429.65,25665655.19,26438437.8,40991254.9
Com_484_pos,317628.8941,233078.6932,253881.5616,238568.756,179172.4364,260323.5553,375700.4308,504523.5034,588213.5014,484267.4104,1432889.543,1201610.734,253550.3571,247880.7626,271038.4422,268702.7855,264839.5808,254514.5358
Com_487_pos,826612862.7,1073782762,794016110.1,58057468.92,1239850701,726489232.2,653788245.8,452422398.8,1986716299,2097446062,449737599,562467778.6,1197162363,1252966479,1089798342,1149301636,1350193750,1380235808
Com_488_pos,1449761.919,250380833,234107057.1,1345202.352,238983579.8,427246724.6,3542865.896,20370700.77,137104868.7,120690588.6,125829302.4,146906511.4,75879352.32,109438358,81779074.1,77348129.5,96632883.19,195991418
Com_496_pos,35360538.41,795981330,1432410466,922893284.9,1203804495,68505009.9,99129400.96,821490926.9,196571702.3,440896087.6,1002099874,999690424.9,597381484,500339356.7,881110160.6,1220426485,621728301.5,488556078
Com_498_pos,29277167.49,10333848.09,12227564.82,57930274.36,9428554.083,9424447.219,15374312.3,11738885.47,8982331.902,7231592.345,12017250.01,11952006.53,12748896.9,6842962.753,8982692.932,7902782.119,7568057.748,9238778.951
Com_518_pos,49072593.76,402493571.3,342427213.7,64070891.52,490076890.2,359788627.1,154614417.2,141418559.7,120157130,133660532,164540936.1,239734173.1,218037227.5,267316074.5,248337825.6,355487036.6,374848540.5,362837436.3
Com_543_pos,5636944.917,3623890.488,10188309.79,13881482.19,3952514.565,8769794.117,48803884.93,159416369.5,4232368.375,3420872.706,398305295.1,441690180.1,3815492.85,4044870.868,5272137.078,4668479.756,4567423.951,7952444.49
Com_581_pos,92599467.03,391242429.9,238501078.9,105421531.8,234305485,208056864.3,822353648.9,614506938.8,155165139.5,120040743.6,265447785.4,231453825,68236920.15,64749470.03,12651881.26,65540507.04,77422220.5,200615101.9
Com_588_pos,870487.3276,499451.2873,638835.781,615205.3947,2343964.362,569046.4468,748313.3256,732746.788,3311429.473,688314.0515,688227.1906,668239.3346,682812.9734,627298.2767,1889468.632,4590620.537,655428.6062,556415.0594
Com_621_pos,174491729.7,233571607.7,499895192.4,23396205.24,172483831.8,77492485.28,630557019.1,414316847.8,442716669.7,203137759,55125268.52,49796196.77,74005791.03,57088860.04,59440343.04,43970963.11,77561134.91,60091312.29
Com_640_pos,84403890.64,112085496.1,33319024.37,56364432,126418349.9,286629572,65286422.06,38074673.08,26665262.86,23195586.52,24947017.44,20980061.32,42395020.42,36591067.59,22694348.33,28216551.84,40955463.76,25948179.28
Com_648_pos,478370014.3,18077732.84,9556085.109,229722887.8,36927573.43,14424136.52,30336202,38781204.85,24813856.35,36578272.57,53103401.4,107057899.1,78926411.41,72050716.95,78970252.71,78859190.73,82799057.98,85484879.09
Com_665_pos,210772721.6,26751584.77,359046810.6,48597802.56,186715912.3,399522.777,768605.9052,1693971.905,143312594.7,150550462.3,4061024.437,7407574.828,54132996.58,82895920.7,8515070.113,27651362.13,7516159.506,6939750.326
Com_669_pos,4784919.843,8725529.22,1605266.488,645318.423,45536054.72,346522513.4,1184395.95,632690.5795,783290.3926,1495542.788,1091787.672,1175677.651,1996007.941,2127587.866,3412589.869,1601900.587,3819959.569,6195062.382
Com_672_pos,46120663.89,190275304.5,162337625,16506121.27,122392174.9,120241306.9,138336297.4,84756866.79,169979929.1,114685923.5,60817246.11,85143971.95,83353858.89,130516320,130682651.7,128856172,104978323.8,107435773
Com_688_pos,55954293.35,118559156.2,240496914.5,287632927.5,98476555.23,16579965.11,107946653.6,178293276.4,115532800.9,135078809.7,50614328.03,37945608.28,30337231.63,35586990.1,82358109.21,94839133.6,48252194.75,50817513.38
Com_713_pos,5184734.905,284547.5977,540878.155,5272624.065,748413.7342,698007.1676,1159304.289,1304125.051,596181.421,788976.4528,520100.9429,462485.1748,573299.9633,367450.0428,517187.1323,812163.4685,537207.4237,324014.9008
Com_723_pos,407796.4385,346343.4754,326669.2503,427663.9261,286505.2619,397958.9637,460694125.4,21506431.99,637723.5202,432545.7326,659288.7045,715926.3941,532094.4179,259585.9309,309005.8865,464684.5247,315329.428,283863.5247
Com_733_pos,39633685.96,131586934.4,86770920.84,6675890.863,221884687.3,355187353.3,10883960.68,18932552.29,51650297.1,47271331.43,59257527.22,46876620.02,53658198.5,59030296.98,80755462.38,33048948.04,54032579.9,51792925.99
Com_750_pos,304002774.7,1008042.167,3568268.787,515617384.2,4443886.039,3033658.901,2803229.157,1398235.002,995910.4059,861853.1291,609509.3465,651458.7875,827165.5919,860393.042,823869.3888,994948.4993,1095744.362,981184.8585
Com_779_pos,94106592.3,194155600.8,234269384,74647283.09,295561796.9,248740257.7,178962870.5,178797262.5,203426640.3,185150769.1,231167752.8,244782979.6,239438157.3,236787207.8,305984951.3,319985933.7,294092356,270983829.1
Com_810_pos,1546017.429,30813800.26,9449702.493,588872.8109,18883505.2,281762030,587465.0147,536497.0344,2451937.464,6562536.663,33552176.31,3399639.508,26684597.03,4510334.622,15150658.13,3382002.562,11967054.73,18664426.91
Com_827_pos,18001585.22,373633784.2,84911565.43,26714189.93,184211519.6,278199450.2,279849738.2,69814666.7,473916605.5,322002927.1,174417768.3,191195875.2,519104292.9,513608553,432445720,603952024.1,430947419.3,390463908.6
Com_846_pos,7881190.509,96444543.69,175892117.9,4742377.989,142431043.9,286328170.7,6784870.754,25576260.78,249994697.6,290672291,40496027.26,74828013.82,38841178.37,96252257.44,205168572.1,134030057.8,181119782.1,335501182
Com_849_pos,52436257.45,126723868.2,46275407.58,63005930.6,119403077.2,91683381.94,635309538.6,332277377.4,763113064.9,617788369.2,66969227.85,61824129.34,158655130.8,153811921.3,155480366.6,127765345.2,228553246.7,182288936.7
Com_852_pos,14955385.12,68947377.91,14992063.45,17158651.38,32849762.42,28292843.31,39507147.21,33061307.44,113040843.9,46472925.8,16437346.34,30593692.42,23568883.25,31141904.9,31449295.82,28345394.63,34126466.85,31842354.6
Com_858_pos,985391.9617,1567549.21,575637.3387,743959.5595,731198.8104,758504.6016,1125388.751,1084874.144,149981072.8,434401573.2,1271860.325,1186300.547,836682.5707,876430.0915,1006778.75,1038778.9,1031440.755,916685.983
Com_867_pos,159480778.3,296338623.5,311340818.1,193958885.1,458168839.4,407684927.2,214676730.1,351967278.4,579456889.5,617223887.7,461737099.1,301576179,571080697.2,614602257,730834059.7,580278721.5,556367385.9,516115813
Com_873_pos,434290.5244,281244.9885,306346.8217,385703.7819,216198.8688,323842.1192,1871795.718,608784.5481,13427430.52,27661839.53,453390.2207,431250.7397,305947.1729,299105.9426,518923.2133,350303.9605,319569.3429,307110.6016
Com_904_pos,16328705.3,12350999.49,12862281.74,20518092.27,13502779.86,10786820.19,193987871.7,323377502.4,12466151.65,20232555.5,194156302.5,166693183.3,14500854.95,7251463.577,7767148.053,7100702.637,9258004.338,7943113.132
Com_929_pos,5646040.643,35017611.35,5191343.898,4053315.791,305548309.1,8773582.338,105242440.4,204228273.2,24644146.48,28387636.41,54847146.55,58254341.74,1886504.319,7549446.947,2239332.39,3584759.995,2739236.6,2312344.444
Com_935_pos,11047423.94,171494678.6,413506724.6,7502193.43,81445480.29,116258076.4,280905328.2,200684124,216725369.3,155936055.8,73247258.49,123678389.5,94998831.23,136660507.7,193031349.7,294680538.8,244942063.6,209416365.6
Com_938_pos,6871928.265,3687187.224,4115903.891,6454875.997,3410797.79,2234320.694,4880283.779,7682315.359,879947521.6,227827072.6,3794523.231,4618889.408,2791123.622,2872824.257,2101411.57,2963122.212,2956376.585,2879099.603
Com_953_pos,15761108.18,182949396.4,158556160.8,75363622.99,129024321,647078933.5,156435464.9,210266593.1,456326635.6,477840932.1,98343918.58,89708993.37,266985474.6,293604169.7,352861706.4,349916488.8,316906872.4,279859168.8
Com_962_pos,467055596.7,111418995.6,124057321.9,1140060.074,41615116.94,59806470.66,81457313.87,40862039.19,229534719.8,27272314.36,5549629.547,6709053.699,748807.586,730404.3427,747598.7712,862617.6705,1000043.762,864168.9523
Com_990_pos,13898933.42,17925003.56,27373211.21,51053389.11,9152975.988,19929881.88,49552996.43,61148959.88,3639522.461,2535185.026,267682313.2,271215877.9,5207339.393,4171998.274,3667688.419,3413584.281,9086494.532,5528485.532
Com_1036_pos,192738743.6,19838775.72,6267636.778,26713410.35,8929110.363,146549261.5,7245547.845,23627154.72,15233766.16,63570885.33,221939133.8,217359964.8,7881052.883,7464953.293,4760092.908,7180462.458,6930827.47,6612531.929
Com_1085_pos,22430619.02,135363315,11950709,17126349.6,121037473.1,141885044,63856142.22,51694856.46,248758325.6,252344973.1,38711921.28,43971492.2,50222262.08,39155713.23,44743851.45,35718584.79,31242707.14,30452196.36
Com_1107_pos,45516554.24,329233430.4,144013080.5,40808051.8,201051227.4,157471590.5,80479111.86,104771726.4,39645838.92,27426697.82,78612216.17,79341597.08,18972885.58,17833259.62,25553828.48,17657376.03,36207039.75,31043050.92
Com_1244_pos,2003989.793,652845.8055,1846541.366,1358660.33,1603782.364,750455.3495,110547086.7,175827476.9,9844350.788,1876170.557,85251516.75,83203828.7,2013957.024,518947.0969,259292.6957,423306.3757,333540.4182,364228.4547
Com_1286_pos,637233.8543,226318558.1,976158.0054,955108.9365,107998632,33080678.31,16061879.96,22028337.11,20712031.26,8867363.526,6503053.361,6814604.326,4107368.384,3754964.939,17083610.11,3983202.411,10902386.37,9922517.519
Com_1291_pos,23043658.12,3932313.551,5423243.599,12760667.15,7420893.924,10495669.27,262529018.7,252743067.9,5285606.614,3344215.726,110284966.7,105399595.9,8276391.382,6113713.23,4892967.317,7962085.895,6915607.125,6057743.618
Com_1305_pos,5432240.458,2679270.676,3235171.801,8029479.99,1769026.696,3225786.219,66650406.26,250283249.5,4554407.866,4351626.504,153337526.8,152553378.4,1339510.127,1766821.67,1522277.208,1100534.059,1632543.888,1263927.611
Com_1367_pos,16396952.61,78512017.21,33002389.36,18221658.3,12012826.52,198089775.7,48699430.52,72932080.83,21905465.72,18126882.29,38011962.61,37098785,16002808.34,19500416.26,11314422.94,11167685.87,15699230.25,10178771.7
Com_1432_pos,5964568.491,1121996.012,3737583.637,33250774.99,4287158.151,27761948.94,120666788.1,187163849.4,2113807.754,1639958.856,53284224.36,55495502.28,3414533.72,2365782.109,1813314.428,2030974.101,2538870.379,2377601.535
Com_1441_pos,2518935.625,4539805.806,4866481.437,2047332.865,13918899.43,4624956.683,1775010.608,2561127.557,4453270.43,3490437.478,13660697.55,1577249.097,5134247.802,5127258.221,7118091.184,5254029.588,4659145.287,6555962.835
Com_1468_pos,260018244.8,116140354.4,155893589.3,182988200.2,147296321.2,103538652.1,125566616.7,141757555.9,114266299.9,124367108.6,183977232.9,147946980.4,206285561.5,173236425.5,161480698.5,133533355.8,188741714.8,136212144.1
Com_1480_pos,20462246.68,11915997.78,55655221.4,9649016.86,24365348.91,552532224.2,26472850.23,71596908.42,10926558.86,9280828.046,17765493.38,15998322.2,7877663.237,8186295.298,8789551.399,8358670.618,9427952.605,8712818.72
Com_1524_pos,345940.4246,926754.2892,762468.6757,512088.1454,682097.6113,6853458.476,10685191.82,200712754.3,1237541.644,973257.1965,32035036.84,31605651.26,650078.7134,717666.4212,588259.4068,652724.9363,547736.8694,553623.6155
Com_1568_pos,161002419.1,214359591.2,249593792.7,134090946.7,164072092.6,108904089.4,93669625.89,88124925.87,354966233.5,222406054,65423270.83,80378052.04,135995227.1,59144213.86,139622817,173840830.3,165860414.5,155511236.2
Com_1573_pos,677097344.2,842387230.8,439111259.3,842841898.9,721000708.3,480357913.4,581621459.4,621885123,1031618421,1111861827,1057375729,1089260176,2245814150,1944910922,1590436995,1609694539,2908281616,2007057243
Com_1579_pos,50752656.72,106809187.8,24142184.92,33412857.38,53001796,79222759.81,280892881.4,184719926.6,98439397.71,114772448.4,94139546.27,82072787.82,21545434.02,21299407.96,30862654.23,19457270.02,30383996.64,27217572.77
Com_1591_pos,1543084.952,1606806.281,1656115.419,1552045.743,1212814.227,859639.887,922844.4977,8434130.429,6022172.936,938276.2751,1099454.206,1141974.622,664902.388,623202.9269,645252.4991,710151.9713,782777.0914,754203.0065
Com_1602_pos,28206026.7,118517300.5,24764119.23,30529852.28,160214448.9,79114625.38,34627381.92,28875890.01,71747441.67,50713817.93,28349643.48,25440523.51,74983023.08,136839525.8,101090899.1,49885436.95,60394976.4,81164294.68
Com_1625_pos,32666972.5,144372315.8,39210960.61,45932524.06,296933388.7,112435945,69620591.14,175231392.7,17632348.03,13940479.29,26190047.08,25677944.09,18459423.81,17351428.33,13105008.35,13539338.31,15998313.67,13784075.08
Com_1642_pos,50117622.95,257077469.8,9504091.71,8316196.81,40632943.4,124634036,52438903.38,8054725.712,19364956.61,84725525.89,532871.6427,524022.8776,67004449.04,65730142.64,39561377.11,114764131.8,79368006.83,75909274.28
Com_1643_pos,50718229.54,10095109.46,14008846.08,90075511.37,16029946.92,38118388.34,91968457.7,220265406.4,1269795.605,52261304.23,63978855.31,54819259.77,11618025.31,10392300.62,14787924.35,10282236.71,3959259.147,9325676.289
Com_1657_pos,87997564.34,7925405.933,10046286.55,13121550.98,12854340.88,31550022.61,8777324.84,13627503.79,11059912.74,9481043.905,9768229.457,10156076.02,9060502.869,9655051.742,7743615.831,7390806.615,12388744.39,9276052.005
Com_1658_pos,192222904.1,214702052.4,312721200.8,337625623.7,146117334,98209033.13,140819568.7,124864109.3,139896252.2,131911356,151149148,158061271.5,74118076.99,75461089.8,58682303.48,17821613.14,171625689.6,86323758.22
Com_1696_pos,204793001.2,77941062.65,126309351.4,109464097,122982240.2,88069775.67,109296052.2,81510617.15,107309690.3,107235800.9,73427808.46,99358433.5,112255098.5,145215028.9,102809825.8,170707131,168791232.1,136056819.2
Com_1698_pos,66067182.85,82772862.58,46263071.93,125138193.9,180555924.8,228569093.1,15083976.94,60982734.73,79299607.87,113946070.8,101093476.6,61371527.19,98555436.38,76266750.33,159059075,91982856.42,96446927.21,93909078.88
Com_1702_pos,60534688.63,38195423.92,79720091.23,118829567.2,39835709.49,43632504.36,122007950.5,76327425.65,141013802.2,323018220.5,26488588.4,60765435.66,239894395.8,140448127.3,120008471.1,189852167.3,137929410.7,111772632.8
Com_1720_pos,292646565,43365480.22,38799662.69,69387126.75,21401142.47,81044830.06,44411527.05,26663941.85,27303707.38,26785707.51,19607972.68,19786013.81,21715144.13,21700486.35,60440035.65,5966502.342,27380736.98,27959730.37
Com_1732_pos,5135285.107,2686393.935,3296975.291,3023215.122,2570968.153,2448509.181,7585237.045,8255715.977,23501143.88,25053631.26,23273467.88,29184620.39,2746207.813,3069494.917,2969610.141,3068112.385,3150689.6,2816580.606
Com_1742_pos,34186933.96,26583543.45,168361145.9,277808434.8,32598822.6,34018847.15,25896459.37,23966529.81,45733196.71,41328365.2,57673684.2,67565617.05,86563617.93,87281627.67,68147594.62,76338235.36,16143197.13,67464539.34
Com_1830_pos,48654988.01,146217522.9,102880611.1,21406046.06,147865039,114642927.2,90718657.46,55840897.79,117711029.3,66574777.68,53774702.45,46342066.7,116225932.6,144592113.8,58065322.3,68251140.69,71018000.04,85008647.33
Com_1835_pos,224030.8151,1260712.136,5320947.788,646406.2174,9248169.532,469388.5019,235065.4407,302295.6018,158705030.2,642191.1552,735774.6896,632297.3229,1380395.187,1728525.669,33519192.11,33846777.18,28938019.41,37989846.39
Com_1866_pos,2737115.022,1784727.475,2409433.049,2774444.943,1842793.102,1278207.699,5615168.777,7078910.04,209669227.1,129050456.2,4982201.888,20200767.53,1593715.164,1675983.821,3496209.233,2140437.673,2157840.616,2010589.872
Com_1893_pos,15488722.02,23269357.95,18756598.48,25790203.81,117228446.5,11164645.96,16360842.56,18852800.67,15115575.79,15247602.91,12534836.33,12687010.51,8194750.434,7696184.649,7422739.163,7502092.387,9294312.55,7871690.586
Com_1942_pos,24013029.03,15134594.84,20772589.49,46743630.33,16684700.88,15696632.29,492743903.8,621641043,32087163.65,36812307.92,678632478,694539015.3,14467283.57,13559952.02,9594796.33,12371666.83,13736765.57,8184959.545
Com_1986_pos,449115968.7,50136188.39,72182795.15,115299589.8,111965109.1,102395121,79173718.27,55054403.73,39924931.48,41852918.03,112934799,63669883.11,50029434.52,44158530.25,68338144.47,114940256.6,144075572.2,140572989.8
Com_2007_pos,28031481.19,5072934.081,5488654.292,39994454.24,7324880.017,10591561.06,102946564.8,3956007.707,10101677.77,9145060.187,6164401.755,5100448.027,55043176.82,56576696.18,132863979.4,182067852.7,154604997.2,137714116.9
Com_2016_pos,72871915.96,215152639.1,182651398.5,52303169.54,334645539.3,196141442.6,87250192.84,101677554.2,217300341.7,259073888.2,247670256.9,211771347,154567937.3,210109389.4,277613569.6,300654141.5,235381336.3,311267768
Com_2097_pos,1829720.761,1212293.154,511796.9658,3401333.57,3000439.275,364890.9088,9671177.329,9581843.985,682539.5189,1623299.105,8843873.011,6241266.192,4333644.119,2412667.489,1579900.885,648769.6874,3170752.487,2532371.408
Com_2135_pos,464523.4022,504873.949,400001.3828,487154.5781,326359.8856,453317.4749,18605115.95,127748492.4,726434.7387,500148.2453,44500498.57,42757436.06,299452.0219,295695.912,352546.7311,415848.4516,359193.6685,323350.6666
Com_2158_pos,33701870.85,675764.6779,1098974.962,633045.0235,493844.9279,5200547.116,1272619.612,1705913.442,972319.8001,1484043.38,1005199.653,1091553.607,429101.1986,440422.4582,471877.4431,558265.927,480774.249,431824.332
Com_2172_pos,290769.2115,2423285.493,4234700.635,1155524.286,503117.0301,440361.458,663730.9906,860663.1238,183446094.5,86930530.32,1634352.429,983813.5457,28536048.74,26157066.21,52857936.25,57258057.32,17838202.54,18613925.89
Com_2195_pos,11722607.42,145966327.1,2227468.457,21625367.67,78174183.27,35159953.88,41905121.52,50255653.41,29936036.81,24356157.05,19546632.25,57449836.84,10373947.17,9664461.543,23339728.68,10679221.36,19543557.88,22210966.6
Com_2215_pos,162616012.8,26837102,17684865.31,9579078.486,22570008.92,29346211.08,15994818,12733231.81,74024845.3,33243642.18,17892437.12,16779335.4,23275627.8,24829449.76,15731257.82,26723504.58,20383150.89,25859946.7
Com_2235_pos,3868134449,23427330518,29437610246,3530511078,31338404076,23779668894,17832195244,20194678944,33587957362,34793068911,28627257504,28742552630,28615876959,28274483528,31280889646,30466575780,26066984727,32696012218
Com_2246_pos,3852598.297,19142024.52,2424841.792,5108355.693,22006956.69,74917271.42,28899299,25057343.75,64953727.81,24740356.84,17611290.93,16023710.78,55178489.48,53199626.45,39367020.3,61909377.84,43544189.95,39453015.18
Com_2282_pos,167403759.4,76487373.13,75186895.94,158835888.8,37761753.1,52364631.19,50591564.24,34308410.33,97492141.07,93735325.4,49571793.26,42850132.74,106298984.4,63235155.87,120987087.2,80394242.93,123942041.2,64530565.41
Com_2335_pos,44391198.27,51407755.16,40643597.4,49639338.31,56253190.04,54609226.58,34739634.86,25035651.33,13090092.91,17752659.42,27274262.8,25023161.47,36733952.16,32849979.56,27931612.76,38136664.35,42747781.58,41818699.31
Com_2356_pos,252686953.8,114226151.8,109983182,86824072.87,51961037.46,17375876.19,29869256.34,35312302.71,31871553.4,17809636.02,90732301.31,86920283.76,39848858.83,40928479.69,37334714.15,49142402.71,21453411.55,29014767.56
Com_2369_pos,12243453.86,45226003.74,30297894.97,7597924.067,121036636,75093419.22,12098072.61,21010398.11,22361487.08,30244044.06,23669144.56,16451121.42,35593054.23,27622511.08,52279536.97,38617612.75,41503237.16,35969232.87
Com_2393_pos,27729998.92,683515.6371,464795.3893,60909377.66,9134397.161,853076.3992,11323413.73,13309617.41,23153051.52,26753612.31,8685117.189,9206627.678,39846303.76,40292144.7,106446659,1447077.912,130765312.7,113765447.5
Com_2462_pos,7184922.538,6621281.51,2780963.783,9457225.191,5997722.097,5340988.414,9264275.408,8951978.945,7797100.68,7289745.768,7057820.361,12061831.53,11856481.65,1502380.801,10672800.17,10987151.7,14274988.84,11742965.69
Com_2485_pos,60601081.11,34386765.71,22865011.52,10308147.28,18901765.28,98347602.76,5831087.293,3945866.855,15602417.51,8913138.197,2138949.943,1967556.452,9392923.794,10289705.9,9394864.05,9612268.039,14859392.07,12215062.93
Com_2502_pos,13193326.98,625527.3989,514640.2374,101878680.3,4942736.285,1098579.546,1009382.208,848364.6701,835298.2173,656915.2683,434945.9558,415043.92,6900559.33,7241308.107,905743.4153,440566.9726,369703.6239,373676.9759
Com_2531_pos,198996827.3,148289405.3,242225068,252174702.9,240424099.3,118003917.6,126828600.5,112218028.6,139238894.1,113650579.9,217765166.1,231780026.5,81767092.96,77219511.94,83092702.29,75564698.43,94677038.57,84663503.17
Com_2539_pos,325483.1376,272435.6539,280105.8604,242804.7977,289479.5648,399407.2314,1295470.491,14550827.39,335720.5644,283368.9506,7141158.054,7279616.495,260020.8265,252462.2279,218187.9297,250418.2369,265104.9526,248063.8505
Com_2545_pos,111103661.4,41496278,45876202.25,3681261.762,14972242.27,129961766.5,31436964.53,27684623.9,37358317.02,47712827.15,59749327.89,52205685.07,9680882.431,10200120.54,8194411.065,6042330.919,9187736.945,9064928.276
Com_2589_pos,147852867.8,18058863.03,22003214.49,54872750.32,15775081.67,22798913.78,21937537.82,14150796.85,14810503.97,16989522.35,12711712.3,12525084.43,32844007.32,29260850.69,33886003.92,28013716.93,37275255.95,32480922.76
Com_2620_pos,98254780.35,33128985.39,37233354.06,109364100.5,22363116.14,2486711.459,23775296.82,22342990.47,17797983.16,24238443.2,7893309.2,5368785.715,15380660.5,20914349.98,30835390.78,51795033.96,43677539.27,35729647.89
Com_2624_pos,521189.4255,2756015.656,584848.5227,593933.902,3504174.457,3997726.988,119661112.6,42063289.02,623111.8873,421863.219,12885869.83,13391665.67,367030.5737,329106.5469,354146.1442,360025.2662,382485.004,333404.5458
Com_2680_pos,873750.7372,998763.4069,855674.3732,7108190.773,720160.1672,630186.9547,30094432.78,104814053.6,765677.2541,738939.7004,51983023.38,52821259.9,544262.5388,564188.6437,581028.4639,592933.2214,692649.5186,612607.7527
Com_2704_pos,49853367.97,25891699.27,27324453.28,44513081.54,24641134.77,28775309.3,49809223.61,146434860.1,40913966.98,43377610.11,62736951.14,43685611.9,40155661.69,37257228.47,30524070.87,51888521.68,42578711.98,39254812.23
Com_2756_pos,912312.5057,559993.3891,580964.4175,775251.3421,444569.2164,360120.3089,40418475.81,97787346.94,662204.01,643449.702,72143494.99,61575597.01,478441.9252,460336.1493,505014.2082,473098.6528,560349.0821,480418.6204
Com_2827_pos,27431125.26,9308699.839,11678409.74,18371858.74,9959568.464,8964163.576,13427710.9,6590055.484,6088569.228,4745579.125,10781358.76,8877722.107,23628000.91,23336787.06,98391492.51,67865004.65,15650025.32,14166117.08
Com_2872_pos,13144131.29,88794448.76,125545081.7,141432754.3,37810460.28,41874865.96,35280825.19,50165320.52,22895588.63,6168988.892,52694699.83,60346184.55,9901616.194,9354934.297,19503828.41,11553479.23,26522280.62,21830022.86
Com_2910_pos,18242530.02,12306551.45,13400830.46,11778994.26,11982161.81,10922287.62,19499114.2,20825606.93,55383217.6,73415626.17,14063980.18,14878557.1,13356697.69,13336425.33,12662467.37,13492193.13,13578297.4,12464152.42
Com_2926_pos,11180231.93,4326679.084,5357948.138,5828433.317,3954711.306,1970619.285,6914796.245,9449015.392,3520835.546,3850069.507,4868519.745,3901507.139,14842374.41,14006030.44,71995295.46,49134311.64,7640353.008,5426460.941
Com_2956_pos,109252023.8,94965586.2,208615231,247858243.3,71074446.51,50526469.77,116684492.8,67777014.1,79132588.02,66375407.94,79048905.84,88935277.94,45976848.91,49622054.89,63567368.05,46209523.69,56768179.39,67581009.98
Com_2969_pos,350773469.9,224280329.6,298581638.8,427757251.5,218254882.4,108626695.4,274610622.7,168804017.3,168492308.9,173855959.2,185771233.7,197967174.9,296973909.1,283193528.4,249052972.3,310942098.2,126133082,265136971.6
Com_2973_pos,18620586.71,44760699.61,42862031.21,11799343.11,17984877.34,11038712.01,54392587.27,13577068.2,62628319.91,9083033.275,20313776.7,10929735.75,31582846.78,26400300.72,49472922.41,35496089.66,41303420.03,45552723.16
Com_2990_pos,134626311.6,2887003.287,6631811.404,7994702.986,2693405.621,34391684.3,8420158.748,5628421.392,13234219.34,59503470.71,16774012.85,18756211.46,11810005.18,8441287.813,7804218.909,12508355.22,11790898.11,8940610.039
Com_3015_pos,38870378.93,6797585.273,1982041.304,10576729.15,7657517.965,12756918.44,13317395.55,14724315.21,5670948.575,5587495.419,11961483.17,11661593.15,5499909.794,4713696.627,6344344.086,3603843.799,6942286.639,3906289.458
Com_3016_pos,11680435.03,846197.8041,670425.3456,888982.3474,618396.4733,948069.849,1593584.211,2136158.127,1217546.443,887737.024,1258718.852,1366851.946,8145309.839,7392994.951,14556705.27,9929609.018,4022724.634,2218525.156
Com_3039_pos,1973467.141,725732.0192,1708998.607,845249.5735,1127377.238,907441.897,7184777.652,7276415.087,1198564.308,638679.4543,1070106.032,793964.5065,870821.0068,746663.5325,689534.0985,754427.7467,849625.3087,373242.0986
Com_3071_pos,1518659.946,777350.588,1021369.1,2240469.184,707789.6195,578432.4901,1077556.711,1144983.215,822586.525,1010022.952,768826.2783,758383.1018,752857.0192,774283.0518,760400.8251,784199.069,844167.2864,786143.4775
Com_3072_pos,31821356.39,19255752.38,24335542.07,35920507.61,22845381.55,21812884.91,18061980.12,20291523.14,21130040.12,18807077.65,30262300.52,26331394.79,72003913.77,63585608.73,74806180.49,84703551.31,73509212.54,66285377.2
Com_3089_pos,84429837.36,27196365.81,32363197.74,103632851.7,24406004.13,26508369.88,28728187.91,20583180.01,27545338.32,20675600.57,17970866.15,18791338.1,25075706.17,31856772.78,29967071.43,40697418.33,29900217.26,33752312.75
Com_3093_pos,137891228.5,115492439.7,31821646.58,146184505.8,119597317.8,105178940.8,112619874,85159954.85,120391704.3,232727796.1,49179810.07,38708028.7,116469243.3,68411926.1,34198681.92,37819519.43,69129999.33,82580623.18
Com_3125_pos,779826.3941,3219349.555,3250136.52,1732802.158,2553905.358,9764202.553,5070743.022,83245887.29,5950635.555,5049633.481,27500310.66,30584179.07,2712821.392,3214559.506,2078583.987,1422610.005,2178300.441,2763792.239
Com_3160_pos,5392870.228,9385500.848,13137946.62,2695595.078,18075096.05,10846694.69,5448610.008,7509896.916,15169415.56,11380984.75,12140766.25,14464620.23,13500081.86,17224331.97,28092101.36,13806670.46,15886528.58,13859887.69
Com_3162_pos,365495022.1,65420666.05,50060078.86,96563437.34,86067672.02,35155437.03,46518227.86,42239921.33,57981424.36,54798436.4,28105348.46,28928225.73,80169374.2,77620001.68,80342762.9,83346579.03,81725415.21,80607367.88
Com_3181_pos,10759263.28,4696848.041,95088559.1,75373855.77,6658263.061,2123716.112,5366586.56,8318853.043,2389605.304,2688827.1,59010166.37,55031800.09,1336079.046,700165.4018,356153.9003,421356.414,1094327.199,1034101.895
Com_3185_pos,79972683.81,50844126.68,1283690.255,81452068.47,20480022.81,13597785.65,83073274.71,1095369.331,2007318.902,1355056.073,113821197.8,53478508.67,34152644.23,44980974.26,53639286.15,33553405.77,116637329.7,52405956.05
Com_3200_pos,372949.766,288538.9825,347534.0964,322578.7407,192568.4792,232680.8971,273999.0304,249432.0531,214110.5289,207544.8351,896923.2118,426663.9232,136964.4953,196981.4499,160962.4828,157815.2901,150814.3863,400678.0037
Com_3204_pos,65692026.55,2389838.717,1141703.576,577685.2121,10785642.25,61358977.93,966193.6148,643410.3446,924166.553,2149406.319,787868.7831,776716.3434,4080253.152,1958097.038,3650844.731,5319769.622,3600462.119,2983974.932
Com_3225_pos,199185095.6,85685739.34,242016049.5,411336294.8,137136114.8,75253987.18,284871071,132304989.2,343501943.6,292890939.2,161163352.4,93930170.31,389169995.7,342214697.8,318491067.1,341448733.7,325345326.2,284282324.7
Com_3255_pos,1900684.542,1119500.036,1581091.027,1464488.72,932678.5245,6237051.137,1929520.177,977107.8087,8890386.01,14253152.92,869026.8911,932344.3405,1106694.367,1117353.71,1100554.962,1343421.511,1406005.045,1238901.48
Com_3278_pos,153792686.1,93469948.49,82937873.99,165566914.7,151001768.5,102537577.7,127448478.6,64638709.11,165788257.1,139915981.5,80668499.79,83122896.18,124889032.4,123037842.9,119404935.4,82828620.65,82110241.97,147344134.7
Com_3295_pos,523853.5299,534256.4415,690518.6723,704824.7097,392467.2379,373437.8209,44859839.23,42941488.16,364770.1933,326828.4305,58607315.32,49836996.43,315776.7248,282911.8226,309363.4838,360597.0893,561834.9723,514523.6047
Com_3296_pos,35508866.62,40535206.78,29019427.51,48220201.13,29682689.87,39123801.63,13912238.49,32966546.61,36729608.76,28527044.13,96508188.78,92762695.37,60020811.4,51832497.53,56547894.96,55417069.91,62908515.59,51371652.35
Com_3312_pos,447629399.5,292287407.7,212141618.6,276832711.9,237664054.9,109379548.8,786141673.6,280930365.8,157255793.4,173072350.4,234857890.8,202186239.9,391014219.6,368641651.2,968312709,747350362.2,355186166.1,313210430.2
Com_3367_pos,1120463.667,628668.8859,744069.6525,1355628.759,686003.2378,471450.3354,995519.245,993689.9131,718016.9026,736164.5896,595612.902,573940.6729,628307.2648,582655.2905,619315.3639,666228.3053,662898.7603,551803.3297
Com_3374_pos,437405647.4,209574750.6,244863405.4,421600605.1,238336617.7,202996118.1,216552862.9,160719445.9,130555359.8,116504461,147289166.2,148279482,91615175.77,237796101.3,69009009.46,69062234.58,286314337.8,264808434.2
Com_3420_pos,3234798.506,727568.724,909131.6264,1049450.164,824521.0969,974836.1362,994078.1709,1033273.181,664834.3791,732445.8253,1131397.216,1072880.466,828886.8836,1036729.62,1089075.894,1012076.666,665449.8062,813400.4925
Com_3425_pos,11936605.87,15039430.4,14648582.37,17740239.72,10490654.05,8238136.383,23167186.07,14695876.16,12842383.97,11357401.51,9584362.646,7905720.171,12576915.34,11266606.7,7428171.889,7873624.126,7982292.503,8048771.569
Com_3442_pos,254838521.2,274044070.8,710477017.7,449930134.6,199508745.1,345704717.5,415984743.2,292291474.2,369268132.1,283625802.7,588425243.3,517190744.7,216568796.3,180529166.3,171104343.3,242327576,277847258,166803788.3
Com_3469_pos,87169304.98,6528228.355,24727274.47,19777668.39,6868726.125,19994826.62,25001502.98,117794388.6,5324260.283,5057598.367,19873919.36,17647030.38,27306224.13,9449492.466,7075616.124,19323963.97,8020942.128,7670640.197
Com_3471_pos,49564819.01,20784826.67,20076058.62,26602289.52,19859220.13,26918919.06,18562157.9,12808558.85,21330178,13257674.74,19323453.7,19762142.03,65215412.26,68270116.18,28284378.96,33476432.63,23684048.09,22048321.75
Com_3476_pos,2041545.418,17762869.35,15802160.18,498868.2596,14247346.12,56248916.98,363160.6067,1224648.606,1272309.237,1677637.54,2832805.262,2009163.682,2877731.041,3133638.45,5005302.757,3233686.066,6267831.435,8392739.444
Com_3494_pos,5501162.21,2644457.952,2362902.823,3972625.196,3133132.059,2754902.287,7505029.075,3162287.904,72269543.15,105036456.1,2168175.99,681109.5807,2191580.964,2184023.716,1853689.9,2004710.683,2327519.067,2220044.49
Com_3525_pos,1377452.071,1199184.364,1362311.928,1430115.558,1059086.416,758146.9859,1025014.653,970229.9621,1051164.085,1015895.327,880799.9138,982932.8784,716346.283,675908.967,700833.8894,716836.8852,881476.8854,767886.5262
Com_3561_pos,1390510.115,819008.1462,1156700.661,1071396.296,682332.5458,649355.5146,14493161.69,83169120.8,3811150.887,2589182.655,16243140.58,15928393.41,809639.7259,817437.9287,805148.2363,982825.4809,1028610.584,906360.3147
Com_3575_pos,9965237.157,8691263.945,14090764.57,17409639.65,8361943.571,8296466.457,12733438.84,18302996.46,6575804.082,5825927.884,13060463.89,13214457.15,5932790.738,5569410.966,5607176.625,5890363.637,6905444.516,6512914.64
Com_3621_pos,22820483.71,5790442.768,8949246.19,95458611.1,6742186.979,12305991.01,32358120.79,46853301.5,7259185.475,4156259.939,28744028.3,28271759.57,6809882.573,6594024.572,1147512.166,2735333.779,3627916.84,2642205.836
Com_3625_pos,29910338.02,45499281.1,28878231.5,10684323.32,46631930.22,8056629.867,17622361.21,18797993.23,28341726.91,44575535.8,17515792.55,11776366.42,12257172.66,13647829.97,28019437.52,18881872.06,19181168.9,12661597.39
Com_3631_pos,10666148.89,7387574.688,8251478.194,9592785.17,10085729.12,11116149.3,9110268.438,13307295.32,8461044.334,8135053.013,50930131.48,44336565.67,9112202.65,10261202.4,7070978.391,9671309.65,9045443.644,8435919.21
Com_3640_pos,257642.1238,400199.0478,290701.3888,305062.974,293635.4611,483333.6133,447578.4205,526640.895,7843563.046,18139810.65,382358.6394,383803.3757,256744.7323,263518.5976,265318.5335,299550.9046,272233.8178,253634.0445
Com_3641_pos,6792993.732,7130474.932,7527433.491,22258485.74,21957516.8,9178328.71,11004646.95,12951062.11,20570528.71,92110258.82,16233644.38,11608018.78,24649100.95,21530094.37,29200227.63,61586151.07,21429343.41,16648755.33
Com_3644_pos,1129406.572,15137825.95,44325588.91,5518969.921,67396561.36,672830.0629,7403343.405,27638350.36,9992539.596,8481738.371,15800859.36,8235662.324,54494861.14,37993251.29,39740558.27,9455126.604,15628240.28,13943301.92
Com_3671_pos,188864226.5,112557741.5,208136163.6,295924113,79890407.93,55119838.2,94357292.46,78315677.33,50687266.64,59307915.7,103076007.8,102545079.9,60193756.68,52912129.94,58125466.36,54605324.36,63849329.75,58285459.73
Com_3677_pos,94624302.44,45219444.54,72287311.56,113805662.7,30198967,14179139.97,67981057.23,46420815.03,28988593.57,48827774.15,41483627.62,44804517.08,39223299.79,41469408.01,36959953.48,46558856.97,41377001.55,57927312.26
Com_3727_pos,7144650.605,45952852.55,89390007.45,3895599.302,37358429.08,108393438.6,2288632.779,6148472.56,92192981.43,125476706.6,14664938.93,126298560.2,9312057.815,69533838.46,105248685.3,84083368.94,109344870.7,195100279.1
Com_3853_pos,237804781.7,695313517.4,92698596.58,401330405.9,406584420.6,273995317.6,295161671.2,272713957.9,135975315.6,112985732.3,81936660.68,79769074.02,128262453.3,118416775.7,122150230.5,120491849.1,165376161,146261901.4
Com_3860_pos,5663451.558,18260648.43,20252644.45,1859352.294,11722774.23,5185892.605,7561650.839,15758313.85,9446833.638,18543464.24,5137554.773,3978933.884,2764086.849,3068167.164,9517881.82,7220261.317,4853541.14,5222130.349
Com_3872_pos,13747101.57,18308288.93,13074175.4,9953848.608,16411843.52,13130027.84,14490858.5,22044505.39,6611642.55,5679668.18,10619697.24,10263876.98,7649650.128,6502042.344,7823941.079,13100918.79,12099146.66,9839362.628
Com_3970_pos,181782332.3,118813751.2,204236188.5,241556544.5,98103089.96,30799902.48,160065442.2,22454499.42,67494160.38,68939017.28,88666738.68,99927220.62,134928147.5,126820364.9,108576745.3,142471651.5,155575500.6,131696288.3
Com_3985_pos,12823669.38,7491603.783,6587982.926,7403497.544,8418133.341,9144321.32,9082093.898,6181862.646,16778032.59,17204419.4,4838825.631,4651124.65,6349328.807,5891316.676,5982417.508,6009346.725,6906166.721,6260277.283
Com_3988_pos,9748605.017,13442608.52,11388255.34,13336302.08,6320662.686,8300727.277,10684547.66,5515742.197,12136904.54,14784770.56,8417673.263,12189959.45,4934929.082,4635829.905,4846991.576,5632969.335,6958189.837,6007017.179
Com_4057_pos,3119561.897,861889.2575,798049.621,1243195.032,760396.4935,1154806.09,42377940.55,1224031.524,711962.0956,848460.9462,849503.4887,824831.7615,921201.6883,830989.603,983628.5897,1039272.575,788302.2187,768231.3144
Com_4093_pos,9084593.627,125367288.8,13852773.46,17534998.55,99258575.44,40726374.94,48569517.43,33194069.02,2378262.774,80369673.35,29030031.19,32344133.38,7473025.906,7414235.979,72986175.37,48429966.11,8750365.632,79537874.94
Com_4101_pos,58927879.84,37848882.4,30741572.66,53326787.86,28268033.24,29684531.97,64202128.36,31591486.69,50885827.44,52857165.56,23486784.75,24659428.91,28979760.28,21571790.78,30465374.74,10599055.67,28763328.91,19114783.87
Com_4127_pos,548116.3742,636231.3655,798777.3919,778509.0613,426190.3099,395053.4216,571815.7111,731304.745,401981.1349,353841.2766,537731.4301,564091.9771,297618.4549,289884.131,364836.9693,421594.9122,378782.6916,347511.3559
Com_4143_pos,124451927.6,412161356.1,426672898.3,172379087.4,426528740,155700969.7,287884922.2,254375740,254382783.4,110371048.2,152995604.9,147957708.8,126691015.9,124985878.3,103863274.6,117535225.7,101675878.2,101884307.4
Com_4150_pos,29382174.01,21813230.66,53460670.36,60543521.3,61676433.04,13845385.65,18369049.04,19476161.83,8860322.232,8735685.233,26038168.58,39722388.57,6884835.03,5069993.075,5892013.103,4712830.925,6791389.682,6094074.146
Com_4153_pos,764973.1918,1167498.586,4354160.787,996634.7099,1443959.113,1355317.126,2501573.213,1920586.854,4027484.378,1414455.896,1341709.428,1527458.579,4665880.067,2489302.441,3204446.308,2596746.685,3185634.11,1770396.709
Com_4164_pos,143703941.8,128323226.1,60469408.3,72325462.46,113230155.3,61016319.93,205472436.1,129014092.8,92947859.64,79813004.71,141751597.8,126957648.2,82181853.69,123629617.5,129819331.5,123844960,83310544.98,76425027.67
Com_4178_pos,7942027.076,3922272.036,10317466.69,5821027.651,6617179.301,4364367.854,6104008.816,6800740.577,2230847.51,3138760.604,78452202.37,71970181.31,12853586.01,8231583.085,6076939.422,5376332.936,13199427.74,6516371.631
Com_4232_pos,143459.2981,109845.2939,123757.4389,374306.1981,99575.57679,100213.3866,224651.4087,444002.5906,1711440.747,2348591.273,359838.8513,316820.1606,109295.1101,103709.513,88059.62288,97750.58162,107109.1314,87129.68744
Com_4271_pos,284609.4909,7277881.841,7724726.289,211679.9483,6960803.104,48804375.93,676361.0756,2116783.932,16476101.77,7253019.416,2894096.124,9740684.82,8349235.909,16395989.68,19495612.14,10866748.22,6734232.096,15554055.32
Com_4276_pos,30537457.16,38134206.07,67541126.71,54312246.74,17402801.39,10101903.36,83234320.32,28488813.35,22603297.21,22706898.1,30004666.41,64898346.46,20038922.23,18194210.73,25538368.21,18751073.78,21755826.61,19927151.29
Com_4298_pos,63469097.79,36256088.55,23425013.96,87813816.44,29887701.8,45136108.47,57849651.56,59809985.31,28724628.25,23353982.69,40636478.03,34019042.42,35036181.26,36776373.55,28890453.07,31686357.39,30774973.08,27598868.36
Com_4369_pos,24602076.81,18476235.24,24393155.33,22920043.87,13825814.22,14148738.23,38344217.3,104342060.2,9718960.38,8398311.63,26374095.39,22628989.64,15302047.42,19507556.78,20575192.06,10425403.21,18011258.65,26100642.75
Com_4410_pos,115629059.9,30665387.87,67367386.07,73478875.47,95506969.64,31012652.87,43981166.71,41758859.92,35159249.06,61926823.12,46548906.77,49646960.47,89661748.73,63955617.5,107949722.7,83673372.95,85055838.82,79655266.95
Com_4413_pos,5557581.44,3351742.301,3080346.269,2799867.575,142029258.1,7603230.91,167982832,151483281.2,4474916.695,3932061.12,127800998.6,106578609,2973510.4,2902571.101,3014365.813,3108064.019,3789720.951,3295402.878
Com_4419_pos,4143098.998,3983795.683,5176295.281,13712754.05,3179398.937,4931385.242,39056024.5,74784554.37,2261789.444,1959901.114,68706658.07,65640781.06,3990102.856,3154622.055,3048230.22,3499571.101,6570654.94,4870280.182
Com_4469_pos,88015324.02,454932.8003,520126.8847,9513861.503,529478.3775,1389975.282,1002312.081,667462.4544,700141.7165,713528.0665,817321.0706,805751.7279,1011961.544,990908.5014,1890553.466,1126828.518,808573.9008,766395.6824
Com_4474_pos,425044012.3,82852191.01,272352611.7,424328164.2,312462726.2,53917056.22,230909429.3,239716367.8,110241905,103302520.7,222411936.3,113103686.3,384887416.5,360903540.6,324271547.8,354249556.6,315209912.3,285292548.1
Com_4496_pos,200975043.9,126932908.2,257576062.6,290803844.6,99822089.86,41259402.64,99283702.25,55269200.39,108268703,109029707,97853188.03,104209416,133334715.4,138904073.8,58910398.09,146123591.3,163042419.3,147856522.7
Com_4498_pos,75690190.85,57123279.1,138857010.6,147129361.6,44026475.26,31111612.74,45410794.78,37550894.79,46549374.25,50220617.94,36609238.8,49470020.58,24007895.92,20983756.75,24707917.85,21673653.63,29224094.21,28022758.62
Com_4501_pos,29286084.93,24893659.87,26693972.14,147377608.9,66129471,44564176.77,53203480.09,25635964.32,39584888.53,26698323.75,26218216.61,29471837.47,39794707.45,41995576.23,25471921.8,25272737.38,32492515.17,57069500.55
Com_4504_pos,27816428.9,267048283.7,156138249.7,49408338.23,58172171.59,12007699.86,58501246.5,166021037.1,65993644.25,37396755.49,87914064.32,97293774.85,97098563.97,83897059.93,109156560.5,209881981.6,123334331.8,136716632.2
Com_4535_pos,1081369.888,561368.367,1702403.74,1731115.934,817463.0538,972099.1512,1793823.066,2305387.502,1027411.808,1390464.38,1411623.971,1500788.086,742845.7788,893527.8624,647888.5807,892651.7768,1169368.239,1029206.385
Com_4544_pos,14286368.33,31631603.76,17366900.31,45956689.97,38207102.34,20396437.29,44488700.82,29192268.32,40428210.37,45817908.57,19492935.54,13424070.65,28723377.38,26862444.28,27443695.61,23972245.62,25170464.8,17977042.05
Com_4547_pos,688777.448,38866082.22,443487.6208,580477.0012,19266334.8,6730346.763,8233004.434,6628108.508,56458752.95,40913796.77,859926.7608,537061.1413,9136740.932,8896821.042,3291028.248,3764808.041,18339811.54,14639666.57
Com_4568_pos,4535196.558,7648340.602,5311497.783,2805733.317,11680517.66,10692206.79,3580418.461,2597455.2,21135661.04,21669803.4,2142730.296,1911629.385,17457854,19170130.7,18998189.73,17356855.47,21511115.46,20327275.26
Com_4588_pos,56588738.8,24587929.16,45324440.14,84958389.47,20921745.94,27227747.7,23721540.45,16933680.82,26657263.94,22919172.35,24149433.34,22088903.44,29714186.94,26920017.55,30849312.68,23893496.47,40233530.3,30376909.09
Com_4608_pos,1417721.14,2108459.944,15528871.67,9391190.164,975867.2257,2708359.457,14007633.33,38762604.37,787781.648,5143616.032,10073374.35,10488744.24,402161.9888,402412.6257,630923.4658,449102.8506,696861.3105,1188783.775
Com_4640_pos,4083851.545,4230464.23,6158984.955,5565258.094,2410621.441,1561408.343,42050843.87,184533027.9,1432361.703,783591.0803,47576943.84,26537515.68,2105430.36,1762112.567,1620282.489,1705758.422,2106304.004,2286437.89
Com_4647_pos,25369000.17,22465024.19,39514826.91,9160672.165,50157922.19,32639721.02,22060347.4,26482785.44,26803562.46,28510637.35,58812718.93,42511146.32,31367348.24,31291570.2,20277845.43,31833329.34,24490773.88,23460815.41
Com_4683_pos,2347199.594,1308445.733,1621269.704,3111887.492,1413830.865,1011234.677,2366031.565,2297831.196,289412972.2,115320565.4,1548045.034,1267142.629,1400385.728,1402977.053,1557379.559,1579865.767,1403322.163,1258410.273
Com_4713_pos,866977.1957,9710204.379,3530542.185,743009.9708,2935415.793,40511273.56,1128983.267,917298.2699,3533787.917,2818407.684,1620292.118,995897.8659,641251.6584,691978.2617,953901.7079,954153.7196,957956.3104,1528967.871
Com_4730_pos,19095505.44,7367858.718,9238580.561,19807713.08,5348013.961,3151287.983,43019534.8,97459499.89,3241086.98,5198004.758,76224719.57,67047591.38,9167285.874,7897458.702,5839214.007,6199932.4,7138926.629,5842190.711
Com_4731_pos,8947849.214,31692395.26,1675659.937,830141.6513,15928031.8,63544657.14,1130950.942,1516010.28,65638357.97,20816375.65,893300.3112,1291629.126,37580568.03,40022582.76,8669366.803,10459291.44,4659968.576,5079387.919
Com_4745_pos,10789266.63,9343578.635,13865109.77,19113420.99,6819352.598,5806743.511,25859006.37,32510563.67,8986833.415,8330135.259,82115536.37,74886053.16,10121017.95,8965504.25,7903259.739,6757514.88,9770960.045,8572663.364
Com_4787_pos,4639325.759,4661565.172,10680651.92,12329769.67,4078383.781,7947045.95,30666695.54,10319740.82,5404161.156,5317573.924,14289980.68,10888107.15,1651306.851,1981395.813,2532673.078,2066480.475,2263895.151,1867845.26
Com_4788_pos,115206918,48493380.3,174399379.9,166971096.3,36696548.01,22433889.84,79749702.19,21459550.28,34471621.03,27325033.35,38428204.22,43867803.2,43230560.03,38987045.53,36660429.9,41875946.32,52478906.15,45450177.9
Com_4813_pos,990257.8038,605760.3253,635738.6308,869965.4898,669050.8552,516877.7844,801711.0132,715014.9923,1050488.909,1399741.494,612480.7736,596884.8344,738821.9914,823686.3022,691405.6563,843631.7832,715689.2225,698037.8064
Com_4825_pos,53396678.78,62121579.76,29813218.7,43142694.95,63531123.75,31162415.79,35830921.37,25845803.64,17570619.84,23006803.48,15140919.34,10568481.08,83551567.18,77073406.84,106784556.5,88480952.15,85992341.13,77560827.61
Com_4894_pos,53173486.23,32089004.05,57486192.34,103828896.8,25000939.1,18526987.6,72109873.01,37689733.84,37834461.56,29795950.22,24364983.73,59092450.45,58928370.78,53855790.12,16532413.69,36143359.61,15299207.74,34821263.1
Com_4960_pos,225325697.7,524956949.7,393046254.9,381085205.4,269618042.1,120566355.3,301529876.5,224210963.3,102494686,105535500,186024535.7,204581137.4,110478104.8,81265874.86,113968860.3,92985680.26,137920137.4,138165560.1
Com_4970_pos,5054347.292,3890019.87,5735181.491,8077903.855,5679530.854,7741659.271,3519493.727,2857953.843,2449153.564,7440771.681,2562225.263,2039226.186,3844495.292,3550821.307,2195344.374,4935195.326,3830062.763,3678118.576
Com_4974_pos,283071698,525345414.7,395311216.8,423695977.8,271566974.7,165065205.8,297940210.1,223422622.5,116824180.4,105546057.6,212373771,204632128.1,112639286.9,105973455.8,114619612.9,115004241.2,167060189.1,137003024.5
Com_4990_pos,2877884.368,13963479.46,7479969.173,46335139.21,24400277.92,22946014.64,7470499.031,15203884.16,10843928.43,16675312.56,19823564.04,16736759.14,22767982.13,20791856.82,14527820.7,8419972.625,9785629.499,12867856.23
Com_5017_pos,1552801.397,4248948.46,3781874.314,3570729.989,2308899.305,923656.4687,8858452.042,16463987.32,912730.8295,751437.6909,8926484.065,9519288.119,393434.0629,1098375.577,880098.9487,416946.0846,290884.1313,495873.9184
Com_5024_pos,13366903.61,74108336.96,47967170.54,44582864.43,103279046.6,65312144.24,70075422.43,130045435.8,91305601.2,66530207.68,123479255.1,68544552.22,116195488.8,114900706.4,70306746.71,64206878.35,134035881.7,120157823.8
Com_5060_pos,1741317.488,605578.7253,1453115.816,1391991.196,418323.3893,1339126.751,21069158.22,96923155.83,964575.3477,794120.5101,7525817.645,34313420.55,500685.3972,406484.503,467289.2444,1056574.416,606092.3332,523648.7186
Com_5067_pos,247317199,78968730.47,51395134.55,177509875.8,112397575,82550376.1,212586948.6,67968290.65,35770190.86,73810715.09,120310037.2,130968486.8,72124647.69,72353282.41,75935368.86,56021868.79,69338115.75,68504228.19
Com_5091_pos,156754994.5,200780470.3,225098272.2,266861662.5,164354429.5,87116680.68,238406584.2,139575899.5,55362162.92,69321080.48,155399345.1,122910315.2,93039075.84,84202609.42,80322717.04,73643775.15,128855361.2,105149210.3
Com_5257_pos,135280242.3,197672629.6,199177044.3,241267176.1,103936433.6,2909503.085,141854259.9,54748462.89,61595060.81,47710445.13,75142315.59,76933894.64,69154361.36,10203055.55,10879340.97,66833114.66,79103593.04,69273859.07
Com_5272_pos,167184173.7,109485914,125600667.5,163667793.1,136979430.3,143267941.3,105939479.1,76113632.17,170293355.8,125995350.9,56658050.61,54202827.9,125407840.5,122304832.9,136684169.7,127964216.7,123797272.5,118106977
Com_5311_pos,82951372.49,89957007.16,165266126.9,33659435.24,72270720.71,146007399.2,118540479.3,100374339.7,272542484,58954114.7,35438133.73,50234955.76,124036702.3,108723414.7,186035103.3,186138902.1,109978095.5,172033924.4
Com_5357_pos,245604.8283,2148048.661,672485.2888,61309947.34,349471.7249,2827812.277,682007.0249,607914.0225,1671048.014,481690.9795,404393.7929,383565.4562,320936.6602,295259.551,259149.1121,295130.3297,258993.6276,211951.9845
Com_5363_pos,70329811.35,10793606.64,16164618.05,7035160.871,14201463.71,25718593.53,7527343.394,27121941.87,25372131.06,16953039.37,8097264.437,8542811.519,10184778.22,10787700.41,9629597.245,13705716.22,12970304.4,11720267.92
Com_5425_pos,15099395.67,40851255.38,59394818.43,7719757.524,45598841.4,13561709.68,24918433.7,36290370.04,23182704.52,24461900.73,42880814.44,48448105.91,27978975.23,20029500.94,39748250.95,18598705.73,44814592.98,21375514.95
Com_5436_pos,280108.9727,194652.9381,237014.4641,701579.7961,219566.3648,183084.6398,368785.343,669380.3553,1837332.723,1317352.253,542494.7134,494944.4818,220270.2267,204420.9503,176319.4933,216524.1467,214402.6788,183710.8226
Com_5443_pos,180962053.3,186167790.2,309063212.1,308327741.9,131483003.6,71479178.03,176019484.8,121012793.2,53168911.39,1896498.162,133441966.3,141058019.1,62152374.58,50658326.05,57437739.27,66155374.87,88762733.29,73442491.71
Com_5499_pos,27163563.97,33593913.05,36338818.55,57312891.39,31939952.29,30602921.62,32470464.54,41912169.46,20954014.4,12772827.9,40282539.59,35230913.16,34438455.75,51485805.15,14467514.32,39216536.86,28289224.56,42927700.01
Com_5509_pos,5566129.888,3263799.652,3979502.732,4704568.388,3248573.508,3131750.693,2051976.786,1580697.607,2325572.437,3435891.166,1435772.559,1154213.85,5622111.931,3749516.985,2840380.582,4739343.644,5861347.472,4352697.661
Com_5516_pos,6742407.39,4481731.976,6896506.409,10631523.9,2925813.202,3680944.873,4043338.888,5167371.36,3091711.46,5778931.622,4605586.355,5007560.716,2340310.243,3061086.771,265219.4772,2789571.052,3242309.068,3556031.647
Com_5530_pos,33118377.13,32144744.16,30972606.92,34943010.66,23397803.17,24384599.57,52318205.09,46215058.4,27689013.38,20140720.15,52007655.21,53816942.8,33446411.08,43799335.12,20020511.19,58690704.75,44795235.49,29664099.02
Com_5552_pos,178337459.1,32698010.29,58557629.91,91944461.18,28538841.59,37727274.12,53232609.99,38980843.27,49810894.24,56577198.61,22410974.14,24173844.36,125298036.4,34622841.28,70542218.3,68024057.49,85664742.4,82193663.6
Com_5556_pos,118514449.7,136164422,203123569.8,218168459.1,88659266,53115042.13,149932787.4,74682187.93,35367035.04,31474940.03,94914191.53,96145120.08,44745755.09,41137297.15,40685168.2,47354160.78,63726048.04,52352098.38
Com_5577_pos,537138967.2,3655834.327,141352432.3,394954284.4,127242536.7,139468503.1,402169763.6,152698289.9,3703442.182,10328031.5,169714009.2,181219913,37390858.77,30467883.45,883960171.4,51658009.19,73524211.03,20301231.97
Com_5602_pos,32912993.39,27554466.7,16686294.3,14589640.11,26110009.61,60946596.93,61144356.18,25722956.1,32367851.59,20564133.21,16116396.18,17236386.72,38227544.68,39697375.28,35505267.19,40477548.32,52468807.48,39100582.59
Com_5622_pos,312694.385,182931.8909,206183.7273,576074.8588,198200.3146,202891.2245,422670.3275,816397.5329,39180496.59,50070359.42,583495.1608,593328.9069,197234.3548,170010.0725,175278.3717,194567.751,213195.4865,173427.3807
Com_5631_pos,1616940.925,827657.2924,1103105.409,2385462.476,759976.5599,577149.3651,1147291.433,1330370.821,2605069.979,833811.1878,784425.9521,784337.4084,801578.6078,763117.4315,760627.0374,834948.9768,898798.0731,786001.9171
Com_5657_pos,4313855.22,3761834.503,5442908.34,1458132.192,2461893.052,38743067.21,1247225.963,1074460.433,1876914.12,1290746.653,959954.9787,1032206.159,1618549.591,1801578.99,5177670.962,5374142.035,5957940.646,10310160.02
Com_5689_pos,16656391,16711318.98,28269444.53,27082488.56,20143865.99,9015229.45,25720202.34,30269358.13,56823402.86,32925614.74,10704233.08,11725647.04,73453218.87,71060172.14,67865980.81,55387401,60905065.49,49733646.46
Com_5742_pos,1065433.168,16529350.05,13235743.47,1038657.495,19858032.36,3334574.627,1075630.766,806072.3414,6961287.117,6694572.119,585753.3368,426838.8142,3235681.782,3775510.71,4033009.696,2972278.122,5532708.697,8513192.648
Com_5817_pos,11396473.69,572934.2346,448840.5845,317293.7904,447387.2769,943929.3781,1002569.31,1042884.257,820507.3795,594730.9958,421025.737,481725.6608,421558.3331,431397.9093,385514.2345,422872.3364,364368.2127,371154.816
Com_5860_pos,22365452.64,24770039.49,25636243.67,80923285.22,11499805.68,25024883.46,28510279.31,35350663.22,7549861.945,6694535.731,24021794.21,19555662.85,5248715.027,5374080.69,5919322.38,3279341.593,4465922.429,6437927.05
Com_5866_pos,5510363.317,2664916.565,2843654.623,3310080.772,8130774.127,2789118.46,1265474.592,3092232.645,1730456.302,11626453.32,2146677.662,2139235.959,1471594.711,3428574.332,1528323.556,2473322.446,3980494.545,3329626.074
Com_5937_pos,46916819.74,28219104.89,47520811.29,13325151.21,23442779.15,23468471.18,54457279.9,47433351.53,44933371.62,36567131.43,22681429.16,8697943.563,28850060.95,32647565.36,36204363.81,27403797.7,27971656.28,22010026.1
Com_5945_pos,6622158.756,52102859.57,27226536.97,5058992.257,49124356.19,21504803.99,12603361.64,12860761.48,34082505.4,25052782.39,47956391.01,37856963.09,36377069.86,36665855.49,44181519.44,27785985.34,20889560.04,51553565.34
Com_5964_pos,6615233.466,11060665.39,16142654.77,29358722.75,10723347.42,5337128.715,11031702.83,9144918.3,12030035.11,9682441.745,8644823.909,8259426.686,12595002.17,11237648.77,11446038.83,10321647.94,16859305.72,4631238.478
Com_5974_pos,6668120.601,973758.4294,1327114.84,3163499.653,1368358.159,1906746.894,50344674.98,48061423.21,2447953.9,1362554.259,53651663.27,40135257.64,1857351.15,1325022.23,950167.4852,854363.0792,1352509.154,2013138.628
Com_6023_pos,197233048.1,125576508.1,183217019.6,261426830.6,142433186.7,79718854.91,175661872.8,72566491.1,90604949.86,77001017.52,112632906.3,112629444.4,158845964.7,147771660.3,127665390.4,138827639.8,146103075.2,138834608.3
Com_6027_pos,116649908.6,42438896.87,75007822.48,2070965.928,72802587.97,23947238.92,152223095,93343609.81,4575448.291,5550421.433,15071378.19,109752665.6,70985845.62,26957459.71,49811952.83,91427463.19,146643568.4,135117440.8
Com_6043_pos,182934443.5,16454656.06,15945535.36,33813848,14564183.26,37534912.66,41710897.68,33158098,19293629.29,15128784.39,33850777.61,19666458.04,17334027.13,14836842.47,16715666.82,12655057.43,15846513.03,15084180.61
Com_6069_pos,74810440.69,126160895.3,176260732.5,234059037.3,138210652.7,171421990.2,204077161.6,19004506.84,69945788.99,8668788.463,116882128,116953325.4,170215331.6,155497460.2,97289292.39,104086579.1,165531647.5,159151414.5
Com_6071_pos,4721077.218,3245199.699,5447575.853,5424243.444,2269206.313,6080282.549,17441599.94,25957374.54,2425149.2,3960371.418,40261531.25,49954413.43,6300096.943,4121816.355,2078293.486,1693209.088,3061721.186,5414819.024
Com_6105_pos,7902675.118,48249379.16,13130493.74,7862103.339,27884992.51,58950269.78,20204862.76,15335510.95,20928321.72,17345446.16,22708192.29,20636515.18,70970426.92,65330627.6,29617330.67,21567808.34,66856004.14,46117467.65
Com_6112_pos,3577442.118,18224122.52,23428049.5,139546.2521,10286507.2,2873570.983,14257169.72,9312019.61,12985104.86,19192261.66,5770818.238,5853070.77,2150520.416,4834536.086,8582568.063,12070370.45,5281781.368,5588175.293
Com_6153_pos,30947628.9,11955499.13,18856933.36,6509648.521,10470679.6,4968465.471,7532449.856,8361333.614,14335864.65,7808941.686,5963448.983,10324087.8,18234677.8,19838302.99,24240777.79,28473400.91,39953638.72,34260026.14
Com_6213_pos,1643370.884,18229100.85,29744825.1,6501607.98,42531458.9,7645729.586,16861075.11,18019480.68,35423205.08,17502925.41,4382569.703,4018149.699,29499856.63,33766965.83,31642994.51,22865091.35,24093479.32,20970539.27
Com_6233_pos,53696645.12,25902332.98,20852299.62,28839399.33,33571230.68,29093508.76,15430507.9,40856135.18,33137121.03,28757431.89,111085046.2,16764077.83,110509522.1,41315194.33,36969671.85,30785893.77,41833563.73,36077695.14
Com_6240_pos,1632876.745,951101.4244,985633.2412,32796522.82,875737.0806,633726.5291,1392928.535,1427882.153,6921231.376,6130448.179,867999.9945,855127.9217,850503.2714,759067.7726,770669.4895,812314.267,918447.4306,693249.217
Com_6248_pos,5833920.005,7164750.044,14581578.48,9467489.14,4478579.186,11117493.47,45029608.57,48121886.27,12705052.24,13212232.17,107832645.6,106727832.4,1513912.17,1827360.519,1711314.356,829860.4146,790391.0385,1502519.962
Com_6250_pos,16033830.71,12362159.55,29019322.48,77377325.94,12232196.4,10473108.71,15988500.75,14449109.22,26703203.34,142050147,5171625.794,10411664.86,12114020.86,7236890.917,9049646.398,10525943.76,8630206.207,7909704.205
Com_6279_pos,231567028.4,84057609.75,111093872.9,284297088.3,59053100.1,39671405.2,170014487.4,75021027.15,142474359,140070128.9,75255590.77,83545175.85,126574825.6,115633857,111182802.5,107835171.4,119297238,118021785.1
Com_6334_pos,118514417,23240179.66,47043904.28,69851809.96,23386082.35,14509295.85,37706387.92,26102402.39,16871537.16,16736487.83,12913279.07,14090592.48,32954743.72,22109371.28,18266104.35,24022559.85,22257402.32,19357091.46
Com_6339_pos,715318.6611,893239.7593,401163.0878,44126542.84,711990.6802,409331.2383,405532.4134,418209.8432,411555.6594,401496.8445,1419452.899,1136919.878,781544.2128,1376833.129,310135.1547,293437.8617,585691.9374,897173.1966
Com_6370_pos,2053979.147,1908413.235,2036412.017,2063063.359,1574817.56,1198584.753,967659.9411,7880247.326,1361940.632,1269122.666,1287422.674,1442730.435,635953.0464,643735.7726,38954023.29,709333.3701,769308.0125,730700.9149
Com_6383_pos,127010735.5,145070081.8,104853047.3,173679495.9,103077460.3,57881673.39,86029190.24,126959567,177036986,179568878.7,78863003.39,82562493.16,111104501.3,110334852.2,118890489.3,101664324.8,125777929.7,116164879.6
Com_6400_pos,16583515.21,9036597.526,25670362.35,14510170.77,9960620.667,4986807.736,25144867.73,29020909.77,3774878.987,4568925.237,10046864.91,10155550.24,12664932.45,10637818.88,6370751.505,6298569.104,9083868.261,9642016.39
Com_6402_pos,3623524.974,1904455.936,2334265.65,2493161.855,1680907.759,1337364.501,2324929.339,150634331.2,2389222.996,3500763.575,1575717.179,1537962.949,1607574.789,1582667.467,3756099.385,6324657.279,2034185.856,1921224.579
Com_6407_pos,2919533.514,11486897.33,3691305.4,1142897.74,6878486.537,2962855.854,37438794.02,9601695.1,803556.2,864476.5871,4954095.551,4175229.284,841220.161,738424.8911,878841.6809,967362.1411,712533.75,731441.7458
Com_6414_pos,27461038.67,4592652.312,49966380.51,47990378.4,2039571.553,2300524.355,6184276.264,2041194.542,2326709.755,4541174.524,14429806.22,17684516.18,4605189.848,4921018.668,4634879.551,2391869.255,4193922.172,4533954.077
Com_6426_pos,1119191.426,2299175.917,2189952.625,1628066.902,1183855.033,32344203.16,3899647.371,3534168.175,2588183.755,6165283.278,2315510.45,2721242.319,1306449.035,1135382.751,1072769.78,1937141.76,2746035.362,1164378.846
Com_6427_pos,1331181.099,3549321.452,4451387.683,1347446.657,6526638.031,5720268.552,992251.9905,1728097.335,2413945.731,3553176.171,5660051.902,8487945.917,5563205.347,13442760.92,6559423.179,10277667.77,8470019.684,8825548.164
Com_6497_pos,39457486.24,128348462.9,92457237.46,23634327.82,57606093.06,1229860951,24518189.65,24685134.06,52691572,55378162.8,64329846.64,46190943.38,41437632.98,37159517.81,43418234.72,42496649.54,48714230.79,64842909.06
Com_6545_pos,273652.7724,638915.1221,3890137.097,278660.685,2215438.36,4292575.182,278873.9814,434598.1885,47050812.84,659456.0716,622814.2535,683778.0397,628202.2379,2920366.965,7756184.964,4883729.819,719522.5973,834154.87
Com_6608_pos,29745354.69,11076084.46,16750775.94,52335911.41,8334716.682,8640408.786,20096717.63,17160620.42,12967825.8,12101116.61,9345247.516,10416264.64,8273928,8547892.816,8875404.336,8762013.049,8999383.711,7762148.856
Com_6613_pos,240760729,137530904,93048367.23,324328942.5,126492758.2,129269093,173362448,104452128.7,68136866.28,79920751.65,143273705.9,143860770.8,132240879.3,120963534.6,133829462,122618863.5,153273255.6,126133243.5
Com_6616_pos,71898226.31,112763383.8,45688713.09,50086504.87,113571303.6,79929464.52,72989586,38400975.25,84122916,8763453.063,56162733.58,41987641.41,63626961.84,8496221.812,54346832.75,67627580.46,61296265.98,54175285.76
Com_6683_pos,26586435.18,9173120.549,12514702.72,10577571,8124452.434,6080450.498,61812303.5,42809925.36,15640493.76,8881603.339,25924636.08,23721017.03,9930453.388,8711618.664,8132943.513,13279394.31,10056625.74,8354488.219
Com_6706_pos,2691674.405,650110.4409,12708182.5,2789579.621,24649165.46,56730721.02,472789.1628,8686001.526,10649310.76,34803841.43,29157386.49,51676522.67,54561449.05,42798092.32,55583247.18,75349481.56,32507966.85,65789371.54
Com_6765_pos,94092522,4031007.398,16972269.71,23756338.34,824358.7907,1241256.758,21650998.58,28394586.49,12728829.54,10778828.18,17744566.6,21371605.67,24791269.46,31960050.83,29523697.31,46287397.91,41927678.22,49673079.45
Com_6779_pos,519136.5072,6711707.361,4705442.303,2164688.708,2347897.146,3292500.047,2260539.778,2484901.445,43645263.19,25458006.11,2148935.381,2187275.668,4564769.374,3800607.225,12602282.46,22547782.95,3603811.716,5191162.237
Com_6791_pos,249531.997,6803701.795,8437553.94,5456635.462,4104268.257,437943.5755,22554521.3,1537672.678,30946709.06,16183616.36,3300004.36,4402428.811,14124104.54,16444404.6,25215411.93,15732941.1,14258879.05,13080152.11
Com_6839_pos,1321497.793,1201149.011,1029064.962,1145734.793,866090.6746,757885.6338,785051.4867,853301.8511,2051995.574,1179767.654,679065.2524,745518.0262,1175856.386,678513.6769,1471782.347,713082.9462,833005.3732,3042756.879
Com_6846_pos,35616168.87,35060200.08,13637867.49,9222819.586,22902534.43,1208086.563,12038607.87,14683439.78,15739894.62,25855587.04,15921909.93,10541825.69,6724747.84,7883933.59,14970990.47,25513513.44,11973681.4,11766163.69
Com_6871_pos,1490334.995,1744972.02,2428883.773,852633.2329,885185.5471,7569065.654,2107058.786,1636737.791,1065399.77,4863408.231,3785904.719,1902606.324,1552161.973,1383457.215,1165801.346,1533731.714,1336372.32,1363600.251
Com_6910_pos,709819.1971,6732502.294,414655.7405,535905.3024,526713.1991,27220623.19,1811000.714,1389747.328,561551.2229,622272.261,879698.5507,854542.0852,602697.5799,631329.3878,725224.9982,748276.0502,742990.0759,618987.5838
Com_6990_pos,55108452.19,28874128.67,66721642.34,100661310,21105445.51,21426770.21,51560326.67,24152810.9,34216273.81,22868388.21,25308852.09,27511652.11,13591939.37,72503746.25,49869795.89,31973009.37,38001404.06,72003486.07
Com_7163_pos,21587378.8,3728129.436,15084260.41,114976858.6,7747801.571,23766933.77,34526700.74,51734380.26,5836541.26,7200653.122,45856170.53,45203322.02,7035621.709,7145989.996,5675212.119,4553778.394,6729224.276,6121132.384
Com_7172_pos,948064.1576,4676401.887,7734161.696,2839217.981,2768913.521,11327516.35,12786121.53,45136281.22,979313.7635,961091.7705,44578228.98,48178710.76,499939.0019,542259.4418,607301.0506,558292.5217,611855.4093,693684.7316
Com_7178_pos,315925750,21110358.66,20392150.89,19416957.64,14265852.59,87053184.64,20313425.56,17318110.95,17847696.71,17037673.46,16419579.32,15234815.39,17209776.06,16950140.84,14433334.59,17995208.42,17336887.54,17068493.18
Com_7196_pos,1397056.255,5133971.946,550824.6608,592176.9398,4263267.569,4420464.966,1103254.958,997350.0369,988780.3845,729368.972,657458.6612,754655.6303,1734887.057,453115.391,1085340.735,574355.0972,3931850.738,2084651.703
Com_7265_pos,23698359.13,29225662.3,14123499.43,15065488.3,26618614.12,24028514.82,58949156.1,46082193.37,15958439.47,18221410.57,23719181.87,20827762.49,26814169.71,18311197.37,17406228.73,15346478.22,15853113.07,14864102.18
Com_7283_pos,1000891.076,17168349.6,5224820.656,3300555.601,23655008.06,40780471.96,4685328.173,4622007.908,23933194.18,9464274.36,5850830.786,5257320.407,26411217.94,45570618.57,23282717.73,64789381.51,19200941.32,35449800.64
Com_7302_pos,46519394.86,23068315.09,82247213.87,45092412.09,13842720.41,61535333.11,24050086.22,10437918.57,63406744.49,77532732.14,45178229.32,83083323.34,53848527.51,36444783.98,48232695.87,70329836.69,54131175.01,93122538.46
Com_7324_pos,4343506.945,3006342.858,1426701.05,745388.7451,4959133.83,27685432.44,1261971.458,838049.1696,785865.6449,851475.2513,1024126.543,939811.4337,4304048.356,2487350.258,1623605.438,1418745.174,3687828.323,1964431.289
Com_7373_pos,111103661.4,41496278,45876202.25,2798440.414,13560142.66,129961766.5,28924405.65,20701924.6,37358317.02,47712827.15,54124657.89,52205685.07,8360263.053,8763295.41,7109874.357,4680709.491,8074473.265,7761075.499
Com_7444_pos,436358478.8,238770364.1,146216454.2,480163996.2,223252364.9,51986198.03,303428007.2,62280867.25,209539926.6,148413942.2,195138148.5,171520252.3,135686755.4,288991900.7,271963346,279596155.7,350533853.6,74452444.48
Com_7447_pos,311822232.9,429108684.5,344498496.9,384102146.5,301154147.8,169421896.1,307551452.4,265632910.5,158313870.5,148043518.6,214716080,208110077.2,130241479.8,120261057.9,147162598.2,132172424.8,219030083.8,181691256.7
Com_7500_pos,8741623.61,11002386.4,8432477.249,5562635.741,9608705.741,5655089.855,9255477.59,8507894.125,11346929.42,6333309.52,5852164.501,5180240.936,8690441.899,9118967.912,9501016.228,8541368.301,9503977.237,9006927.008
Com_7582_pos,12368198.34,5889721.469,7229868.882,9425344.639,7151650.668,5451679.515,32650534.16,27110171.25,7200560.668,7704171.152,17493831.13,32745555.73,7586197.137,6172463.414,5293744.173,6072627.722,6781633.291,6309147.862
Com_7626_pos,3562463.722,3558302.569,14003989.85,8920384.455,3854318.889,2523229.793,6006521.164,4312601.594,8107219.976,41889830.04,3597573.457,3913278.81,2199062.012,1812794.814,2680843.817,3752397.804,3027818.668,2809906.731
Com_7674_pos,430679.0619,20325691.61,9374326.391,434499.0737,1557439.889,7166251.939,6684160.868,23336858.97,707950.8488,516180.868,3939565.559,5003658.399,312430.7021,320673.7671,343576.297,583495.4241,332155.3042,314413.4289
Com_7681_pos,9520358.232,7308686.735,33461219.54,40136532.86,5757895.16,7401966.661,11055314.78,16284976.64,40612492.67,60906434.99,9304233.864,10340423.12,5494092.117,5636950.594,3820545.923,4744776.383,8334004.358,7006264.145
Com_7700_pos,1937832.05,1958391.802,2257847.183,2292309.86,1641597.53,1129607.882,16207205.25,57625897.95,1383269.949,1280985.636,21971633.87,22768793.64,758775.8952,696804.3789,753128.8326,846328.3035,960116.6045,871822.6038
Com_7701_pos,85645547.22,37036335.93,56914178.32,61744475.47,4222802.654,31443440.85,47588723.06,51985396.31,47888561.89,42307863.84,49643334.16,51717366.71,70227547.36,60163916.4,64807755.52,63880707.53,81508222.31,68376626.43
Com_7824_pos,971862.6257,1114140.746,1627147.676,1592061.201,776805.3095,730046.013,3802882.012,9230979.622,743468.068,697137.4068,3021084.049,3923149.443,566128.6638,565752.0318,638886.6617,738278.7072,703848.9896,676633.5142
Com_7840_pos,99339585.81,40613481.77,299189410.6,100225790.2,6620933.356,156837380.8,1596763.581,6864920.238,1691658.726,41109369.23,2952474.507,208826244.9,10097553.12,7611099.223,6364196.531,3745160.848,7478289.453,4112388.012
Com_7856_pos,335487.3351,684245.6538,562949.5149,378087.3657,503609.5667,1201703.205,2462773.742,2925889.622,913707.6583,1076029.595,4861376.094,2032748.485,479969.221,529870.9003,434326.4953,481922.9929,404407.7019,408754.0324
Com_7936_pos,7343380.474,73395830.21,45165303.48,33874469.07,20641907.72,14457674.2,33732670.78,95528154.81,16011929.29,16602812.17,72913809.18,50361134.91,11222333.82,11385720.83,10955986.64,12500119.6,10314271.36,15227314.33
Com_7938_pos,530352.9911,631277.34,2993305.485,450806.563,780136.546,843374.7964,589484.5585,588702.9294,776912.6205,760566.9809,28360652.14,31661721.41,789306.1004,840935.757,875882.323,997091.9525,866046.3505,1109238.624
Com_7968_pos,134095485.5,86441822.67,110000991,169671702.8,70845657,51187767.14,48102096.59,58870583.27,101459789,45358415.75,77887229.24,81854199.08,42402999.56,63500551.43,53534823.34,47069412.58,64918516.42,57061786.09
Com_7979_pos,89731974.31,245129731.2,6450214.36,39369723.6,567610359.3,276213019.7,115782688.7,16771999.55,889971741.2,596914879.8,14162486.26,17055573.12,1931680832,1911760248,1419546425,1470288635,2421175671,2216369587
Com_8062_pos,7787820.357,7965870.746,9396129.725,8461644.552,4235079.761,34533362.5,18421614.35,12318233.04,1150583,1533113.536,5769122.811,6557187.593,2024883.883,902169.883,1861833.659,924015.836,1806643.406,1090629.632
Com_8070_pos,2507704.436,4296015.054,3114979.758,1813400.962,3060184.642,529082.9719,1680725.07,1466896.573,2257205.196,3759136.975,2639544.36,1919131.004,705656.7914,959870.7901,1582178.568,1105854.932,1378113.948,1218990.324
Com_8110_pos,39060671.03,43776138.34,32785000.11,78614567.81,29318236.35,42117021.15,32599143.69,41225882.28,8330690.126,8926586.658,82968489,76556227.29,17763433.1,17004751.19,18166243.9,14019206.02,21648537.17,17708366.9
Com_8209_pos,568237.0381,4917225.532,4410960.965,9213817.596,4997348.039,2532466.758,531616.3168,4548882.227,278297.8245,1034129.828,7360075.888,7302959.376,19830230.46,24750247.18,24855518.65,5747045.657,30456658.24,37933289.87
Com_8210_pos,1248305.133,638965.1165,851615.6176,1841616.479,586714.4718,453182.7036,852642.8694,1027068.274,712009.0951,850625.2524,550375.4544,530658.7922,547403.4494,544214.6653,508913.6183,558728.5495,586089.4526,538622.1674
Com_8222_pos,359459.1785,1009750.11,7690282.319,466048.5786,385679.8127,630872.352,4565316.207,4891538.185,34388634.88,34077480.51,2575537.437,2362418.78,1137607.953,9289154.776,527546.3562,609066.068,23787082.09,1522314.061
Com_8224_pos,1465531.363,623177.2845,20373570.54,4739989.341,24256866.56,1047067.645,1448423.509,1116063.272,1757602.722,2371902.476,1191070.551,1144191.133,1087011.545,906166.8949,774822.8366,958875.2341,952988.6694,940688.0968
Com_8340_pos,14265162.23,36119686.34,25511757.24,23846608.27,28726013.24,13364393.69,20601109.63,7855695.469,8553026.719,10079102.67,5999333.062,9696643.623,18253811.99,13308306.68,13668118.32,13137353.05,17736500.74,14595852.21
Com_8380_pos,169012548.1,99112003.96,797045.5599,31223281.49,162030889.7,13046358.43,6940937.336,31101291.58,189635577.5,153111814.9,29916809.8,36056367.78,201127170.9,224838147.9,184916907.8,244795725.3,242112188.2,190976304.6
Com_8399_pos,103891666.9,42817751.62,81315288.76,108711462.8,40643417,29056757.05,45744748.54,41021705.47,59934341.47,58669485.89,42009651.89,42626305.81,65733758.68,33310708.01,62107771.31,27067160.39,43824283.54,33068708
Com_8425_pos,1559569.497,1589176.5,1795429.308,1760098.24,1428540.255,1058487.231,16243540.06,24006938.99,1247700.176,1103234.56,39907057.86,30986382.85,582608.8961,541416.7789,578272.9269,649834.0311,737203.8024,669409.2525
Com_8465_pos,7173864.235,4220877.85,4571906.234,10656951.89,8597939.557,8892748.429,6938328.392,12174785.97,15922559.38,23425987.24,15245592.34,14073456.51,9059054.232,9056214.629,7914832.087,7060427.835,5929925.171,6841355.023
Com_8507_pos,27235765.92,49948629.44,49091016.04,17417282.97,44114447.36,54291939.96,40749882.25,36470004.7,54754101.36,55389534.67,42989545.21,81204724.82,56450927.58,70355339.32,62212761.52,76171155.89,49373961.22,91988275.71
Com_8638_pos,2770753.047,744921.8752,27667999.69,4354887.494,1069678.267,9343027.651,2227127.948,2947025.338,1516963.148,863625.1581,4174224.723,5514484.117,309101.7623,380493.7531,372736.7328,402519.8597,749955.3041,518625.1374
Com_8646_pos,7253490.053,4407801.923,15889922.39,3138791.489,2522098.813,32003800.75,46305791.74,22834661.4,23305004.98,1825193.39,18566756.03,15286066.95,37419537.65,33908123.01,38060891.04,29144422.39,56217046.29,50902866.89
Com_8695_pos,2003123.027,1123910.715,1330219.889,2628486.908,1226410.925,842841.2724,1856187.09,1954559.339,29295185.17,27105771.77,1105308.476,1121154.135,1159712.8,1158378.31,1212530.51,1271604.632,1185105.604,986493.3497
Com_8710_pos,2142980.18,316772.4668,806555.9358,794478.4569,1439852.401,915533.4112,1103195565,21021340.95,634378.7247,1031631.075,401170.3859,228337.8869,1088268.541,1080006.338,611472.751,1133265.868,1482642.969,1016650.207
Com_8749_pos,9277411.731,4947722.379,15839925.2,27561253.87,6799256.254,3044830.577,10880208.56,11823408.4,26418128.28,31863017.95,12698349.83,12132629.72,3832377.003,3967055.762,2542093.131,16294116.9,2568818.823,3820726.133
Com_8759_pos,28622735.49,25915151.25,33636028.26,41106836.94,23776174.37,1843639.749,52398590.34,33879552.93,13090808.3,10167112.72,7099264.095,17765617.63,26015454.01,24802889.63,24967801.97,26512183.88,28168808.2,23936251.73
Com_8810_pos,515595.8686,3014978.708,2513816.31,1176478.035,8249529.929,6284830.517,5021324.602,1181223.133,8333529.1,7191188.729,980671.7813,1092114.393,13849385.7,12597883.89,14361133.65,14716033.66,16159518.5,12514651.47
Com_8812_pos,785581.5841,2531748.264,743206.2629,748250.3639,10793928.41,630151.9192,674765.7875,735494.2702,10118185.83,20276663.9,441594.2281,1802753.589,9451450.717,8678957.232,15806974.01,13745138.5,27939381.96,27600959.31
Com_8836_pos,10770093.01,9255287.765,4510945.279,5525665.41,11381599.77,14818412.96,4809684.789,4535014.195,14392956.3,39361212.54,4469910.044,4235517.664,8423651.211,6232677.997,6876226.353,6762711.293,12108737.45,9043377.576
Com_8843_pos,35932161.22,2529706.208,2441113.465,19289120.57,2511448.386,19827907.02,2437458.75,1707148.823,8732753.286,6003732.094,1367805.455,1092344.084,3916804.015,4286207.501,2936294.889,3092269.334,3271128.655,2450921.837
Com_8889_pos,709764.3027,1046208.733,914722.087,531341.0313,1034861.195,1463587.419,1056200.612,1037060.849,1184413.481,1165122.9,633009.1503,591636.8864,1050222.009,1080018.629,941024.7065,1049373.387,860914.5674,859341.8607
Com_8925_pos,1693863.639,24742926.54,11236050.52,1030938.302,35256202.59,20125298.05,651019.9365,796335.0922,31943208.53,16255437.13,6493393.925,5444378.139,13887356.42,15711087.15,33871629.21,8410526.703,16192566.03,15837899.92
Com_8937_pos,96009516.96,41349907.05,83132992.08,203983123.1,30129203.81,65047599.48,81366604.17,45191244.8,60536992.03,51250956.39,55433234.99,49868641.69,58499459.97,54242247.68,52781449.21,47478317.85,55636987.73,43773549.75
Com_8959_pos,798682.1889,599649.2257,754625.0988,743678.9161,517017.6728,432345.3152,659666.6786,633733.8885,598969.9475,544329.2405,21970633.02,25271446.17,516472.1871,459706.2721,464079.7891,462138.148,534260.3833,508316.7643
Com_8972_pos,75152201.26,52440535.14,168476030.1,85723928.96,22085892.43,27131922.21,51121820.66,25713589.14,18655749.41,18038281.64,49913882.79,58591846.55,18847838.22,20192045.2,16469019.38,22357230.69,24270665.33,20489331.85
Com_8998_pos,1750836.943,894186.2308,735673.9528,3713706.865,658127.2935,1594946.384,1442903.498,1212730.263,26736784.65,9044705.046,621751.6379,593301.8427,627233.6057,692446.1419,567586.7571,629786.8349,932138.5306,1064854.917
Com_9008_pos,6756931.653,14952385.24,19379380.29,33559082.74,15926258.73,11732016.24,12075400.29,7354588.731,1059930.509,7862528.864,15257381.67,12760447.11,12775277.05,7409129.834,4777974.021,8282799.194,6865104.631,6303980.555
Com_9017_pos,106551382.2,7715780.752,3884987.225,3640425.604,6681298.048,88453830.45,6846264.406,12899959,33275214.4,15017623.58,5272430.111,6445836.956,4290135.916,4408546.875,13600102.62,12691109.39,6849267.673,5771456.867
Com_9069_pos,10238426.4,135741623.4,2120613.823,15023561.86,79485801.37,26531876.98,1719852.25,12953154.52,1022919.004,1361384.299,4031956.276,2397276.456,6865757.335,9508898.86,3858354.489,3064007.569,9609068.155,9016348.575
Com_9180_pos,19357661.18,6307177.424,9751647.942,12258998.76,9336179.544,7736427.037,10397543.49,7094053.925,4284917.843,3544408.442,10731825.4,5720091.508,10689086.46,10843312.6,9995957.921,2603236.639,10767811.56,5271740.14
Com_9198_pos,46736153.42,11348237.8,13308494.35,12625652.53,11907883.06,34668653.72,14372333.55,9855748.165,9723199.317,7728895.353,11616012.07,12204793.35,15468213.37,28736567.51,17536837.34,13686860.4,10351006.53,21504384.27
Com_9257_pos,2080821.588,911224.2328,742717.5717,2025097.584,665917.4122,1089268.534,14923711.73,13603972.01,1311109.315,955955.5516,7648598.729,8434764.629,966736.9216,849548.4196,803010.2692,752784.8934,1198621.446,768880.3036
Com_9288_pos,248171.1739,591544.504,647414.14,213499.3247,905213.3757,669606.7111,255232.259,436982.7173,25789117.51,719887.7885,811486.0183,802098.5012,542567.2669,568537.7838,751027.0098,559846.9749,804444.4808,723127.4425
Com_9315_pos,16859605.82,4533655.404,7144145.348,21539497.49,5421541.239,2208673.129,3849910.682,597050.5699,1451270.653,1589964.849,733598.2884,1336223.566,7010579.253,6241218.501,5248684.528,4190403.047,10826854.91,4939758.183
Com_9355_pos,372998.6926,542036.1837,393730.7504,438592.3446,400206.9623,654635.0088,91813054.68,42307827.59,3240139.643,68664198.92,517872.8406,519829.6152,414512.0567,356913.9301,362624.5926,486105.3481,368717.9679,343526.1285
Com_9405_pos,4408040.101,771553.9469,997222.2431,21732050.07,566787.0761,539305.4762,1026085.147,8578787.894,666854.275,471993.8702,3603668.038,5930771.432,455652.0698,408571.0838,446771.622,520761.3532,485946.1098,489792.5624
Com_9476_pos,1061372.862,634147.5264,703541.4798,877909.8656,503438.9234,415316.0892,14844024.43,24291072.91,838606.4202,832259.9383,25629630.23,22734199.64,551166.8203,534833.1822,571888.0208,535746.2182,622343.5626,544035.4934
Com_9491_pos,20990068.95,4639216.967,11485218.22,19363510.44,8170353.358,8311145.531,5298716.938,5701097.381,10908928.96,9915936.353,4901221.246,4375808.04,9387510.69,10309942.75,10283405.11,9467762.228,11992612.4,10129336.72
Com_9509_pos,8560703.969,33034106.79,42719535.72,24364255.33,21910400.4,81422637.39,46038715.89,73908251.37,115342633.8,101795690.2,45347266.35,44227085.39,50798389.58,51584788.74,59647198.18,54463992.96,30654256.85,29180711.03
Com_9516_pos,1403069.658,1842777.802,5393006.448,1001690.379,6834677.101,1319745.324,1916105.079,1750124.729,1237439.379,1431901.878,1393682.584,1970360.943,1418542.79,1429662.687,1215098.886,1760239.918,1302264.055,1426641.46
Com_9549_pos,436956.2543,8781354.248,3980486.418,324822.5006,7075397.243,10950629.02,553678.037,3587649.209,35777594.64,4282396.071,1025333.88,1565584.505,4971676.288,10217041.89,9492407.787,7188161.286,795245.7695,7056543.27
Com_9575_pos,487477.2245,9421603.351,4464340.821,329118.0244,12353623.88,40631031.86,587022.0312,673821.3039,6192809.498,11565911.49,1190228.815,1236824.791,4539255.403,5049564.928,9676859.813,4101627.964,6023308.333,10109341.87
Com_9662_pos,382135.4821,2977009.412,1563052.449,400752.7903,268476.6615,372917.0393,1205845.397,8529180.481,597594.1961,405327.4048,3833364.259,4720901.334,246341.1794,243251.2536,289561.4142,334224.0794,295487.0412,266001.158
Com_9805_pos,2021980.078,7492561.755,10734925.22,20020512.94,6623707.717,2728129.158,2257459.299,1521470.075,49923034.08,5301542.206,1294045.912,1035858.274,1694789.609,1764379.64,2147936.075,2888089.803,2408291.744,3874336.224
Com_9821_pos,73287153.81,45056014.77,44877539.26,151508411.2,40591830.76,44511376.22,42894271.01,67214799.82,30212328.3,34794371.44,39178783.2,37086609.65,61629932.68,53087495.43,62530991.05,56604766.89,61600368.19,55442451.43
Com_9884_pos,62731225.29,8367158.899,53533942.69,24630495.73,17208295.55,15137677.89,32018955.88,86504169.12,32433256.96,11018864.94,15652455.28,33292612.18,71701443.58,20285263.65,10002303.71,10578257.79,45758637.25,23280474.85
Com_9891_pos,18337615.32,11947013.19,22004605.75,29669643.34,11077603.52,16192427.34,11150406.95,7613666.467,20627132.55,14993534.62,7039023.418,6812597.32,18493856.53,18036907.19,17709838.97,13677463.58,18265385.87,16569453.01
Com_9940_pos,999748953.6,79595537.88,179730593.6,175098829.9,71892744.37,235364639.5,56658652.77,48309811.76,37107507.74,86407662.53,38405943.01,96343759.78,88418697.76,75802603.62,81061518.42,31920008.19,149469258,75172293.09
Com_9997_pos,25902700.3,18588332.13,29536250.83,49364235.83,20740243.94,17995890.39,52353665.1,44930208.74,66213981.21,50745601.57,31387517.72,30518548.25,67859296.79,64779212.29,73244825.03,82233325.05,67181017.21,61918214.63
Com_10013_pos,3166836.367,10574271.08,12883896.18,1319843.774,25190938.68,13842624.62,7522588.801,9826259.02,14920452.36,13371607.99,24574442.91,23485341.01,14228109.64,13677278.04,25013523.72,14921163.9,22339995.43,19306365.02
Com_10054_pos,9297519.078,19832783.99,16029554.46,24844261.08,18252471.78,10351859.32,29862795.23,9345444.802,5202964.151,5178988.319,4337480.054,7777627.17,3977698.854,2427850.437,1950573.112,2062877.694,4926987.409,4044485.259
Com_10069_pos,14570622.19,2137406.023,1558917.998,1632835.763,1441479.376,4624771.225,2597861.857,1846673.582,14602161.44,9138278.415,1070642.013,1062469.694,16989755.95,8872652.682,1005598.185,11989989.6,8790956.364,13716150.12
Com_10072_pos,50684429,10306356.56,43661270.52,43347896.55,14147845.9,10704420.49,31652551.81,72045848.52,8053323.317,7707330.539,14931646.88,14245775.48,16417961.08,17112928.73,18134586.78,25924992.17,18059874.73,15679389.95
Com_10113_pos,240806.1324,375901.1583,344652.129,183544.4156,613861.3943,531553.3276,273384.5175,2025799.464,544492.9205,11267889.87,942166.49,998589.506,458453.1697,440332.8079,389383.5771,32026446.12,469100.8839,568770.1304
Com_10125_pos,332928.3977,691955.2347,364289.0391,419399.8579,449375.0216,630037.5219,574237.9751,777209.4485,899052.8152,740176.7855,574301.7598,554386.2632,441601.2106,673363.9217,430943.7349,647673.8876,404793.1068,389011.8288
Com_10145_pos,322265.6027,536264.2137,364663.3967,405167.1041,374306.0881,669296.0916,8286524.325,33828415.53,759304.802,625124.3287,6594901.959,7870732.695,351777.0239,354600.3524,365116.462,410064.7196,345158.3732,351219.6752
Com_10226_pos,106670069,27501554.29,27035462.06,6037881.396,13792406.63,24628101.34,13249394.65,46052171.51,42285221.78,90205246.9,11132843.11,15952058.1,33465546.3,22299474.39,15922110.59,10313859.76,18526353.46,8060512.023
Com_10307_pos,2062546.672,12001276.82,9103469.633,798999.4213,17118667.02,18176890.2,4685368.602,19411466.8,17618101.89,12440764.5,33357917.76,26621570.33,20605310.6,27515056.25,21209309.71,11064908.99,14994555.47,28928762.76
Com_10373_pos,845189.7177,1240126.421,1560007.258,977586.3389,1094808.869,663335.2585,3579583.99,1838230.409,1672926.109,888518.817,1573749.805,1029638.629,913982.323,1202985.875,683963.113,960072.3105,1232533.417,976788.5649
Com_10405_pos,1579799.276,10293423.29,13857767.48,15320915.77,12509713.19,20800122.54,15857097.27,11063743.33,16673418.2,13703096.23,12876895.68,6542285.326,23273537.45,24865374.19,4747152.385,937482.8258,20306513.3,3981035.546
Com_10423_pos,1691072.388,1906411.899,1660976.667,1686925.778,1473553.128,1004797.633,6129429.132,20603239.73,1086895.818,1123101.706,10169333.29,9597321.064,1030046.766,1105094.778,1115066.12,1270097.756,1342152.723,1238002.315
Com_10424_pos,25782650.51,28815704.53,17619588.31,33838209.16,34994112.13,15597692.12,28681477.86,27816621.52,29771082.47,40520170.02,19951856.12,20598324,24736223.3,35187483.58,30557003.68,36223223.71,35319507.09,29017361.23
Com_10444_pos,2216430.217,866806.5181,680766.3584,2197379.107,506291.0213,473350.7951,888518.4017,1260929.451,780257.7539,654552.5228,410358.5611,383761.3942,1462125.131,778212.6185,9194184.572,1258758.731,675969.271,576227.7715
Com_10491_pos,29112700.04,132211802.9,58589346.03,15266350.74,129087526.6,129935891.2,102979368.8,58165672.8,66621723.94,156915793.7,25902249.12,14803585.07,144243172.6,158089779.3,105971990.9,127920938.8,89239660.92,94595698.29
Com_10610_pos,6235363.066,2833693.581,5344648.959,4487346.702,3218681.758,1565453.677,15005129.82,22806063.04,1905500.012,1744014.503,8956606.392,8049212.276,4525673.183,3104286.547,3088739.475,3734760.657,3089255.898,2313572.051
Com_10666_pos,529424.5527,368079.516,300929.0811,271466.561,230626.1022,307476.9989,3122149.89,9944527.744,309991.3702,302414.884,20435056.8,21607387.27,193718.5948,238460.9995,233599.5615,198754.9145,216345.5943,234725.3835
Com_10780_pos,110148172.9,61783489.99,178335320.1,173785941.7,20837917.4,32419003.19,90508382.73,20732442.49,36089571.74,35962547.23,49862171.09,50090329.43,44873194.03,26501691.59,37999326.98,40944277.13,59299109.5,50150557.36
Com_10795_pos,22996398.68,24032577.21,6847893.765,13493554.87,17768065.05,39748464.51,10061045.37,8155200.672,11657853.83,38269633.53,3563367.406,4767887.51,12024524.32,5450545.022,11596111.22,3971458.236,11037525.87,17365467.59
Com_10887_pos,22659739.89,3073629.788,52524063.24,36775428.02,1846608.249,1282482.183,1770743.742,2694770.497,1558216.064,1503802.947,7791547.612,12147070.28,1131949.395,1163156.477,1663716.278,1414056.131,2020202.2,1880989.6
Com_10902_pos,314295.4554,8130145.196,2489625.242,270385.4216,3873603.046,20751756.69,323237.9403,553415.1289,3768918.882,13309293.15,1027703.434,1015814.648,691497.4767,2704434.21,1203468.395,709016.1086,706427.7202,2602675.578
Com_10918_pos,10991336.37,10092311.43,8491622.635,8321804.716,8559682.585,12003163.63,14624841.25,28810564.11,237482176.6,183091445.6,13239028.44,17940423.37,9538298.826,9648620.655,7257971.396,9209815.098,8506743.06,7801481.194
Com_10960_pos,2946246.548,1690120.02,3621183.831,2854429.867,3488010.528,3835052.43,2450744.69,1685505.464,5926650.462,1853140.667,1426272.464,1138193.167,2775225.571,2496983.761,2033347.619,2886904.657,1492702.538,2733099.133
Com_10967_pos,551323.344,7896713.357,5977872.416,183943.4683,9451927.966,6411648.488,2620924.347,3197005.635,5261949.36,6264818.611,11041191.23,9291610.781,7089336.317,7498885.554,9888053.387,6343717.895,6404872.059,9558276.258
Com_11014_pos,1324511.302,1059813.12,871766.8814,770561.5111,786694.4449,1372695.429,3229841.708,10710684.44,1026940.421,1172929.691,1742673.345,1690910.827,2303923.694,1669820.859,1122349.355,1453182.119,1190014.192,1231478.277
Com_11101_pos,1048731.789,5189663.005,4938331.07,606715.8118,13487619.21,2038450.692,4264693.568,1399745.162,21102630.4,3431682.029,10104021.46,9641977.874,13839949.89,9725205.693,11773846.68,5741454.865,6322266.718,6182555.579
Com_11117_pos,634838.4256,2863689.036,3624540.311,4014337.672,1677015.109,1435753.65,1137293.999,1044244.03,493741.4682,421283.6568,1454280.662,830761.8794,7122243.378,7090555.79,909384.8394,1440726.162,798986.2089,691868.5538
Com_11177_pos,868455.3108,612702.7413,634879.71,969691.2557,494625.4588,375881.7997,719323.1103,734038.2449,12154762.1,24808316.43,551772.244,550876.2876,482034.1725,419466.3482,446858.6824,463471.4851,507509.8813,443488.0171
Com_11218_pos,28076075.74,16027486.19,11879475.36,444273.3132,16177746,12204253.17,9911962.367,15527801.01,1124553.343,1460961.687,6058157.852,25713694.08,12887098.66,7811283.533,12440667.2,17033540.85,30666013.38,20637794.06
Com_11220_pos,731613.4955,577725.9566,525239.7032,770467.5395,804628.9651,465884.3415,504976.9763,523371.3124,468325.2907,415555.7676,386095.2047,687591.6344,1053258.555,820176.9258,572007.8482,528653.5988,961780.4396,785734.8742
Com_11321_pos,66580447.71,58513789.2,60246133.16,63284983.18,47416468.54,29218416.13,34145309.64,41016672.7,33215691.16,44640843.77,37367368.65,19439007.7,24445274.97,22145380.24,23350618.47,23631885.65,29113045.41,26974253.71
Com_11323_pos,4623398.156,1100995.139,1442610.169,10290592.01,5471228.689,3382833.13,8575463.299,9774539.507,1062279.165,1064034.503,10940423.69,12161897.59,2337978.699,2537695.542,2659846.728,1955264.254,2643077.306,2880021.025
Com_11331_pos,211278467.2,91334431.39,126279995.5,227517083.5,66681301.48,67593763.25,162967153.1,81415277.54,99492412.35,50868519.33,77605966.33,74030534.59,102816570.9,93498159.14,92669136.87,92557237.38,107351489.6,87300246.86
Com_11374_pos,19354829.96,20510368.6,18190877.77,37917404.27,18524174.9,12813252.2,16319811.4,17851906.85,20455188.3,27741015.46,12907777.16,14646263.8,23425143.18,22864562.32,26542891.89,21941587.62,28722856.4,30658308.48
Com_11410_pos,374308.2927,549555.6394,435401.7792,485300.858,401612.0907,656933.4353,812762.5345,1008561.476,24095797.04,25754816.01,591751.3205,748909.2316,348960.2095,358167.0565,383747.3583,454001.5164,370991.0191,351174.7575
Com_11621_pos,2038655.367,810757.6981,834011.5051,2408907.128,653570.9061,1423889.386,2073895.714,3033740.994,1082645.558,1167015.383,18936334.48,16721118.98,677252.7657,1024513.082,1243850.279,1322185.443,1541589.127,1177520.936
Com_11767_pos,908590.4561,569768.1347,657554.3883,1045350.265,531297.589,444871.3123,958216.7814,845554.6407,635108.8645,689135.8843,588406.1323,511724.6366,487784.9431,453467.456,468229.8608,499583.8503,648056.6042,513490.844
Com_11882_pos,19481583.92,11708923.35,21983037.01,37118856.72,11296024.16,7196201.813,16192005.18,12957861.17,9491991.3,10702141.75,13730441.5,15681883.39,11920438.01,8501962.861,11377511.45,11240888.79,9944045.127,11120750.61
Com_11883_pos,17429432.31,30308119.46,44435636.14,10017022.9,24450611.48,2439350.143,35252897.57,26595377.87,15617752.92,18905620.23,12839685.95,13558510.63,19379039.66,23569871.32,17418001.37,24709227.74,17922326.95,19596729.13
Com_11895_pos,2583824.43,43783395.3,4152007.302,2801520.107,22119340.63,374990.0586,13778710.11,6273157.119,7195877.757,5702969.238,24005545.88,14417440.96,484469.5872,397344.4188,284116.1117,935271.6044,261706.5671,285485.3959
Com_11921_pos,853635.6434,531597.0215,472267.0756,699667.7011,474413.9542,416609.1915,709091.6715,2578072.252,673772.8537,730467.1702,530965.8513,498469.7769,653144.1618,602086.1658,536589.0469,1020275.577,812622.1828,613584.2727
Com_11942_pos,70923769.21,4687164.496,5382577.894,14583669.66,8739189.039,4649815.108,10398369.15,4825513.754,2664954.734,2961154.768,6309965.683,6443013.29,5183330.779,3095130.126,1775239.854,5510868.607,6538624.606,4397500.055
Com_11968_pos,4666459.449,3222775.674,8491577.542,3392945.014,9261297.529,2137193.084,8066022.577,7158440.4,10463648.96,22901181.1,9971843.789,8333161.699,6254393.051,6838523.989,13732734.53,24720332.82,13652425.38,10758934.07
Com_12021_pos,29464718.7,32818534.57,63866539.47,35497790.7,35495022,48077359.33,26462199.96,30891817.63,38676425.58,47902449.86,48962168.41,83907683.17,46795566.35,59158175.13,88468954.46,81443104.56,73917936.35,89302790.49
Com_12049_pos,7085567.237,13817516.11,3243895.04,6290107.725,6740609.934,4455368.119,17837828.73,2720549.465,8315744.155,12181062.9,2389445.47,2426109.795,18518282.91,16212272.73,11734997.47,5794144.148,18184628.59,15539398.93
Com_12053_pos,839482442.8,10400165.7,92327710.08,287931043.5,64205341.98,18464278.35,45358181.23,24690046.03,29705823.1,30212738.65,202450008,104847655.2,21265711.18,24296649.77,15012036.85,39001899.26,24673554.81,36702774.78
Com_12056_pos,377671.9587,1332145.302,1533281.239,291810.4104,2671235.683,10184873.64,1819224.184,2648214.972,2792419.958,1901068.461,1025471.185,1096699.153,2188677.856,2809680.136,698293.4748,1757037.611,1427578.805,1925771.22
Com_12062_pos,52833222.14,14105099.09,25378730.53,56213803.61,17396925.06,15903179.86,18539392.51,22988613.57,15250991.76,13643508.13,18008696.5,19149432.67,14521665.46,14498975.97,12886296.81,13769813.47,14945465.86,14220285.89
Com_12176_pos,22501881.17,11571301.63,12223014.96,39904267.11,11296515.57,10671879.57,11134225.14,10559385.57,14336760.45,10678212.87,22208275.8,10760099.09,17851966.27,17714391.46,15433189.56,14851065.07,18862017.34,14638691.16
Com_12199_pos,827667.6442,4409611.981,3254129.379,2571642.418,1474853.348,1023233.779,565330.4598,624014.3241,19848063.52,16130289.92,2116260.506,539618.2639,14879825.31,9279333.003,14862603.79,6462178.133,15171681.67,9808752.382
Com_12235_pos,39722171.98,19180590.79,88363926.56,70786900.53,12867426.66,7237205.425,31230283,26904021.21,6526556.916,7598208.78,26245561.48,25976032.44,5772113.093,5206403.531,4803441.486,5660424.438,8107792.214,7674838.141
Com_12306_pos,5382881.779,4569628.047,9914273.57,7767935.074,6276583.281,2004734.274,8944129.889,6514271.341,16961871.31,23191324.27,3427963.973,3669880.112,6353728.016,5864948.365,4868929.466,5307725.283,5963371.355,5177647.462
Com_12337_pos,341629.4307,843952.9657,661158.5057,467385.2935,659017.7308,1390442.306,12932783.51,1222513.124,1208637.213,876060.3877,620186.2237,607248.2712,620970.757,635464.8107,567876.4889,622906.3318,536727.6297,546724.5432
Com_12374_pos,4730902.216,5930028.644,19641665.05,15686450.35,3119387.132,2209288.095,2045476.539,2471528.078,3129862.846,2944016.946,4654320.728,4961115.969,8440031.765,4667742.998,2922953.046,13144915.47,3729668.965,3245209.028
Com_12382_pos,2217834.109,17000589.71,8615822.76,5387215.794,7743003.046,17645933.99,11597930.53,9973816.128,6553108.222,5157709.999,5019440.36,5513701.511,7413513.712,7873765.504,6287244.99,3835882.946,6281359.786,5838385.418
Com_12394_pos,4351134.636,1247614.748,1417553.932,21494549.24,441058.0014,1052443.895,1247944.694,1438044.799,800219.2578,629327.6312,1885468.25,2751652.046,420353.9395,464057.5075,380380.3355,422065.0404,354177.6498,357984.1379
Com_12395_pos,36880249.93,21707946.8,16966928.94,39745656.23,24610485.12,11114200.86,35659599.58,11780447.24,10894999.28,12814088.3,22234673.54,20525452.31,30797429.49,28635223.89,17539092.36,14584342.93,27317114.58,19665138.37
Com_12417_pos,545255.2421,945658.0965,854998.7478,311299.7489,1441181.216,649291.4785,6759178.861,6384243.221,415998.7158,3830631.886,8999530.439,9532166.677,3463960.302,1108630.356,3165253.55,4453558.121,2023590.137,3990086.64
Com_12445_pos,40916782.4,19409248.33,18817506.32,2136732.115,29526962.96,18977680.22,13985720.65,2959295.026,29568577.27,23138074.52,13751221.81,15052748.58,29645391.09,30302806.07,26737405.36,34826182.99,38602163.79,36891181.81
Com_12480_pos,116203130.1,12679561.04,14120095.35,15521236.85,8704963.88,43428917.04,7583795.892,9380592.831,10829157.29,7235364.275,4089721.135,4168292.658,6151463.857,5719677.096,5860212.078,4946403.762,5607170.005,5478375.047
Com_12605_pos,13304020.33,389103.4352,360992.3933,882331.4359,343250.8336,526736.1874,793918.5529,757984.2398,616627.509,410331.6822,636902.2712,622459.5945,309087.6735,288852.6142,311274.4632,324146.0514,295653.1012,280225.1772
Com_12657_pos,35299881.8,24168163.93,49428521.16,40366215.58,20503010.79,18393144.65,37719355.63,30111805.17,34798670.26,36012242.38,38659592.61,38349686.11,22496361.37,19281334.63,27287622.09,22769161.59,24760297.15,22694049.91
Com_12786_pos,843840.4108,7646696.429,3592335.091,657072.1907,4912020.918,13936290.78,587712.5283,2324052.97,7604005.259,8972727.127,3388941.115,3657897.869,1840366.262,3304642.086,2332965.813,2498951.127,3367830.523,5207687.151
Com_12872_pos,4591934.974,5671195.793,11090499.42,140906639.4,1701411.857,887207.1732,6042345.745,6037234.613,14882829.73,12706753.28,5551471.13,3610746.505,15687070.6,12010429.09,13611969.21,11226893.98,16825966.25,11721701.03
Com_12881_pos,423175.6324,574411.676,455094.7125,603154.6944,419776.7389,643563.9377,1081748.703,1450055.961,26782047.58,14609027.03,854437.1088,927839.4641,364743.448,374366.7146,1725551.882,1211679.221,788765.0112,491960.4133
Com_12884_pos,16595115.84,15504078.16,23764407.57,26588380.99,8470039.15,12652627.94,23273135.08,52293141.46,8230582.678,9843325.581,4919110.913,21753230.83,5327775.373,5007370.705,6394448.953,5484214.892,7464754.72,6746900.331
Com_12975_pos,42193902.08,57665853.45,24155449.74,39474153.56,35102801.72,19760990.1,29785113.25,30014300.9,26117989.33,17211748.61,19721160.89,17978350.14,29422229.09,25953133.95,23783931.17,24013774.9,25387017.99,22883399.59
Com_12979_pos,15579963.49,2379495.258,4445494.678,7612999.22,5963942.062,4656192.83,6900223.053,3275592.793,2207075.575,2460893.309,5205454.264,4289471.651,5299066.968,5802235.628,3461327.406,4365288.866,8240515.504,1802715.49
Com_12988_pos,1216310.835,3495070.372,1559816.305,4021097.514,8806764.234,41357999.11,5865170.882,2885238.751,7191712.966,5362164.869,1700110.288,1846162.113,11739237.66,9554043.488,7303442.218,13332735.84,7296084.237,7552081.862
Com_12995_pos,1031180.864,630795.7925,821892.2006,1535055.8,566236.7368,477960.4202,801713.9928,991221.1404,1246275.539,1210319.827,539375.6754,472447.6083,542099.8784,502031.4427,544648.3036,588881.1867,617688.385,524669.5955
Com_13030_pos,229786.5566,520100.7412,1156572.115,197683.2115,1715339.986,620001.9849,217924.3748,562463.5758,17875433.82,666558.2205,751370.8177,725986.8306,453193.291,896337.444,1623863.418,1988562.779,500262.6808,637366.0892
Com_13064_pos,154837867.8,105337693,132562590.4,224212303,90470465.24,87470974.62,79766466.99,69286815.31,61017312.97,59193548.55,99723577.01,96719766.06,71985252.37,72714838.51,78171524.68,82428604.31,88101211.32,84542761.57
Com_13208_pos,175594716.6,44230271.65,38970054.71,71480080.66,29482477.11,26114192.57,76251483.52,57158417.13,30641839.68,23924451.99,36873730.12,34081533.82,24149958.88,20592546.2,20296161.13,17959615.05,22934416.4,18413528.29
Com_13284_pos,3620723.983,18475576.64,7670771.438,7547581.807,14441800.59,956647.243,635570.3665,1020331.127,1099296.42,1015330.296,857155.5821,915552.7591,826210.7829,788777.6693,938800.5207,886489.5833,958099.596,929961.3603
Com_13424_pos,3566320.163,11375340.3,29941125.26,1228545.104,10368021.37,24526104.86,1288722.094,1956549.228,21241642.29,42871511.09,3920913.846,38192242.53,2915077.631,14503398.34,39773901.8,26137142.81,33596970.29,58742571
Com_13479_pos,369752.338,1310528.442,1428922.909,1869353.776,1591892.818,1491854.328,677100.5137,931923.476,1676605.284,1774971.104,1712933.584,1803135.538,1515206.636,1551839.321,1901455.248,1589980.075,1445552.986,1745736.268
Com_13494_pos,21013892.49,107343410.3,45997128.93,16063803.7,242627310.8,116004494.7,24119583.25,49816588.22,75021456.01,96187158.04,66585380.56,36790079.12,181755754.6,149013314.4,123942632.2,115000769.4,145316242.7,149751626.7
Com_13549_pos,312337.3291,837762.1229,689252.1392,674806.775,1669172.961,20509172.64,1261210.011,1136205.685,1118705.926,879799.5591,582518.4443,547804.772,14715034.5,12646466.88,12161209.22,9087279.245,16703859.26,14383302.66
Com_13648_pos,65399053.32,34393530.15,28527655.73,51859591.3,21771268.08,30170434.05,47863158.96,13255014.13,25877654.72,15252820.97,41891688.37,37771363.08,48776963.76,59646904.57,32603751.13,31507069.18,71330136.47,44180824.97
Com_13761_pos,228193.9626,251854.2844,238896.6544,569135.8682,276652.6821,257667.4599,3875980.093,14205049.19,332573.6393,241192.7017,16093109.53,13480837.89,278289.1788,266643.8896,233430.6821,237985.0533,253609.6429,241886.9316
Com_13767_pos,32320118.19,4890063.356,11153922.78,14017629.07,10654831.13,7378681.483,4820255.739,5924986.135,15158407.36,8701659.991,3652627.523,3609861.444,11733195.84,9814054.101,10055038.78,9501841.583,11404954.02,10339275.01
Com_13784_pos,2062185.232,269778.2098,379442.5898,395638.9841,343015.6487,1541426.583,288764.0685,534492.6445,477141.618,349321.0114,537308.6908,378269.4968,368058.0347,394821.4178,253178.5041,327432.2505,506243.6072,345555.8051
Com_13914_pos,45977316.32,38466801.37,81358507.85,156526670.3,38004250.64,20303246.74,42742550.36,25376632.5,17784532,16887261.85,35608832.45,35845221.6,16043452.53,15469747.98,15097047,14197724.85,19691433.95,17941264.68
Com_13923_pos,206056.0679,442073.65,356469.2888,275639.9413,319287.5616,753121.8733,807815.4074,709138.3508,672243.304,459592.8599,370348.7982,336828.8113,343179.7438,372230.3233,323000.6541,383236.1224,284327.5967,306832.8431
Com_13972_pos,68484917.75,176019449,204154371,154960639.3,158427322,58621601.65,370212337.9,227837060.3,41527140.93,99999956.74,108529279.9,129031978.4,29352694.29,35775404.49,248568447.2,10179828.24,303295854.8,14238979.66
Com_14048_pos,34118948.48,14874504.24,84504577.4,76260439.41,15499419.26,10691697.65,15624580.21,13979210.6,11999826.82,14099639.35,31555306.54,37257129.54,12317578.68,10575742.25,9191076.933,10828666.24,13089853.39,11070596.14
Com_14097_pos,3643075.669,4550008.575,5401662.876,12844179.48,3847148.655,2421505.056,4673919.762,1424110.094,1804383.226,1126539.932,3757222.644,4474240.588,3102330.556,3028248.189,1970791.729,1825067.534,2714588.218,2176002.841
Com_14103_pos,5614633.344,4156035.708,6184280.4,1817286.14,5432038.555,3239213.532,3248573.39,2005705.868,4523969.62,3434992.951,3770747.199,2890861.196,8725213.593,12143194.43,5224677.033,7625813.376,7147029.525,7969266.133
Com_14105_pos,3065206.875,1170785.248,1468769.417,923915.8852,1078655.702,1190750.982,1954286.891,1539603.246,2442254.658,2411861.807,607877.0456,1843521.218,1781124.333,2684113.354,1654180.232,2769607.37,1855015.791,2181069.263
Com_14156_pos,6165090.777,8687637.817,4531163.279,4764415.949,14352349.29,19413319.17,5946473.349,4649535.945,19312826.67,14461867.28,3345151.133,3168029.285,20020351.32,20569673.77,16823305.76,27126861.59,19655317.29,22979333.41
Com_14191_pos,15476462.35,3070554.171,7476334.932,4122284.971,4361772.959,8119538.011,20664445.24,23612106.29,12567165.44,9352576.373,11016106.97,13190531.79,6144573.618,7226264.718,8657456.391,10130940.6,13714990.84,12516061.4
Com_14231_pos,61754117.37,56368360.05,45530732.12,81944695.88,39541990.87,25715760.22,147929391.3,50749695.98,35645546.45,30205533.02,95117964.32,35068789.72,53399489.02,60097955.76,63381988.55,57718590.84,63993956.63,42868444.03
Com_14267_pos,621554.6931,5391279.84,14940438.6,383321.208,15269808.87,5121754.914,7609169.471,6942642.496,13328322.91,5096723.363,30050719.75,29758533.54,7303663.211,8468053.783,14428347.51,8640987.153,14808896.76,17888034.07
Com_14325_pos,406075.0927,3068249.06,506896.5555,276507.4674,1025381.177,16539486.32,270854.689,401641.554,3928860.606,2459557.956,918370.5149,1621624.777,2107720.848,5687197.563,11975130.94,9868562.428,1322701.228,11329141.28
Com_14443_pos,15352444.38,13047400.99,12581582.1,14958977.9,19742823.6,14837388.12,14092598.67,9839843.645,16300213.04,15430038.17,56291653.64,50950811.77,14677145.31,22639335.04,29802579.64,24294108.29,19391089.13,20698568.99
Com_14586_pos,103794705.9,44911660.69,137172945.3,151845816.8,38248548.75,28289388.04,153588838.2,56387837.04,41462246.09,43282139.55,44726597.16,48965148.82,60764535.89,60787607.31,53560415.75,60806910.43,80571185.48,69979332.33
Com_14679_pos,5482325.051,3786278.5,3143989.21,18270554.58,5789796.098,2114492.822,3033459.279,2338624.702,4919696.286,6535699.748,983850.5699,843706.1165,20759446.68,17490677.86,17002903.51,16216085.44,21291359.99,17383679.93
Com_14685_pos,6499357.717,25114512.39,14904778.39,6130630.375,17845262.66,51496561.07,22246610.39,17796894.21,34415292.18,26536026.2,7069372.481,6473936.084,14343685.33,16771517.12,9822513.031,14064255.54,10527880.63,10567049.33
Com_14772_pos,15596333.71,25781712.53,48549513.28,64019639.66,26056408.6,18798445.92,29831768.86,23847716.21,24810213.03,27739263.18,34207143.05,37403740.06,17184560.85,16651791.23,19808104.31,20814589.87,23973422.42,20758174.53
Com_14796_pos,776650.3589,571021.9037,699893.7544,690209.9206,479519.4868,400988.2342,664266.6595,587770.525,580724.6657,557362.6348,472454.6291,456340.1392,482006.6448,474538.5666,460372.1422,1575057.738,590716.5814,471449.6365
Com_14928_pos,1656469.431,10790684.92,9888492.095,5267564.15,18613815.57,31103094.94,12233987.91,13753244.99,12804838.51,8652580.391,3457455.199,3113323.625,14758208.19,15421122.97,11181522.7,18308866.73,11607086.37,11302981.83
Com_15036_pos,3907196.01,20661572.79,22609655.66,3898924.403,10725956.84,3558325.044,7071830.838,9194749.992,9540725.949,5118814.675,10294221.94,9605423.995,1061363.076,1075763.689,1084472.415,1240144.591,1361452.878,1328217.338
Com_15103_pos,409439.7904,601135.3481,476267.3355,530849.798,439306.2442,718591.3145,889046.0839,1373484.883,7730026.27,6954586.312,647291.3942,819199.694,381712.6092,391783.5843,419764.7795,496612.7904,405811.1671,384135.0082
Com_15110_pos,14749409.76,4696830.165,4587421.668,40832167.12,7696824.466,13653516.77,29821162.11,45009194.21,4448388.559,4154310.887,25202665.78,26433877.26,8915253.012,8190267.916,5337818.24,4200100.225,6374502.848,6040142.244
Com_15202_pos,58251156.78,30193700.36,32348684.54,64303115.11,23861258.51,34822989.16,31380475.51,21196394.86,18746867.98,24766931.39,11810789.93,4600332.369,28214520.29,19495555.29,12319575.27,84742215.77,55472525.46,38761112.03
Com_15221_pos,913872.7408,671912.8449,823554.4041,812159.5832,541477.0101,445646.9621,804837.5933,696704.8413,2274331.655,16741097.49,555930.2225,536968.5457,800628.6248,566058.9582,541712.9427,528652.8912,717682.9768,554747.6629
Com_15229_pos,145653717.1,11294613.8,11658117.11,76621436.84,13168795.23,9706662.596,17520786.97,23500502.48,10534216.2,7125477.984,18946650.28,10908981.05,15954989.26,16363956.67,23669385.74,13677414.43,19365302.83,22446953.27
Com_15270_pos,6115596.594,4609529.943,4396640.228,26037347.16,3855143.295,4283372.786,1633056.369,1466984.333,4700146.118,4834284.899,1607942.018,1557914.954,8273891.831,6062485.597,5827582.991,3963163.356,6416128.919,4373388.285
Com_15272_pos,238815573.3,193974198.9,194917849,294014704,169477833.8,99237230.76,481638079.3,288386151.2,131014973.7,140548934.1,197552933.5,175508738.4,189001775.5,174465694.3,156710856.7,177915372.8,201707934.1,75888246.12
Com_15444_pos,102262074.5,26272369.12,52613484.71,31760578.44,22540343.25,64021086.81,32055997.99,5250578.354,34687840.81,28259963.83,3665635.91,4352453.863,44634884.75,58681755.84,34807162.81,47227002.95,39986014.84,30446992.2
Com_15472_pos,17791206.15,3521787.293,3577355.009,2117559.23,2461811.627,1158689.64,1243881.74,1790491.423,17765123.64,18399553.53,1481930.071,1539242.401,6994421.606,7428696.783,8293310.284,14181607.75,13714438.96,11962804.41
Com_15557_pos,17511149.1,13900836.71,14543569.56,19298334.55,12230997.47,7837121.237,10583228.38,27231322.06,19886129.37,14606130.15,12945296.02,16121268.15,8583510.879,18274533.76,14736308.18,7722146.896,26135641.34,22141694.33
Com_15608_pos,18770190.95,380858.2669,16850519.52,16551949.74,15973050.16,26357509.65,38142818.19,24296846.95,38119103.25,27955235.09,28083042.42,21831862.43,23286794.73,31305948.06,24632135.28,35639868.4,29684595.33,32839991.24
Com_15625_pos,1302140.726,11267164.19,4066495.453,5049401.104,10409518.38,13583798.32,14946376.33,4518041.192,7719176.029,10378872.05,4249316.147,4704150.173,5757728.572,3485530.585,11130478.22,1994555.849,4666552.012,4539725.621
Com_15914_pos,4223057.831,1407897.357,10299433.21,7519073.867,3538280.196,19593297.73,3126415.95,2020743.773,13055516.88,13321927.74,2535048.137,2298417.69,20501821.25,28556440.75,40764756.3,41646972.98,26545755.21,14753189.3
Com_16004_pos,12020233.24,3379390.879,1147852.072,13929475.36,5090052.623,2757237.57,2532815.443,5896291.043,5606226.199,4141197.66,5087657.304,2817480.031,9979487.193,8938881.005,7137408.702,8852210.366,10897936.74,11448997.67
Com_16066_pos,160539.5902,245887.386,228025.2795,181912.7864,270098.2633,251562.8365,315740.4733,330916.5345,984346.2089,2342452.726,258559.4783,226131.462,7445554.68,8758469.758,14247545.03,11612115.64,7197796.449,9628887.29
Com_16147_pos,1161107.035,1224754.404,1115364.945,1168251.167,883111.3861,772779.8626,2099219.748,19261979.2,938927.6608,906140.1794,10946204.87,14530747.09,674686.5575,691848.0608,712498.2407,727096.6972,849375.881,751223.0004
Com_16158_pos,334562.4722,3819012.976,737014.6971,825548.353,659326.7112,1573272.381,1348607.079,1214940.428,23000248.19,12723100.4,622884.7621,585765.564,628376.7206,693708.1048,568621.1674,630934.603,529451.4198,532386.0394
Com_16320_pos,5067006.997,517272.86,2385200.384,4599877.443,2571083.511,2213725.602,416294.8768,385173.9275,1519504.538,2717742.299,4542735.437,18430364.76,28590648.17,3606988.265,3872977.837,6299191.609,4155292.993,4346821.259
Com_16339_pos,24205165.46,10958260.59,9466013.505,7680276.041,9844793.775,12143745.63,10958275.67,15298638.77,10556748.3,9068490.483,12004395.52,11753771.28,12687332.92,13401638.98,13005110.74,14490636.53,14457863.84,15554561.85
Com_16475_pos,17999564.62,10128597.9,17799565.3,28193271.27,8991403.058,7877363.53,11809003.75,6112049.903,10061696.88,11997480.23,9007638.225,10152562.94,15104357.46,14207723.79,14412260.63,14163723.86,17146281.66,15567170.62
Com_16483_pos,5765292.846,1119524.325,2338099.958,578336.5249,5237103.256,3303245.245,737426.1522,1909812.103,3080361.977,3397144.624,3321470.344,3616692.652,2647604.253,3043241.313,3198605.698,3726335.173,4925312.589,1918751.412
Com_16504_pos,13510015.73,11242303.47,9180693.533,3594168.885,31738651.17,17894710.42,6168089.07,14912271.94,15502155.7,14201311.57,8541605.406,8697445.208,7684294.963,10754972.9,24224448.62,8376837.118,14348298.09,7393025.735
Com_16590_pos,725771.917,3109115.788,3071102.463,707220.4663,1460554.388,450407.3514,2255135.127,7622736.708,14569069.12,6247141.104,4804646.568,9187925.334,9362263.424,10190830.23,3234659.844,5452502.814,6497014.78,7121805.641
Com_16610_pos,331705.8002,888620.5581,731094.9062,549347.3664,654030.9196,1560635.667,3163367.431,2454390.573,1186619.754,933209.9816,5258114.983,4533973.033,623329.523,688136.1577,564053.9336,625866.8602,525198.8021,530843.3227
Com_16761_pos,235203.6191,139954.0632,201829.7042,153011.6851,122856.2827,153899.901,6805958.429,10477573.75,133939.0534,126062.9091,3233382.794,3783926.279,112682.46,129055.2342,134087.3907,99538.02628,135122.986,134772.0886
Com_16770_pos,350847.1256,939899.0562,2096120.04,782595.2137,691772.2514,1650693.288,1516667.993,1274727.78,19856058.49,10312482.23,653536.9899,623632.7767,6411352.469,6285633.879,2594299.082,15625497.56,3971778.75,3865095.26
Com_16913_pos,12274731.56,6110848.408,10674991.04,17457807.55,7148298.645,5597047.718,13998255.85,6637392.429,9579864.057,10059469.33,5836298.102,5710289.489,10928472.36,10852185.15,10334664.25,11078524.99,11192168.19,9502210.077
Com_16914_pos,1016723.247,594014.6983,810368.904,1513533.631,558297.8443,1449959.768,790473.6037,977323.7764,1182853.225,1099414.023,531813.387,465823.6814,10233638.38,8292788.288,998822.9483,548769.5881,2517152.579,2171627.77
Com_16960_pos,22076285.53,6987179.203,6241717.892,13350182.01,8398614.35,3765841.827,5580170.961,3381366.297,6279938.571,2403692.577,3998896.66,3107625.157,13594714.91,13655695.3,10048048.91,12410003.04,11878927.19,10429878.36
Com_16995_pos,5019016.642,5114298.09,5778062.212,5664359.539,4597337.487,3406430.455,4140868.918,19122767.78,4015356.777,3550436.596,6035563.233,40049076.61,1874955.718,1816322.173,1861001.674,2091300.082,2372474.045,2154297.186
Com_17154_pos,12733958.69,8690333.627,948523.6098,1019356.762,3255104.378,3654439.332,926966.6405,1140069.913,838088.1617,1540728.529,1719057.578,1372986.118,2677485.873,1944423.413,2538867.435,943139.4802,4399493.121,3736209.235
Com_17157_pos,12704834.76,9732940.883,22136001.51,24893964.39,11319818.6,10597853.35,22861645.81,26135954.86,19583890.1,12324050.38,25900162.62,23078001.01,10349335.66,11786258.72,16595495.95,9610159.764,11262918.64,10120167.41
Com_17214_pos,2626636.601,1541327.55,8142302.828,14315530.25,2240260.463,1245660.668,6271523.191,5350809.263,3753186.543,4666549.528,8072352.501,8941981.464,981565.4592,1334581.421,1151943.934,1766957.464,1819085.468,1583315.846
Com_17244_pos,10325126.47,4695428.111,10839192.94,2923943.391,1276707.201,3613262.875,4410469.372,6682405.063,9213325.013,13666710.32,6976338.73,7262176.199,1781901.843,1806078.752,2737041.857,2082054.655,2957443.67,2993927.165
Com_17287_pos,595112.0018,3084165.152,11208270.51,494149.1945,5617867.973,1031652.285,4609754.532,5389117.078,10470366.53,1416110.938,3588347.649,3087553.743,10173386.58,12111655.64,12810028.59,9764523.439,14345585.79,13957867.97
Com_17348_pos,14843244.05,13660611.88,8999258.284,8603201.071,8972142.102,16805755.03,12225132.38,16060181.73,11770979.69,11797867.14,5412303.798,16809512.43,11094894.01,11151142.15,12535444.44,19994967.6,11292514.63,15359509.54
Com_17442_pos,25837549.43,12259212.03,20522369.73,31525488.23,16536664.28,8602934.39,22336021,18233310.31,17398030.52,10335835.91,15976048.94,17633245.9,24276560.96,25086572.95,19391893.85,20608819.7,22631297.88,16829201.69
Com_17495_pos,30450952.68,2665074.317,13290542.89,13310181.34,12378788.93,13148404.14,15016604.96,15094661.81,3963521.478,3005420.444,13877248.49,9689220.723,27131615.9,19397890.31,20613284.21,23422685.11,22672261.45,31960557.84
Com_17505_pos,491535.3931,2070490.698,5013341.586,3166948.97,2333451.182,4378424.623,1921229.872,344109.6241,4942461.635,3469177.818,854899.6138,953829.9335,8463023.46,8364221.805,8530969.142,5054790.474,9610920.032,8344355.285
Com_17512_pos,24651285.38,6764721.515,7342353.116,21603660.55,9386254.65,4509192.98,6718211.664,6161820.931,5978615.149,7315289.12,6355899.907,6477174.954,11113947.04,9531677.977,9263426.645,9627544.038,8187157.196,7908397.157
Com_17586_pos,5985127.799,5440047.863,3282446.476,770521.7876,4092366.794,3397848.599,2550463.975,1708947.188,9472997.928,8027151.961,2328899.707,2488148.343,5383899.69,4274941.994,1930271.815,12176807.06,4631573.782,6879859.43
Com_17615_pos,14006807.23,7810493.753,10928884.77,17051395.98,4829470.965,5315359.997,12215527.57,4779142.743,8961454.923,5124788.429,5113083.033,4463021.269,9586411.294,9157204.841,9116269.308,10956849.53,11289222,9600643.006
Com_17617_pos,622865.2506,730267.5896,597041.5226,538588.0564,449953.7161,599960.5368,4907101.385,21502149.61,590536.2854,599989.3467,7599280.361,11437476.84,360047.284,473105.2171,425896.0617,394328.5784,396274.1901,465693.7769
Com_17680_pos,627126.6106,428426.4724,542044.4594,315973.7395,664431.2196,2565581.677,758177.5501,570037.6469,2468544.934,2818293.608,335279.3937,426018.4397,1638635.211,2440822.567,1700741.075,3173576.342,1632383.903,1818202.981
Com_17695_pos,49038260.01,740653.2006,779693.0356,321423.3119,638681.1206,644000.7448,648204.3407,875194.3744,1019284.656,591339.8401,515956.9983,473819.5414,454186.9355,452416.9053,366159.4066,451832.301,499620.3118,485253.0537
Com_17720_pos,1022439.583,745918.0193,938696.216,925079.9974,675956.3774,537804.6821,820575.165,788316.7469,792658.2189,685091.917,669519.2331,657215.202,642452.1109,571839.631,577279.9534,574864.6997,664579.2738,632307.3853
Com_17728_pos,821314.6248,270808.7906,270001.3486,559914.2658,363334.2144,317658.7764,236257.7476,9558405.043,400098.9343,250899.449,501539.5763,263409.9766,350699.2692,369831.8543,960895.2496,697454.4431,602937.7334,496314.5875
Com_17742_pos,6361122.683,6738970.16,3418687.712,2161991.422,9510976.153,2219595.485,8552521.553,3885950.244,12660504.16,8007083.447,1041413.228,1076527.876,8685826.514,7916128.846,10320789.22,22587440.64,11639550.18,8483961.323
Com_17755_pos,336304.7802,339660.3595,9057301.765,14966907.69,427745.7534,1208861.222,452798.8366,791310.6403,1218943.083,4774302.331,565565.0718,575096.639,655210.1036,947408.431,749960.1978,6219115.302,625960.0279,684700.0804
Com_17825_pos,172934.7257,4324714.131,7848810.604,2228044.376,12613804.71,2201220.618,8066523.611,13683429.55,4080613.377,2222004.207,2803569.041,3172401.467,3882484.046,3931875.016,4309295.942,4726886.818,3962937.536,3875186.431
Com_17842_pos,1314318.53,1258832.864,791044.0758,685493.4608,1430243.675,435266.5123,17576964.15,27344570.46,1991974.567,3373866.619,4123241.836,4165262.827,3811528.002,1459191.677,3968109.662,1233490.582,1712633.46,1249580.275
Com_17884_pos,1466237.956,10905479.65,3010434.054,6699457,15182517.32,36727836.92,8713805.016,7128814.501,28598381.92,11201816.19,6196756.154,6315906.789,42769797.87,26014538.67,19884689.31,24264287.36,23351952.51,20987091.74
Com_17920_pos,32029056.02,36229967.31,25767905.35,47830996.28,45284394.05,32350436.13,21900480.07,27258817.91,24753182.36,28929139.63,9833129.05,11193004.36,36153294.73,31895863.75,46047059.56,54698602.16,55229795.91,39280269.79
Com_17927_pos,12145083.67,825130.8495,6863456.548,4104505.389,5969671.124,17764388,3293498.062,1593580.321,3003957.954,2720506.389,9713640.868,11060445.65,6350648.405,5355404.46,3585025.657,3611014.456,5173251.985,3963014.949
Com_17930_pos,21339900.37,17147093.25,21477853.68,23495029.57,20952634.84,16536627.55,20565010.54,16824198.86,14658425.36,18767082.52,26849534.25,21917393.62,27841388.54,19953632.64,19005716.55,22350868.03,20711510.41,22099978.22
Com_17931_pos,6965599.651,6669213.363,5392727.778,5177360.469,12839438.46,20868815.97,2384810.391,2103853.198,6555348.392,7376997.469,2715228.958,3025102.919,4331309.25,4766160.112,8947049.559,5625638.171,9731123.153,4922580.672
Com_17960_pos,761076.8223,1028141.347,1274238.097,1246761.474,608325.19,571707.4461,907787.1895,1087476.675,3789996.607,2224656.037,828188.8212,824696.8117,6131604.71,5790788.88,13545552.36,14930030.97,7107039.469,8305268.743
Com_18085_pos,16339972.13,3184630.511,3282359.395,3076097.154,2403752.858,6909670.503,1829043.599,2632796.005,1815757.859,1739548.746,2179077.498,2263351.386,1595417.895,1711658.192,1727102.595,2035235.313,2203771.613,1917515.898
Com_18123_pos,6048805.622,4154629.917,1644842.066,5089356.035,5432250.73,7323980.818,1440734.103,13588104.36,14432759.94,5024809.278,4912877.387,5349548.755,14683088.84,31014061.8,4731144.937,4025592.105,3227852.678,5139622.639
Com_18150_pos,14797061.87,527659.004,8881480.964,10784302.54,2902221.605,13913323.61,359140.1854,509253.804,2579761.358,16255359.27,7419978.216,12019946.98,15473770.49,13133514.01,14140077.99,14208713.42,9184970.674,4323743.749
Com_18180_pos,7124973.918,15046387.57,19750073.7,9581631.6,3120785.045,7725612.342,8436649.503,18367239.35,18666155.58,41243888.12,9841524.313,9347480.211,5216320.725,5055177.115,3675184.758,4009548.549,3761657.298,3612847.527
Com_18214_pos,5416910.609,4450863.768,5491808.693,5410512.079,4295741.12,4500311.745,34809658.38,84177902.76,4972637.482,4751831.548,82368619.26,77326587.9,4061281.174,4253669.102,3956748.104,4501454.908,4613579.12,3997806.968
Com_18240_pos,1993367.095,848512.0143,1001940.249,1154119.587,1246862.48,1041897.866,1281487.404,1277246.521,1002336.496,1031369.577,971889.5776,1125812.195,1057518.626,1114175.069,10755717.31,1236897.715,1161234.587,1390693.334
Com_18302_pos,212108.2944,396176.2004,3530922.99,260403.8892,207880.4859,327906.8844,1855133.575,653123.2709,715621.7582,238905.8828,587759.2715,313295.267,439643.9367,374520.2932,209909.0496,653289.8501,496456.5717,741163.9814
Com_18378_pos,10983704.59,1543321.429,1646833.216,2533523.551,1926887.165,2363779.4,9307196.964,14465770.23,3632910.038,4869786.075,10020859.6,10353394.33,3116631.823,2447583.446,1896693.881,2503697.94,1163825.497,1480765.02
Com_18382_pos,612193.9861,7172418.974,3115924.637,1300497.482,3282163.912,3570766.86,9853028.87,6149185.796,4368093.019,4011549.622,3249631.634,5956776.93,2562373.084,4101655.438,2604160.736,5610928.116,4297145.788,5471695.759
Com_18415_pos,6392455.4,13438137.77,22352916.08,2818241.228,10323384.1,22066601.62,5421597.689,6873568.485,4707876.639,32344545.1,11130216.23,34985557.16,9799029.745,18267984.1,53008211.1,27473890.87,43162048.84,50727436.52
Com_18446_pos,3833994.818,2741016.724,2917660.543,6434274.83,1527247.205,2214872.477,3695769.889,5245551.21,2520300.847,3408738.92,2972321.067,3058314.792,5096288.714,4813985.742,1833789.726,8917889.731,5400323.35,4767265.883
Com_18502_pos,88090430.06,45812067.54,69864925.34,96561278.96,46263062.26,30214774.63,73198336.35,52692010.8,28310011.2,15024684.32,40123186.39,37272334.21,63701844.11,54896905.2,49999854.01,56415079.46,52203914.09,48945985.12
Com_18527_pos,79118428.78,10109626.25,10444344.85,23059435.88,8348165.522,24366390.2,10800175.26,10482479.51,11665952.88,10279161.97,8945831.71,7146883.57,11862497.86,10261995.76,12556007.21,10937237.86,12594425.31,8629649.719
Com_18701_pos,17671718.23,10278743.5,13990310,12919485.94,8816573.224,9184865.949,14477757.7,13316664.8,12576625.82,13273331.58,7530085.482,7860236.316,13689124.54,12640162.39,12071418.69,14569907.1,13598518.41,11568384.13
Com_18774_pos,44249416.05,22522504.35,53793956.29,55143783.94,18963308.51,15351081.21,31945260.2,8315518.741,1665500.293,16314893.75,19828701.2,20743746.28,25337373.39,25195550.07,24440666.44,27068180.57,30934648.35,28483591.18
Com_18963_pos,6254366.428,28841317.67,13060693.82,8770920.321,17460573.24,29847217.77,10127452.39,20422506.69,21108779.31,25554225.77,15050379.19,20827729.87,15202964.22,12018311.4,11730226.02,20463491.49,12127912.38,22288307.58
Com_19021_pos,8223827.298,4791110.398,4449034.15,11003294.78,9026918.086,1017451.396,3820315.458,4035587.686,3328715.978,3499398.34,874883.4221,841702.8181,6111248.287,4314296.44,9204505.839,10302205.07,11551765,7927567.419
Com_19280_pos,1991586.385,1404853.888,6047129.335,1914908.382,6521257.174,705436.6306,5015459.18,12830694.38,3968920.96,3212838.963,3026618.712,4040640.794,3046686.808,3396824.61,2049149.36,5843682.796,4914663.117,5252392.163
Com_19412_pos,615018.9504,2520657.799,695931.8575,773230.0468,1302263.502,1362835.628,1182809.962,1391747.386,1449074.423,1193001.379,925647.5004,972403.2761,671339.2127,676727.3165,720404.6893,823812.765,2768002.093,1751252.36
Com_19482_pos,307306.2326,1914645.585,1005265.103,404493.7571,3731431.275,883811.6473,899313.5671,2782957.788,627936.6998,457840.9805,8228639.574,9435796.95,361146.8552,284430.5185,394573.546,534502.8009,296813.0139,573905.9283
Com_19538_pos,1421071.182,723622.0641,1017798.925,1546097.319,511167.1245,672149.8144,1350701.609,1810580.325,10974435.5,14738387.38,1066874.011,1158526.239,537510.8841,481971.7039,1005701.806,689240.6942,918315.8545,849133.4904
Com_19567_pos,1596356.597,1062989.117,1251082.809,946129.799,1109246.083,775917.4545,2406575.93,1624486.747,1161201.819,2167937.008,1384081.972,1404074.608,1311464.415,1182325.96,975331.1256,1452525.517,1105549.272,2098788.416
Com_19628_pos,1567927.867,1043540.423,2859576.651,2424805.241,1940529.947,764679.5199,4417402.645,4400648.222,4669202.447,10544248.61,3413306.438,2897325.101,3586251.608,5271222.111,4851964.307,9517474.504,4510476.323,4787915.188
Com_19675_pos,473701.7637,5316663.724,2193148.42,3253292.53,5144173.258,18155351.15,1879972.245,3203710.826,3380038.554,7145260.633,3256670.277,2905716.973,11342030.51,8168909.136,6718821.648,12702383.38,7223539.439,5491046.608
Com_19682_pos,2779848.848,8944078.518,9600294.277,1988984.67,10513761.77,9784934.977,6053901.224,7214964.821,10249264.13,11778620.96,10220982.17,10864286.56,9643500.56,10190322.28,10691967.35,11307633.73,10826055.7,12676403.99
Com_19686_pos,17731096.49,16669743.94,23248014.9,16452951.38,13784061.11,11011329.46,21526697.64,18265143.7,21411555.15,13633859.61,15967832.64,14737519.04,12199672.53,12963624.16,10398857.11,11533252.89,13500775.68,12297727.23
Com_19720_pos,5524037.374,40927260.73,6154299.553,1091733.057,30306439.05,13889077.75,8232314.263,7839395.148,10016383.26,5525661.726,4175109.213,4289895.739,598503.6784,2043846.602,5250334.46,5657256.467,6909028.751,3865751.419
Com_19760_pos,4541568.122,967238.8666,2244436.742,6401335.944,3124644.633,4833221.662,2448882.19,2419257.323,1556235.953,735928.2774,1112130.454,1131397.615,3593385.858,3046322.111,1078945.24,1210937.825,2154338.987,3370744.122
Com_19765_pos,2816925.871,3274147.181,2387876.915,4712965.472,2754833.259,2147141.575,1706184.105,3943151.372,3459760.499,3513178.467,4647380.932,4662796.097,1778822.036,1588217.508,2744428.773,2784145.429,2781164.732,2402263.691
Com_19953_pos,33206602.06,1636420.995,874008.8704,10917267.58,1763757.621,1464686.902,1865943.72,414878.2131,2395221.411,3137870.252,1831198.277,2077306.361,4968743.462,4398177.52,2474158.559,3992268.265,5187295.569,4298926.279
Com_20140_pos,8847668.778,3832365.985,6051178.826,5360405.542,1972440.207,4608301.741,4267930.113,651369.9662,3652181.811,4573795.225,1438304.984,1408108.676,1602905.556,1587405.199,2594396.468,2534480.533,3532472.011,2813437.9
Com_20228_pos,280463.886,6890801.048,7039970.551,208596.6308,7824786.398,8995250.765,1335629.335,2335942.208,5076447.291,7491688.584,5334954.108,9608682.81,6308065.52,10046583.21,9262295.331,9869522.305,9594043.16,15202889.17
Com_20336_pos,105059938.2,210814352.3,99077284.46,111867155.8,139009525.4,103370746.1,213087699.5,139719836.9,46706938.54,43427714.37,98470898.69,85849708.79,64382212.4,59008437.32,58994673.9,63948699.24,84421582.31,72324792.63
Com_20371_pos,614023.2051,4419291.714,3919322.277,298975.4959,1713806.247,1265311.502,1695699.81,918612.8004,3029962.822,1548430.258,452321.8706,8884973.933,1699064.73,3339209.158,7648722.233,2131753.586,1537444.803,1324124.588
Com_20636_pos,147442.695,2378426.726,3020031.452,642851.1615,4233658.32,10812956.26,3600065.889,5188088.969,4028605.886,1547825.825,1565739.057,1094043.108,2287701.594,2587190.758,1976701.418,2927794.488,1389539.872,1012960.719
Com_20699_pos,13985960.73,4425155.881,22691206.23,23528459.51,8156673.61,6116053.926,7816791.793,9309764.753,278307208.1,447526493,15745652.87,14959079.25,4569286.508,4775418.497,6882699.48,5217870.672,5316163.643,4884464.267
Com_20796_pos,407533.3792,311210.8962,356194.2411,315130.8111,220268.3994,289686.1111,487913.8792,591783.1168,1080220.468,517909.3146,457151.2811,450854.2076,225620.6996,231604.1202,194794.274,216231.3777,236933.1687,193655.8597
Com_20928_pos,2680669.268,868970.3058,1489535.463,2777462.4,1296173.44,334036.1782,661671.6921,837823.0352,1051493.053,1205367.989,570772.3549,591762.0906,4907145.395,4614099.152,3095093.63,5492480.711,4807395.474,4417613.172
Com_20973_pos,700975.9416,436529.0104,387809.3195,574542.815,389572.2616,342104.9982,582281.4522,512368.9766,553278.8657,599834.2693,436010.7153,409326.0677,2452242.322,2655638.858,4598533.071,520609.6535,7561934.368,5425309.72
Com_21040_pos,10167117.63,21526988.75,8069178.356,8013191.691,2379931.646,34817347.32,12105912.88,9262290.494,2962962.515,27901956.61,6838138.716,5386780.744,19152622.45,18460559.12,13255208.03,12682693.1,12059738.18,2434346.253
Com_21060_pos,151337.4625,1139994.077,5387158.874,198121.7257,253306.5296,197366.5402,2073181.276,1355183.658,592013.8793,187720.2483,449186.1822,505946.5674,404109.7534,739385.4627,1175905.461,1621142.461,856233.2518,613889.8578
Com_21065_pos,437320.7619,16505911.51,15315171.9,538907.0295,10347873.23,9189828.02,48413514.88,95848870.26,3844409.714,3737350.236,86158110.64,79675220.9,3137573,1870292.923,1424457.247,1896124.602,2855046.858,1966721.644
Com_21117_pos,6941477.127,8354087.29,3724683.348,3822262.884,6360102.76,3336794.931,2834740.201,4883277.039,3522454.22,9790882.215,4152005.287,2568506.532,1780684.94,1960933.224,5299035.213,4833933.933,2567437.638,2340780.068
Com_21270_pos,639905.5482,2942382.555,408685.1508,555895.1666,2229790.16,412659.3979,1225587.239,1175028.332,499647.6636,529977.1713,490247.2221,358193.3582,675772.9775,575562.8286,418629.7258,463703.845,624884.3875,468584.638
Com_21309_pos,9434838.626,471627.3957,388022.068,260602.8385,347121.0479,4115401.349,710012.0388,639639.4797,629787.7976,929060.0556,327935.1612,308392.7178,330826.5569,365222.0973,299366.5692,332173.2258,278744.5564,280289.5693
Com_21329_pos,15427721.28,14028496.79,41091437.07,39594846.18,13637261.89,6007039.41,23536273.04,25086330.24,12414999.33,12633400.19,19355655.25,21756526.1,12939039.63,12330015.41,11143820.95,13471292.76,12842797.98,10987143.26
Com_21389_pos,630200.2286,569450.9075,585728.8999,446123.8044,854181.374,969303.6317,375282.8341,990287.6623,636674.2926,739218.7579,789370.8026,899880.191,1464749.771,1104126.647,1204199.647,765647.0306,1654054.232,997774.8296
Com_21398_pos,330402.8783,3627161.328,1357362.83,1660846.876,4071092.665,4435841.455,14211840.32,22482748.32,430486.784,312202.3462,9606728.584,8604599.893,331712.7168,319984.4307,293562.1485,253285.1839,238713.201,369363.7543
Com_21508_pos,1846629.984,2754553.385,1385947.445,1154860.982,3242651.977,3431899.402,1793072.168,1274378.455,5020895.06,3573128.176,3629569.137,3472970.266,2890557.476,3122956.084,10625743.74,3650218.507,2887866.537,4086491.433
Com_21635_pos,33910962.51,66197798.07,12956895.31,45001868.4,29874255.18,34564879.58,48117051.39,56994726.43,32823081.34,61239041.58,11023089.68,12409172.4,41022181.89,40439154.03,42911164.61,42048203.73,53881056.96,48022558.58
Com_21925_pos,316090.739,1330623.806,1011861.971,2127137.307,696245.0716,1838487.523,1527823.526,6276599.645,1651156.241,764026.0958,9235975.374,8813754.2,733161.0778,1722124.68,883205.6654,645354.8948,698056.8129,931462.0407
Com_21939_pos,2758152.106,16902446.45,4802212.933,9349668.094,5581095.015,33824445.14,14590297.7,10339708.46,14087575.8,13941600.81,4017588.243,3226074.146,16922833.1,16655410.66,10600351.11,18158834.32,10325535.45,9940822.559
Com_21951_pos,2937659.986,5328804.019,5591832.272,4787934.538,3642455.494,4974365.95,6809825.191,15615192.27,1132096.616,852557.342,6865391.984,6111955.915,1419063.437,1632453.433,1567187.162,1165079.74,2028589.325,1767235.791
Com_22037_pos,13321807.52,8327991.379,31441943.24,23671652.08,6336779.053,2686042.434,8702041.899,5264705.66,5279703.509,6951329.472,7618553.734,9074694.948,2325007.231,2705946.865,3204715.608,3325173.093,8062093.953,7703386.565
Com_22127_pos,689249.6036,427454.1019,446748.8185,616634.0025,468328.7733,346957.6021,568255.0362,506804.6511,614299.9053,762110.397,434128.1065,423073.6607,500011.7663,513089.7502,467197.4934,547884.8405,478408.5631,427563.6265
Com_22217_pos,16934755.15,13892951.47,37213954.72,91884515.27,8662832.883,5960582.313,6772311.034,1466645.287,3584212.831,3173840.114,6146447.177,7131198.15,2506516.33,2831526.128,3109606.795,2647184.018,4100929.136,3668536.071
Com_22361_pos,19967800.47,22962199.37,39934053.59,41376210.42,17181171.38,16508713.56,6650268.859,13633453.54,1164989.359,3724143.255,17283560.85,19104464.59,5970755.11,5204164.868,5088493.906,5848998.298,7205514.737,4962124.111
Com_22485_pos,408252.9633,1381596.507,991403.2092,294234.9427,1207236.57,991497.9933,454641.1565,817828.8651,1163016.568,1241480.97,2163169.704,1200181.97,1021206.758,1200399.685,1048278.707,1149700.151,888794.8006,1226686.388
Com_22543_pos,7152176.096,7372399.049,7613917.568,9385045.741,10231539.44,8420614.044,8508655.512,6978778.835,5245503.933,6014575.877,4218030.849,4055450.89,9969848.575,9189774.356,7757862.938,9942050.214,8005845.084,7300365.915
Com_22613_pos,9054797.939,1606608.318,1453877.232,5644079.275,1158696.449,6558713.405,1014264.338,1251459.997,1072811.904,1027784.951,867180.4672,937028.357,942627.5101,1011306.257,1020431.339,1202486.697,1302063.713,1132934.037
Com_22625_pos,6438679.19,4655068.772,16791083.54,16952065.01,3946767.994,1312359.49,27507004.64,5358532.696,997931.3501,747144.9407,3192940.411,3492746.691,815915.1837,800100.3847,700439.7468,714105.7423,985666.3209,1063031.306
Com_22651_pos,5316542.661,8439966.018,11547362.12,5465454.293,13696688.96,6941186.39,7056444.001,4639364.123,6468046.368,5063310.871,6681222.474,6758702.938,10200183.64,7347808.068,8928050.813,10063371.26,8065920.717,7636990.283
Com_22773_pos,3647521.233,4350108.63,1115328.584,9665649.278,1559450.574,2464356.361,2170532.179,752809.1914,1009755.078,1240182.1,13980980.1,10826130.89,6299298.122,5237369.225,4797463.952,5270080.396,10576711.71,4995438.5
Com_22856_pos,460520.8409,2277872.722,1191483.021,251066.3074,4191177.37,8330863.497,326874.1426,1157398.375,4885225.171,2209850.306,4143792.565,3143117.294,1190992.93,1378876.855,3046372.342,754490.6247,1130396.321,3136263.713
Com_22871_pos,9493475.275,5621324.586,10002243.85,8683986.038,3305119.597,2005072.147,6976572.396,2523415.639,3793053.689,2623425.834,3692065.865,3311099.231,6231992.639,6023844.333,6050780.068,5477341.51,4561363.557,5322173.339
Com_22903_pos,186270229.1,79161456.55,116082137.7,197301937.5,69926477.31,72500019.05,197579038.7,164042781.7,46826922.78,39847936.61,123059877.5,106818678.8,84874260.98,81267184.22,74152791.37,74332628.52,91303386.42,77713275.14
Com_22904_pos,378610.8738,1824683.531,2761671.895,4450834.466,899794.3372,212854.3762,352141.3331,438928.0858,1993849.176,795209.5502,369829.2184,364734.971,1229034.609,858323.2465,365639.5125,546934.296,485258.4878,211155.2588
Com_23023_pos,29106728.25,6530582.722,12694333.38,12733313.04,9134535.357,5996075.37,10489480.81,7482986.474,43810289.2,45740966.41,7459630.289,9160851.524,12915104.01,12157888.42,12485577.39,20036707.88,17413090.44,15967823.35
Com_23158_pos,942366.964,3299532.294,2636750.23,2862756.854,1189420.72,1640509.341,2687950.164,511931.3158,1499408.912,1644410.498,812778.6781,995052.2055,1150923.085,1423459.441,1122831.496,1099422.519,2292855.918,1333866.561
Com_23197_pos,4714264.145,6448344.608,5355964.778,7613445.095,1812344.474,3277411.942,6682215.13,25590909.4,2799266.028,3033301.5,12382062.86,11483491.07,1860271.192,2612386.116,2306574.868,1495512.823,3671237.017,2508587.858
Com_23203_pos,413335.5439,509741.7373,1532999.1,1594227.839,1040701.534,347299.1317,246982.8718,319789.4991,4889430.166,3653381.063,496457.7311,561513.2744,955549.9369,1065106.835,287926.8012,344523.3521,316260.2453,384702.9284
Com_23557_pos,32924868.57,5297018.229,857290.4899,6132019.666,5905458.822,3207498.902,11300183.28,5485695.37,620125.8221,23210347.88,6118916.71,6189683.681,5340529.36,5473475.332,8030626.846,6031232.008,2155129.167,2561115.063
Com_23559_pos,3364751.171,1771723.037,2079075.054,1906407.236,1826099.827,1947275.385,13578341.66,22267453.57,1908232.963,2357545.565,10014760.94,11884676.88,2209915.313,2060509.504,1549288.143,2190476.545,2279424.684,2319964.805
Com_23743_pos,248161.4553,4262310.724,2022083.758,214583.8057,1873608.762,416880.0727,3018524.677,248998.0111,3122647.534,3870042.758,805695.3558,1802498.139,1267445.475,3708452.619,1362270,1579652.188,859719.8754,2448028.725
Com_23869_pos,526355.7896,13189920.98,8330894.804,1290256.746,8542990.625,7667246.543,7811958.139,8745559.133,15096172.64,11590135.97,2264491.167,2270079.6,9704675.069,12185172.68,12960305.76,7342865.941,10638408.95,10495427.71
Com_23955_pos,549691.1575,375525.8341,307016.9332,276958.3807,235291.7118,313697.3165,602347.2667,1127501.07,316262.5541,308532.7941,491944.9554,950473.9053,197637.5585,243285.1105,238325.3247,202775.7639,219527.5101,239473.9223
Com_23979_pos,2535177.098,6040680.946,5853359.558,1426685.549,7978148.768,1495862.982,3697558.14,2407229.393,3173174.315,1861457.621,1301073.495,1759424.15,1123706.816,1057000.43,685737.3711,1798872.933,723208.6089,1111979.019
Com_24035_pos,16091608.31,1928720.347,4310119.479,8232230.817,1248943.408,431264.3654,3403080.163,5222061.984,1690394.228,1876754.209,2877751.159,2274433.241,669104.6065,423890.2698,715689.5334,322762.5869,584117.2718,499693.6457
Com_24128_pos,393205.4097,2153178.695,2178340.528,933827.527,2433876.354,22203561.66,1435406.317,3840776.825,1709932.106,790764.6135,981825.2494,840451.6495,1116493.588,842411.0249,342395.9467,790731.3825,420004.104,358838.2209
Com_24199_pos,10962649.01,5195858.286,5742182.939,12066661.32,6007231.497,3884128.528,6157015.528,6303797.4,5320832.209,4995914.406,7715509.893,6529283.506,5882791.378,5311503.42,5157968.366,5766808.767,5935501.317,5191841.911
Com_24244_pos,37627614.48,84158984.73,69388542.32,7466347.826,140486098.5,216593976.7,10116747.71,12767705.38,37581344.72,30614361.5,43753118.34,29332288.34,34131698.86,36742591.91,45186956.94,20614822.39,30375226,31135621.22
Com_24270_pos,2623950.417,1560563.557,6558407.43,1807760.945,1779419.271,1917725.016,5458265.701,8724090.487,4226638.338,2827232.677,2514263.405,2670265.42,2121296.36,2164129.023,1762261.035,2148861.71,2326752.209,2137647.021
Com_24565_pos,4190445.786,2638226.298,2516628.309,770934.2484,3500048.313,4107583.589,3245682.99,2972417.811,988689.2607,961349.0968,4890153.487,3295222.34,3196881.534,5489543.513,5355693.397,2883167.759,4470242.273,29560994.56
Com_24591_pos,3302789.949,2361306.674,3090712.796,3545377.459,3574692.054,2080177.551,992772.992,2465422.664,3170391.37,3058671.781,2461406.015,2910685.983,1597601.309,2015076.544,2046539.684,2050541.093,2952211.966,2926213.038
Com_24632_pos,2880478.13,647875.2213,599887.4801,934499.7044,571583.9271,868058.4482,885192.8261,920094.6501,4454260.521,5556607.355,606275.9123,580786.2782,695914.7874,624648.1995,739385.6979,781212.8341,592560.4362,577473.2989
Com_24668_pos,538575.707,2311346.201,3388870.852,1016069.994,6771361.201,1182124.078,3514813.858,4308153.609,5200679.069,6465269.547,7663523.472,6850958.529,5266248.996,6081140.125,6444698.445,7065736.603,6763339.328,8031874.096
Com_24856_pos,8269423.691,11190131.89,12715354.7,5888098.283,10220720.55,11548358.46,4720732.481,6330577.583,4077141.838,6411884.85,8196874.977,8835333.91,4110863.847,2146061.299,2900979.328,4296325.236,5868513.771,4606644.132
Com_25167_pos,1062589.966,925071.2235,1050910.602,1103215.476,816997.2821,584847.4854,939631.9477,12778106.72,810885.8613,783678.9413,3396788.158,6044573.308,552601.7119,521407.6782,540635.1875,552980.1708,679986.2684,592360.7325
Com_25231_pos,6117834.149,420450.918,2135932.214,795246.5162,2986456.875,2209149.378,4505098.078,1441682.233,1933751.57,2375035.426,2677233.969,5807923.411,3896019.899,13650172.91,2197119.252,5433192.399,11381620.96,5633658.643
Com_25506_pos,36654572.91,62431769.48,50918418.27,51062581.04,47967722.29,30898665,54196996.34,58789416.31,31841450.38,24055635.3,37746450.07,34275148.36,25391932.27,25250085.69,26538862.85,22171714.34,32634247.74,29709058.24
Com_25581_pos,792769.7396,3286134.539,889600.1883,903419.7584,1800905.14,8071015.954,1402897.256,1880547.231,7553726.032,1966916.489,1108101.606,1203295.585,3102491.071,3529426.868,1387121.602,1467926.721,581789.5034,507134.3009
Com_25915_pos,852175.8288,549780.0924,452320.6462,1153119.215,404641.977,965548.6963,944651.2152,2104289.091,734149.0267,577367.0946,419263.1298,364784.7961,385647.3493,425742.5252,348974.1723,387217.1728,324934.9155,411147.76
Com_26408_pos,509669.5186,266145.7149,284885.5122,475244.3286,275289.3331,305442.5125,406504.3408,340596.8912,389457.6195,420688.8992,284549.9695,279649.9348,359772.3233,398296.6622,320071.1305,401210.9377,308925.0116,329816.2646
Com_26594_pos,28163838.3,17056069.32,21535004.73,19704913.79,28585855.34,40618983.26,42963464.4,21234625.29,43730872,47071155.71,18387853.9,20652403.78,85186356.82,92984012.06,74182172.53,102164766.2,101650875.7,91829984.39
Com_26846_pos,21863091.28,39243282.13,17772820.6,39459355.37,16550588.48,12323360.42,5777170.703,31120752.15,5052103.735,891267.692,19629374.37,20540327.18,8389264.032,7523928.262,6967563.687,6174577.737,9165124.08,7524047.177
Com_26897_pos,11172371.73,32649109.32,15343173.29,9926425.224,34817192.55,39563754.11,30395253.81,18729498.98,27699855.53,39561628.17,9642624.714,9037614.021,60635083.52,59837868.79,39668924.39,41370288.25,40184686.25,41065120.64
Com_27050_pos,4886448.306,23508929.68,18574800.08,2011439.854,17341438.43,30758321.64,22019154.75,8107380.198,20859371.37,11729691.85,1084490.748,9262242.971,31163710.07,35010220.48,13905888.78,19981136.42,33155395.84,28363920.48
Com_27053_pos,9445141.923,7077762.967,13163374.71,11173592.74,7877333.897,6064574.837,8677635.918,11868445.19,6007466.04,6173472.226,10938180.46,11160732.64,6402768.56,6047684.227,6952325.641,6697203.49,8342549.857,7691484.806
Com_27125_pos,20406245.88,9522758.437,7956570.651,2361401.585,16901578.1,11198936.66,16648822.83,6563538.513,10443299.28,11517282.14,11260724.91,12261612.12,30096443.81,21421026.22,10844178.97,9226993.005,7398507.673,11780443.94
Com_27135_pos,492726.8464,336610.2173,275200.8709,639841.4729,210908.5103,281188.9684,279339.4301,288071.9159,283488.3712,276559.6437,219814.1458,227912.0366,5214379.736,5101965.886,2216719.116,833301.7741,3762187.024,3999113.397
Com_27320_pos,1866019.667,1591196.179,2037355.093,2123999.468,1895741.757,934332.1014,1000396.898,740118.6186,1337252.337,1112259.345,789110.2695,602269.8704,9368263.467,14809025.38,8370571.644,3425801.329,5060897.054,12202542.4
Com_27444_pos,252681.4206,224578.8286,2382490.73,181601.4309,147891.6429,201771.5181,857397.8011,396788.1301,366990.3166,166609.0714,115361.4879,271826.4371,611868.9815,292172.4468,146387.1522,1090507.849,603757.5985,466398.5198
Com_27688_pos,17856546.21,2442753.021,18531440.02,5788972.184,12140332.77,4338482.853,4439069.369,2344277.347,6154309.023,1625935.193,3800415.252,5075031.886,22567607.92,7269844.981,6317750.773,8031386.541,6008673.796,5406018.533
Com_27988_pos,1395493.756,3370826.632,2658032.571,2152740.37,6162474.759,6454459.75,967007.6198,1377979.096,8837058.901,2606715.321,1722173.718,1501479.466,1671706.309,1601814.666,3650332.004,1836822.998,1818875.754,1769168.491
Com_28039_pos,647381.6049,3541671.811,2409036.959,527642.5023,5290227.178,26134660.89,3126869.504,4571364.406,3851356.737,1700112.426,1241436.822,1068773.333,3037759.41,2886931.988,1861695.977,3042696.602,1651653.779,1712870.102
Com_28158_pos,766064.4273,893693.5963,950151.2295,440457.8724,770651.1321,812985.3031,17293842.74,12335482.01,1229898.378,713527.7724,7864197.52,11100224.77,556519.8544,545899.3369,441818.5416,545193.9364,602856.334,598548.3955
Com_28345_pos,15423222.75,7683294.311,13263272.61,14033404.75,7832059.25,4559498.939,1329274.388,10107770.93,4395071.621,3591060.32,26353839.49,7361456.442,5268530.521,6059331.835,2377701.985,27362589.89,6189090.799,4541976.705
Com_28356_pos,7589942.038,15477493.65,7884097.875,10690115.01,6243146.424,4080361.141,29059226.97,55075614.11,4146339.509,10067116.42,55876839.11,47333177.51,8436225.768,6077598.741,4425803.287,5038093.969,5824894.619,5392820.608
Com_28558_pos,507641.8206,1597896.269,284694.3207,255765.8287,744778.9691,3471070.155,287795.1099,296791.9303,742739.1866,668171.7551,213587.5728,231846.9054,182519.0176,273017.9058,517523.6362,187335.5245,473217.1023,210345.5146
Com_28607_pos,8785485.986,7630865.844,7475453.441,3441223.379,4397903.875,10201695.83,10899909.12,2839804.128,16988200.51,5518184.767,4596521.913,4875654.081,8362908.996,8604324.233,24657448.64,39326471.44,6637070.397,5970339.052
Com_28674_pos,3266492.051,893815.2771,1196067.46,4438961.379,1614537.911,5346413.552,472388.3171,637368.6857,1428233.85,1615202.173,1821992.974,2871628.236,1726289.238,1981382.182,1945861.728,3440411.988,5575620.074,1776862.152
Com_28816_pos,506969.3423,1381621.038,995617.1631,255433.2669,1291963.162,5997214.997,1070516.621,1763152.832,939866.1638,501801.6406,618566.2372,509844.9489,644334.3178,947203.1773,219802.7591,782100.3637,599850.1935,573964.149
Com_29103_pos,8639589.508,17220464.16,1726617.37,11921175.16,3111919.63,257155.8467,1067201.222,7050054.535,13153122.05,25244461.13,2340432.232,3528509.645,9763614.708,13793300.92,6523218.63,11889539.61,5694762.011,9209134.287
Com_29135_pos,372578.4909,3552483.615,12073753.85,2006941.24,2444192.435,2123595.604,2280807.679,5147442.296,1507519.145,1073497.613,3255922.812,3005143.168,4102060.921,4912918.883,2282699.682,1607217.623,9301926.809,10148848.31
Com_29447_pos,4202030.328,2018672.518,1464589.925,1717748.662,1002694.055,290143.3071,1986824.611,928379.1593,3144402.534,1745182.185,185566.4016,1844447.157,4039898.862,1585256.312,4409513.613,4366570.559,2352072.744,2103565.362
Com_29609_pos,2712611.905,2743935.093,3339192.927,5977455.739,2071116.822,1468002.759,3038175.773,2268464.529,4114364.293,3664119.229,1877532.479,1950144.381,3206440.618,2141000.97,4363893.821,3139263.42,3401876.05,2727417.389
Com_29629_pos,1178414.873,734116.5795,921670.5723,898283.9266,581618.0853,994309.0993,710736.2611,915000.4562,474110.7481,923686.7837,696836.2325,693898.0634,5953485.421,6196844.878,1397464.081,2505978.442,5993546.777,6284140.017
Com_29797_pos,738591.0201,283535.0522,231808.4517,209113.2002,177653.4175,1760698.932,235294.4618,242650.0489,992945.6553,3691698.467,185154.853,191975.9053,166862.201,303110.5894,179943.9006,153102.7471,165750.8975,180811.1317
Com_29940_pos,1207583.029,689414.0301,7382363.948,431016.4721,2501670.147,4299585.435,349040.9943,606525.0517,2962703.757,4566631.93,1832686.606,2025388.015,1360333.054,1103049.101,1549589.336,1732079.259,2167859.896,1384100.999
Com_30048_pos,3162520.877,10059428.61,10669408.21,874499.3028,17521856.36,1269355.701,7551383.344,5740779.56,8053418.581,3057589.595,7667925.75,8028039.273,5855318.158,9624698.206,5740542.865,5226105.986,6460488.217,7962041.424
Com_30332_pos,3778284.331,1007000.18,4202377.654,6575731.778,846012.5129,513430.1299,1190408.657,552268.7427,732284.9597,980334.961,1561084.983,1425852.7,987522.6506,998421.3965,737072.6146,777005.0642,1206734.58,1124475.482
Com_30365_pos,4218388.849,3187107.027,1169534.518,35749015.84,9204234.58,1821592.971,1173836.793,1120802.99,1510870.716,1198103.523,656173.4873,610805.707,1373687.697,1077648.536,14281324.65,9875230.055,10172805.31,8126519.984
Com_30430_pos,2824284.151,4405155.393,4688651.882,476081.7431,10509953.03,6739348.651,2019650.577,2268605.078,3069356.827,3737312.777,7178424.815,8609973.383,9221550.628,2859239.108,6692818.813,8290373.497,4224015.268,8927037.89
Com_30599_pos,356811.5903,2920342.998,4340232.184,2963358.641,22285527.86,458948.5937,4543945.669,26288929.96,3186600.652,5768653.308,13821576.69,22226118,3312657.179,2085547.517,3649264.558,2162390.52,16714254.76,11939519.53
Com_30659_pos,986868.6143,3340965.779,2243349.832,1173161.429,5558656.647,2017966.643,3838205.892,9918595.28,3686390.857,3542681.445,2839210.286,2643694.527,5035188.294,2473347.752,7900326.361,4125629.425,5104813.426,4479856.273
Com_30736_pos,34842384.73,50352484.29,119313840.5,94820780.62,38292485.97,17249097.61,12802974.79,44515251.35,15292532.12,14377660.88,61362598.87,69899886.94,4384373.233,7059900.47,4761974.287,6305701.976,5667012.853,5368818.319
Com_30837_pos,2430257.667,3641752.331,6096109.354,5114547.993,1080605.766,460956.2071,313171.0716,420468.3808,678104.3355,1351497.865,298357.7202,333726.9197,577953.9203,563099.2951,330991.225,611677.0934,1743850.644,1450708.762
Com_30846_pos,19192686.6,15236381.73,19683912.14,23216481.21,14372524.46,10619232.93,16055479.61,12538686.6,16635176.54,15749687.22,14159813.97,15325522.94,11267193.5,10126841.28,10346466.56,11405312.14,16066110.4,11712338.96
Com_30911_pos,1548264.572,5994777.546,6182885.487,1353729.731,5066380.74,1057264.112,2499793.486,749446.5262,1006860.766,1064076.762,14126992.71,9109282.987,1335841.813,1542989.768,759228.2958,2464461.253,3798851.896,2358601.413
Com_31221_pos,2338615.287,6796989.564,5679103.176,1685480.319,8887181.833,7993383.021,2604343.028,4684808.826,7454037.258,8220606.145,8037485.165,8751881.103,6406825.203,7364210.538,7740170.222,6585883.237,5280778.65,8408441.217
Com_31513_pos,1706225.603,5377490.527,2496948.313,412561.8051,2722798.16,1420694.867,1413631.706,2942274.146,1836534.046,3958517.839,1089433.206,1005251.133,288008.3036,354528.4231,876469.8827,1192001.266,806906.0882,714165.6975
Com_31755_pos,490798.0001,349381.2928,720569.8699,1217578.36,1067942.525,600497.3754,283004.6458,4725885.105,1749444.273,706399.7266,474324.7638,547511.0578,635496.8011,776435.2392,775881.2185,622578.7655,707224.9922,725079.2969
Com_31877_pos,9400603.786,3420435.37,2338108.813,3283673.335,3984526.972,3996127.143,2378941.644,2485250.109,2744666.132,3565728.64,4980427.491,4912138.771,1995196.671,4203558.12,3086481.497,3458733.298,4015369.621,4449688.632
Com_31880_pos,1357921.822,811979.0246,1107110.463,4109328.737,690177.3836,664300.4741,845937.4174,725236.1278,941103.7778,816328.7894,638691.2538,697786.3633,761112.4119,791686.4892,782294.3906,1250189.237,1051341.18,902832.4938
Com_32020_pos,170762.8632,435541.7407,4959245.848,177905.5105,2158289.512,1306995.493,176362.6521,296148.579,3284643.035,2509046.406,2005796.033,2766528.933,3780808.409,1299760.356,1234218.742,2659742.751,1687385.926,763652.8329
Com_32133_pos,13960980.58,19339123.95,13692518.12,11490006.49,42875131.57,29466866.99,17387497.77,17378615.69,18059159.12,14245492.34,26667815.33,26284647.81,25855376.97,23627035.34,19027232.41,22100907.09,21090357.85,19466061.62
Com_32205_pos,8135385.632,1391432.663,1349034.376,1493518.791,1642432.871,634937.6161,366758.4257,1033577.835,764418.5356,836359.6702,1720264.509,1655838.185,884843.5401,732862.5825,1179787.722,846415.8466,1554243.297,975391.8814
Com_32800_pos,4583562.73,3185706.225,5519746.856,2742418.863,4048514.731,3825044.113,13330312.31,5655473.566,13501959.2,17068088.28,1470340.063,1559098.709,11499314.82,11963632.35,13752912.85,14022316.99,12777941.49,11439421.01
Com_32916_pos,7648618.647,1196056.61,4524119.364,6387798.336,2599966.287,635561.8736,2894222.812,1335528.758,1648360.049,1762417.614,938404.2427,1123157.679,2985084.084,1341230.937,2415060.884,1615848.583,3693890.593,3957435.52
Com_32949_pos,8074082.566,4195449.252,4301646.969,3942203.922,118942535.3,10089550.88,183446186.2,211668830.5,6424801.563,6182069.943,145472566.2,125236271.6,4449741.529,4394898.098,3941458.914,4845777.782,5159975.255,4312885.51
Com_33172_pos,23768473.16,19398630.58,10213054.03,18341535.45,39352005.22,12696956.14,8268419.993,8963660.511,22815784.36,10782846.56,6909993.193,6197877.43,40031994.38,27707173.29,32622940.09,13315637.74,29696541.18,21995147.72
Com_33268_pos,1171730.897,697287.1001,955309.4401,945769.4558,595543.9788,573215.1717,729947.0359,625795.6569,812064.6977,704398.1835,551117.3498,602109.6562,656752.7782,683134.7027,675030.3981,794082.4526,907186.9409,3472469.278
Com_33281_pos,272530.1975,1944807.147,600669.1443,403420.5705,2743029.249,2685705.637,1178113.764,1249140.103,1715333.233,5014817.213,507652.9119,484423.9882,2370475.289,2700455.318,815995.8378,514213.5558,2486685.027,2443684.237
Com_33285_pos,6141828.361,8540664.806,1965492.593,3689892.551,10925409.89,33211058.79,4858216.081,3850908.792,26052511.38,19882213.97,1203884.625,786254.7641,32792996.08,33761178.08,17672601.23,17052694.49,14430801.41,15535094.81
Com_33407_pos,227760.6716,315954.4549,228593.9386,173984.2744,347270.9232,3846870.44,163380.6884,326305.02,248229.6327,313044.4891,340525.1834,450249.7508,283820.6746,318116.1059,319269.1808,316280.1654,293000.2915,392350.3136
Com_33855_pos,1692928.226,74580321.08,3128998.409,4483958.816,11307731.36,1053155.331,2179970.305,1396597.627,1732894.093,1142656.139,2407656.513,1674674.017,2575992.576,1979395.875,1401501.047,1404669.537,1447402.332,1138458.331
Com_34062_pos,782728.3481,4676401.887,7734161.696,4036595.76,2647441.476,11327516.35,12786121.53,53670599,1685307.566,1325400.017,44578228.98,48178710.76,885289.46,977331.676,801102.7616,888893.1363,944176.7877,797824.5083
Com_34771_pos,1787065.886,1242268.508,2372209.72,381134.1754,1582618.938,7813884.279,991396.8894,1092257.758,1082411.294,820767.2684,357953.7158,300993.5174,877373.4075,1003219.653,1029795.859,1033101.061,903921.9627,908158.6754
Com_34874_pos,1438057.984,835915.3319,1244255.314,804897.0148,1497184.049,2301919.4,1249903.827,1675463.524,11774554.18,1449120.925,987257.2152,1072069.783,1428923.425,5286245.244,7599537.732,5197155.535,6774831.107,7987690.249
Com_35059_pos,2822069.859,3039774.143,3231806.909,1616986.864,2621262.359,2765256.138,2660347.37,3040784.307,4183327.824,2426965.217,2117580.456,1988624.317,1892924.678,1856800.469,6379285.541,1854401.148,2050531.752,2035878.9
Com_35115_pos,26337954.78,9965024.377,9671861.8,35068816.37,6907473.797,12351062.4,9070716.252,6033935.206,5408498.374,5458560.679,1413834.931,5986656.151,10128259.37,9539153.815,11357959.84,8692291.359,11868190.27,10444586.49
Com_35395_pos,25773930.14,11168511.12,28529015.6,33085609.41,9597305.036,5995873.466,14631951.33,7003552.79,6780961.291,8379092.342,7872887.883,12022842.18,8394395.221,8127823.351,7257148.692,7943278.15,9318084.25,7764964.796
Com_35432_pos,1030862.741,600446.4357,622246.9564,32796522.82,552867.6492,400082.2897,879379.373,901446.1839,6921231.376,6130448.179,547983.0957,539856.7382,536937.1181,479212.3393,486536.6997,512827.753,579831.4164,437659.9706
Com_35618_pos,1887977.46,712647.5284,2768840.292,4783280.762,1650344.572,1131524.913,2091951.883,1039693.051,1056422.359,950665.1731,612633.1322,665262.7691,3508899.296,1897695.648,2442159.712,3859649.023,4053582.768,3160833.7
Com_35697_pos,250127.1344,423198.1257,842767.6276,479231.483,275437.4586,430002.3364,474238.8602,625501.1289,6416724.262,4516875.16,415424.5467,436408.2331,2888110.498,3019344.659,3007610.009,1437978.169,6015097.159,5724558.406
Com_35797_pos,1444333.259,739305.2742,938123.196,2130815.503,899670.7302,550122.6825,1024818.624,2855558.403,5229245.279,2505663.079,3024657.184,2693548.141,1824432.562,1754742.171,1323999.324,990581.0715,802851.8107,747667.8195
Com_35961_pos,654653.2524,1659252.946,1179194.954,1155077.217,1028205.367,5269838.145,1573629.832,2109409.802,5592025.926,1303657.693,1242957.556,1349736.64,3166161.043,3309827.759,1350469.382,1516530.19,2343317.552,1748098.692
Com_36128_pos,237617.8756,1174940.463,343751.6035,586333.0832,1108490.709,1664728.252,2769346.825,4827326.675,611942.9049,466026.6169,1340464.827,688741.7395,310499.952,285657.8502,250721.7057,285532.8311,250571.2774,205059.4063
Com_36129_pos,654796.114,681835.7653,702759.7151,658598.5564,514648.2972,364781.5092,391601.8948,1509316.637,342739.8825,328825.3997,466544.8529,484588.0611,231866.8378,246761.3943,258468.7285,279691.9302,303428.1428,290606.1647
Com_36289_pos,684728.8051,365924.3289,1482038.595,124761.3482,3134942.524,3109963.179,873981.0538,2141830.209,1131113.419,837305.4822,3779465.467,5996121.822,2275352.917,5502647.006,3404670.683,3526973.842,5624928.369,4833503.051
Com_36670_pos,7684322.404,3100175.903,2590296.579,4504413.354,4053533.804,3645863.097,5079335.486,2136788.838,3399862.023,3749501.87,3665978.533,3991821.768,6109165.593,7273774.456,819060.7786,3970758.667,10348629.93,3835175.352
Com_36694_pos,1362721.716,1873515.839,841322.2177,1175453.861,1616721.386,4573218.43,893942.5276,1416047.591,905063.2483,1010794.494,2867669.177,2610468.626,1647110.112,1700334.983,1086835.956,1693432.973,1449610.128,1407854.513
Com_36770_pos,14465036.73,608909.5104,577581.7759,477202.7277,668864.7349,622964.0572,781891.9876,974746.176,804065.1456,601998.5297,696878.8133,682728.7277,657408.9099,644666.4215,564366.664,575377.7929,613153.4503,584811.3857
Com_36879_pos,1226030.012,627563.2362,796330.8925,1808754.136,571405.9409,437617.9931,869922.7699,924356.8895,664082.6798,815402.0618,594783.4853,594716.3479,607789.3227,578626.5032,576738.1856,633092.0863,681505.0536,595978.4458
Com_37006_pos,2748306.947,1588658.19,1347005.945,35980019.86,1493249.139,7364457.464,1599916.442,1470029.081,1916519.163,1701231.843,897287.6186,860840.7016,1488684.966,1530921.54,1389048.858,1495195.547,1220342.521,1218113.216
Com_37043_pos,10765881.98,16056068.27,19535268.92,17032926.13,14060886.53,10857043.29,13006154.04,18556284.47,5559737.021,6194319.682,9475677.446,11896351.46,6878073.598,7398971.954,8587713.831,6485486.157,8814839.565,7463305.995
Com_37199_pos,723557.609,1169195.356,1185709.307,529989.3084,1636531.071,1140041.814,903396.2837,1171410.597,1497237.276,1300025.554,1672962.905,1612202.884,1380735.431,1529956.041,1452440.325,1344255.697,1297544.827,1465380.522
Com_37344_pos,686739.0043,469151.1477,399707.6892,2839027.072,369647.0693,1822889.104,389329.8762,401500.7953,395112.471,1421061.595,288941.7521,1257657.603,246912.1402,303940.4442,297744.0949,258419.5827,274259.6486,284555.8884
Com_37387_pos,9991736.998,5039290.64,12419757.79,8109288.177,3813838.007,17601034.31,1631905.684,2554211.238,3434412.048,19712153.82,4342152.549,14120664.26,14968296.25,10031549.45,14700684.22,18806078.14,20774921.28,29557705.74
Com_37525_pos,5216415.523,2842434.247,8127419.484,8083712.809,3130516.957,7031470.028,1286109.321,1952582.493,5668468.236,14687369.97,5169088.684,14266344.36,13788712.38,1341652.514,9045333.085,7308725.048,15797060.95,14255245.48
Com_37600_pos,10007560.62,4315637.748,4499680.389,8185189.469,4784740.579,3023452.784,4756782.413,3492532.861,4112182.998,3936746.538,3857173.993,3971856.953,4858304.775,4963634.59,5083302.322,5379048.561,5790674.594,5206759.987
Com_37608_pos,248062.4646,126174.0798,139620.7347,202729.2186,141702.5531,145496.307,245686.5888,349041.9061,4066291.123,3415328.927,278530.3348,290042.4776,439876.4909,225700.2896,680661.9601,1223441.373,2681970.091,2562998.145
Com_37634_pos,251210.0309,281041.0558,260737.0538,637289.0493,247922.7062,2909453.372,577790.907,481347.4593,445376.8085,296373.7627,692020.5347,948666.816,223247.3893,208632.0405,224826.8606,234123.7323,213543.8863,202400.628
Com_37689_pos,275845.7984,2214035.776,2445803.032,547155.9856,3248401.597,5755725.367,2650166.424,3200102.797,2448546.918,1388562.331,1786941.435,1605205.117,2327434.162,2386272.641,1477720.429,1949184.469,1316053.023,1495865.674
Com_37894_pos,446451.0759,3926800.157,2373132.749,511330.4744,3856368.545,14130963.65,2542905.279,3429396.486,4353497.643,2659400.316,1216419.324,702448.3359,2261294.295,2383613.804,1296391.93,1977908.698,1139500.342,1501203.878
Com_38154_pos,314450.6699,406677.4594,366507.6647,430298.1497,845737.2621,498820.0717,542367.4197,734073.8534,849154.8395,699096.5256,542427.6643,523617.4899,433596.339,357844.8109,391275.6241,431225.871,504676.6717,367421.4367
Com_38205_pos,1763769.447,815030.1683,3988657.051,2624492.989,677999.3805,205430.4885,728263.225,2616038.542,1338511.899,517205.6168,2242122.188,2971287.314,1271111.372,1351354.533,465628.3252,441732.5575,585998.658,1250478.315
Com_38504_pos,631787.8411,4217464.033,974457.1147,4504959.777,871740.5599,2080130.113,1911237.409,2641807.382,1581614.168,1243850.967,1268286.029,1340777.943,830819.4782,917198.532,751812.6088,834201.428,909717.2045,1064124.516
Com_38586_pos,55788413.31,22294169.08,177445961.2,32898403.4,21698726.16,14391651.19,27362164.05,31416001.59,20250890.13,16367290.47,55929792.32,93297550.26,15590358.02,14419575.65,13731280.13,2468208.322,19790520.6,19144011.25
Com_38657_pos,597895.0642,459536.3283,513391.9093,517275.7503,395281.0398,315690.7973,479850.2024,1117382.885,463525.126,411495.042,2653823.582,2399191.643,913835.7626,404506.2011,1987268.01,306316.989,744655.1059,831796.3475
Com_38781_pos,21552503,2480531.934,9495333.603,10708512.09,10745948.69,9665210.574,8816058.669,7843230.353,9013059.869,9939957.741,9718536.745,10582349.62,9209995.754,4515007.984,9359037.953,9754746.145,10007403.99,13886129.38
Com_38870_pos,898608.2657,3554006.9,2969486.959,714912.2536,4646925.709,4179576.582,8685740.848,2449590.769,3897563.707,4298386.908,4202636.691,4576179.723,3349997.931,3850595.152,4047176.785,3443623.717,2761211.207,4396602.028
Com_38906_pos,994065.1501,632743.8303,719413.1276,1045780.498,558501.1025,470200.512,1048360.02,815048.8484,767417.8124,753965.6197,586840.9742,526601.7988,3721789.886,3337170.071,535798.4821,552350.3705,4083412.91,3304435.724
Com_39011_pos,1280989.999,862569.3238,1042007.458,745132.2741,2082823.336,1972155.661,975851.8152,785432.4761,857293.1643,1279603.07,1697002.788,1604168.282,1297319.757,1911338.005,1652105.169,6550385.577,1560017.887,1336306.022
Com_39123_pos,12199475.45,3288544.627,2262846.315,6417520.509,9080922.028,3213110.004,2700868.345,3331130.604,3561041.302,2366392.097,3344182.041,3723950.213,9797682.328,8383699.64,5723595.105,3653559.59,9971305.099,8768605.208
Com_39191_pos,41417367.85,19905969.4,63854499.71,69236066.41,21746579.01,32998136.07,13900674.8,14353790.89,2552252.671,2168477.153,31714721.61,21381198.06,1886850.986,1871080.273,3058741.607,3127911.142,3445008.896,3823808.869
Com_39243_pos,2960023.158,1103551.74,701066.0315,2248480.776,1082010.754,1881531.541,1505937.612,2722751.941,2987916.255,1401628.799,1994481.921,1359813.235,2721148.883,1912459.393,2090899.971,2498734.502,1532736.672,2137446.736
Com_39422_pos,1488077.791,1061816.567,4591495.244,3294184.545,1187121.186,1269285.137,2589597.115,2680470.308,1527788.158,1160305.136,1579451.664,1715138.037,1537933.3,1177131.406,1272977.399,1410058.497,1668027.505,1269593.636
Com_39690_pos,770628.7662,569300.2283,586721.3067,932743.0316,887814.7254,1945453.983,854995.7418,754469.7936,604567.5747,1284681.252,1250237.708,597671.366,555594.2291,872894.9824,2588547.956,445767.6728,1117967.837,752654.5243
Com_40222_pos,9901605.671,1044804.054,4811096.021,4729707.535,2745041.651,3896922.378,4609116.719,3452246.851,3944021.717,1029750.474,2391051.674,2866537.856,10251932.43,3311879.982,7305914.441,4077322.362,5892032.954,9095685.475
Com_40324_pos,363451.856,334240.7185,1273460.284,367002.2922,357891.7953,1267454.218,767535.6231,685680.11,1727116.268,2809762.045,1246466.056,2316746.159,466441.8044,1071988.984,1983865.58,1367517.084,1367919.684,1490406.235
Com_40603_pos,4404925.265,1615227.771,865772.8512,830884.9107,2867788.957,2541700.993,1137162.58,769855.6712,1016316.011,1320345.33,1800169.1,1684830.085,1854609.815,1522445.627,1142886.024,3129622.098,5624326.467,3178556.875
Com_40852_pos,9623247.665,7728490.437,9954382.221,11950163.3,5852558.567,3179546.745,6925257.961,148247452.1,1443478.331,4504815.336,5899048.208,6666305.748,7271230.462,7118917.468,5439971.543,4829762.622,7042759.514,5514716.926
Com_40871_pos,8472712.016,5905919.051,2231698.9,785902.0534,1431391.531,935911.4138,25789259.72,4885858.61,823488.3726,905267.8189,866151.7291,3775500.178,40869878.76,4918945.166,3573939.863,3302925.712,4143669.161,7350448.865
Com_40955_pos,186612.337,1603044.308,2984533.924,1034668.996,1211065.133,877988.4734,806701.6602,1205855.453,6289156.765,3425670.728,913722.4767,896155.8934,865797.692,832175.563,1537979.154,1344302.335,939916.8202,616807.577
Com_41009_pos,19219791.18,9487196.436,7883529.31,5458998.191,12846443.88,6940543.355,6353517.855,4846934.006,10282459.59,8243163.237,5277876.478,5002773.389,9226005.131,9583529.118,10375653.12,11152371.59,13123149.91,12335552.45
Com_41372_pos,1043857.765,730713.4373,831647.718,594705.4897,1662344.411,1574018.25,778847.5304,665789.1502,684223.4175,1021277.694,1354413.047,1280319.907,8542999.556,1145291.289,1318579.328,812699.6483,1245082.563,1066533.493
Com_41396_pos,5818767.757,4676310.474,6191613.395,12244758.17,5811261.665,7347192.18,6580889.938,8410974.17,4273971.467,498055.461,6597213.979,7291076.348,5462292.367,4813046.353,6329665.794,1943218.71,8526649.034,8214487.757
Com_41477_pos,1170238.041,1299408.054,1381496.035,664628.545,1120507.4,1182060.221,1137215.015,14566552.74,1788241.366,1037451.469,3095646.317,2653655.246,809165.8974,793723.9316,642393.0681,792698.297,876537.9754,870274.3411
Com_41524_pos,1777901.317,1775707.145,1894805.225,1867932.367,1465308.846,1075059.463,878246.8789,4679054.121,1267234.824,1120507.379,2648087.568,2581158.924,591730.5266,567375.6131,587326.6712,660008.1736,748745.8519,679889.8749
Com_41579_pos,2343532.5,2420302.443,2340244.751,3746563.488,3159030.738,2155744.751,1979725.982,1247085.78,2794505.229,3160330.444,3564940.637,2970992.888,7867415.22,8240299.201,3807304.227,2790065.299,3205940.667,3476636.95
Com_41585_pos,445854.8513,979565.5554,734282.3431,371533.5629,3210352.498,1089450.766,721514.9364,970258.2621,2404115.66,7725844.982,554288.5705,540951.7118,2085644.469,2241260.013,4293831.591,7890028.056,2745258.87,1873651.205
Com_42007_pos,398368.2979,1050498.88,631169.3951,299053.2698,1673636.408,5955709.835,1416396.829,621336.6862,1310999.891,762013.9272,449849.0373,433021.1154,862903.7953,1018438.789,919560.3996,1564330.659,557307.2625,706861.8021
Com_42020_pos,503592.2379,1069975.11,349815.9117,767354.1032,313464.455,173578.6452,355274.2994,427952.8681,442246.6073,307469.471,229327.2611,221111.8364,225945.4245,226760.2192,204520.4018,226027.6442,238432.6455,210052.8641
Com_42321_pos,596823.4275,749142.5947,1273958.977,270379.3831,2912748.289,848001.9772,323230.7214,553402.7694,742288.0366,911678.8376,1027680.483,461033.2747,687116.9412,2131630.566,1665461.997,1334234.54,1505946.536,1181025.549
Com_42455_pos,378461.6585,1948170.471,1460538.469,978827.3219,1060452.401,4042511.197,2871013.828,2214722.191,3922701.124,1877045.316,1382966.846,1054529.757,4854778.782,4751301.507,4445088.206,6376496.257,5700523.412,6593197.429
Com_42475_pos,17297427.41,6562133.67,30076770.55,77700075.32,3714135.84,8632504.621,44137046.78,2269427.136,29915410.91,61981553.2,7557643.388,6330703.942,2025945.965,1488006.112,1183491.517,1263279.34,2165065.87,1528433.341
Com_43267_pos,855148.5277,1726591.779,24841972.37,858206.2145,940509.1487,2105462.427,2013782.813,2379039.918,6490797.398,1259045.863,2835575.008,2861968.53,924286.8527,950725.9795,1261756.033,886685.9815,790054.753,795561.4357
Com_43299_pos,408599.1316,469941.56,510761.0341,236771.4858,395085.5856,437026.4451,1029976.174,5660889.579,626713.0805,383514.5396,5207533.255,5824608.267,299161.4887,293452.3486,234036.5431,287624.9491,321838.8377,321754.2513
Com_43384_pos,32142072.46,50992483.96,30853841.21,37262122.84,31012402.63,21437371.61,36642752.07,27192739.27,12861307.79,14328165.47,21022622.1,19358184.95,11114119.42,7393219.246,14992051.79,19009199.99,23611808.34,19939072.03
Com_43523_pos,522824.0327,272840.7712,272726.0843,286843.9646,282124.7517,621160.337,540122.1396,288526.9825,357205.2766,348295.7535,497889.8261,536146.3186,2824525.103,5457205.784,883067.8709,3505183.235,389100.549,445617.5491
Com_44036_pos,689934.4585,1469744.754,1097101.312,487298.3462,1841634.817,1920169.118,786572.5377,1194181.351,1305433.915,9993680.258,2393132.831,2360319.588,1752425.656,1762762.759,1388158.174,1707670.307,1929415.273,2138108.822
Com_44113_pos,427957.4494,272574.2812,1264516.619,642362.3358,538430.1762,3987941.505,394084.4482,414430.0036,565518.5962,202215.6236,233990.5207,500491.3543,742273.6824,162393.3494,206250.9577,1332522.424,652796.899,686152.9824
Com_44249_pos,4594963.941,2304604.075,4408782.82,7982901.373,3049947.686,2259277.938,2872318.926,3262484.148,4215510.555,4549403.657,2366572.441,2027805.453,3679166.478,3656224.474,3691854.174,4221480.825,3895276.253,3809141.553
Com_44299_pos,1534480.431,978892.8035,632628.4475,284236.9994,1078104.278,1081242.967,442917.2496,672440.8672,742631.7647,964788.8761,1347567.784,1329090.72,1001874.782,1137368.13,396408.9313,935838.8561,1086449.457,1203964.33
Com_44517_pos,611781.6459,452354.5504,465914.2338,315087.5059,759298.7615,376412.2496,346834.6358,934712.084,471965.6497,333663.8233,488666.2265,591968.7536,219961.7535,270765.435,265245.4154,265932.0834,751483.9622,303933.2567
Com_44971_pos,3969248.575,10623760.07,16470393.53,11690749.12,9927292.312,5555065.203,12233192.56,9883168.84,2021122.504,1516202.668,8600332.24,9237987.091,1572077.855,1688218.631,1360627.388,1450486.01,1754264.255,1841321.914
Com_45072_pos,24162840.28,33523478.05,34712184.04,26601086.86,22012800.88,14888992.43,22866972.76,17045765,10388440.15,11066476.46,17536102.04,16010267.61,11540874.02,10460767.06,11053285.45,11655062.89,16651386.55,17343081.98
Com_45093_pos,3394676.526,4764976.547,6408644.282,4749569.72,3658665.003,5216573.685,6059792.951,4854941.271,5737223.534,4744369.74,3455817.907,4135445.97,4505714.039,5146767.068,4968769.962,6396306.188,6558188.187,6677954.13
Com_45250_pos,14407981.97,13405194.83,12256712.48,3988248.163,12898722.96,10000059.49,16874821.45,10555633.35,17583309.87,14632055.52,8378120.954,8552561.967,19895125.27,20234103.2,16336598.91,19173261.43,16781123.67,16908902.9
Com_45397_pos,895363.5876,1014097.3,638236.3263,1018029.523,773704.6804,461989.6973,1727676.465,3965434.956,476791.6834,392535.488,2022284.21,2262962.659,217231.3985,200926.1702,219697.2269,242128.8785,326567.8545,433755.3106
Com_45503_pos,3775409.194,3272635.25,7173750.282,6826201.928,4305748.322,3932288.109,4777431.67,3036661.583,3156839.827,3993531.023,1878153.771,2206298.864,6413262.039,4235143.514,4455521.98,4776577.585,8211375.18,1669012.884
Com_45670_pos,3671679.329,939406.708,541575.0075,1213929.417,718460.0573,731505.6482,538214.386,534977.8969,507357.9526,421497.2592,632553.9075,589142.3859,679288.6351,715899.3202,868222.8036,670992.9362,669519.673,629775.9774
Com_46495_pos,5937787.504,831615.7038,1123109.509,4798942.274,792382.6226,460338.1113,1080892.813,763112.0196,1267428.865,1249308.444,723583.3229,505175.8048,1902834.553,1381764.148,1112745.881,1432296.12,1636159.331,1301972.427
Com_46603_pos,600135.6355,242661024.7,257138770.6,8241858.923,109711379.7,919399639.5,159500072,211318470.8,191185217,15763183.72,29688445.89,44109676.08,24128884.3,26563402.75,14613182.38,25269250.16,15164269.32,20128564.28
Com_46694_pos,3899946.442,3419660.433,4675817.424,2182818.456,2556247.316,645365.1912,2275070.09,4619665.452,2378529.768,3474649.961,1516457.936,1483294.327,393625.0397,386539.8929,1201653.772,1601756.37,1280189.307,1050717.122
Com_47088_pos,11428576.83,1852644.17,1151152.905,1300275.195,2903258.644,633627.8609,854048.3418,658475.9656,1575270.57,2251828.262,1038065.787,666120.4121,1700188.821,1940742.734,1123405.204,1004892.634,1440236.821,1724355.621
Com_47099_pos,1677266.927,1075004.733,1476467.862,1794232.947,886292.5476,783268.3247,1020847.339,876241.3836,1109643.615,1043754.876,795914.2664,822751.1151,976607.0165,1027020.132,1036287.002,1221171.172,1322295.435,1150537.789
Com_47602_pos,9317378.445,2956312.93,2817108.524,822046.3814,1948747.748,841949.1203,2842677.284,1680669.722,1131852.36,688313.3185,1970649.96,1635939.521,1111422.159,995229.0188,1013588.224,1037900.761,1331218.048,837182.9421
Com_47628_pos,430383.4452,424651.9074,402804.027,323086.8953,466464.5249,434453.5118,545289.4367,602202.7464,560752.9394,406675.3959,486001.4703,467821.1606,458475.2624,449588.6841,393587.8424,401266.975,427611.6201,407845.938
Com_47660_pos,250505.7074,237771.9597,2994470.766,188053.4954,156521.6834,211958.2865,314145.4159,350513.5401,326387.5814,236706.3809,282878.3111,272296.4186,205248.273,207744.2589,142722.9012,165634.77,155950.2695,168133.3914
Com_48232_pos,514701.3714,1178699.125,861742.3062,843160.4034,411398.4297,386634.5656,503359.4502,2585288.138,1533352.529,328158.6977,749628.9726,530195.2189,460221.4227,705269.4393,1249226.691,1849644.81,707637.5616,358347.1454
Com_48373_pos,1242594.87,781493.8251,1029418.926,2453388.607,886411.451,774978.9745,2469415.187,747442.8003,676656.8294,647659.6331,1249314.44,957100.9855,1175290.027,1118852.435,756890.2435,830043.1292,943436.7904,1002828.697
Com_48413_pos,461627.98,283857.1043,259397.7899,229535.6897,186928.0989,6205890.028,260434.4716,1397300.45,230535.7801,210586.0506,145811.509,156271.0282,147247.5446,169115.3902,185026.4933,167706.2274,173386.6523,165069.1806
Com_48656_pos,712100.3768,1844771.77,1517749.316,1806511.35,1357764.871,3239871.728,476045.4811,4969134.528,2463416.589,1937339.187,6477812.849,7192723.613,1294028.927,1428567.172,1170973.105,1299296.426,1090310.049,1102028.045
Com_48702_pos,6700488.663,3391721.554,4018865.311,2984161.493,5190195.659,3852678.603,8797688.919,12287005.54,3389889.242,4127599.719,10017560.84,10265004.8,3408403.524,3586482.291,3818397.278,3517736.215,3903875.549,4844578.42
Com_48765_pos,16953489.96,3637046.438,7341216.464,7941591.046,4552158.834,8851884.215,2150907.189,3240720.139,4317927.653,12354598.04,11524680.92,4610989.072,3087714.005,4096176.762,10932400.86,16773292.26,15454423.65,19233149.16
Com_48838_pos,208312.6493,270545.8993,651853.4386,2478984.917,153512.6961,287855.4189,248675.8042,258142.1611,231970.7295,232132.1056,203604.3103,194384.8136,143726.0457,200217.9309,150097.5824,161113.1818,149316.1144,189651.5891
Com_48924_pos,2304756.627,1716244.418,2882342.245,2264177.612,1355034.863,1515247.79,3721786.854,3414103.808,10562277.73,1418821.161,2011740.971,2184564.137,1013552.357,1062439.241,993798.6911,1763757.67,1720058.634,2213058.216
Com_49538_pos,6070161.997,671947.0421,644954.3642,2446519.638,2018986.269,597997.0448,1254245.822,1681283.855,847372.3773,595067.7384,2396224.152,3032445.399,499126.3625,447553.325,481604.7748,489859.744,520142.9049,498921.3438
Com_49623_pos,1743049.11,843795.2303,932726.2649,427907.1866,1120895.815,564269.4075,611617.5923,734883.7151,1205382.581,1898439.169,2595830.31,1056852.69,332149.633,341493.5232,390346.6332,485653.6606,397591.4117,386088.1809
Com_49650_pos,184845.6932,302293.9407,271778.9709,241988.6465,199508.263,1659383.02,261294.2665,258421.0867,236734.4024,229284.1366,147549.0495,159996.959,154620.3726,182227.4868,176334.5158,167573.7303,168696.453,170283.8546
Com_49936_pos,993109.3899,707053.0813,2335107.498,1319177.049,569795.6087,459748.2062,846929.6347,733141.6694,771053.063,924589.9279,1883797.559,1528876.643,596832.2427,587585.0883,570043.8803,556300.8037,755216.9362,576986.2344
Com_49938_pos,277216.8719,393389.8327,357545.2843,308192.6228,575902.5416,669617.3251,220397.1642,337211.3428,1897159.424,2570917.496,545315.5731,621658.0096,445953.7651,495528.5054,623501.4876,583857.219,457242.409,689285.8859
Com_50030_pos,892910.1177,460418.3805,1903410.577,719334.2935,618211.8244,520188.5374,631255.1225,528908.3305,528549.6474,2404505.746,485859.4317,456730.4773,1138413.869,1083421.937,680963.5336,949900.3561,598190.5971,600225.2037
Com_50477_pos,107959.9954,151419.0392,257029.1349,89434.83382,316087.6444,168390.3169,89647.46732,135097.1984,184945.4195,180684.9255,163097.488,504727.1651,172680.2863,202307.3936,209717.1626,178987.5293,194123.1745,201850.3919
Com_50501_pos,613282.9502,8044359.278,2982953.152,1477885.619,3846988.98,748262.2796,3868088.573,7219295.217,965303.0619,850165.2663,5501502.05,6673526.416,2849283.048,2329191.109,1974212.502,1489567.764,2999450.783,3696462.603
Com_50900_pos,9826417.564,11487066.32,30394482.25,11841247.28,14436318.8,10757055.6,17977190.58,12775447.18,20358837.48,9254395.43,10951912.77,10456745.62,14038633.19,13753100.97,14223439.42,19353424.24,18056088.33,16494315.39
Com_50966_pos,2385216.068,2410586.216,6540871.954,4437726.287,1828782.028,1391875.675,1332488.193,1721049.265,1581575.296,1398451.775,1650925.674,1714773.759,2295074.041,2937500.775,3479280.992,1862650.137,2104023.351,1715096.046
Com_51397_pos,2314178.391,1051368.915,2947418.073,4161518.182,852629.3892,1311782.181,2045369.1,3813475.364,2227198.351,2271940.383,2902716.722,2859023.247,3864103.925,2331717.066,2690672.658,2740323.158,4021536.506,3216111.53
Com_52131_pos,567422.0408,732731.358,779020.4647,348616.0893,631849.946,666559.3528,641271.3081,692698.8861,1292392.427,585015.0161,510438.4504,479353.8362,456285.6334,447577.9665,362243.0566,446999.6149,494276.4971,490744.457
Com_52650_pos,208931.7199,555069.4264,443504.7403,370747.5611,397013.2533,912856.7144,828397.0014,707538.7848,751447.7626,738316.5566,355522.1005,392150.4362,406962.3009,378021.7217,314148.4723,348294.7986,308979.6184,271643.5704
Com_52790_pos,487867.984,2271992.259,1272720.866,803289.3606,2587977.131,1409333.202,922300.0344,1136219.577,1397329.96,1434082.161,5053538.472,3045705.623,3183242.558,2803692.297,3417715.716,1799008.071,1761608.969,2386061.137
Com_52985_pos,566208.4155,784168.8098,692572.9954,7312531.653,602555.6342,9862115.064,617706.2663,699788.3253,1108865.218,593163.6294,1797911.002,1757027.209,453770.6988,452235.9895,397015.1225,476354.7684,438468.7495,479200.7852
Com_53014_pos,290873.4654,276087.7372,272233.9916,218357.3878,181744.3799,246114.318,2034344.334,5393732.62,378983.3288,274850.4456,1688411.738,864257.583,238323.019,241221.2207,165721.9921,192325.9955,181080.8855,195227.2574
Com_53065_pos,372650.7552,1558995.526,1899088.525,936363.4894,1088682.588,1870709.475,340508.3218,437895.7951,1886257.652,1277992.604,2024695.126,1961278.878,2649794.725,1343033.74,3846700.375,1290441.658,2446271.698,3641234.896
Com_53344_pos,1508687.969,3157994.982,1543669.309,1548318.443,3620324.662,3550896.519,5125026.029,3836007.617,3115723.314,2677813.569,2977159.471,2388925.406,2760060.609,2683312.45,2813322.545,3043936.533,4110426.331,4040938.771
Com_53349_pos,2471613.293,3665649.552,3165172.086,1978836.506,2705426.875,5211007.606,2395381.587,2526033.425,3561566.052,3461319.282,1384279.861,1461870.995,6790474.854,6558637.088,4597218.772,6029934.529,6397521.336,7378266.504
Com_53435_pos,2234256.759,3340850.613,2215911.046,3066990.058,2438805.089,1738919.367,2089848.114,1503599.757,4018001.59,1792873.136,1589619.864,1454317.226,1773774.813,650265.8695,1207013.524,1462942.849,1904833.103,2023593.674
Com_53639_pos,595086.6772,873891.2991,702710.6759,514743.9484,776440.3163,1185354.25,1008520.689,1476802.494,8821202.061,878683.5146,707261.4117,684723.83,765299.4931,743143.8863,606518.4731,765367.6028,591626.215,645685.2942
Com_53660_pos,3458440.076,12939057.21,9701726.18,2689553.717,1461913.641,15786334.61,8720381.412,5948750.059,12845790.28,4080231.311,1247909.073,5665724.634,7594846.39,11290853.62,2656360.059,4317288.818,8184867.228,7034493.245
Com_53969_pos,99551.80435,147050.4008,118202.7336,108176.8178,81912.79421,119343.186,113819.1585,148278.0785,125256.9784,140139.1844,113229.235,111034.289,74912.35444,107399.0145,80773.79087,85065.71615,73818.48743,117235.8218
Com_54229_pos,9162348.123,7755592.279,8065450.007,7299223.55,7139125.038,4949120.064,6121272.674,9252075.82,7775538.235,5701683.718,11138303.89,13656327.24,5334877.426,5610267.414,5660889.22,6945238.394,7223257.612,6366395.549
Com_54485_pos,1192206.046,991154.8176,1445219.073,1612763.13,805493.7528,622287.2642,1065960.572,860831.5869,1264720.383,1685197.799,812030.43,718610.5533,889493.6668,1227783.344,929116.6316,1084090.349,1490729.267,933275.8262
Com_54659_pos,1997542.703,4919400.424,3788708.654,2128308.867,3465719.703,3406029.749,4712756.129,5432986.444,4978938.34,3933117.948,2846439.368,2948447.905,1426425.599,2781161.632,2428536.365,1661688.882,4446791.395,822139.308
Com_54720_pos,1794661.163,1837799.414,1930394.293,1796882.128,1387167.39,983221.0011,1055511.854,1519344.533,923810.6699,886305.9955,1257510.827,1306143.942,697726.6082,712794.0606,738013.4609,812242.8271,895308.474,862626.6025
Com_54762_pos,780458.6397,623100.3118,603207.5381,1228197.269,1003756.759,392679.6416,1898623.901,1790661.684,2966573.744,3428240.24,619975.9966,522497.4411,1236066.256,935803.0213,836693.1134,1016036.65,835720.6563,2278251.298
Com_54779_pos,251316219.9,11071705.94,10497910.01,11176543.52,7403142.863,67258792.7,10514164.97,8627301.535,9112287.397,8743405.276,8181518.728,7369607.873,9291901.717,8836330.265,7414877.343,9640365.712,9225108.277,9101289.309
Com_54948_pos,795093.0225,2031370.012,472940.0383,400602.5439,815020.1625,454981.0164,450758.5358,464849.7884,457453.5112,1123536.434,354705.0356,367772.2685,285870.0593,351896.3171,344722.3048,293413.904,317532.471,346383.6776
Com_54968_pos,8350457.502,4296588.705,3889275.382,5933216.827,3162319.211,7545863.665,6933189.821,8475739.219,5737451.137,4512184.002,4994280.435,5423325.409,3013874.217,3327222.194,2727269.517,3026142.551,2545918.819,2566692.165
Com_55034_pos,3409934.2,6704123.881,2461583.779,4955380.726,3686544.717,14191701.16,1714968.966,1020151.043,10355561.32,10171604.93,1458706.571,1636983.824,2433709.756,3088187.629,2371030.886,3624209.291,3246444.176,3533632.479
Com_55168_pos,613713.1126,4716857.8,6529973.686,3701780.547,3058954.77,6105163.957,5225142.209,8666948.601,4338733.192,3280524.353,4206602.519,4654808.779,3550105.098,3650905.785,3752646.915,4248407.26,4549660.763,4592621.027
Com_55374_pos,238083.1389,251619.3787,1581639.5,183725.6272,251045.936,286178.5089,247846.5284,295787.1327,308404.9068,216096.4525,235537.2514,217676.2648,3332256.593,4512585.807,1021798.629,193976.4852,638002.1411,574455.991
Com_55655_pos,3031314.602,1700807.648,7136470.682,3977674.182,1855920.628,1275466.87,2808957.291,2957823.452,2938716.954,2853933.408,1672656.986,4451491.051,1754986.737,1752967.261,1834915.475,1924312.006,1793413.523,1492854.735
Com_56194_pos,673460.6225,387635.4574,743941.9709,509272.3334,404389.8294,416440.7847,700430.6576,487572.9432,341072.5141,300289.7546,392580.87,363339.6352,621823.9893,581841.3626,411267.5367,384603.5706,530316.1695,472798.9312
Com_56512_pos,1098661.95,1110318.387,1280095.862,1299634.621,930710.5551,640435.8923,1766895.339,824923.2401,784250.6575,726260.1403,803947.6434,851353.5121,430191.1533,395056.1441,426989.5277,479829.3558,544342.1069,494283.4555
Com_56617_pos,494720.0831,275692.9812,312888.0029,369312.5147,308996.7272,291148.7349,382408.7356,322190.3373,343071.4564,306435.8135,344078.3151,304059.9972,388926.981,396561.5435,329299.4803,371987.9768,346302.2537,322809.4389
Com_56861_pos,3974111.473,2860924.273,1784200.933,1449169.174,3104566.564,2894335.266,1379739.895,509035.4195,1987178.843,2566840.495,3892103.39,3956411.116,3376843.161,3962629.047,3397596.624,4789787.061,3110592.361,4786313.992
Com_56999_pos,1632125.89,1758033.758,11248100.15,9994717.828,1515990.169,1599268.042,1538594.732,1661984.317,2419400.65,1403619.67,1224688.991,1191695.228,1094760.772,1073868.568,869125.5194,1072480.936,1185911.805,1177437.423
Com_57210_pos,5904515.755,7537665.681,11603678.63,9853666.482,6370333.389,5711095.37,9563149.692,9102831.906,7973684.448,8277033.371,7798164.447,7919039.546,7901274.391,7613714.776,7637451.318,8690556.161,9121905.79,8351826.973
Com_57764_pos,427679.8954,715555.1803,2048863.118,491247.6243,617038.56,593696.3493,607308.2692,676461.1217,984744.838,557713.245,568495.451,608525.4099,438796.2061,426379.4982,345037.5593,436521.3615,478910.5983,468809.6076
Com_57983_pos,695972.0395,1552976.549,3190134.638,1748776.296,2805209.954,11588306.83,820760.1696,1107408.485,2481512.38,2806364.089,3165656.744,4811649.141,2506629.061,2400143.944,3380874.895,2477569.735,2402103.187,4824693.792
Com_58726_pos,633896.8636,6492267.478,1046590.477,522161.4706,5002034.999,1559208.281,841582.0391,1103811.556,1510752.12,1682283.195,665601.414,589988.7016,990385.9327,2432497.362,1842428.559,1376921.114,649775.7384,886791.6163
Com_58873_pos,660379.0739,451143.154,370352.0163,332727.7808,282670.9519,377892.8172,374385.7586,386089.5066,379946.3931,370660.139,294606.7646,305459.9942,420288.7815,292273.932,462829.8039,296318.5072,322861.6458,287695.3083
Com_58919_pos,2890962.793,1101391.465,1488788.405,1083091.88,1234432.024,325811.907,1694908.919,1292857.168,501980.6847,1644090.35,445943.4014,487054.3495,5467933.981,3359004.156,4710568.252,3464906.165,3377175.485,2439450.685
Com_59309_pos,2638117.509,7127409.113,2036382.504,3416318.725,2308276.655,2238540.003,2298947.743,2409962.645,5289924.282,8614760.122,6595733.911,2951250.174,2314706.116,2184001.856,7382739.921,6559109.706,2842920.338,8549936.025
Com_59592_pos,1719479.311,276743.653,227184.1409,204099.4001,173398.1578,231809.8762,229658.5497,236837.9515,233069.5963,220937.4204,170441.4374,185012.2612,145648.9406,179288.8907,175633.7779,149492.4806,161780.734,167854.2969
Com_60491_pos,3746283.719,205449.8737,166287.4743,1453594.035,138037.0678,161302.8657,457767.9266,658157.6285,382460.5674,317185.7146,238849.3612,235268.478,1595943.722,5384999.055,806380.9766,625445.7228,1667008.148,981966.2944
Com_60932_pos,1636155.297,813025.3845,692681.8773,4038216.199,758790.0253,681017.6554,674697.4272,533006.0299,328839.2972,723550.9815,210322.7562,871163.3834,1801449.604,208625.7451,664512.5329,635718.4074,2371822.912,282987.8812
Com_61137_pos,569920.9552,396048.6782,504816.5984,1427462.404,446738.536,1978333.112,750345.4565,1361948.13,672355.0382,551263.2975,1103781.512,1007033.902,458925.7175,465599.9466,404711.2333,466771.4578,458927.2629,413704.0505
Com_61316_pos,884695.8283,266059.7184,250537.8483,846239.5011,195163.5293,937820.9807,395425.5643,615273.0843,382818.3696,263569.3554,8087565.104,8397075.452,6938566.739,1002853.965,809663.6886,2861646.6,10838207.46,1653928.359
Com_61621_pos,137337.9041,221920.9404,176044.4407,809040.788,121196.7634,158915.4454,157604.9434,181196.0684,163812.9299,184940.6357,146993.8539,152409.0658,357455.8078,140171.8534,112057.4111,149425.0551,405790.8761,534910.0283
Com_61963_pos,806852.2256,635096.3257,2802304.445,3862255.575,479451.5199,712263.88,1670948.263,729080.2479,783729.238,590773.3821,448241.7401,487213.1093,477049.397,523505.6091,482507.0331,486740.1655,477549.8493,481163.9382
Com_61980_pos,1939607.782,662875.4668,500096.1962,990122.4185,692013.192,807508.1512,875002.9549,579153.6572,728532.0617,588441.1966,1018240.773,779552.8475,2366555.179,1912967.128,1224015.186,2426515.443,1919994.892,1717917.217
Com_62602_pos,2277577.794,878268.9277,1220212.417,1124130.807,868594.5845,1360672.727,1309867.352,1803015.617,1165637.597,1079999.242,941735.577,1155353.223,940506.2509,971894.8381,610985.5513,1139672.037,1473064.161,1424027.622
Com_62669_pos,1252158.634,3333137.444,4429579,2509552.425,2178211.82,2189398.043,4491132.525,4581419.077,2554974.388,1998067.023,2075882.523,2276775.94,1182642.419,1311186.989,1664546.404,3037233.233,1524259.192,1608270.529
Com_63262_pos,112523.427,233615.9838,939297.0362,177875.4298,279270.2866,259951.0891,1317012.087,309454.6232,235869.269,141539.7353,168188.6175,154148.5293,240972.9921,267562.1042,223925.3292,240236.7964,251182.882,244175.593
Com_63600_pos,785800.3917,550270.6157,618305.9643,626572.3699,397561.0505,272642.9969,538370.6415,399492.3887,454977.5326,527056.4981,316252.4679,299792.7804,365756.5565,396412.7595,371716.3268,424501.3721,349040.5456,344582.9282
Com_63943_pos,549848.8934,1076859.633,5368131.889,345041.2777,625370.7715,659724.2578,901839.8435,685595.7487,998042.3898,579016.1007,843796.0201,724039.3812,451606.7468,442988.3708,358528.5101,442415.9499,489208.041,485712.2195
Com_64071_pos,855003.8267,901871.8093,821320.7455,860264.5478,650296.3049,569051.5342,589448.7677,640693.9331,691397.7081,1788522.079,509869.9678,559765.4286,1507204.745,1348198.828,1122861.237,750985.5774,640702.2088,592329.5437
Com_65574_pos,571814.7022,513382.1182,419723.4629,1659593.843,316319.9287,421775.5458,413622.816,439353.777,415150.2454,421795.7994,335250.2271,347600.7503,289530.1197,332595.5607,299407.2658,277215.152,765251.3938,327385.2777
Com_65647_pos,386301.7459,1070606.717,356024.3142,408951.8613,410997.4949,1983067.076,672760.6925,861547.7675,2141155.75,674662.6824,534584.691,571204.0509,1108717.001,1149212.934,262490.5018,252841.4861,275252.2115,247116.9825
Com_65655_pos,184563.9608,780017.7367,529692.3224,164483.4638,237476.9819,221180.1825,277606.7263,306581.2791,285479.1919,207038.3501,247423.2362,229753.7309,675184.2338,594263.6686,683018.951,560035.105,217696.977,503846.3309
Com_65773_pos,524054.7292,358012.1067,293898.9639,1827138.029,273578.9594,299883.0911,297100.0068,846222.9004,301512.7402,285817.8335,414952.7132,391135.1522,828836.9244,395576.5477,227210.3376,504728.3457,748315.4061,1378326.211
Com_65821_pos,616199.8459,452694.5183,551953.5076,1609778.508,1235380.662,298401.9295,477592.8928,421504.2953,608360.1637,988024.9404,1006764.23,1416609.023,555020.989,512551.5445,775949.9065,422337.494,608600.2322,621310.6903
Com_65874_pos,607942.602,377577.3335,547051.0953,351962.1976,1093476.615,1035376.385,512319.562,333516.0293,450076.5912,994399.8005,890921.8711,842184.0069,681089.3613,753363.2817,1705765.863,514908.8792,2643545.321,701557.0453
Com_66036_pos,946335.6238,1833416.461,1424607.808,859416.342,1361744.6,2620014.034,1688340.327,1988727.693,2173099.338,1765508.095,943780.4015,961457.3558,3534633.368,3216401.428,1406682.928,8532689.897,1253641.973,1227822.34
Com_66142_pos,1404946.107,959799.974,1155328.766,723593.0788,1377754.955,2290940.748,796499.8208,821399.3609,896949.0966,788573.6236,1086826.795,1336371.692,806987.3759,942286.272,609131.5687,541851.0878,1003175.286,1120405.882
Com_66229_pos,364196.0013,262573.5901,261790.7021,338833.2618,352285.3482,307998.8843,229073.2322,266090.6054,1156803.982,520689.091,294535.9848,255399.7714,340034.6273,358585.3972,287267.6982,302408.1113,298742.2212,303530.8309
Com_66695_pos,3425000.957,848185.6,1043098.293,1428246.08,801455.9892,860599.1522,967952.7835,1151732.229,554835.9879,631086.7457,835195.9414,1016783.044,624615.1371,1030956.453,709855.8396,982413.4062,1346994.201,596403.6033
Com_66867_pos,1382860.389,443553.7534,319554.6575,258808.3812,309422.9029,279208.3671,265208.2371,55704.573,403489.1126,209155.3888,211455.3354,190161.1564,743612.0683,729931.9877,643965.4799,731485.9708,660617.9528,605500.6341
Com_67196_pos,596026.9898,1043840.46,1203101.08,733388.0395,1682173.932,1244341.925,706174.203,765940.3532,1088013.879,1337780.135,1507998.736,1457053.158,975246.3196,1039909.148,1203579.664,930571.5137,1004025.539,1279191.624
Com_67284_pos,120986.9021,150270.7986,337691.2889,665150.9708,157818.947,182539.0272,137747.4739,151033.8125,1008886.086,136610.9062,90622.86254,104572.0793,150940.2872,172077.1273,113597.5047,97858.18601,112306.9747,122792.8002
Com_67943_pos,609220.4305,416193.7248,2523773.167,1100710.298,760508.0634,552380.9246,910637.1562,448028.5875,1757968.927,1401456.158,324639.7432,328677.4387,995649.0668,1151681.548,742451.0023,1270978.64,1536888.185,1024362.131
Com_68146_pos,1072372.655,732599.8065,624160.8429,552306.9013,459022.1148,613650.4617,607955.4391,626960.8556,616985.211,601905.5009,478404.3752,496028.6567,385563.9852,474616.1481,464940.2807,403533.3542,428268.3022,467181.0385
Com_68622_pos,42225.94681,120227.9747,45019.89105,35758.46656,125785.6088,433272.6716,72524.19849,79459.84182,183916.0183,161425.8982,44215.53544,39517.06747,98906.29895,86866.62328,48440.70475,49775.31122,36741.26002,34421.31813
Com_69246_pos,770933.496,1132124.277,910360.1522,666849.6656,1014054.563,1535623.853,1544038.299,10358909.72,1281418.276,1138332.582,4679660.11,6076162.304,991443.8288,991169.1143,873544.7901,1044531.349,781988.2906,836483.8943
Com_69337_pos,836584.2823,1468997.337,1494658.134,647998.1669,1191872.178,6392571.615,1240906.675,1360068.476,3438502.548,1163802.104,965530.41,851313.326,905869.907,859056.9204,720003.4085,910906.247,999361.53,974485.2245
Com_69381_pos,434581.1109,675040.8054,490344.2443,514568.8297,495293.3277,815269.0852,754958.5614,888318.1903,924908.6304,761463.4928,644948.2709,647385.1981,779117.6883,688469.8538,447529.3919,505271.2768,459193.8353,433713.4959
Com_69450_pos,100799.4708,920937.1259,106485.1041,341934.1269,199062.5088,143827.2679,196402.0473,119284.8055,120706.9329,207796.1412,127153.2385,166570.6847,364174.2029,173815.3487,1894833.598,180464.9685,196383.8093,181558.9705
Com_70730_pos,144265.5645,131671.2474,129941.4008,105431.8752,82348.15885,122066.2083,174539.6376,200219.4159,174082.2639,136318.5695,162908.8601,156814.7767,93637.47225,100719.0734,65956.78116,81198.7135,76825.22232,77265.8691
Com_13_pos,3677152024,1818963793,2085848946,1562168784,2371827669,7199633698,8631984051,5657260319,3141623475,3845094939,7130313774,7888306370,6276941312,5089706061,4366519649,5933517014,4976017958,4944491179
Com_24_pos,47110088.92,74335593.59,46286004.49,28213783.11,76350849.2,73815395.22,44184464.1,59287728.68,45822796.52,93656901.93,46023027.99,37118118,140927366.7,116839311.3,1766390480,187233542.6,138660054.6,109152924.3
Com_174_pos,320197733,554448592.8,959628897.8,1230206557,233495145.7,357627796,1049944166,512208546,394517398.9,283767393.8,676716324.9,746509313.6,184858070.2,224480129.7,109066530.3,129395329.7,121721467.7,174801087.2
Com_358_pos,8759615.185,7405195.066,4709500.451,10903379.25,8255492.407,10203411.75,2845041.316,14760786.97,3382483.037,4442646.497,2311995.389,8892218.485,5516593.674,6214833.755,15998909.2,9095590.663,10597930.05,9560319.095
Com_483_pos,3271301.317,3361996.315,6390616.627,1307583.063,16481621.12,7689133.566,4360672.021,394088.3871,13634552.06,37975795.02,302380.8318,399814.4655,168715379.9,197426199.8,290033342.7,222888026.1,149986692.3,174792227
Com_490_pos,40934064.78,12301849.59,5203119.706,5914355.162,10569661.17,23136121,9214180.845,37235791.6,13340994.2,11367637.43,33040510.1,9256333.636,18886214,17662224.47,11388387.62,19621487.27,13952164.3,14469100.43
Com_652_pos,33171797.82,11172615.93,15478868.05,13689860.7,13560260.79,13509634.28,66859883.54,53695022.71,19990729.37,17181773.21,71075796.92,32461484.7,23004614.42,18972795.99,22349856.19,13961052.34,16545577.29,23047472.95
Com_662_pos,359224.8205,8781706.658,9993683.282,312476.2607,24400271.17,6027325.667,810696.6023,1810191.611,18624828.12,7377729.727,10643109.17,8745194.674,13220860.33,15320096.78,23059951.91,11699013.53,20132914.15,26748916.49
Com_807_pos,1592262.358,2787528.336,621185.0118,614150.3332,2424034.147,3748789.638,384772554.1,231467230,433224.449,547432.0292,110808856.9,120852353.1,329887.441,295801.2884,318306.9032,349436.0772,343777.8983,329751.9381
Com_847_pos,19725851.27,144372315.8,23930350.84,27958781.63,296933388.7,112435945,69620591.14,175231392.7,11645013.42,7967701.124,17339740.96,14712517.55,12406074.36,12193246.8,8945032.606,8609470.097,10696141.82,8712752.852
Com_957_pos,999748953.6,47560214.6,179730593.6,97095146.79,71892744.37,235364639.5,56658652.77,48309811.76,37107507.74,48404155.8,38405943.01,40560284.77,88418697.76,75802603.62,81061518.42,31920008.19,149469258,50544880.53
Com_963_pos,667831.3804,135428401.8,70979983.81,19399576.18,30209509.61,6286094.04,22738378.26,69148672.3,22090900.14,13395071.6,42888079.59,40623665.17,46881925.2,38906360.44,55134666.73,101710789.2,51839080.64,62785079.06
Com_1194_pos,237794408.3,111340909.6,200537409,256864719.6,85407037.73,106904141,194483723.9,197201367.1,213078593.1,193017696,138335037.3,107472110.7,189615285.3,149609586.3,168662675.3,160924798.4,154672792.2,122403783.2
Com_1353_pos,393908245.1,144725926.9,175779936.4,183231888.5,219671861.1,112723771.1,257513347.6,393790820.3,310506200.6,427737120.4,106405337.9,113103282.1,254025034.9,278183122,214370483.8,298316728.2,209813304.4,212149825.8
Com_1392_pos,72137065.71,17879807.86,21521869.15,37589383.45,19050823.18,151753193.7,20769651.29,42025964.01,6061745.404,7604595.024,11559639.22,8828595.633,14568238.96,66065460.74,6021151.13,3928511.349,8911310.198,8583608.796
Com_1473_pos,46034377.49,82647192.92,72260972.36,4601738.758,192452098.2,120884068.8,54602376.68,41656836.47,124166248.8,17442804.28,130073979.7,94461527.01,136232250.7,124089440.3,132120002.1,75803977.93,110872861.2,110100257.6
Com_1506_pos,2474405.396,6933002.425,2718893.736,237470881.1,10038799.99,12047110.45,2069259.739,3453324.936,5241477.937,10075270.43,2609777.426,1698574.78,8849580.385,10945452.58,14493629.45,4888068.205,9740610.727,11980376.67
Com_1517_pos,70656021.78,42492789.73,50242513.8,98811148.32,51381988.49,29542260.49,148578026.2,214461286.1,259757350.5,130186156.4,23380114.88,25332540.82,82702382.44,87675798.48,85312947.43,99853425.55,145673167.9,24142168.84
Com_1606_pos,387324258.5,118214171,78429716.78,90952700.2,131448746.1,113064719.4,66303823.7,165435394.1,96029611.09,125607611.3,89291442.66,63634197.38,48422216.23,38564063.29,40568530.25,98788916.87,102440016.5,82110190.69
Com_1756_pos,22140370.04,25379782.8,35889557.27,34413821.58,11048442.69,13481130.22,18568150.34,19754480.67,5767281.199,14963038.13,21738787.4,24691138.3,17217818.64,16063515.4,19360166.55,17726637.56,20606069.82,16277825.62
Com_1834_pos,12992835.88,9272797.124,10280790.25,11727801.6,11434300.48,6096931.755,166388188.5,63395155.71,10967854.11,21412362.26,20211275.33,16075576.52,9047362.314,8074384.916,7047381.059,8268343.454,8277470.584,7893084.682
Com_1995_pos,15418151.73,4132446.411,5019598.462,10258364.48,6757240.172,9339645.998,5648076.8,4830737.12,5581871.357,7556395.497,7833542.294,6529895.44,8354334.116,6246395.024,17426164.22,8319231.499,5837390.771,7278978.765
Com_2124_pos,849290.7709,2497364.9,3732081.823,130602149,3272042.46,16782707.41,4373725.26,4606075.256,5066569.319,3911385.855,2215495.649,2715980.342,4008169.917,4979451.427,2603947.431,5132061.035,3611897.735,4689219.269
Com_2136_pos,274243487.3,129691227.4,121392086.2,981854850.5,132198263.3,57604576.4,83785554.03,95683267.67,57425686.5,80000105.69,183507591.3,105983806.1,189482978.1,121474722.5,153310751.4,205858199.5,172460588.1,157283360.9
Com_2276_pos,316957476.4,44351504.49,77879379.41,476978154.4,34492958.81,25164178.98,66199964.24,62860604.25,56946880.4,38206747.98,67355073.17,61606749.11,121743079.8,36555661.68,118339895.8,98345917.56,110107652.4,32403042.9
Com_2347_pos,4196706.937,66913022.23,17217352.28,20470132.85,114433508.1,17463010.27,17083961.19,23079129.29,21299839.44,10736802.03,10123290.96,14496206.16,4107368.384,4374525.589,17669165.73,3983202.411,14268010.59,12763196
Com_2359_pos,653206.363,665510.1176,1388784.396,1428629.845,702899.0626,1636883.58,51798309.39,125710787.2,840812.3835,511237.132,33115075.88,33695048.25,1038449.805,1188279.889,502072.6606,1011163.655,988408.8187,1102192.35
Com_2394_pos,2684834.011,20484465.24,16098196.75,2999481.169,17556211.63,105297819.9,17281601.6,10682682.03,11206327.41,12328241.14,11897918.45,16009100.68,10459110.44,13082762.55,11364423.24,13530890.73,12742082.4,14839255.93
Com_2436_pos,18164668.56,45528358.18,37571259.54,3565020.516,84925168.66,14166087.16,25774383.53,30247850.09,127451550.5,18583026.19,42704967.25,29309218.07,56139588.8,47576081.82,62200206.08,49032218.48,54316145.68,65731298.33
Com_2482_pos,12194192.79,3556200.856,3627955.46,54336828.58,2349157.742,3175557.834,87913759.09,126445318.9,7044163.057,6625084.067,29985760.63,26220578.44,5020847.574,4629006.097,1029294.517,1282222.32,2055453.993,1018598.109
Com_2551_pos,80753984.77,113510284.6,105652388.6,91742041.33,149310287.5,115754471.4,43000352.26,137245315.5,96827132.89,50040383.11,103547189.5,94494999.56,223036489.9,214372897.2,176599675.1,43352827.8,139568854.6,132531717.1
Com_2590_pos,3078434.354,76266689.42,3423691.912,11145510.52,135542244.7,7023546.081,316582304.6,151776550.7,113222842.6,108880035.8,46235067.96,48753391.78,47672847.19,45092517.43,48220299.71,38968126.78,49539118.24,44222462.82
Com_2675_pos,7543827.584,3700521.444,4256820.874,7117734.209,3151977.943,2093392.841,4880283.779,8437237.902,879947521.6,227827072.6,4812781.956,5599652.905,2786023.672,2837240.864,1937639.687,2895014.175,2872667.475,2702474.732
Com_2721_pos,4417749.224,4433256.935,6352695.882,6151203.118,3870464.802,2271828.219,6441666.033,6500592.727,3015223.571,2437130.467,4610523.965,4648535.633,4932124.361,4568116.043,4079062.993,5587349.178,5029598.506,4057289.113
Com_2772_pos,333620.338,1090771.032,295509.5486,835607.9652,1689339.648,1646537.505,6842398.405,11694360.05,383546.5258,3934512.547,7384235.713,6380187.039,475317.9625,4518933.535,236909.8683,273238.6835,3605475.526,242174.0838
Com_2944_pos,33641668.87,18845269.64,51782641.15,124951150.4,15650280.48,25213542.37,31442577.6,43384071.82,33235285.65,104167153.3,21687359.82,22352576.46,17304186.95,12002882.35,12672437.93,19625201.11,19516824.61,11100355.27
Com_2948_pos,19448626.61,6185953.95,9960426.323,12007824.95,7262281.588,6868540.463,64914136.71,87078666.92,11098852.59,9147729.291,67387304.1,77486790.82,9674268.153,9290263.306,8570534.894,8588272.273,10725257.95,9158223.195
Com_2988_pos,23214429.8,33563689.13,45266855.89,40187338.86,40711589.68,232319995.2,70852881.04,60212843.36,242298098.9,224387600.9,42053150.15,39471068.28,110986013.2,130790386.1,102562052.8,87591690.9,45907196.1,39982623.01
Com_3103_pos,9966838.383,19411673.84,8055613.809,46390861.22,34792582,266445851.3,15442308.13,22099040.11,78298015.83,72794899.21,5015226.033,4517406.046,78718241.37,85197794.25,33127864.61,33904008.33,34616347.26,34596665.98
Com_3145_pos,4020086.022,8651354.376,12192568.97,14812933.6,6292967.515,7606151.732,5370643.568,6275806.655,15311475.4,6312913.313,6979798.78,6875969.751,21782005.42,9332210.576,9068907.794,12929719.46,13396544,11243086.52
Com_3370_pos,44040060.89,3882881.437,2349175.978,5899926.165,5239630.816,83147517.68,31114533.61,10061038.59,29071895.56,23743480.15,31968701.27,36960802.7,5103900.786,6388685.188,3775950.211,8084850.199,3956021.475,3968591.559
Com_3584_pos,2802182.488,564969.4349,631181.2996,665076.66,580620.5368,746285.9558,589943.9957,531230.7254,48741613.85,63583508.49,446398.7405,444644.6563,1798766.941,2169227.744,9012934.115,6246994.19,3577148.67,2715788.05
Com_3741_pos,45889883.72,65302693.07,53169214.39,69731648.28,106846997.4,48530422.59,51482799.19,43889117.08,45366292.54,43378043.32,29214648.83,31313360.33,81385907.59,79577509.2,75295396.22,96646034.93,93026071.48,75415387.79
Com_3831_pos,207195055.3,179048091.6,160390493.6,200290022.8,130753456.8,32859628.41,127732426.1,84674134.34,104055019.9,97410581.36,58989153.94,78374479.47,152850195.6,157862333,135508658.2,174725065,194062778.4,167528435.5
Com_3972_pos,19179699.05,109340154.3,61794112.39,84045717.58,51017562.71,21641512.17,40449705.49,49167382.21,93303440.23,39075121.28,28867906.95,23655735.92,19867516.66,24072499.41,31105020.89,26722040.56,19227332.93,18544427.18
Com_3994_pos,13869869.23,17114517.53,5654254.482,6539994.867,14019727.34,13022835.76,48334770.08,9026125.829,17422574.4,2274552.816,52013776.99,47418119.1,9355616.69,6224275.284,7696870.258,5222694.072,7852998.1,10481638.5
Com_4381_pos,8739531.184,9367868.902,11373195.81,12486770.43,9072895.54,537341.8685,10526906.39,15496465.95,11317927.03,10546488.76,11046608.29,12013775.88,9231122.082,9883220.3,7457290.97,11447157.92,9033589.839,9154418.274
Com_4680_pos,18670567.89,13029766.04,10050478.23,9723935.698,31717020.48,34773813.71,6924725.982,8684731.368,20630973.45,19229542.33,15201895.16,10503575.1,17505702.23,14986822.55,22024655.51,19705296.5,23487954.26,27943713.54
Com_5004_pos,553074.3942,1770357.796,2014327.946,7391636.238,1908433.448,3952227.886,1514183.806,687651.512,1920119.051,1252449.002,739007.7641,962038.7818,2661943.862,3282779.376,2252933.894,3437366.317,1857007.099,2864606.486
Com_5127_pos,14375552.11,4361619.144,1112703.08,1107742.782,33761056.2,706433.8188,1266340.884,981050.0412,3312949.32,4043960.823,19599962.05,16303142.27,18572904.93,14271827.01,15669490.62,29502333.36,23354020.62,20561187.02
Com_5258_pos,834048.5406,5426806.702,5445358.697,6938712.037,1146509.559,6710430.516,7210944.494,6776582.489,4752497.97,4491485.231,5138281.688,5325950.724,2260039.88,2877947.836,2385166.721,2990768.031,2341818.831,2405303.204
Com_5496_pos,12554109.64,2641595.193,43430636.33,103073215.7,2179837.376,1659061.918,1254400.098,1966368.617,1885176.523,1666900.374,3802336.44,1997004.482,880276.0743,844044.9747,873724.7669,981847.9492,1113856.78,1011424.564
Com_5507_pos,1758958.818,3290260.278,3364761.887,3439193.217,2594666.748,5340214.347,2455155.22,2413268.376,6361815.693,4576952.841,1893668.132,1941365.928,4802832.994,3728766.653,2817134.357,6826669.437,3573502.583,4219405.247
Com_5558_pos,14012566.72,38910113.91,14774128.38,13064445.75,36249122.41,82683251.08,19878342.83,15761539.65,53808079.82,48105324.15,10303299.56,2836959.539,36239201.23,33735214.91,23818780.47,23743779.36,25721944.66,21942558.84
Com_5700_pos,695158.2146,484267.8317,520144.6732,662123.957,429392.1784,366934.6865,45363322.68,24803556.97,956777.3914,929173.8552,16823982.79,13743542.96,443408.7339,412474.538,452544.6561,496557.4586,483308.0807,412154.1923
Com_5818_pos,20812332.71,8284371.273,16284587.14,13464058.48,15793243.8,8475969.944,12060573.38,8348267.552,8859111.996,3796789.03,6367537.557,8072141.241,4598690.045,4842216.872,9316206.871,15868519.09,5508698.288,4070310.347
Com_6099_pos,598601.4333,3217518.779,3145825.378,21864803.23,3680768.738,9052761.557,2164551.525,1888308.724,3675264.119,3458979.297,3262910.132,3039865.35,4881770.574,4852348.806,4743871.014,7081231.164,4433252.9,5036981.533
Com_6144_pos,8918959.37,6227479.937,7516460.019,7548186.583,8792500.971,7206520.215,48555907.34,119839235.7,8456044.929,6873975.647,22289391.41,19361970.52,6576433.129,6317720.84,5413705.93,6370641.786,6321345.221,6103902.799
Com_6321_pos,44657952.56,10153405.68,5939368.31,65960201.25,22152451.71,31986073.43,206629.3436,7132744.068,14556191.99,14212929.88,14986593.4,22993775.85,61816247.92,14146630.09,26563496.76,11351997.69,10709560.01,21418589.2
Com_6349_pos,78690812.48,55468003.13,51219319.45,84666475.57,38997437.7,34955304.3,91005632.08,66855296.5,82079536.25,86270464.46,43113172.95,35718951.44,51093679.25,48051918.27,34465582.23,40489688.87,53324860.72,51966543.7
Com_6717_pos,8032489.631,74365509.84,5500062.612,15626066.79,39809693.49,119949305,9905701.769,9049703.942,24980838.61,18147058.56,10063315.75,10571922.14,201732644,160569359.1,34583692.15,23554689.4,234936551.9,166305117.6
Com_7082_pos,10756445.72,7510287.854,7848572.776,8207595.58,7273093.079,9226200.378,117364935.6,155559682.8,9599935.141,7957442.21,320656877.5,263092364.8,7887595.348,7977182.762,7325113.692,9033023.893,8030429.134,7810341.532
Com_7135_pos,26318781.35,16349949.7,25657628.6,23571814.16,12511418.4,14256113.06,20010774.4,18365888.85,17818362.91,22318063.29,17872460.36,18234728.26,22111374.78,20645657.26,31180628.33,35801907.89,33966411.82,37231881.41
Com_7241_pos,52149164.61,20122422.71,19051056.65,18450260.84,7915952.724,39172794.66,26176515.07,39434009.46,16579927.54,23553132.11,27994212.56,25740309.11,23522854.06,24045354.43,18462674.17,20440034.93,19707746.11,18558580.09
Com_7780_pos,25976538.35,12972769.7,15209745.53,7348174.566,13388946.24,11548864.42,15731591.43,5187049.527,17129292.82,17068532.26,17067628.42,16518079.62,1290242.526,16297409.68,15663699.14,32232979.98,18639155.61,16212166.47
Com_7831_pos,1858629.841,1142567.514,2230130.377,3314102.89,10067841.13,6771876.656,93854211.38,34410316.92,2501789.468,1197624.576,13583911.01,14820327.13,1752952.899,927951.7742,936324.7431,1631552.32,2924645.213,1418713.098
Com_8263_pos,26134464.78,34812596.69,47986855.31,8430170.474,37521991.25,20251822.28,55260374.12,35503276.9,27517513.09,25343009.51,29077277.17,27294569.25,15993054.47,16584182.92,21378245.87,20141499.69,26896012.25,22903213.6
Com_8458_pos,463691.7251,1610220.316,1145283.285,4979553.357,3205722.688,7763452.836,3324724.287,4947673.112,4240033.531,1526806.787,3628977.765,3741850.424,4570743.396,5199122.232,1374658.51,1493092.017,2829315.256,4175769.97
Com_8588_pos,231160410.8,209574750.6,248816851.4,367285266,238336617.7,191487842.3,133933162.4,118374454.8,84726753.12,110927871.1,160824471.4,162742671.4,150199757.9,170696926.4,162436469.6,138473212.6,140733386.1,124169626.8
Com_8703_pos,151224055.7,73832254.57,108140784.2,191053614,52760442.6,48499504.12,86858942.09,65620733.14,62558223.15,29578748.27,67023772.95,59693545.24,96874992.71,88241508.23,53855759.02,52058243.38,80414026.87,68317644.54
Com_8734_pos,577323.9747,1979616.53,3035533.497,26015376.18,1703750.335,4348887.616,2642714.686,2914190.231,2175204.195,1751307.518,2253740.563,2484734.531,2144821.429,2373236.227,1657514.16,1940560.221,1881750.933,2205013.562
Com_9187_pos,43567323.1,34920448.6,42988751.2,56544487.71,23137802.56,19338202.07,44076435.04,28931322.71,23286023.02,24566690.79,22818285.22,23224764.26,23123537.22,21517973.65,21883580.33,20770263.46,25322393.05,24539153.52
Com_9479_pos,1055637.834,705248.5668,1361497.549,2538073.754,184282.9503,862590.9584,5065647.993,7988341.292,283027.5945,205260.3757,4760312.968,4376744.466,843627.6096,644101.9471,703791.4133,584033.6917,707046.3935,525121.953
Com_9587_pos,11564207.14,5303150.557,16852846.27,24162279.4,3959073.836,2648533.879,6133338.166,4778435.572,33038935.18,57996076.13,4484835.91,5812424.252,1526068.732,1871750.347,3545901.385,4190007.884,3356937.525,2365078.126
Com_9649_pos,13611949.74,21551936.55,33062829.8,32879854.74,21670502.57,18930743.96,16221541,16483270.05,23850592.97,15608435.08,17299423.69,19772999.57,13444777.51,14576944.87,16197602.01,21237748.94,13706278.24,15063545.25
Com_9702_pos,362850.3835,5775055.896,750016.6481,989962.3423,1394424.016,6250147.609,2357207.353,12588577.69,7291464.745,3026157.853,15795214.56,7781483.944,2557681.74,2294169.617,2855471.612,1078989.178,1177115.929,1258521.8
Com_9825_pos,525309.4397,13302393.74,7227996.406,405082.6183,14562742.03,9358852.261,855131.4364,2032871.488,2655566.099,3674159.85,4924616.294,3144674.63,9965706.51,6903424.75,9237628.65,5376057.096,13461569.93,7188347.389
Com_9956_pos,41184446.99,28329624.57,33504283.88,50784248.63,24759825.57,21734321.83,53630182.83,35160763.15,26040966.77,22147003.53,26662128.38,23463044.78,25015066.65,23729687.11,23212775.91,23550748.27,27494361.02,25891445.81
Com_10253_pos,7178121.321,5674912.78,9443948.192,9967585.581,4422560.207,2387300.228,6160481.264,3991570.635,4482725.745,3383059.405,6913137.646,7258475.679,2711068.484,3264922.471,3581262.968,3063448.031,3765354.65,3486170.556
Com_10298_pos,4205069.163,4229553.652,4442653.628,4199764.163,3205845.484,2439950.896,30921872.14,69303155.17,2772493.356,2451478.765,34288300.3,36445140.73,415291.4521,1530706.674,1603329.438,1734980.893,2325638.921,1802683.913
Com_10318_pos,94387157.64,23870727.17,60134042.69,148241379,23995972.77,19848038.45,29182281.88,26802775.81,21235739.5,21409230.07,32261555.59,34250193.34,19038207.28,18814978,19453533.75,18034965.94,23343680.06,21519416.94
Com_10510_pos,2391316.65,553159.2307,522347.9906,936118.8641,586231.1778,836148.7458,905027.5784,863498.9085,10170366.12,15993643.69,544718.7393,490899.619,689022.3278,604825.3014,719837.1708,792342.0588,583618.5172,599105.5822
Com_10908_pos,1329837.1,8756651.09,8708544.194,281303.6477,21712648.75,7432278.956,843750.0078,925213.7744,13121192.18,7197321.187,435238.3007,399301.3067,13882973.98,13328429.24,19352270.7,12940196.09,17746734.58,19179997.81
Com_11008_pos,1346605.298,250380833,234107057.1,1345202.352,238983579.8,427246724.6,3542865.896,20370700.77,137104868.7,120690588.6,125829302.4,146906511.4,75879352.32,109438358,81779074.1,77348129.5,96632883.19,195991418
Com_11010_pos,20622704.73,29216827.01,27305771.64,19173926.05,55238123.24,31352362.12,19165466.02,13137604.99,21221690.5,25093609.78,8211006.951,8399521.659,39955590.93,40055743.66,38875708.26,39521385.43,44954382.55,43878806.27
Com_11424_pos,38823847.24,46331032.89,50706744.18,34136623.17,24400534.41,203453954.8,73496271.94,50774805.39,52800521.4,43296224.04,26908627.48,31889557.28,32200792.34,30837609.03,36570738.53,36934814.4,43225196.57,36484078.18
Com_11466_pos,7622359.941,6913274.119,5830447.778,14169226.57,4442283.348,4994994.182,15112544.02,25406027.57,4930681.583,4850060.249,6685845.159,6227852.289,7678333.528,6917271.085,6181786.381,6883853.249,7944670.935,2595069.375
Com_11477_pos,9512958.05,9035663.453,12251459.93,13232193.23,7376727.435,10712798.5,8799891.335,7576270.413,3258082.441,5202165.228,4547703.16,4560750.866,10797197.21,10780918.43,10759449.14,9560412.761,12721111.8,11274265.3
Com_11601_pos,22739531.17,9627724.249,7097225.31,15268267.53,5756081.24,10315636.47,8919155.202,7423384.823,7556065.832,3754684.794,7627017.958,15595703.92,9272052.682,9579862.268,8749401.353,5897303.541,9736343.495,2900308.195
Com_11613_pos,36868821.19,15644324.58,27042793.01,50396620.56,11960818.26,10283351.19,30324200.05,16046750.69,25724055.34,19449654.64,9450890.511,11133199.56,12676931.31,13310413.93,10255739.3,13555284.25,15496770.93,13594928.23
Com_11743_pos,330600.8831,3936447.632,4130475.244,294498.214,11090329.05,4685222.139,390392.8678,1275210.542,10421222.22,3558034.731,6527626.427,6835546.323,10132493.31,11355794.67,15611621.31,7231488.715,12241221.15,17850026.14
Com_12001_pos,6073441.05,40999504.51,36766564.64,15051868.1,20555037.47,115357011.8,35042888.9,54508996.34,65227843.29,60124687.74,27046107.53,24667777.55,23687430.38,25836551.74,23017217.36,21148973.43,15283106.14,16240018.49
Com_12375_pos,3267964.942,3772115.824,18259587.28,5281092.411,7367357.995,17244885.39,15073918.99,14916014.98,7169972.663,5409813.748,8498305.095,12030333.7,22807188.69,18685351.86,17285295.37,6534042.167,24823702.18,19515763.72
Com_12451_pos,2591305.475,9858462.465,5574610.554,4141379.543,8211680.999,17889146.5,6962798.187,5496951.784,11664230.58,8725303.225,6494302.754,5929578.334,12611131.19,14091228.17,10165138.21,14749940.04,10809097.49,11030360.92
Com_12764_pos,12024002.16,6758988.014,7667581.139,7445525.191,8814121.137,8107572.276,10827989.74,22750509.87,20842840.54,12208435.13,8059258.422,23199544.79,6013917.114,5869774.294,7075443.981,5956400.447,7872576.028,3489613.993
Com_12890_pos,5447073.644,8577425.288,10334810.68,11588772.98,28502712.02,2310746.546,12809532.53,97403917.07,12586930.96,18857471.17,62229511.48,50202333.55,8441295.452,8066697.308,20499628.2,8873461.092,36775557.45,32692407.88
Com_13007_pos,670224.6478,4543795.318,6198344.506,462648.0731,19118634.9,1434067.729,770998.4308,893686.0619,6637125.02,2867994.731,1333103.692,1546221.507,1547517.622,1431416.563,1665968.852,1695331.349,1520825.44,1899146.421
Com_13025_pos,13357845.53,20258357.43,35459636.37,18981856.78,18953969.17,8568652.231,85083222.73,30744706.67,20053982.29,15827541.8,22804079.33,21836030.08,19189191.08,18520202.36,16000996.66,20659654.1,20697268.25,16229587.33
Com_13235_pos,21121633.35,41265719.19,48084523.29,24911456.43,35804409.19,26727061.22,52669176.42,45937035.76,77068960.24,53144818.79,40730037.3,41769473.17,41125901.97,41575674.65,35206280,51708687.11,45169797.26,49415748.18
Com_13257_pos,1815175.562,1114126.037,1700640.527,5608359.736,1601809.132,1331815.365,6109944.661,5599200.566,1603053.312,1303381.775,3046780.281,4958558.269,1483677.19,726119.8221,1092181.286,920407.0957,1698928.571,1036131.032
Com_13387_pos,720961.0748,3493020.712,7295550.303,555527.7709,7849754.24,1628924.356,7826029.288,13771539.84,14353387.32,2335124.984,14985428.24,10622539.73,11921910.46,9561575.707,11518061.48,8721153.373,9429189.128,7751993.376
Com_13552_pos,34300851.71,77782150.28,50608662.95,61468576.57,50490117.06,40826018.53,32127751.3,35622548.54,22911296.03,21042370.04,35385862,40491649.32,19882022.44,19285358.98,14366284.9,21249290.51,16446758.83,22301204.05
Com_14573_pos,5710110.757,11413684.24,46337204.47,5375862.912,12940156.58,9568365.424,2064088.856,6002355.9,2340721.888,2069700.182,23343777.67,13541120.02,1092991.266,1106367.178,1084856.862,1219107.578,1383015.815,1255831.264
Com_14583_pos,19025037.49,13547010.77,19594172.31,21529528.71,20503070.97,17372149.07,24712089.03,18216507.62,14366510.5,16380620.39,25619898.55,16881701.12,14400126.06,13930811.27,11861341.85,14157692.39,17854393.01,14138679.67
Com_14717_pos,7848052.569,5532609.878,5420855.568,17816978.5,11422842.58,13378246.38,7513239.261,17649406.19,1351895.425,8803311.642,17710558.61,16841379.41,11960261.64,10340986.32,11241568.15,14496387.89,10851150.2,10293886.26
Com_14741_pos,20994484.83,21736631.6,28682432.6,43068382.55,19756735.29,13338398.09,47924574.98,24121094.19,14855371,13085813.97,41112161.12,18022024.26,28803722.08,24566740.3,12108774.82,21607701.09,19460321.79,8088387.787
Com_14980_pos,5481398.547,11847853.32,11766088.52,2898023.644,17183179.71,20469366.07,8644627.84,9514774.743,11214827.53,12621381.43,26235249.71,13805311.41,15831477.22,17562988.73,18689849.3,16696991.45,19818318.8,23631185.69
Com_15002_pos,40584269.47,14882490.42,12085897.74,34693204.91,10496906.29,4863503.195,15079206.19,8916683.818,7829134.285,8935578.356,10638887.59,8060697.047,12590255.44,12086602.46,10989266.27,10511895.17,13978719.6,12961730.02
Com_15268_pos,116562104.7,51702920.85,56653718.54,95189676.11,31685516.53,29550034.7,47511966.39,55027647.97,34124617.33,42829898.51,41461231.93,35262228.78,56604446.31,37294507.56,31260372.64,34124666.98,48040285.27,43744866.55
Com_15484_pos,71299659.14,30728685.06,53738384.28,84548265.96,29704413.55,23451630.37,47324401.7,30524782.55,17728017.5,37211631.91,30521286.01,31740382.76,34161454.94,34943621.05,35685465.4,36961889.63,36670316.1,6764432.832
Com_15597_pos,91689530.68,76126354.88,104174880.9,131449814.6,115909896.8,15734814.68,162506137.7,116058559.2,38338881.27,35671753.01,74198162.59,70686016.74,22485654.01,63889325.31,56339962.87,30028502.15,27856880.63,18260619.45
Com_15773_pos,14169819.98,23335574.34,22684040.47,17105825.5,23282093.96,16422212.17,18539438.48,33978693.29,48461841.21,14266469.1,24097537.18,26226418.73,8961121.257,10738274.36,21172773.57,22836827.62,18109152.96,24758255.36
Com_15809_pos,2301971.332,6508660.251,12198860.15,545765.8164,8139353.113,1265773.529,6011487.011,8066297.155,25816871.3,2729251.596,8552999.994,8175733.101,10510479.25,9241663.765,11672883.76,12713242.2,12559981.69,12855642.35
Com_15858_pos,1566513.317,1009170.452,1861056.61,1344179.301,2247913.045,11496745.97,4678694.805,1760065.612,2404919.105,1895198.089,2554663.554,1930986.343,3844026.019,2115512.17,1323054.336,1684000.517,2545864.435,1441573.607
Com_16108_pos,62478917.37,8083260.151,23915838.33,41433757.89,11804602.48,9953745.902,24662004.28,32874538.56,9620924.715,7014218.251,13801508.93,15218413.16,19322440.76,18259937.98,15786600.42,19117242.34,18129713.19,14874278.34
Com_16202_pos,366894.2092,5995739.608,8843487.338,313187.4358,5249751.803,2907393.734,696159.4925,783275.5109,1585121.413,1456113.496,2014089.086,1350611.253,2904742.842,2315928.145,1550758.012,1527472.565,2507274.719,2171006.208
Com_17544_pos,1579799.276,4928780.166,2179733.275,1684616.751,6258886.654,2430799.897,3085853.882,5980295.116,16673418.2,13703096.23,12876895.68,6542285.326,9547915.542,6713740.398,4747152.385,937482.8258,2743197.605,3981035.546
Com_17748_pos,2401886.519,9530676.246,13371257.79,4473569.86,8618433.142,3279395.962,12233703.08,447331.5922,5478819.89,5141802.657,436458.5961,392287.6355,26486510.82,26131017.57,50974374.85,47234696.54,17355603.96,15557573.92
Com_17808_pos,6031093.803,5923926.815,6855498.597,10102699.88,13401206.08,7496262.444,7231554.659,8885948.365,17610242.82,80674566.44,10784652.65,6713923.591,12440296.5,10068742.35,17719350.44,50369155.62,15567442.32,11779718.38
Com_18756_pos,2274485.863,3209023.831,851240.1915,2651887.965,2652049.443,5324561.276,4424443.957,4284275.296,7028108.805,8730096.316,2643296.27,2771695.768,2883693.476,3455330.542,2965660.439,3153421.445,3168600.142,2214461.359
Com_18956_pos,13667311.57,12441484.13,8251127.113,1219012.239,6967440.407,5152363.337,4978887.225,5354833.641,4954326.899,3813993.352,2976992.988,2475921.241,5497038.007,5332940.779,4799388.31,6151512.5,782001.148,6418399.919
Com_18992_pos,13122037.53,5530896.16,3630244.357,7676879.543,8211244.785,7300573.955,6722435.342,6959852.005,3478129.195,4122355.958,6665468.816,6035672.022,5390460.191,4710234.295,4697899.303,2878924.273,5423852.913,7209520.774
Com_19306_pos,857845.8359,6804094.727,5487516.398,4416198.074,2976856.447,2279292.345,12899095.32,1760155.744,5369399.631,1511660.894,2126193.201,2626943.852,2053274.347,29247682.65,45469275.22,36251321.66,11620907.65,9897103.903
Com_19551_pos,84376882.16,41839055.96,66051773.86,94831237.14,133301449.3,49306155.94,89748677.37,60387897.47,145408593.7,77965576.25,72179091.39,66017969.52,112863769.3,125847433.4,137462809.6,125149222.6,98190346.71,86022149.14
Com_19684_pos,16127600.57,2249838.31,400495.9244,548051.6932,8794471.592,325617.2207,505053.4572,450437.6113,661775.9349,881794.3984,3265008.206,1402108.983,465435.2938,518897.2182,435564.4506,531462.2622,450862.3558,439742.5026
Com_20127_pos,305513.1629,493671.2038,421799.2375,369304.8713,269606.6084,1016997.838,5826847.556,16842820.43,364407.8209,411407.1708,3793257.988,4194668.089,214158.4728,311817.3862,249275.7868,245469.688,230576.865,319321.935
Com_20817_pos,2191568.943,13830255.91,3195269.699,6439763.764,7634609.119,33986679.88,4943456.457,4919687.435,36059639.3,30789017.76,2514519.355,2494037.44,10734682.07,12801841.53,7634376.017,5826008.841,4762592.873,5829196.009
Com_20841_pos,1493894.378,5874848.53,5671258.194,3740826.185,5795516.79,3829657.077,12772991.05,7850382.771,3911528.641,1295036.062,4653225.498,5720897.1,5000508.256,6357886.829,5912904.043,6660782.051,6106422.767,6009433.448
Com_20865_pos,22885824.18,34796072.99,13205587.17,32176092.95,41069362.76,12493879.9,33408545.29,23030431.53,18204535.69,12717979.18,51829954.09,25601441.47,39959331.49,41674121.92,29651217.78,22091210.96,36504432.34,31783495.26
Com_20958_pos,12802679.45,6530864.257,8573612.234,11168333.3,5482938.409,4955716.08,8596154.13,6595236.911,7524044.42,8483293.82,4369551.649,4573580.611,11356861.63,11036507.48,10403315.94,11033769.68,15467639.23,12650553.37
Com_21034_pos,4838031.241,877770.6867,2960443.503,598462.0408,3280916.899,2550674.666,1570116.442,1922389.173,3183973.248,3103388.583,5176212.271,3223276.953,1077413.029,1350442.871,4839874.341,8092039.071,8131670.147,3955789.467
Com_21202_pos,2907155.715,2770398.578,3293518.382,10197206.1,7825763.626,3869400.873,4726077.93,6187489.938,11083879.6,46129631.46,4626858.276,4160142.433,8002817.816,6750694.972,8476032.477,21646033.92,8092104.242,5907174.657
Com_21354_pos,712021.0827,8756378.977,985960.0892,561300.6886,6063522.08,5313943.042,7092179.157,5641782.629,5558066.654,4007762.592,1389984.292,8193515.665,9263962.495,8556858.358,8743595.026,6522616.45,7175726.991,6736849.217
Com_21435_pos,48462630.73,11704441.06,13233522.91,40445657.82,10397021.05,10286184.84,20727359.32,25119649.16,4208802.4,3023672.158,16062425.87,12758858.94,10767933.68,9004085.579,7914487.94,8195260.918,8992647.691,6704579.819
Com_22401_pos,14029153.99,2462734.039,3838361.295,21552401.36,3493003.346,8027315.174,5219450.536,4167866.436,6299946.633,3308979.482,3482857.665,4345223.064,6002381.593,4575077.439,5062329.367,6323268.788,3809401.219,4373892.838
Com_23309_pos,64338399.34,5292510.722,26251594.12,49903903.05,4618436.636,40632044.19,6595992.409,2305255.675,1495327.084,1355980.232,8242728.694,7569720.21,1079447.499,1098629.613,1076312.773,1125392.91,2404215.414,1095507.526
Com_23897_pos,12625586.61,9423787.359,14046587.38,11723347.23,4056689.766,6121073.185,11925204.39,8514371.898,9723516.305,8133311.849,7863976.18,9356773.664,6071486.49,6342082.857,6380650.192,7776369.225,9521387.721,12657411.62
Com_24740_pos,485410.4191,17254585,9674530.532,7543623.384,12228683.2,24406175.82,7378661.631,10435064.83,9308449.22,6890383.495,17452122.66,14260686.88,14140967.07,12239845.81,16034530.12,18574492.07,10104656.9,9963471.871
Com_24852_pos,8635679.867,5865046.154,8720136.874,18303602.74,5445542.468,5868421.692,9173576.326,17353674.45,11796752.54,15106853.67,7866020.87,8150038.088,5648276.863,5156434.114,4439553.378,4895036.373,5508544.096,4953384.481
Com_24861_pos,2522767.845,2626944.949,2540640.11,2527461.018,1982812.891,1405413.139,1508745.467,2171746.501,1388664.567,1434922.757,1725361.075,1853344.372,1316031.787,1411916.336,1424656.149,1622731.196,1714791.702,1581724.689
Com_25278_pos,9018245.944,3615507.785,3377322.604,5636859.075,4298105.021,3582820.778,9890607.554,15224902.42,6428681.433,6133857.779,15402311.69,18318724.03,5207474.637,5474372.163,5942356.756,5591096.288,6006874.6,4940579.919
Com_25399_pos,1520438.085,20227108.93,10978875.13,4030404.329,8402826.362,17533101.78,7672451.551,6310959.658,25135829,10422627.03,3227169.921,2403491.143,5749351.676,6684645.17,3278726.61,5040885.312,4732636.068,5431440.113
Com_25509_pos,115961189.3,3928085.447,20481861.99,2202720.213,2033526.538,2121775.153,6559967.196,9484738.625,9921677.993,8449567.179,15735945.69,9078825.821,2779600.002,2469788.883,2473460.936,2322601.507,1281154.974,1926562.949
Com_26287_pos,255047.7649,5577192.914,5771900.724,333892.8939,2117551.661,11524879.43,7621158.299,6180045.789,5543057.619,3639746.162,1399547.391,2117925.341,1147372.109,1709681.38,779585.941,2088131.607,1022302.903,1322408.576
Com_26744_pos,586240.982,3690349.662,18333183.13,1292079.821,2688417.716,844047.8695,12995130.15,17804087.61,7892787.055,3793593.826,29687241.98,29267958.81,8566936.146,7335927.124,1844781.594,9655574.459,6180483,7649205.153
Com_27138_pos,7615813.01,4348307.57,4084917.371,4457837.039,4738700.385,421684.6187,6237962.821,4473890.268,2704914.82,2720380.826,4287921.19,3988509.542,4397871.511,4749421.984,4439087.819,5031898.996,5554877.691,5034253.372
Com_30673_pos,1066995.278,3414462.273,2242529.326,3895420.955,5507210.689,3255826.971,2727625.703,3981848.027,4958724.012,2761621.425,4157380.037,2913945.499,3078166.721,2777143.747,2282695.785,1384867.003,2416895.458,1520057.672
Com_34581_pos,4636523.702,1915250.231,2901791.266,3388402.638,2680133.364,2049281.324,1653939.977,1429145.378,2253944.89,2734233.507,2733915.777,2537187.9,2220867.49,2270247.739,3052832.169,2265196.71,2084092.446,2993703.467
Com_35031_pos,2263202.756,13020261.32,7150421.868,410962.5505,12114472.85,91081310.23,411277.1152,1403126.431,12483726.92,18884486.2,5002429.645,4214507.49,7388652.411,8118689.217,13400020.77,6131232.296,6252873.443,8611409.279
Com_35296_pos,1367774.086,1393740.028,1574627.925,1543641.862,1252858.783,928314.7746,4706251.889,1037459.578,1094258.365,967559.0891,979267.5494,1155387.496,510959.8208,474833.4984,507157.0879,569917.6279,646542.6898,587085.4942
Com_35329_pos,348273.5111,2107358.322,2259910.798,441494.2982,4315104.223,952275.6568,602289.0182,1362369.49,4609597.362,2683972.855,1638439.114,2045779.226,925448.178,1032631.042,1776969.153,1291298.339,1437089.807,1401146.675
Com_35540_pos,7280062.826,3709627.529,3660913.705,8030558.528,3457190.5,4477661.943,4737289.696,4657517.347,10886583.09,24849792.74,4225679.211,4102954.813,4192436.198,3897300.577,3800291.503,4175634.767,3762985.866,3586635.976
Com_35550_pos,3273583.236,1479106.87,1968770.586,1581836.206,1915568.338,1363616.179,4979388.87,746901.8426,7635658.048,1750314.627,542275.3437,544324.3228,4961167.424,4682250.035,4208908.151,5106709.969,6413562.861,5149174.411
Com_35806_pos,23694926.6,6027687.764,13443245.24,14506726.7,5998239.518,6205621.757,1368644.175,6030060.757,4034157.868,4440786.942,12253376.06,11992243.38,8012743.96,7210769.724,6251098.634,7967561.945,8025867.216,8255098.225
Com_36809_pos,3471224.416,2315382.049,2135093.696,2628926.288,1878620.96,2966974.13,4205814.617,3179235.968,2774000.213,2968205.97,2200157.94,2199931.831,3801874.006,3802255.405,1576372.425,4029522.013,3594880.452,1207939.633
Com_40461_pos,1612519.393,2995004.482,1898182.424,1295495.368,5835163.002,2667768.637,831185.5295,1243977.755,2978581.002,815640.4977,1021388.306,913934.9328,1040227.644,931064.2133,979049.9569,791199.1338,561264.5623,941947.954
Com_40556_pos,20345885.77,11304535.7,18592337.79,22387860.72,12454780.5,8285814.247,33427390.54,15370228.3,8925619,9037874.991,12492088.36,12178551.54,11416857.18,10725978.11,9977029.727,8987309.208,11986439.26,12031856.89
Com_42506_pos,3178148.514,2206886.934,1891441.088,1801953.307,1336645.818,1743337.751,2495791.366,2098352.569,1621443.915,2745887.62,693996.2281,1062283.624,2800171.96,2009457.663,1380994.96,1691855.648,1719571.407,2173305.799
Com_44029_pos,477384.4561,14103935.86,537127.8365,628360.286,11952507.33,3499529.165,3485149.9,1567790.106,1007692.677,711232.4589,891905.0636,1037868.109,3781305.142,759634.3696,4761344.692,2678769.056,7891093.605,4981455.883
Com_45323_pos,5608093.612,5527983.094,9110796.911,26937996.73,6298208.906,3926961.819,5995747.307,5391551.56,5108236.361,4919017.669,5985097.925,6412128.273,5168130.848,4938438.982,5762644.498,5396131.119,7109729.283,6332817.955
Com_46475_pos,463202.5679,640803.9913,681285.7368,1293284.1,1970771.602,3239043.653,1750658.803,2455744.671,4144761.137,2137145.458,3317047.417,2426383.754,1820088.641,1955927.794,2928150.746,4843346.397,4216767.367,6395314.451
Com_48700_pos,1852237.334,1501413.876,1241755.42,1402482.811,1352939.253,729918.0344,886676.2408,2149313.961,1203175.767,1009335.351,1748004.335,1953904.956,3418941.056,1940911.116,2595634.666,2009888.704,2673301.361,2028785.289
Com_51469_pos,37032604.16,10135632.82,12393130.57,14231891.7,15154860.78,13388852.26,10662166.35,9060450.656,8840290.509,10631176.79,12644263.6,12374000.71,13655169.13,14306188.92,14738262.85,13275784.58,17374140.58,14480135.17
Com_52049_pos,1591552.855,1225342.452,1354588.015,977511.4498,1208153.538,978897.5478,1035656.851,1289343.756,863111.5722,840567.6459,923809.5842,896979.8204,916542.0629,842024.5059,1576068.961,912868.9673,952892.7027,896641.8688
Com_53470_pos,485400.6525,1083112.234,1449376.993,1219671.348,1956473.342,1335111.143,572433.2291,772354.0182,1730712.817,1957278.285,2207864.343,1840016.406,1748230.263,1673962.991,2357966.682,1727963.047,1675329.451,2153175.476
Com_56421_pos,2925556.107,1550738.026,1583008.983,1881742.827,1751983.611,1066615.141,441595.2422,595152.9189,1248300.927,2468937.879,1020564.794,612114.4507,263991.9109,390702.9837,763098.1458,634507.5543,911590.0944,662201.8682
Com_56771_pos,9520971.559,2662574.85,4362861.016,6366235.801,3438779.964,1602343.406,6673821.031,9011911.538,1537989.438,2393818.478,6510762.909,7153663.806,4342988.918,4660401.751,4057272.494,4038212.703,6140712.117,4754182.952
Com_60476_pos,843120.5839,510940.354,585485.7139,594431.198,393689.4446,481139.2286,654271.5104,611906.0754,527622.9486,602745.1033,356361.7507,401191.3074,599927.7967,692591.118,529592.2984,612467.609,607147.1393,649148.5292
Com_63397_pos,121261.2428,1707544.353,1064129.912,630207.8056,626723.9887,1129711.037,8989238.449,12566412.6,2987182.796,4009643.125,7423041.676,7820041.003,686306.6441,822865.6137,642927.8389,340357.1433,683297.3335,814827.4239
Com_63654_pos,3687057.658,11862995.08,12733368.06,2638093.494,13944947.36,12978266.6,8029603.08,9569581.928,13594130.42,15622595.69,13556618.6,14409866.57,12790674.8,13515952.79,14181310.65,14997900.91,14359158.99,16813371.87
Com_67070_pos,1144084.126,471168.7647,1590178.475,1877353.075,892142.9407,858311.6956,1314466.057,909328.9456,448909.826,368060.7669,863911.6391,848184.8633,462942.3093,374755.7972,541174.9995,589990.2823,459082.3956,585512.2046
Com_68259_pos,375280.8045,256376.0308,210463.9715,189078.2084,160636.4987,214749.2646,212756.2702,438091.3136,1296788.603,204676.9936,434468.4533,171395.8339,134929.5526,166093.6887,162707.5829,138490.2179,149874.0874,155500.6517
Com_69279_pos,207137.8743,246552.2634,268557.6824,252912.8759,430282.6979,283223.1322,397418.5297,524334.3386,617681.6626,512261.4362,385746.6184,376776.0228,364317.4903,420674.7833,263245.4676,552788.8948,280149.1512,584930.5796
Com_42_neg,22094619.64,28211595.27,26640451.7,35106465.86,31481926.87,48420088.84,74471453.78,30803367.62,100229830.7,78818209.78,61812916.6,50588277.51,25654364.2,31168829.59,34675782.55,82047964.22,52683105.44,39835279.17
Com_45_neg,90894952.44,728741626.2,731956750.6,1176669565,1008756024,176501810.7,988525491.1,750927390.2,4595588082,741626646.1,753306861.5,759067716.2,1635457007,1582602628,2322199747,1862489960,1966805331,1801175149
Com_91_neg,16308182.15,368171534.1,316518474.8,75908516.45,368622414.9,144043509.6,1912678856,1619340492,151036460.7,313490674.3,997485915.8,666037108.2,273947515.1,232326047.5,190984331.9,144176485,230447951,209761969
Com_130_neg,11475854.65,11986978.35,99076230.81,469819559.1,17309471.74,12543173.41,32716826.11,49889521.94,36895048.71,17498192.23,19268112.04,16663685.61,20907848.5,24988436.82,22004811.97,35393126.83,15412549.26,24735254.02
Com_251_neg,27474144.11,145929508,51601368.29,35653768.16,1382700931,241590736.8,64093015.38,31731739.01,212615479.8,203952824,137481349,94580114.68,210764929.9,162240165.3,146183684.2,123980400.7,145064552.7,138124683.7
Com_415_neg,34552322.41,201723820.7,57395872.76,241308002.4,416570837.2,122785661.7,262920477.1,292006005.2,298588811.9,529573244.8,260311301.6,238740307.4,239476233,278954441.5,355555979.8,365327231.5,278943165.5,308402582.4
Com_504_neg,5258041.972,11492975.16,16810273.33,3650135.186,12337072.5,5868804.413,205695402.5,55124182.72,41436544.78,73789603.46,42837891.28,21536008.12,28083671.87,12023459.7,17909068.63,20501945.97,28015369.61,15231597.06
Com_513_neg,15597667.04,153969532.2,106575751.3,85157574.17,82261466.02,26753040.38,128436320.6,50964723.13,41021862.5,38076162.7,98428448.48,94685709.44,162411992.6,167187337.5,154804430.5,150961859,123246193.4,109535647.9
Com_612_neg,3519005.265,15920710.25,8504295.155,167250634.7,33242663.03,12236764.91,17407116.01,25889150.37,26173104.66,17992803.77,7426183.101,6258019.806,28333762.65,29737748.22,27432128.03,64667328.95,27522075.04,29172221.01
Com_629_neg,732267.4524,29126525.57,2437380.651,1890794.401,59312538.56,30499260.81,5123962.597,3778780.109,9708572.612,6939743.879,102548665.4,80517518.6,59600878.72,61634505.13,26451078.96,59491047.44,45249805.85,43662326.74
Com_632_neg,3272825.913,98851782.16,74221527.19,104097017.9,43801317.77,5374966.685,189438626.5,46828402.98,323150632,158034820.1,64082222.13,67853081.87,150933912.6,159130837,266505903.3,166283792.5,149534337.8,159336545.4
Com_790_neg,4753374.887,207978632.1,54610819.99,11747425.58,115250167,33501820.67,59899413.23,71240027.34,50948519.05,39091560.64,86472780.13,75918012.1,51356990.25,57131243.71,40961381.19,49947714.65,40462669.28,47999630.38
Com_931_neg,2562918.07,254648645.7,45192372.86,9231806.538,184286604.4,65125612.57,212970751.6,322179686.6,85145473.22,80629836.68,67391195.61,60071909.75,28321559.03,36334967.44,66437363.22,83827760.81,36389677.18,59413121.51
Com_964_neg,20391616.98,143329225.1,55800835.62,64315416.49,90964096.42,142488387.2,56400575.59,68762424.64,25561894.83,65912132.97,47455392.81,19000236.11,60555621.34,42182101.92,73158784.45,53607966.23,57571566.35,56002634.89
Com_997_neg,7962945.225,8922469.37,10127861.97,91660866.85,12469197.17,14739611.62,11367913.06,11946999.96,15951076.4,17864417.37,12558767.09,13020544.38,18737582.55,16770194.55,21683097.9,18759115.64,22935273.32,22502812.51
Com_999_neg,280923670.6,65143976.58,19603667.45,46483587.9,52876143.89,182404982.6,15762094.28,12651416.67,26179923.96,22235701.07,9996115.527,3772613.227,49357372.75,51020699.09,30247556.53,21984886.2,23102437.51,26341953.18
Com_1017_neg,106954504.8,39146702.7,17847939.25,14631288.47,32183574.61,57250697.14,20055567.47,17054008.77,14341141.27,35387644.32,10526232.37,8463200.654,31972255.09,31848279.12,41720947.33,37760678.04,14603001.99,31929491.63
Com_1122_neg,6970868.554,11508939.3,48713452.01,83473507.79,12447720.57,9369557.949,36328553.89,15409844.05,12722266.78,4299053.178,40697678.8,41671941.45,22458128.13,20413961.18,12371952.93,10260017.05,15604338.84,18642810.71
Com_1179_neg,17487805.02,19624214.29,25978733.62,18822031.49,30864645.82,54364605.56,61576607.9,46969635.13,127512447.1,51181115.06,21034246.19,21341908.39,81431946.31,79457774.74,73149137.04,101139098.5,57828042.8,59837838.72
Com_1255_neg,873416.6023,6487366.481,5281504.589,1272255.003,9727179.94,5424495.515,20865838.52,84262623.19,8877606.306,11390403.6,6172721.838,5408131.205,91578698.02,88400117.23,36426157.26,49592156.77,24753855.25,25875466.71
Com_1274_neg,10198545.54,7812750.805,15061068.75,8260069.443,16144039.93,16509397.51,27183635.74,23477771.94,32440568.03,25057468.51,13368565.98,8739044.271,33119974.73,32590565.49,23688696.14,29668872.95,33837871.67,32313184.17
Com_1305_neg,13402657.23,34383794.38,18464516.46,27887316.52,30286729.08,44025493.35,25527489.54,18312991.56,40646365.68,35603167.54,6514384.242,8036486.544,48740931.23,55435584.07,47471087.48,54937419.52,47979707.95,53501325.41
Com_1310_neg,4718717.699,51317681.16,41153930.1,14149149.61,66840361.1,76434888.33,36602273.69,83503913.98,34004557.3,32922140.99,40566502.81,37715450.35,21295649.23,21671334.81,22443027.6,33039341.99,28014164.26,38070481.53
Com_1346_neg,127982544.1,400593301.5,314226647.5,106504506.8,428730797.9,454194286.1,382726313.3,272611889.1,535148993.3,487718031.7,172689439.2,195623541.6,513811971.5,578439611,433776571.4,486678003.1,531185063.7,449907712.9
Com_1661_neg,31934506.12,63156385.92,57986626.87,66903536.48,43293288.51,83695736.96,31874761.47,27800777.83,56474506.55,63461994.06,18495016.29,13196284.25,55606177.35,35623624.99,60036949.15,64923742.78,48091724.14,58983656.93
Com_1776_neg,6042670.981,42853991.88,43638859.55,30996275.53,16181028.5,15309109.98,32929873.89,59004120.6,17638856.92,16077579.22,50911236.57,40033279.55,13358045.56,17650813.52,22410513.64,16849666.77,31457818.65,20164855.09
Com_1779_neg,87316582.95,278488956.8,290045686,137666851.7,37399551.73,515434910.3,388213383,202073891.6,414758693.6,221714765.3,206188132.9,302086254.3,309460912,285732735.2,324610387.9,430488328.9,434447543.4,407182726.7
Com_1864_neg,5184526.881,18088476.85,18954284.78,21528841.61,29230725.3,13920776.66,23395904.76,21417551.7,30524477.97,31839044.79,14277693.08,13603510.18,63927049.31,56286619.39,49082544.54,63255076.31,81247660.22,80867545.69
Com_1914_neg,27195059.77,127823329.1,31720586.33,30384916.1,87408200.69,229899044,47593914.48,32438587.77,48508004.3,66398581.68,30305893.91,42813586.27,78979095.59,102597572.1,68105782.15,68405112.87,48902452.46,78677328.22
Com_2013_neg,1192244.337,25452209.23,32341684.74,40258918.31,30177456.69,10048307,35265755.88,21075642.95,41387928.32,32841380.55,20823543.74,15797649.8,23504750.34,20244555.65,22779588.01,20063052.47,20823029.03,19402739.58
Com_2221_neg,6051242.341,6864362.144,11703741.96,6427158.055,8906564.941,11613456.88,17952159.05,17760616.24,17406659.56,16970995.27,10841193.45,9576862.308,19043676.16,17788924.34,14379502.68,17212139.79,21757418.65,19689038.99
Com_2232_neg,3754591.24,11205394.74,3961256.843,43762439.46,8426124.533,3649852.503,67972871.25,8277635.404,20149922.19,8445739.289,10517236.99,15156122.46,16754412.72,22605338.17,17105728.89,29974725.39,8092616.366,10798117.15
Com_2728_neg,22623859.83,9684765.807,2129019.209,13229388.26,8044053.535,73611064.09,3362510.414,2152214.62,40125018.51,30785610.67,4025198.042,2471818.451,14818382.95,16942243.78,11839380.24,13031937.02,6179341.412,8161439.709
Com_3177_neg,2408551.18,19263950.07,7226294.344,5691550.652,17644378.24,83908994.17,9848823.107,12064601.45,14464721.42,12463235.49,21960552.62,23634663.55,18776445.15,21356155.47,17192935.6,18050426.02,13702616.27,17764654.26
Com_3365_neg,1591968.892,5878983.327,5971136.156,4963143.395,4381416.719,4254309.138,4342691.227,3118842.713,5515961.202,3924443.939,3409594.876,3582834.871,5091931.779,5451157.465,5252514.627,5772581.095,6285786.714,5984968.782
Com_3615_neg,418690.7668,1760432.539,1771791.549,1544383.281,1230235.446,1229404.819,2418404.196,11371277.64,1437603.927,1529192.105,35026747.15,35859150.46,1159444.584,1149084.319,1573741.753,1497819.716,1939822.263,1640320.337
Com_4574_neg,5913103.118,19444000.94,20462501.26,25468126.14,40890642.48,35187940.93,16583992.94,39429989.15,25802091.69,24538077.4,16208725.79,19484636.15,20410538.55,18390843.98,14800703.43,22337013.59,15120962.68,18749592.85
Com_4712_neg,655824.668,1630723.991,2575370.39,1717000.438,1435663.072,2034462.741,5971648.511,4315504.765,8792522.062,6199895.232,1998097.713,1868247.148,2549501.768,2206237.797,1352710.994,1672008.731,1731615.304,1580297.403
Com_5077_neg,326823.6116,946555.7875,1265078.608,28438098.48,1648297.003,9106199.846,1745618.319,1858414.736,1987289.665,1548284.24,1011094.65,1067073.316,2252436.627,2238404.117,1001532.133,1886971.22,1680933.126,2203349.308
Com_7233_neg,4146320.399,9460355.68,19963888.1,12974461.75,11728802.41,8104451.412,12855409.61,20536064.33,6861710.416,5707487.316,11764395.27,12447577.01,12002684.76,12001659.48,8374290.169,10057392.38,13712852.27,14929125.12
Com_10173_neg,114065.9486,4883640.662,4044382.611,210453.132,11634373.77,297217.2789,5570369.505,18081892.6,9325381.794,4200245.279,24505773.12,20956991.68,19647626.35,18134871.77,8515687.939,18763872.96,9062659.767,17288068.06
Com_10476_neg,3551729.568,21228726.19,15759322.22,30048148.35,22130281.84,35899766.85,19313555.56,22624736.92,45886505.52,25070318.16,14337213.92,13116909.75,24076499.63,21221482.37,24775498.13,20894729.35,21378327.04,23697644.77
Com_10831_neg,1844060.033,1512391.276,5828056.217,4220855.948,5553537.149,3111455.222,1971118.03,2650235.965,8002783.84,8751747.465,5534919.484,2034502.458,6634869.107,10032018.84,9862911.841,11545406.18,15752532.19,11877839.05
Com_11113_neg,958552.4321,2559846.046,4905070.329,2955174.735,2502469.677,2795449.947,3022399.466,4538513.154,6662592.731,4558495.369,2406763.387,2724439.411,2793615.118,2313905.363,2028370.806,2513808.902,2908744.605,2437581.621
Com_11181_neg,2445538.979,9334307.213,9614023.829,7245623.241,12540163.31,7365301.103,11629833.73,10945763.24,10234912.08,11400015.56,8207365.297,9317294.272,14016899.72,13322858.69,12370473.04,11782514.86,13320146.48,12478161.53
Com_11626_neg,6730879.718,17809336.01,18877602.34,11056191.81,23501454.49,14557240.21,20966482.99,16939181.65,25189999.09,33702426.9,19485572.36,19660576.24,26167072.5,28601930.87,24008961.26,30643733.31,29268612.52,24185274.01
Com_11711_neg,2257801.57,8840485.353,10751434.34,10392254.36,9023754.031,3017320.48,10163751.31,7334961.573,8883755.455,8239421.18,5417343.565,4769213.83,9953078.875,10728546.61,8667747.305,9813031.613,9525689.88,9331321.225
Com_12224_neg,9690457.616,9768342.012,9237899.707,33666403.18,11059677.66,9083947.398,12681971.12,11361613.64,12954351.56,18695772.62,11548414.47,11571947.23,14691857.05,15219107.64,14192855.52,17751348.63,14132168.81,14743120.8
Com_12486_neg,995435.5618,14132302.95,10987399.5,2064528.454,15624749.94,9794678.861,10342106.42,6007585.562,10761683.15,12649947.85,3002651.757,3319619.047,17745800.08,18685800.27,16740001.35,18808850.47,14262346.64,15382522.06
Com_13087_neg,10846290.77,38705129.28,48190416.61,55257628.1,13152542.73,19181368.21,36548298.92,47458228.05,9067970.76,26402709.54,39685547.9,40531140.97,31354726.52,20407895.6,35911737.93,11157794.02,12306289.87,12666437.57
Com_13282_neg,1341579.747,5457667.091,15014551.04,8377629.12,5453121.834,5674959.055,10126025.95,11388441.66,6923209.259,6726567.553,8193488.352,9336559.578,3701007.221,3879331.741,3932502.626,5321691.512,5087455.064,6067021.01
Com_13812_neg,3885516.119,11690723.36,8936778.928,19879487.08,8127242.045,10650672.67,12618609.23,7987089.044,15128834.24,26092493.96,8545738.019,8338288.08,20768239.02,21509633.29,20733869.3,20116139.88,13840744.23,20349962.56
Com_14406_neg,570437.7988,9178427.34,8601057.13,2206226.984,10044579.29,9235437.17,18461038.73,21299801.21,13326068.92,11917083.28,6393006.421,6919680.157,5615877.35,6491588.506,3814919.639,5737364.693,5039766.681,3421488.019
Com_16648_neg,4173081.846,18687219.47,25129676.49,8698476.119,14235448.79,12431031.75,20625163.81,14303672.82,21689912.78,21135732.82,13457257.12,13301656.71,29618733.01,34420622.4,20392600.94,33212487.44,21763817.69,24636454.4
Com_16759_neg,1362483.564,15701794.94,21169949.53,14644967.42,17523755.48,15888684.46,12721512.51,19897157.22,12099741.21,4034464.451,7620158.511,18930448.44,17405285.95,11655964.48,22308441.73,17954238.56,22444449.83,15633414.76
Com_18553_neg,901915.7991,9489101.409,14428043.55,6850988.797,9849232.964,6290837.417,7900882.752,4441569.281,3967221.739,10667818.86,8807638.206,8861453.239,8619772.108,7727178.905,12357858.11,8047793.298,15931080.44,11078205.26
Com_19798_neg,278883.2879,987183.4127,1120081.451,1033017.315,1434534.846,939253.5205,5139613.505,4344983.763,19366783.66,11198444.33,1090192.902,1003802.364,3199948.676,3800598.065,1288091.432,8312758.463,6461960.24,7151580.75
Com_19824_neg,4057543.278,8125655.983,8727178.537,12354578.28,7517573.794,7999306.648,8604913.242,7740383.57,10381437.68,10358199.67,7313008.638,7119499.637,9312352.846,9214765.41,9082115.574,9683058.841,12542799.41,13955834.21
Com_21267_neg,554593.9304,3408102.251,1198846.859,2317649.659,3154578.682,6969164.521,1990845.99,2048818.901,4387696.721,5991903.93,1645945.048,1621083.183,4806245.934,4531450.7,4009862.034,3063048.644,3392291.14,3459620.254
Com_21696_neg,862335.9207,2306344.989,2220693.877,6194817.23,2434053.321,2340559.888,7462808.395,9043405.708,3384711.555,3402534.859,3885286.607,3665952.914,4157857.267,4386475.346,3292365.371,3576115.496,3794713.833,3585423.24
Com_26029_neg,2880292.385,9139832.872,8134217.299,6462976.169,8927603.371,17623644.6,10033187.51,8078605.963,14558520.25,15733168.58,6962798.717,7114023.317,13949283.16,13813622.78,10299789.45,13325416.67,11392819.8,12942578.49
Com_27077_neg,74006.70341,2413605.885,2384084.46,145589.3943,8522628.414,198200.7632,2806325.106,6834117.587,4435320.862,2352119.018,9807443.239,9169890.781,7153940.592,6205307.679,2932678.203,8500535.753,3204959.861,6620872.421
Com_27099_neg,58760.04513,1631043.485,2204586.229,432550.8329,4494077.152,2856668.513,1994372.478,2045448.814,3510064.781,449833.2037,1610382.537,1785815.727,2015738.262,2361683.089,1410483.936,1708389.203,2448366.877,2194181.261
Com_30127_neg,4837555.205,20793670.22,17243591.66,37707502.1,10178423.74,6964653.58,12296968.38,13511991.84,24562933.52,16400654.31,9232355.46,9074714.593,17701074.34,18020323.9,17010824.33,16401463.19,18273688.66,18569947.56
Com_41305_neg,93542.7818,1047997.715,812022.4025,172587.6271,4272637.963,253372.0781,1034337.996,4082872.111,2497779.925,1289834.079,5903092.995,4552520.763,5186240.337,4377820.105,1472097.919,4582632.801,1986410.014,4373297.801
Com_44843_neg,91821.00818,374236.014,320506.2793,100867.2049,1954729.016,1019320.822,156135.2526,198908.6496,963142.8639,995069.7986,721796.2625,635836.2354,837687.0437,642171.7912,1362730.514,780843.731,711120.0569,1052946.303
Com_50844_neg,174499.5881,450084.0216,341397.5491,241042.1326,305502.7768,2185340.819,335836.4531,315960.6267,383949.0124,2982049.781,204229.044,2353403.285,275657.9187,326196.8679,261998.8736,309643.5543,314221.9708,330433.0718
Com_2113_neg,1396088.023,10805697.76,11988192.13,4703579.127,14633135.53,67493701.46,18942494.95,9945608.416,22163840.39,19352242.66,29481806.82,25756678.81,30359246.96,28802067.8,21775983.44,29699542.8,24814636.75,26677822.91
Com_3122_neg,7729014.135,96919392.32,110178034.8,7670690.787,71144095.12,45230808.3,121148796.3,92449888.27,239800472.9,144326668.1,90789619.04,79447578.86,98864792.69,108302691.7,77991185.98,138958752.4,110907352.5,117435748.4
Com_78_neg,10448624.17,207905496.5,99452800.38,24658687.75,158704260,1352488876,9808697.999,4941176.653,37919748.31,43165710.7,5284037.88,5413550.45,48238240.42,61405611.57,102048077.6,55204633.96,60264930.11,77355517.97
Com_2887_neg,20453611.23,7554240.394,4243294.563,18924490.53,8813160.982,33065801.77,5230518.768,2965002.588,18879382.79,14343552.02,2964887.515,2458044.012,11506203.05,12685731.58,10038625.4,10826214.87,7628252.616,10004775.65
Com_76_neg,204379425.6,896523944.8,664670761.3,1100980000,1697339922,65989660.5,2241749971,1501416591,1319350539,1247050692,1068220615,982081802.6,1903703132,1834222101,1744193670,1969019667,1463011251,1468727356
Com_245_neg,6288068.532,113772103.9,6924651.258,4254791.402,346341159.9,3930600.008,4200396.782,8444437.214,20672909.04,25884645.74,151185452.8,133864902.4,141315939.8,139131053,106715552.2,249331688.5,141902685.4,164764863.5
Com_2832_neg,6693040.608,50817752.16,19738950.82,39468986.33,27989230.96,14768148.72,18826120.51,15195997.13,23611435.85,13545955.31,59091933.93,48084277.77,27686123.86,42821323.08,217290911.7,196301027.6,31716331.18,32233179.77
Com_724_neg,109064497.9,816754266.5,577768754.3,95622484.1,336531540.3,194682709.1,695371717.7,489976141.3,1057553389,1123465680,503742286.4,436787508.5,1301152204,1616452863,935923111.1,1204177903,900408080.5,1143333083
Com_595_neg,2394587.251,338632071.9,145595805.7,22042276.11,153387934.6,75436191.97,202202313.2,160368980.1,188202836.7,274262376.4,137275644.7,122702761.2,230208603.6,400938480.6,280013281.9,227447438.7,116833919,175458693
Com_1348_neg,42094570.98,431142043.8,369833694.4,74228539.14,827088473.2,465832262.8,558338499.3,443617682.7,190775999.5,659964642.4,166416422.6,152315905.1,813150685.3,979709376.6,674141051,784849557.1,651463389.7,656972374
Com_374_neg,1488998.658,2956880.776,3473200.492,2777739.671,3730965.621,2644022.019,5990921.761,5143392.629,256494962.6,557100591.2,3562899.492,3984786.085,5408411.224,5391973.672,5375796.74,5302612.915,5565855.536,5321402.884
Com_265_neg,53965150.09,147953228.3,173435253.1,318035410.6,225029716.4,55666158.36,128106510.7,288698916.7,314707373.2,336571876.2,80111922.42,58309456.2,219750225.7,234672894.9,174953359.5,234032028.9,216802420.2,250597090.8
Com_1244_neg,5677012.082,23228159.32,202286501.4,5365697.676,59692592.23,35925209.7,60489737.93,61733949.23,30830843,12502297,23038224.45,31413271.37,54637223.56,45876146.71,38980037.06,70806524.5,50277220.19,56103410.43
Com_2143_neg,343982.7679,17658035.17,7835000.225,2548250.789,6975895.4,78036459.77,14499644.37,22235388.63,16853299.06,21466282.97,6224703.647,5400990.794,4227907.939,5316484.578,2253326.372,4529591.119,2582578.067,3450171.066
Com_10760_neg,38623657.77,140870132,54606778.78,132223677.5,178707369.7,606744744.1,177546896.6,194784827.7,344220198.1,396150066.2,167987243.2,151663548.6,172202628.5,176801997.5,358655029.8,231980605.3,326156500.9,308193650
Com_4747_neg,1195596.375,1241207.92,1099538.586,825907.5494,1123539.964,533868.3221,1122376.188,660830.5431,16567394.67,22552511.98,678928.0766,719444.9943,3272416.26,30362575.13,30939871.31,2914356.214,2766291.024,3107545.92
Com_1835_neg,779297.1851,18247645.61,18443029.47,884364.4514,10275546.11,58630540.01,789326.3226,647050.3422,6348923.881,4788185.492,1379993.517,1182017.771,3210456.805,3730669.802,6275909.254,3242997.035,4136841.601,5846793.555
Com_6807_neg,760152.1135,1911489.207,1963816.187,19873176.73,2081136.212,4490716.183,2601156.064,3539789.028,3246467.465,2813176.074,2615410.846,2768471.761,2859188.705,3002787.592,6511841.633,2105413.35,2325681.504,2457493.115
Com_3839_neg,3992493.01,2457684.742,7611047.823,3359912.406,6071992.966,34386945.55,11558251.87,10804423,12249633.4,8631282.323,7749619.398,7999112.205,18209368.4,15295207.02,12895302.19,16033200.68,18890421.2,16364900.61
Com_826_neg,7905410.467,15880677.43,15212622.43,13450090.21,18266477.77,16865147.48,18730114.06,13025240.87,128715185.8,245876688.8,14756764.65,15087603.89,22641861.56,23982019.27,22253509.09,27225429.26,22755853.14,23856193.47
Com_7771_neg,490760.6114,4856324.574,335848.1774,332738.5176,10970677.96,719731.5518,827189.1837,643020.0129,761699.1363,982388.4576,9262461.564,8587421.973,3543216.694,3310202.988,2324732.526,5815385.639,5301254.108,5128001.58
Com_821_neg,3102799.812,45037997.07,37424683.33,40351369.17,36237374.51,3939730.128,97878402.79,46807718.79,38147115.84,24489714.5,42157537.95,46892139.17,132052048.4,134312898.8,83942498.36,94599116.69,76583484.11,75028030.86
Com_6482_neg,1384152.901,4320496.029,3104722.181,21666524.92,6172060.21,6190699.483,9307315.035,24438336.8,6508917.88,8241925.293,5727351.784,4138908.068,5872562.857,5859517.603,6247497.499,3852806.2,3144853.212,7543284.151
Com_3_neg,435114094.4,88215367.5,175126841,1823366823,783081649.7,552624834.1,20834347750,30388658738,92763065.61,57864222.01,15612673645,14835930817,6471641.356,38538142.82,869336.717,726102.3125,585557418.2,892634.3079
Com_22_neg,2286417280,728240906.7,1129950999,1139278053,937236535,584875366.2,1539829639,987623397.9,2367744129,6381583998,1155065819,1079542608,3114336389,2765214192,2618285555,2753005565,2479244052,2829679833
Com_40_neg,388351625.2,1225988388,1562538240,1070764935,2190874544,779604665.1,2225353910,1253910565,416526322,911762046.6,2161343123,2157959998,1188186343,1140542998,1849641652,2350328147,1128081728,1047903277
Com_63_neg,957025.8972,2764182.877,2400146.669,1834715.208,2226087.463,1431702.556,9069093.616,1564201.886,3410835.081,1658773.47,4664022.588,3061053.414,2530090.421,2502965.275,2776446.388,1626403.844,2987311.864,3157553.698
Com_70_neg,57343454.98,382969775.3,209529839.6,98067931.02,743577795.5,1926371972,52457647.06,79511871.42,331527918.2,413880449.9,142323462.5,153302414.2,279460320.7,323995579.6,892920626.1,350619946.7,520644552.8,526860975.2
Com_97_neg,65574601.3,42660664.25,75407188.27,397288964.2,123112843.1,73746773.61,382704067.6,103749552.8,80643761.41,114418446.1,99123206.8,88067258.46,77627861.39,61882641.8,155031772.3,201315136.2,121646399.9,119093182.9
Com_105_neg,17813247.77,104735996.5,133503730.4,17185362.9,101461821.1,74632183.2,65084053.02,58503385.42,97762026.61,63815216.25,82815026.2,63460119.02,52233291.51,66503441,103947738.4,58150279.81,21925039.03,62010715.42
Com_134_neg,105810767,267846914,336850513.9,1026049131,479975150.5,314278667,487543890.9,377539292.9,499482439.6,312461687.9,572033674.4,535676761.9,636800494.6,573392915.9,498985222.4,774886700.9,449938686.7,475124124.2
Com_139_neg,92552547.3,292745952.9,202944255.7,128145886.3,944766612.7,331434679.9,158075187.5,140982768.2,526906423.8,353608752.5,416810355,310593701.3,842996842.9,769309405.7,1644728404,864792302.8,955208074.4,1174241757
Com_190_neg,2159485.499,9959261.072,7958066.018,15755013.26,10576966.39,62634168.44,10412104.79,10010010.05,11027629.6,12074029.14,902522186.6,754302478.8,28811876.52,16246899.9,21191144.12,16239253.67,22863050.37,16665584.74
Com_211_neg,4483758.924,258634644.2,9734959.537,12851911.69,611051328.7,201380968.3,78799757.97,335538930.7,7360349.806,5285923.739,9740108.004,8050558.081,15632385.49,13449115.17,8037610.27,8250612.667,6701653.954,7643596.825
Com_313_neg,163835975.5,395298.2641,288509.9273,357411.7669,388035.0905,309562.7936,398900.6645,1174844.142,20938756.8,461610.3695,298765.4647,282356.8251,460437.9244,430689.7328,483581.6804,29909862.42,400961.5711,477496.3716
Com_333_neg,66631950.39,59592466.61,77185558.53,303018276.3,90812399.49,156772796.4,139846574.2,147426818,116998951.6,156540126,55026378.61,46134540.58,228876450.2,276051173.1,130692777,160493762.9,148945973.5,154905277.8
Com_359_neg,732631.3608,14906731.03,13627433.29,79855789.45,14749868.73,2515954.375,75641988,758034286.7,8754778.426,14001865.86,44905745.08,43782410.74,26309913.09,22843193.2,51200176.81,36693696.43,105373143.2,121309706.8
Com_381_neg,6259817.563,131232220.5,58382001.86,8715251.883,57305996.57,282157944.6,18093755.11,61427912.48,103774081.2,186653980.5,90497646.64,119869222.1,65715353.36,63116344.08,94101821.28,93724076.15,73873805.16,150347384.6
Com_392_neg,9269239.194,86833971.17,164868466.4,23586635.54,75431741.63,59381320.61,99900805.17,133702841.2,94749402.07,83386197.73,53096480.2,51460188.24,64746428.82,77979907.74,94229881.76,69869623.18,54508534.07,87850120.19
Com_458_neg,83107325.37,100445178.5,75209171.26,190770171.2,111625819.2,91295599.43,77287437.84,53474069.91,98710088.92,73936372.1,104828799.8,92565774.96,114593746.8,98372389.33,128746572.3,137803527.5,149914098.3,144418915.4
Com_501_neg,51292768.57,606832408.9,704174844.6,477947776.6,381341167.7,209941916.7,100013138.9,320456237.8,101301079.5,100413472.5,464326948.1,464841395.4,198748432.3,197925789.7,177432183.5,181557035.6,267821502.7,264063179
Com_512_neg,1363558.988,70223647.21,1314292.852,2543368.987,45592467.97,23763759.83,20470650.02,8750217.815,7213227.003,6525324.862,6733703.555,5700708.639,6581942.465,5739611.13,31163285.95,15089606.66,30547777.66,22004295.05
Com_538_neg,119902231.7,57076922.74,48613798.03,82337933.83,72640892.29,275143769.1,58452559.16,41688317.56,130065424.5,73774661.94,18903194.53,12589337.32,29452048.68,43089863.68,72292527.88,76984919.37,59461031.61,55554673.95
Com_581_neg,4570176.955,27944824.37,12496934.64,8753721.25,40450053.28,7170305.037,235499335.3,113022010.4,58027024.41,65127055.73,70366444.31,42402102.77,10196196.29,10530188.06,21408603.7,10720425.35,13187720.79,25751069.67
Com_658_neg,2669979.816,6824648.981,9007304.791,13109725.76,6513284.009,5526892.766,7802890.051,27208809.69,5830031.842,6683388.288,6265373.074,6750296.866,11031077.17,10407050.11,8328860.78,8581136.473,10561624.93,15332184.24
Com_701_neg,29410660.51,39832164.83,56965344.68,175471190.3,122337550.5,39330683.84,104673788.4,72456928.3,95074460.08,34487387.28,129724523.7,113384959.6,183384590.1,197412077.5,212434384.2,151008754,156181904.4,148377457.9
Com_722_neg,91962201.08,119290206.9,119707947.3,100499884.8,361966449.6,323147084.7,111193290.7,76067865.17,321316844.5,157224264.8,185555260.6,124253382.9,280847659.2,233966989.1,332079947.7,240446157,318282693.6,324473307.6
Com_738_neg,536675.4539,637225.1792,931911.3327,1770084.777,853493.0851,1166194.882,3633624.505,641482.4394,11702759.04,1347873.718,1060171.198,1354052.951,1538012.073,1665481.327,2009997.764,1041545.828,8150517.085,568574.1301
Com_819_neg,5289598.02,80502299.27,47986602.07,28787755.77,80314950.77,143786012.3,35468672.9,82724767.76,21483276.49,14926250.77,31416072.33,30528951.67,19118569.86,18040103.11,14427895.63,14208577.61,17314832.53,14045610.82
Com_842_neg,18122617.09,127824985.1,61435445.54,213930084.6,91351826.95,139747317.8,105712288.8,174676853.7,43124143.27,65432455.1,114534506.9,64680590.17,193078242.5,355380886.2,82202150.49,87962303.29,248415573.4,51097082.05
Com_958_neg,1974935.774,4442823.541,10054837.48,21721909.54,7028510.62,2228068.37,4657018.521,9218738.387,17289344.52,16683200.87,1468677.174,1652459.303,46769607.48,45925128.74,38595908.14,161411839.2,19295973.37,17427712
Com_983_neg,9051602.238,51396111.71,94399774.58,7550924.677,108775214.7,126335508.3,76767947.01,39096448.86,182709146.6,93368769.48,34066429.07,45953924.05,83335906.14,81653247.15,150086149.7,206957826.6,352921093.3,279051087
Com_1024_neg,297139.0964,267754.7315,275503.7801,302937.7604,349711.0675,456501.6427,292801.128,184372089.7,1451587.02,328970.1908,287501.0242,233432.0605,375804.2975,420703.6449,407525.5278,351445.9279,376553.849,390519.0443
Com_1029_neg,37076699.13,54235067.87,14923329.92,39157560.92,55004654.16,125476051.4,58627189.03,31013632.18,84487993.89,88111909.25,40504886.18,40143720.49,32480053.82,35566613.76,71956242.78,46870124.24,76384078.33,20874553.13
Com_1038_neg,162714510.5,16699945.08,40014249.07,95171856.63,39039921.73,23959611.97,28282627.66,17322306.05,21877720.95,23345057.16,43390253.95,36911001.97,33710246.44,31884212.57,28160585.34,35452503.6,35357711.83,24967059.75
Com_1075_neg,988169.554,5346873.504,7428636.11,1537156.318,107796899.8,42304326.8,1280919.318,744061.2365,3037242.16,4016439.932,2152311.082,1585504.441,1791842.77,6526638.088,25513770.97,12935965.71,16174239.63,22937654.57
Com_1121_neg,221064.11,539257.8364,699841.232,660878.6108,697164.0947,499006.6733,2853464.187,730507.9989,1615870.284,1200251.88,618063.6189,469634.4016,3223941.885,1163944.768,5195008.785,1321613.58,1121097.651,1499492.254
Com_1123_neg,1155271.437,2569034.982,1439105.128,7538818.308,4799008.647,3017793.363,1628497.444,1531131.995,2643187.944,3823658.886,3022411.688,3296245.162,3367547.09,3266141.385,4412110.556,3121708.685,2632641.471,3953290.298
Com_1136_neg,27984650.58,43543747.03,29374135.21,43184983.47,50002344.17,39681374.16,28801073.86,20129653.04,24264665.18,29615132.37,24143912.59,25311657.07,22275602.2,25554075.57,20405528.58,44675082.76,25240027.29,47659290.16
Com_1146_neg,2703410.958,4060494.61,3436143.383,61296665.55,4994842.285,1773403.626,6002386.601,1674492.548,3600368.48,5899839.564,1339125.7,1252463.714,3734670.724,4870297.419,3074090.239,3359233.673,2736401.88,4551956.92
Com_1217_neg,1702956.15,12037361.21,2940046.396,7225257.444,18822962.91,15167893.22,17476264.15,28732674.85,8847202.792,3171384.944,29443925.22,10878887.78,9311217.913,8143051.906,9073004.592,4053846.127,9895604.726,9144766.79
Com_1219_neg,3156614.783,811155.1036,75935818.57,1248772.054,3250594.731,53206519.76,646827.2265,2136636.085,1190095.258,234230126.9,826000.202,677325.8252,1284377.568,1189221.942,1068285.592,1210619.135,1178414.972,1231805.578
Com_1241_neg,1301635.765,11594490.71,8413873.247,5006741.521,11177786.74,5320999.247,16168916.86,27585661.42,15659480.75,10606358.37,10737033.36,8705301.106,7684464.013,6934717.7,7600641.419,7696475.856,9175693.149,9758011.01
Com_1258_neg,5505218.469,102188807.8,18632778.73,32464228.26,81431535.5,54080386.41,53879713.7,44156755.22,56790081.32,53483969.58,24979463.5,20873303.93,83141127.92,71140657.76,73135829.85,97195028,60189878.87,58936314.38
Com_1286_neg,28530669.97,53708609,59352782.74,101799586.6,211655942.8,72333294.76,98276022.52,55826452.15,159732305.8,102681018.5,89741167.64,62927163.9,147870899.7,133767874.2,200084637,237772710.8,149945957,144102590.1
Com_1303_neg,4493653.792,935445.1271,1776619.989,1105357.891,2782713.991,1120618.478,1321457.625,1067683.346,1022659.005,790693.1184,1285071.728,1135424.691,4773814.709,3848770.892,2440708.87,2324321.769,11957718.78,13848607.29
Com_1443_neg,2930047.851,13733899.51,19014848.88,36796314.43,11593381.5,552862.0081,6130376.4,12284066.78,60155670.56,11881227.27,32796494.82,19921198.36,103899761.7,66043700.87,82729016.12,52353477.72,30918513.87,47109428.53
Com_1451_neg,187276.8114,557126.0533,775980.557,806436.1067,400015.8617,667450.7421,20912379.22,37724073.8,687388.3843,398660.3373,50415235.32,58394124.29,412282.974,445313.4334,383887.7775,320637.3291,411982.4364,394175.6904
Com_1465_neg,1936342.623,5094697.019,1336532.337,4000121.449,2272949.951,15616334.96,98092663.2,12330969.07,2732917.659,2066433.161,888961.4751,805595.3475,1823252.255,2820382.992,2466610.132,2842419.972,1574296.164,2063987.001
Com_1480_neg,10998666.88,16265531.82,18565668.29,45300730.06,12199629.04,21821125.44,22393134.19,19916014.04,35318049.78,40427046.41,5025033.83,43149407.68,9078856.945,38132394.12,11774738.35,16549792.86,24434369.28,24937670.32
Com_1485_neg,21196320.41,20651353.48,31474657.28,28561844.84,44361903.59,30368563.85,66451448.77,78780351.87,45806785.85,18686213.14,63711750.89,55653683.64,87188706.49,58061077.64,96857845.26,77171094.02,70176457.28,77714067.05
Com_1531_neg,76639063.66,29675813.49,1732582.828,48651572.54,133259402,54710777.67,54000674.86,27765261.91,22948322.47,22531598.5,64021579.81,33345251.03,37927833.26,51873093.19,46012600.91,87176041.97,106392358.2,79297407.37
Com_1558_neg,44010480.56,42749497.47,24487282.58,43325183.69,144971247.6,74086322.43,18430476.94,20881841.77,44563684.61,31168889.66,56580306.45,30871057.97,92048907.17,73292005.77,138667010.6,133405371.2,82145924.66,102977978
Com_1590_neg,1730566.204,76836801.5,56561406.98,29955405.49,5272980.317,21817337.75,29708842.53,39543368.07,29205855.33,29933493.77,76722359.65,76059590.29,37150188.59,30142634.41,22655340.09,19346016.06,8018689.582,23314159.3
Com_1606_neg,39073772.97,8149298.951,48886847.83,42209192.18,73536522.13,72310769.97,27172526.36,16195882.44,34215267.59,22488797.74,29435354.15,30714204.32,14465144.47,21311640.55,33485674.64,81062991.21,100881364.6,122755848.3
Com_1621_neg,1516385.422,1315566.343,1782443.904,2095479.369,3400518.211,1581174.465,4879988.008,2092872.898,6605365.388,4464740.639,957143.9333,1171975.897,5807362.127,5207358.24,4733029.913,4196975.006,7814936.47,5659421.814
Com_1630_neg,1305527.56,12159366.26,58447799.2,38327952.83,5659579.482,1617684.703,7748849.633,10302056.57,2723874.607,3542791.102,31287149.29,38964834.87,1525629.1,1511996.778,1587052.899,1490612.212,1508287.51,1622443.547
Com_1740_neg,1227572.954,1057505.396,675191.5774,487128.9367,980980.1577,5746086.099,47453626.21,91248214.8,1372023.594,1305289.24,1226871.026,1504690.292,1293586.59,1358183.07,1788856.485,1724246.185,549665.4502,1466897.305
Com_1789_neg,4791197.309,55717493.24,16518651.49,24803227.38,41456853.88,89493815.76,27729792.92,19131209.67,31789639.55,14965416.88,17734948.83,18141540.25,27494352.39,28774565.91,22411553.78,23771271.08,23581403.29,22604022.14
Com_1823_neg,1358846.281,93440520.61,25500708.61,24863962.98,69136442.95,27082440.06,122477818.7,61345265.38,70852809.93,23856999.22,87190839.31,73792136.89,72300459.81,89734545.86,29787084.96,47187454.34,29168655.55,34956398.76
Com_1830_neg,1229352.348,9417612.339,4687344.816,6735617.716,13457779.11,8433181.379,19546257.6,9546030.349,8117175.531,9009761.929,7156313.689,7153092.573,31583683.95,26128048.49,25441914.96,31622094.55,32946545.69,32652289.97
Com_1856_neg,887794.6388,3916326.263,4275812.03,1681525.207,6617349.766,2959779.429,91796153.55,30122091.29,1992906.176,8055467.015,20988200.66,8736473.362,23782593.29,6314137.763,7797907.537,11710148.99,11391851.78,14045683.21
Com_1857_neg,3496651.907,21801480.53,30901678.26,15748802.31,81539262.9,6025396.925,59497208.03,54604568.36,72942008.39,28086905.23,94885352.45,80358326.18,92378652.16,90299213.02,135686302.5,67010623.95,83029050.87,97085578.21
Com_1918_neg,841003.6557,1856737.233,2062653.198,1938249.696,1205932.685,1318187.862,6482094.454,18099323.05,1362166.189,1396777.891,63857445.29,72485871.47,1321899.148,1826594.596,3208727.12,1496083.906,4275583.968,3515430.315
Com_1929_neg,3716885.961,23238580.84,47771745.23,31363167.45,43649818.68,8198219.265,46142031,9337699.375,40341390.21,9968567.656,33650484.26,34850741.43,2625712.941,5713114.298,14181653.56,8448064.106,18056478.08,17352620.5
Com_1941_neg,2266638.942,6599759.706,6878695.693,5084150.165,24823440.12,87001977.49,31454457.83,4147138.438,160926687.8,227451421.5,4634906.179,4916315.505,8054222.593,9989765.34,17039243.48,52814030.29,13253339.84,29383427.1
Com_2076_neg,1017728.858,1966788.652,1103950.291,8950410.787,1533778.107,1489282.265,2976002.627,3308282.502,1930941.764,2046128.011,3632333.439,4749032.305,10763530.83,10865632.44,34961791.12,3401285.849,35761208.63,37283006.68
Com_2079_neg,30296729.54,34131220.08,37950311.63,156591142,178285123.1,146826993.4,18591203.7,118198396.1,79431338.89,166006648,108174102.7,46240450.58,169011001.6,165625077.1,123227262.8,148918087.3,115228788.6,131817839
Com_2220_neg,390263.7837,44423313.37,30638323.92,4478877.75,19788199.24,43789237.38,37352785.56,26432368.62,42831934.79,32452970.12,16801080.01,17063845.1,12875697.41,18526519.98,11069831.71,17002599.89,11466885.23,16509596.76
Com_2291_neg,9148881.297,7880230.051,9279522.148,35498503.21,26769857.3,19921828.9,11418944.46,13478593.49,15231885.72,20695698.18,10359946.66,7441914.974,18228250.54,16025250.78,17575463.04,19582503.14,12826172.98,14633873.35
Com_2298_neg,1667298.278,6506744.769,3111276.452,118615.6341,6165235.282,1818526.931,1684241.804,1577268.576,2999509.875,7694938.332,7337331.325,4006582.948,168657.2406,175575.4888,423229.9677,311302.4097,168502.2396,166974.3889
Com_2300_neg,368945.0616,40585222.58,32562271.02,5840876.153,20469491.21,38705837.53,34760143.7,29727726.88,34771538.83,29030920.85,16414260.38,16710384.08,11365705.02,15024932.46,8342321.875,14490104.55,9669453.386,13705863.9
Com_2378_neg,5209400.534,47542387.53,30680260.22,34782058.53,24358877.89,38264399.45,51633569.42,33714552.11,65999607.22,101558002,20557156.82,60161018.24,4711080.041,15499923.77,5477044.334,19965238.27,24494749.55,23877555.8
Com_2422_neg,9788107.414,285363553.8,182170788.9,259310612.7,217972553.8,128263917.1,109766693.7,186279378.7,112658922.1,92179415.44,181352514.5,183920018.4,49509310.7,46053683.32,54782897.08,44239046.93,73913501.6,69284635.12
Com_2441_neg,386667.5387,373108.1903,362818.4005,42105845.22,454985.1465,392635.3706,967705.3572,812174.5483,608892.4739,494688.7968,409368.6562,385442.4657,458935.8576,448687.9758,437897.1464,511776.3193,411099.0477,399763.5702
Com_2528_neg,12188544.7,287573.1503,292716.7651,434989.4604,295246.2033,262137.0887,421754.5359,386502.5347,506229.8694,387519.0555,266557.1837,267708.0141,337657.6263,341478.8401,427065.7616,377827.6459,342687.8134,332307.3538
Com_2586_neg,1008922.944,4653795.338,3207730.29,2719185.089,2776757.684,14498756.46,14747253,1678535.297,6023307.262,3297147.506,2160857.864,2252301.088,3554896.917,3454714.388,3940972.686,5940326.981,6870267.359,6177675.56
Com_2608_neg,11007560.2,58940029.95,71493926.81,11943062.1,62951848.93,34180663.19,42598416.99,41497145.03,53109132.4,42129090.38,47408855.27,34944777.56,29168859.34,33628413.49,60684259.51,39003771.45,30673359.02,37927534.97
Com_2811_neg,852664.4555,211387.5664,378359.2738,2249787.855,276071.8968,825208.8422,485804.556,197972.7456,395042.3974,302093.2815,125335.4344,124925.8278,179755.2359,205662.4153,192573.6794,219209.3635,182637.6635,198949.0225
Com_2817_neg,984914.624,3621562.096,4453462.412,2409824.855,4420982.86,3575163.151,3294045.629,3816941.249,4170459.944,4547680.258,2345711.981,2014473.527,6129664.579,6981373.047,9774614.838,10348885.93,11254289.9,11799504.42
Com_2840_neg,340274.4889,5749934.848,11628634.26,111160.7069,27641726.66,35354869.11,903927.6839,388559.878,2405005.956,1993062.291,1563223.672,1768887.951,712312.5802,3412749.614,10203895.95,9459347.467,14608441.09,21336238.6
Com_2843_neg,2837270.547,1855619,6246958.518,12930626.7,1803928.075,18167809.53,6691795.053,1254010.123,8452477.506,12527362.88,1188867.132,1197399.753,1836408.911,2891650.7,7785616.756,4286407.991,6339749.363,4573105.209
Com_2878_neg,260145.1213,1622873.464,1077910.045,1432686.426,555659.6894,927151.9145,8269171.021,3039885.092,10042616.93,9049336.137,1994393.797,2098416.262,51501563.81,47913262.85,20092412.48,7848415.886,78942266.2,56389010.5
Com_2906_neg,2982199.587,23193760.01,30047776.3,10427956.77,40972562.72,36253260.68,12254289.13,13118299.05,23820284.12,47156547.55,9558189.933,10197500.14,25048140.09,27615757.14,20791920.12,27007144.55,18479119.34,21791035.68
Com_2907_neg,12363275.54,15635148.04,18742766.13,12998474.3,22766486.75,38686042.07,40440082.74,27909111.51,28982117.64,26024293.12,35918528.25,31981176.16,30652168.02,30912746.07,31057222.03,34628811.26,36481573.85,38451420.88
Com_2920_neg,856774.4064,13362203.72,29759716.09,63986109.82,17418325.48,1303592.455,11911866.95,22572775.69,22568946.26,9410757.007,12590707.39,14493311.85,29775062.36,23531057.34,32055149.71,20554921.48,20575301.72,28458444.16
Com_2927_neg,14491396.38,12838065.17,15241487.65,13081770.43,23387383.58,37364203.92,7280437.841,10230269.18,13117515.21,15847584.33,8894640.464,8119337.097,18755235,19957776.68,14036848.75,16973819.44,21843145.59,30409263.46
Com_3003_neg,728277.174,11465690.1,5556578.353,33494856.8,19448826.32,10853877.11,15814167.29,1698212.759,12789386.25,18919323.77,16215292.09,11825974.42,23621594.45,26293240.75,16025117.31,20604877.42,15240947.1,13575291.45
Com_3041_neg,19421745.59,24913676.67,14358293.45,12184729.13,16733604.42,19648806.17,26407180.08,23541825.07,49861271.36,38948852.51,13555782.04,11848930.86,25551377.14,28812672.2,20661180.45,30681842.57,20693404.6,18176326.17
Com_3107_neg,6198983.913,13518292.24,5972414.013,8538992.501,7906800.511,35817660.8,12585519.95,3722297.035,3026434.962,2520057.59,2248106.567,451992.6095,8159246.324,5968094.412,4736406.685,3688799.093,4321290.818,3613216.893
Com_3131_neg,8571160.571,23122535.66,21198045.47,16346982.59,22105646.74,69743457.17,29901765.06,37827869.26,23442754.78,26176057.89,21399436.25,14784264.09,32228132.65,25535276.97,23908112.27,33662456.93,22346573.94,18622835.89
Com_3169_neg,1191249.465,57727953.62,18473854.69,68163745.66,84622811.18,50306343.78,4006226.598,16864200.93,4463219.88,183679754.6,8820764.928,10298219.15,3574187.088,3618626.415,31833520.36,4238618.061,21489343.62,19494553.13
Com_3176_neg,42540280.26,85262278.35,66442875.97,73123587.83,69762061.66,87601105.4,75386326.28,66470778.86,104500204,63288581.69,81544024.98,85370550.08,48649957.75,48683040.58,56734534.57,57916103.43,58441464.05,68318200.85
Com_3207_neg,260189.1764,9809805.326,5501150.969,2215497.967,16956613.72,14717280.11,1142169.458,1834736.89,8876947.933,18076722.31,2999494.343,3588837.74,15792499.43,19816673.12,17724676.11,10457829.51,15514650.05,38292753.64
Com_3254_neg,348807.9515,5666619.608,4067107.43,6712995.475,21011080.29,5766727.977,1157915.296,1627919.507,4114119.736,8957351.05,829246.3438,1022775.478,8398919.932,6571756.934,41708160.02,15717112.09,29942975.03,12180849.02
Com_3256_neg,4148333.374,11691683.47,18750369.38,8725286.074,15891054.49,25169234.35,17514074.71,6197108.855,9320393.178,5003661.654,28905294.65,23682565.61,3553581.973,2776994.888,3979786.042,2422837.531,2301669.69,2046024.672
Com_3346_neg,6180832.96,9943508.143,6396780.042,12485496.58,13197972.6,34211687.88,3739268.637,17036808.87,23679871.19,17623677.09,9114429.693,6549799.159,76097431.24,79175960.32,62554368.17,42999529.7,21339834.53,25351499.27
Com_3361_neg,55880.95344,588678.8404,790637.3019,214377.2417,2200985.244,463659.1891,106945.3268,137149.3992,30519295.9,13173959.59,478532.1997,350939.7594,6395599.776,8780806.498,33061540.93,8251443.913,3249446.751,6244246.252
Com_3397_neg,579421.149,3896949.998,1517040.704,173257.4143,6414462.133,13704121.89,296691.3658,2053526.206,6386285.849,4832438.84,17031648.86,6015169.569,61630979.39,24432589.42,27734781.76,40369161.33,15636480.57,13710952.23
Com_3462_neg,395161.3386,4415955.789,11290675.5,169183.028,19585527.16,79735204.31,2545496.807,1971000.742,31632430.31,26584723.73,9437535.134,16087305.34,1487805.084,7164375.369,27773994.37,23242542,41657760.78,42664656.28
Com_3563_neg,14362885.36,16927806.29,16461361.58,29875742.07,41077388.24,16142503.32,45747082.3,24358717.07,35312818.98,25289256.3,32601324.92,21341615.74,55582607.38,49457220.25,69213078.49,61628494.87,38529483.54,32190579.92
Com_3581_neg,667753.6196,114395318.7,67255255.25,851523.1323,21549138.05,58845557.5,99792639.05,124465029.8,17409436.37,47672573.79,317387453.7,362076123.5,42806399.77,24780305.26,69086972.82,67464360.6,24469935.1,34771532.7
Com_3582_neg,13000159.69,7520412.834,10123680.91,9378945.414,19965371.4,15951284.76,7018808.703,15207579.93,8808350.648,7630156.898,23243103.61,21306342.63,14260429.37,12209993.78,13565581.56,12553427.91,12538447.96,14285641.78
Com_3614_neg,318576.7187,954980.2966,790978.7754,1070670.957,623010.6939,1065885.963,3046298.016,4045876.607,1098623.296,657884.3446,2601446.416,2737131.189,741338.3235,710492.7477,610119.4631,1242781.448,574893.5814,557867.7255
Com_3621_neg,445030.9273,2501427.662,6679270.134,5405644.986,2181226.287,6540193.362,11309903.21,907964.5004,1799541.774,8682327.381,1625231.958,4249193.096,43406786.56,5144023.707,1217021.899,3154661.481,2913087.981,3989006.07
Com_3622_neg,5451914.267,50724458.3,57213395.66,3971772.76,57543218.75,7054588.943,59229730.95,36324742.29,45596294.13,42185585.75,22056097.28,22466764.83,53072546.57,52530701.37,40806266.06,59341047.98,50596448.18,51474536.2
Com_3649_neg,1464116.662,12989360.72,11190801.68,797014.5759,26567826.83,34299864.65,1201765.672,5232827.829,15409225.23,23269737.32,16093633.09,7562919.324,15021044.38,16600966.27,25242985.99,20037193.3,14189060.96,17198935.5
Com_3657_neg,13123379.1,12793321.58,7035142.162,29407671.07,52486800.2,8503298.659,8589706.346,3770674.301,15050363.82,7488727.114,13075396.98,4875348.466,48157788.21,36525992.12,56466187.44,24706838.3,28752499.22,36817758.72
Com_3659_neg,2936207.222,18500986.93,40231754.49,21070705.31,29109662.21,8409168.004,42795972.78,41304087.8,57743902.23,14686016.14,20333509.58,20925546.92,39774427.25,23709460.82,50116758.96,32916316.76,38225491.46,28839381.48
Com_3677_neg,239565.9541,3257133.77,5227632.062,9801619.35,13159762.06,1534935.621,42198361.06,28554655.74,15873060.49,10811005.78,33902007.41,30003382.92,23907310.88,22541670.03,31588906.36,32801950.9,21660171.66,19187876.07
Com_3732_neg,634565.2633,1000652.519,18936000.61,802524.4305,4328392.891,500126.1155,965613.7075,828658.0214,3673265.535,4426341.72,461808.1162,446840.384,591482.4447,635754.374,700833.9214,2572546.409,635128.5821,592914.9988
Com_3754_neg,1763253.475,5514789.616,5576032.434,196971.9891,5428605.123,2701101.841,4984308.495,12274599.84,453998.9312,457477.4708,2396466.444,19187464.23,107411868.9,12632986.33,17071215.67,22707393.93,29480810.01,9852305.78
Com_3763_neg,218377.1745,20356554.04,3046235.215,2041415.615,3666993.629,25308859.56,1587349.122,2551812.288,801540.4151,464864.3758,1674181.242,1632419.598,690733.7192,987932.6449,447638.592,373884.377,471092.764,459634.9803
Com_3778_neg,975204.6309,7170473.63,8064560.742,8166385.023,1299193.617,3115131.814,582479.1654,395567.6585,502624.6282,609970.1385,2425690.191,2441114.81,296239.5371,328940.3052,549310.3143,319005.6481,1245405.533,285098.1448
Com_3827_neg,1272639.308,13954837.2,12574771.57,8162430.891,9528128.875,27143793.74,7790203.941,12223374.31,3514428.207,2045436.022,6877326.235,3769997.978,654104.7268,822602.7869,675320.4898,799776.5596,1002924.787,805959.3743
Com_3889_neg,129191.7006,1509141.531,252430.6474,188924.7815,4239270.512,1091795.524,322917.3178,175941.4094,1237851.79,1586984.623,1221278.32,1072023.228,1574976.778,11461338.65,5979069.817,7042425.238,41180970.95,40666613.48
Com_3909_neg,11274655.85,24849741,9401282.924,7037286.738,16563685.19,44791475.41,11278484.28,4591794.656,61859798.97,43830512.21,25538269.56,10898625.48,22089537.95,26243840.26,30163432.4,27875823.29,12620521.64,11357703.23
Com_3958_neg,2100485.823,43414491.33,10494753.3,4840453.244,32539272.58,25624488.64,15355600.64,15874569.66,11267163.2,13624257.19,14115519.77,14058246.64,9916795.018,8075022.399,6968720.706,6328715.835,8226557.052,8686759.896
Com_3964_neg,728316.8684,24954920.87,7679829.326,6141716.77,10708390.67,1609339.188,1304241.718,2108407.547,1662266.797,1546367.731,28096371.99,26208941.23,10923087.3,7535461.345,9767717.854,14161272.68,8539262.031,10558842.25
Com_4038_neg,17242083.08,3719293.544,2555499.329,2804559.094,2337400.295,33523335.4,3359432.872,16094851.85,2856298.616,2163681.387,2601320.107,2121543.287,3178868.585,3257420.629,2758567.221,2799389.076,2805161.591,2481888.196
Com_4074_neg,16055150.62,73704560.31,142702078.6,24202267.63,92801076.64,53603477.44,95193197.66,124845564.8,82671371.55,75825980.34,52464887.1,49669162.06,69072659.19,83810242.53,118845621.7,109785549.9,85554650.12,112375281.2
Com_4097_neg,943087854.8,99353263.88,46352469.74,14909297.13,2304064.909,35678451.93,15642117.59,9781657.624,14147483.03,8317006.334,1549611.425,1555057.11,2059264.143,2164992.725,3630022.735,2837162.588,3683049.673,2685495.475
Com_4169_neg,123055.2278,493443.9235,891437.3573,1425936.282,4874564.656,1905231.84,65806.44092,63665.98593,81088.05208,441661.1238,271500.5427,69630.97771,298176.7241,653862.4615,2149847.86,2953195.384,8090462.113,5395003.203
Com_4189_neg,15341105.66,9945358.451,6590027,16762500.42,24148798.54,11457340.56,12770158.92,9993879.551,34267963.48,27402032.55,20793935.12,12124614.55,39625478.05,30377818,41997927.12,30961488.92,36158033.54,37822575.92
Com_4190_neg,895555.4458,1852659.812,2058659.852,6942257.191,2431127.667,1118657.436,2869292.646,2566266.381,1968114.015,1144153.213,2913924.653,2431833.707,2042138.026,1762623.698,2001019.009,2053823.165,2451585.664,1994059.136
Com_4226_neg,468181.4473,190051.0908,682981.9318,312944.3774,619089.8353,169408.143,690752.4705,21908873.94,1436714.888,459885.8503,190562.4884,163710.7473,1853924.526,1911382.429,1965576.192,827180.6617,1655861.136,1301173.895
Com_4237_neg,3357666.722,5060920.948,5140250.682,9154640.456,21298883.96,7165185.11,36926785.78,38744961.76,4716947.931,8156948.302,8307467.979,3282646.786,33002522.54,26015638.41,23487784.01,7479031.946,11785661.21,22975144.3
Com_4250_neg,99217.15939,252157.4357,317363.4931,330365.2313,200998.6475,238907.0011,287441.7911,22396693.46,242485.7144,219887.5045,1045022.411,300499.9949,209112.7077,197811.8695,227259.7005,216155.7105,240420.6794,232283.374
Com_4304_neg,385117.5412,3567414.645,1152839.05,1725902.862,1373137.277,7962297.754,1517263.972,2472222.616,2490313.458,2208846.348,943548.1817,1247299.555,1330310.357,1812832.887,1707159.834,2615815.178,1298883.687,1990212.347
Com_4376_neg,989041.1113,6903900.55,5452033.617,6664246.537,17971845.82,24569967.82,10222686.43,13258199.26,17830057.79,28417020.52,8727944.64,7927439.454,18035263.39,16109256.54,16032364.42,16995809.96,12995234.21,14138213.22
Com_4499_neg,293209.772,6647344.962,5777238.371,787093.7568,7956833.589,11621105.23,177923.6786,423761.6309,4027799.748,3816665.904,1738224.714,1676296.416,3296096.201,4088264.044,15739051.74,2767487.547,16473447.64,10004748.27
Com_4523_neg,8629006.071,4201483.196,13914558.43,4026735.792,6833441.757,21336733.38,2889051.664,4704375.639,20056328.8,4878368.524,1716758.217,1912750.67,1496100.081,1385656.747,3708250.564,4714446.843,5544837.427,4931379.643
Com_4538_neg,94209656.72,26015983.29,150535191.3,153002465.1,22468874.95,14924980.83,41109921.44,26395816.34,19826496.33,40725109.32,69028034.47,69911065.36,21648507.76,20633567.77,20804340.9,20517015.31,26195767.42,27844461.68
Com_4566_neg,495946.7946,464738.3478,392771.4275,489625.8879,357250.852,400126.9629,29875965.5,9068757.797,754629.5325,595388.4406,2648683.402,2339726.632,499022.7469,469827.8448,533959.4169,494035.3718,542639.9768,539155.5104
Com_4568_neg,3361169.077,19850813.99,690620.8067,1576228.957,8007915.291,12007613.29,35363128.12,144589.609,1515128.29,3501926.86,7275737.334,17084113.14,33075178.41,63395076.14,27242215.22,43296715.48,42800051.29,28823591.52
Com_4615_neg,4180386.487,6829238.329,28218298.17,2973677.77,1291556.429,20968858.8,22072023.87,5986462.352,17184046.96,8224466.874,2124809.891,10236195.06,5404359.424,5416723.468,5040141.186,11265658.84,11643366.32,8482668.486
Com_4630_neg,471425.6033,2355642.35,2392566.95,1988675.613,1754163.259,1691066.889,1438226.7,6632658.157,1788862.572,1916927.17,25314418.44,27533894.13,1557734.192,1584318.791,1622763.438,1500375.801,1636944.591,1699457.807
Com_4652_neg,1127940.569,12182648.46,9798351.089,9784733.151,10315653.61,4149601.343,46435117.78,22588657.51,6716510.232,6637886.564,6827111.389,5731626.127,2643890.075,2712933.92,4383686.532,3958835.194,5806364.701,5430287.814
Com_4749_neg,2250091.339,21631625.14,2482367.229,1839210.668,6864542.259,15013117.92,9600499.264,1389274.144,2915583.836,13318488.53,1538313.122,1657571.384,54095336.12,51889631.78,49570650.29,62774471.12,42056840.74,43026667.97
Com_4754_neg,2105017.426,135173409.8,92078700.38,6607451.969,190502386.4,57611044.08,146013249.2,145264184.7,123108025.9,110166674,53946693.29,49465597.14,46697127.44,56157292.38,31635660.43,45445685.86,38853145.41,60413636.37
Com_4789_neg,20893505.46,10111344.4,14868938.15,19733326.46,6862157.132,15183126.42,8973884.766,5534008.722,7427791.559,7974037.535,3018718.682,2556264.204,7912283.47,6997968.143,10578979.28,12282396.46,10507888.55,11270858.68
Com_4822_neg,594559.8876,400562.3453,348969.3194,405730.6842,481353.3213,434919.9422,407127.4162,397722.3843,416784.7156,483077.4366,458111.207,357881.5106,529514.1582,458319.0572,508109.7634,551772.6975,465969.2351,459031.9759
Com_4912_neg,972140.0285,2562820.366,7657602.556,1632392.412,5244923.641,3320771.308,15129212.24,12957621.86,29237036.96,15537283.9,2557808.53,4989901.263,27204474.61,9385904.991,15644005.63,21582674.73,16121445.79,12491967
Com_4962_neg,28731268.28,12252499.88,13366093.4,6494097.869,30653726.66,35594827.53,9360234.329,3577268.41,19435352.31,9256900.373,11982961.68,8305468.251,31164019.02,23549983.84,27850720.1,33136578.76,46638065.39,47004289.96
Com_4982_neg,627495.5779,762644.3253,2891957.598,3975628.293,1624336.78,1205751.784,567946.3775,2144736.935,585435.3066,2039718.945,1887501.08,1749466.147,639512.8905,793228.1031,888250.2608,1034092.959,1132054.106,2329081.579
Com_5015_neg,1074071.792,3648026.176,4160365.076,3427738.074,2823082.152,859647.3743,2651717.439,2253072.634,3780037.143,3505540.902,2523237.761,2609873.345,78996321.72,48761555.38,36288740.87,11459295.16,17344460.47,19640356.4
Com_5110_neg,501092.3983,3378512.762,3152333.846,2365128.738,3025241.939,3634619.152,1783914.087,1269848.617,401646.1462,1227439.559,2986278.504,3389825.698,790354.4962,1437178.642,2429708.77,1244816.583,1883171.274,2068060.402
Com_5199_neg,122346.2282,507539.9513,480308.4468,472088.4689,348526.0863,325419.239,2812604.57,29154865.81,366583.9807,358495.6352,8742238.532,7549114.964,254700.6788,244172.0953,269317.2162,258088.3852,281125.0853,282679.8364
Com_5201_neg,2547722.745,26723374.39,8427593.404,7641174.827,22965025.52,15024001.25,13069509.65,9985303.602,25102172.2,13884979.47,7903620.628,12439162.48,9013668.237,9006141.542,15534435.45,6090547.01,11200922.9,11888305.31
Com_5284_neg,7265823.417,27535102.68,9846521.26,6473516.696,15400998.44,41677162.45,9561046.478,6281838.362,14834975.29,20628098.58,14595644.64,9231991.082,15285898.13,15056935.46,27153137.77,12058400.99,30480985.88,25063093.78
Com_5294_neg,671183.352,5081574.232,3965744.96,7091805.948,9666739.086,976422.3446,4045487.257,2841082.342,4705109.606,3831230.642,2488422.338,2606733.089,16789064.67,15619016.34,16186865.77,14415984.16,15425953.67,14432458.19
Com_5389_neg,8298857.913,220932.9797,2331831.211,708563.8989,140789.2063,405635.3928,439674.1903,319557.5638,244395.5476,169199.0566,241611.1107,233031.8442,135972.2915,121916.7447,208967.2414,154555.0271,179521.0142,182072.3302
Com_5525_neg,13640698.5,14776044.56,27365850.55,20810777.43,21372716.81,52228563.13,38537687.27,55979250.22,41062589.91,49339035.94,53936347.39,46825884.92,33544178.59,35476565.17,27325811.44,45502836.8,36064063.13,49281512
Com_5625_neg,17314939.09,6016222.809,7342068.122,4008073.556,16035964.72,19046249.95,3565401.12,1635953.494,7951508.274,3760390.526,1142447.169,884395.6617,10499140.23,9353079.635,11774684.15,11132524.91,22811613.45,24315949.13
Com_5707_neg,2081973.752,5567156.639,8015774.17,5287077.653,9741760.703,7887551.121,14248502.08,4645654.552,7450232.009,9415256.427,7292766.733,8203490.257,25640654.44,26741364.01,20655856.33,29363888.51,19085159.14,19905427.29
Com_5838_neg,348549.3623,7032520.559,5460279.289,200086.0064,22537871.71,5714128.541,909954.9086,1769816.899,10272795.69,7211182.739,7360084.737,7031863.596,7320872.677,10500359.19,19932104.59,12777639.11,16593364.18,19588590.62
Com_5855_neg,1390252.822,501380.8665,608459.3992,771875.0852,193817.9126,414131.0079,849924.9462,922448.5213,735606.531,1396777.083,661665.6797,1456612.432,793883.1118,735066.7276,660315.0904,748292.4886,728386.861,761387.9825
Com_5939_neg,318676.8779,23920774.14,24029199.68,5738081.853,22334889.47,7114779.915,101786393.3,53776708.48,11567447.63,16675318.24,24866426.42,25362137.73,52285282.68,49236484.85,44720033.78,33191286.13,41589489.32,39095755.07
Com_6146_neg,5023009.909,7317430.053,10795895.32,20587543.53,7016178.373,20313161.39,53570928.26,130017452.4,4256885.879,4465016.317,28695263.44,29095057.53,6276014.38,6335899.97,7912316.283,7494164.685,9671709.84,9889978.827
Com_6252_neg,278865.9208,2923799.032,20209205.47,1501382.207,6399886.788,675067.3702,1844635.271,1592252.01,6501913.599,5358194.626,6870033.871,5950964.463,2675607.217,2987888.313,2129439.435,1574554.21,1437190.317,985542.7683
Com_6322_neg,1527161.061,11718678.1,4426257.67,2434135.583,20814280.78,44549871.22,1014410.944,1153876.26,7461569.909,13628270.66,3314458.005,736806.9068,2378113.266,7984065.879,33240485.35,8758639.266,17679053.77,13988969.44
Com_6328_neg,989818.3598,3734910.711,8622209.031,3264934.429,5386083.179,4778598.983,27917745.01,27627056.39,4829949.937,2553698.091,26364530.9,27398927.7,2456226.788,2304055.561,2832686.544,2448771.731,3891855.915,3188540.666
Com_6453_neg,343335.3424,1082581.225,1984533.841,7221952.408,5456580.664,557231.6626,4543316.244,6819520.726,2385868.993,951796.7603,4315167.218,4015621.333,3673973.817,3403618.608,4464506.073,2412069.539,3094634.879,2742115.62
Com_6477_neg,1096663.657,410473.4221,343299.8052,447733.7362,903514.0349,341204.745,1348348.966,18661336.55,463543.5424,536212.785,342209.5577,308641.9345,504559.3938,512480.4639,517373.4826,578840.5632,477106.7344,476752.4229
Com_6493_neg,9674286.911,13880609.35,6038807.128,10531380.51,32692810.25,25496467.35,19075604.7,9282914.18,14919503.86,10799903.06,13569030.23,13628226.55,15226234.43,26553726.51,14638236.91,23748601.54,27040484.08,22604809.24
Com_6508_neg,278536.7876,1452759.137,5090201.229,907672.5032,1223034.707,3079303.891,504324.0487,511705.4886,2317065.209,1802287.285,1397563.691,579546.4354,1150550.991,1407909.499,2380367.038,1896640.115,1607515.829,2990301.279
Com_6567_neg,535565.6653,1611862.827,4205690.143,11882636.52,2382987.612,1344485.496,2316843.371,212733.1542,245749.0443,1221285.794,734536.4472,779712.2276,1403755.493,1447243.883,799068.7192,1499531.123,131069.8335,138575.8892
Com_6568_neg,11473124.64,522801.5835,276451.2238,7361386.071,329017.478,1393116.399,308630.04,645973.9505,254281.4227,268850.7959,1304141.001,601009.3434,457949.5114,403929.715,903944.7956,440007.8533,449191.9664,455465.6155
Com_6620_neg,2777507.021,9866854.318,15228916.01,9973819.962,17262016.28,4446981.706,11354347.33,11034508.66,9037458.837,9652984.356,11697415.7,12206401.87,18721560.54,19736340.38,16445046.04,32211766.31,17945985.06,20162076.52
Com_6639_neg,4631275.258,52908503.62,67902026.61,84651071.58,14734913.1,155016688,87389242.76,53637004.93,37108927.34,15104910.37,70009778.05,70091341.21,55358352.62,24216926.08,50149701.87,24197258.32,46673968.65,22041104.35
Com_6667_neg,628931.7871,56631271.88,20704200.36,1816082.911,22513838.14,15278112.13,5457164.201,7305323.844,5544694.282,6557954.217,14215864.13,14942899.24,22746439.54,34174271.6,30219298,15283441.82,8770909.483,11722538.47
Com_6674_neg,1711043.936,1771553.373,1919159.554,164823310.7,2806923.022,1726656.727,983297.6273,1508890.315,3822235.998,2063772.903,842976.649,1063125.121,2104818.8,1690985.477,1925388.753,2480054.829,1648158.729,2035008.934
Com_6876_neg,9305406.756,227010228.1,87245780.7,313918202.6,40991455.43,12498440.32,73554790.79,103060002.8,117368531.4,31194735.76,56186510.51,61449147.09,242990948.6,194442482.4,155839330.9,97480814.37,98880201.27,99692514.29
Com_6945_neg,7890539.378,7438874.318,24627962.04,48159444.89,7869357.684,15845369.24,7659205.889,4256811.768,13625684.59,9218676.775,13232901.98,13677438.37,9109589.165,7227282.179,25881381.33,29916141.43,8778219.32,13799524.61
Com_6997_neg,6075958.105,9221236.102,22082809.89,19864416.94,11661184.74,3796607.951,2306646.047,6773476.286,5578680.626,5176165.34,9386134.373,12483321.67,3949068.722,3998169.106,2869073.717,2435302.919,4849131.405,4995321.416
Com_7168_neg,1882678.755,1709273.648,2051026.466,1586653.585,1805372.088,2494630.653,2942631.054,2212932.982,2224034.367,2868410.358,2813458.021,2682868.825,2633609.094,2572671.852,2056368.41,2417620.565,2635024.034,2617736.196
Com_7202_neg,1000252.603,374387.449,313119.2702,408372.095,404773.2935,311208.3931,400743.0685,319099.3333,422792.0128,489072.6803,312124.8696,281508.2788,460202.0354,467426.74,15387669.81,527952.9202,1720242.108,434839.6603
Com_7221_neg,2619080.853,144382.6258,14007172.01,6630799.044,3483549.402,10785096.79,120951.1998,427379.988,3644577.301,17732562.83,544950.2338,4046826.687,9500404.65,6567253.653,10807161.72,30263419.77,12412555.92,9387885.736
Com_7328_neg,642465.7273,2283995.405,1690450.373,2275789.814,4214065.822,2356645.372,6143393.273,8159218.501,6448202.786,7445622.773,5246272.141,5519904.239,5287928.512,4580600.93,5576581.969,5147654.792,7404676.625,6968181.997
Com_7432_neg,1694810.694,2875929.094,4363675.225,4334308.147,4626335.475,2283640.494,2922638.267,12430365.07,2566896.748,3495957.492,3173371.107,2825103.868,8305504.102,8925577.63,8650691.704,5337521.491,15388679.33,8023386.054
Com_7444_neg,2349918.733,4381595.342,7906596.701,23063178,4757542.369,6517309.635,1256183.758,1158057.525,7284106.097,4269538.553,4446760.012,4804320.653,6986213.926,4428737.648,4340222,4258641.574,5747176.289,8378163.165
Com_7449_neg,4394236.65,11516312.05,20733647,13732660.92,7455254.684,8689168.787,17630398.5,14956304.34,1398858.835,7913665.149,4688966.705,6478141.047,9106819.639,11392474.65,9599086.369,11356462.51,1215379.181,12754942.21
Com_7539_neg,3007997.195,2632237.898,5624092.143,5086155.377,6151651.852,8495091.101,6387316.295,984328.9858,2201923.838,6873793.867,4407663.831,6606361.592,958146.1402,9579746.366,5406828.54,13798455.81,12410298.67,14050098.75
Com_7624_neg,28785238.87,720250259.7,108567179.5,181567575.8,802879555,406253384.1,238781507.6,442995888.5,129245207.7,88708390.64,113467295.9,107819554.8,149794564.7,147959237.2,107961460.5,109444535.1,110857203.5,109355733.8
Com_7626_neg,11256233.06,112666892.8,27137611.92,28340679.64,40037800.57,170735221.7,147319363,129315943.4,41506864.95,43177070.14,30555786.71,25346844.34,101202610.3,86537339.97,85974376.32,42530486.95,59869353.6,43257847.08
Com_7655_neg,6448792.634,24693955.74,40602476.5,56134278.23,41256284.03,23210946.17,48266137.47,23096223.78,40946538.8,28706800.29,44936264.44,15491169.1,55919275.43,58443527.76,47316430.68,14966511.89,47256133.41,15356235.63
Com_7658_neg,1023069.574,8251325.39,5409972.252,2522090.352,4544485.275,3913172.844,2901810.94,2682997.642,6495311.561,5075813.597,4490658.283,5460708.493,2083033.069,1713852.966,2178456.067,2273792.303,3155913.459,2876003.95
Com_7677_neg,8983472.27,16217457.69,16255729,25928583.59,21445968.15,13755268.48,22175676.24,15155749.99,20240802.12,16857814.93,15284333.5,13626651.51,31835099.63,29169295.42,32407041.52,38550660.23,29652095.59,27155590.65
Com_7705_neg,303322.3731,524669.3194,1363849.495,417354.0101,1444436.851,436409.0276,5641173.36,1938437.642,14436128.67,4682056.431,12428544.49,10732514.94,549105.4838,460708.2756,628426.3927,1410404.868,980227.6089,808340.7925
Com_7766_neg,2355001.987,3869855.897,7252799.623,14305101.25,5409588.15,3737344.424,3803138.007,4525133.255,5834008.462,4106644.077,7088718.844,6469810.6,7314031.872,7594187.112,5173871.602,5389491.586,6227628.947,6411327.156
Com_7770_neg,874720.6625,1196874.824,1308882.807,510344.2353,1714888.346,12084570.72,1638576.25,1364134.525,1730632.029,1929422.448,1392680.03,1281644.721,1868038.8,2167532.353,1587403.356,2266576.61,1797649.723,2032502.283
Com_7797_neg,1046387.088,8999357.504,3119582.422,3141831.437,8999971.536,8601034.964,5678233.786,8741885.124,23634216.73,17831578.11,6468196.98,5380502.621,23405204.73,25833276.15,20329478.38,35527814.23,18505241.85,20498662
Com_7855_neg,3498359.136,16232732.1,23379872.02,9234351.503,14923281.32,11322269.71,20119875.01,25166030.99,23297050.51,15118987.68,12282193.04,13278014.71,12914047,18885889.39,19098545.88,26872436.23,20723780.99,20027792.26
Com_7871_neg,588759.4147,1773860.84,2777906.791,2739056.996,3643706.446,2098326.565,5285555.008,7019898.66,7716335.384,3873536.824,4513704.194,4749127.428,6945919.133,5530694.49,4075398.454,6450156.988,6240330.582,3705869.362
Com_7887_neg,8466312.181,14922121.57,44418819.6,43568706.7,2760040.943,3032292.527,5261174.199,6410519.694,6679979.666,3415514.617,24337654.8,25567611.13,3690997.617,4932637.945,4342300.614,5611922.519,2682577.078,3936802.442
Com_7936_neg,492646.1427,1691691.739,362768.4033,12353951.38,3738438.991,2151295.379,1317934.525,281784.9975,1500661.239,3078968.668,829689.1373,470874.0368,1191960.361,2220478.285,3410382.694,3281572.905,3943547.155,3431017.544
Com_7943_neg,78382.61481,364556.3103,523146.439,195573.9641,632861.9211,650361.4809,160989.4282,192375.5388,327703.8875,978966.9148,12810725.59,500434.4839,422789.1165,7912407.994,641528.3733,539761.149,506448.7674,731361.1228
Com_7988_neg,3444371.117,6133132.061,8922817.309,29006255.23,4038942.884,5347604.129,8063530.753,3939428.477,3347563.132,3710783.527,6770255.602,6957988.105,8568983.447,8043047.883,5374908.587,5800622.844,5767001.92,5303442.489
Com_8034_neg,13759149.97,13375072.12,12757889.6,45521167.75,25162824.9,10406836.31,18560189.03,11294984.68,12049140.18,9866041.724,20476984.77,18174161.01,32195080.07,29301284.4,27612857.34,30161961.57,51351685.02,28392397.83
Com_8107_neg,288749.187,1370050.309,2982232.834,20138353.69,2521216.89,332705.7832,2404424.064,2031599.525,2046142.809,1112065.139,1571656.542,1664733.525,1365154.826,1057093.721,2156028.641,1413240.982,1967221.684,2162026.634
Com_8115_neg,2655932.039,526247.5146,4990633.089,822966.7737,17829655.54,9797298.21,4604944.906,4260486.994,13157942.67,3234318.607,6617901.413,4662049.77,9115183.891,10540755.83,14696212.78,12542881.18,14275127.09,14207234.51
Com_8158_neg,224442.9529,381710.1114,650128.475,641036.2483,1590585.475,864177.9627,994275.2722,7889559.587,394999.4613,284345.7049,1025822.115,837523.2676,255157.3295,291092.837,257949.0468,222789.2757,315757.8069,290018.1742
Com_8210_neg,5039471.185,34521424.99,29591857.76,42739851.94,38189591.2,11805290.84,43192022.23,23198267.15,23624824.35,8056985.211,20560585.73,23324284.34,4709570.292,28254849.14,25829555.99,23769418.28,35826422.22,18541533.5
Com_8281_neg,732149.5397,309869.5446,2678666.226,2581855.402,1163846.997,1533257.735,1531248.506,1299952.261,870413.1176,1512079.764,1082270.782,1046636.011,986621.519,892908.8422,938055.3921,948211.4762,4088426.1,3759069.577
Com_8324_neg,32139867.43,169271169.8,48954308.72,52510297.44,133553863.9,98563666.43,67885898.97,59102295.88,87229719.24,88887419.04,41023539.01,37447626.98,73420853.28,68887791.65,81426974.22,61763716.76,96524177.87,94278105.54
Com_8383_neg,2073464.143,9171273.116,10613425.18,10335015.87,11996121.79,12205954.19,7288954.707,12386525.08,2663598.425,4504362.793,3715162.253,5679174.669,5798594.182,13223285.58,14490145.07,10063409.57,10955030.27,15002258.51
Com_8469_neg,5485444.118,696191.1993,736541.4921,960398.5896,815235.0134,599826.445,1257873.015,1023420.024,973323.7685,810499.9942,548290.7561,550217.5736,728618.4624,766027.8434,807496.6036,752058.0811,737643.8861,752408.3793
Com_8520_neg,564794.3882,51086559.28,19901349.91,23915740.1,160499603,8860734.032,33032488.66,28288483.13,184989587.7,603699745.6,51285255.53,14270004.78,182546163,182623348.5,210939475.1,115736391.8,200528810.8,299711484
Com_8536_neg,620846.3614,719143.9173,1727265.298,2914671.083,729125.8612,1895272.846,3085607.483,6846739.776,386387.4271,604946.9342,10177996.36,6256369.755,524262.5845,420597.0319,670855.4804,972415.6188,1083360.759,1385859.054
Com_8539_neg,2235070.54,5727528.782,7982984.02,13219669.89,5969556.835,4469340.15,6695807.195,6166594.914,5694810.368,7316357.706,5902338.529,6144621.147,7394505.693,7066184.11,7372314.906,14262036.07,7342762.892,7649717.845
Com_8558_neg,668508.0064,296273.2711,570566.5596,265815.8306,1580062.663,7587845.771,5299689.697,6690968.832,298917.7485,343565.2305,1605184.887,1907297.257,777400.1733,806001.0555,1061506.993,1498366.471,1819991.953,1676412.715
Com_8638_neg,56309.47707,1472522.011,4473912.863,82125.27809,4534343.448,573358.2582,178612.3458,72369.67754,2721885.268,2486453.31,331332.7544,725452.4964,540446.9115,1234182.226,5153638.198,4130984.74,11146595.9,15640715.65
Com_8648_neg,103092.9904,1565030.915,270595.4603,488943.1987,347980.3045,2691610.456,262833.8576,122497.9452,2820847.793,1637654.279,236410.0155,275164.8318,1255183.34,1059709.91,392593.0769,296788.6718,278471.7968,402140.2737
Com_8761_neg,482960.3924,350414.4409,233368.2211,259552.0122,330491.2517,273629.9272,9332425.669,423902.1674,389438.1819,419157.4256,228709.8667,196191.3862,337443.9208,315707.6635,307412.3678,362385.5207,295168.5339,291728.0832
Com_8816_neg,104015.1985,7718390.861,2495438.23,95629.31438,1440555.57,9150398.558,328173.4424,2673593.375,5490890.669,11813438.83,3340705.64,5749246.248,3087351.03,2890327.165,4789233.969,4145363.433,2652110.656,7086087.119
Com_8852_neg,81717.01608,361166.3726,201294.1339,120662.6101,327737.4472,471121.9445,972168.9111,128214.544,243582.6014,289337.1886,688082.1023,331606.7367,487564.9024,1011410.315,427438.9211,867892.8451,624020.393,559956.1713
Com_8886_neg,58588.28366,1407381.24,881976.2402,67142.23445,2408769.454,8673788.864,86285.47089,76379.1467,160143.247,159267.8473,97324.46111,86789.98366,263555.3916,251252.8543,308704.6398,346082.4758,402142.531,536145.1727
Com_8888_neg,171060.6105,319478.6783,834953.0062,271236.5979,3376064.225,2575395.634,67044.65394,55470.71896,104043.1747,143573.7395,545728.8388,484779.9954,93885.21102,108638.7636,1371903.856,1409668.343,3350863.576,5458825.589
Com_8936_neg,2291686.244,8748936.503,9167854.943,27372274.13,14393492.12,7740378.415,14815605.38,8491539.729,4310112.241,4719791.296,11775625.24,10532838.73,19455465.56,19664263.27,1280180.46,17478316.72,24746912.5,19263024.2
Com_9094_neg,389926.4787,1784988.546,3461326.96,405652.83,4821675.688,11536680.97,197847.2763,337631.9822,502970.9877,1646142.991,2825494.101,4047754.59,151749.389,971673.8047,3923833.537,6303612.578,8467572.588,17278389.92
Com_9241_neg,81293.92501,304106.6385,259704.7111,315448.4627,2781423.81,10668472.61,669103.1364,360946.9359,2201548.304,1240457.555,991448.0774,1492832.396,692145.0985,1675825.91,1226884.411,3001409.543,1350553.458,1803059.031
Com_9275_neg,3668945.542,8837908.243,10212735.87,11778152.07,7889316.235,8023499.525,8702787.425,8299579.163,7323413.634,9068817.307,7363431.008,8617519.152,10535245.51,10060176.87,9686981.885,12726440.6,13334063.2,16117186.26
Com_9328_neg,8803125.172,28119013.38,27879939.5,6730110.047,45511805.97,26969329.52,33059897.93,21796215.89,38418226.73,29959997.69,22155154.54,24600078.96,37651773.21,40987241.28,25640103.68,36723884.99,38780782.19,37958082.62
Com_9329_neg,74427.38282,1004358.776,3536215.678,112790.7297,5648848.27,11340057.84,644887.5728,276230.6538,12949119,16083188.99,2191839.934,3388012.656,995599.7615,1666740.06,9013066.837,9033190.114,16662325,13397013.36
Com_9351_neg,2922976.465,11067852.61,3852898.671,24830088.61,6518600.021,2696904.841,9322905.341,4516904.415,7109733.824,5247059.378,2904311.215,6458543.637,8939124.603,10194461.79,11600827.87,15942101.15,7479797.709,8201860.9
Com_9374_neg,710218.5198,8156049.539,2245080.839,3441117.16,7451298.568,3076303.761,1690197.107,2193981.699,5885525.391,5389083.386,13266336.87,1509206.015,7305722.015,6301330.008,7578195.661,8000952.95,8217704.703,7979977.561
Com_9488_neg,2580499.886,28236161.29,15044422.61,6159009.06,18098724.98,26881441.78,19096752.1,15801805.72,37617432.24,25641990.11,12471476.19,9285302.445,17535490.83,19966242.12,15362294.43,16983716.6,13209257.52,14221449.35
Com_9573_neg,664635.048,6545238.385,1221582.229,2405312.11,5337478.615,1606857.057,42869672.71,665202.8143,1105188.631,1236689.995,20041972.21,11542366.24,12220586.39,8806291.259,10183308.14,19736577.78,24287545.97,13328749.91
Com_9802_neg,263231.6252,127568.4907,1657428.17,470275.9847,1467601.509,8397646.738,84306.16621,69752.37215,130830.4341,1915630.477,1050437.103,939342.6713,1447155.357,1368803.091,3749880.074,1462302.876,2138105.838,1868160.755
Com_9837_neg,582857.0765,438236.8616,444621.4262,679233.7537,426569.0203,456134.0261,518982.6251,481128.0506,13830012.88,987563.0212,354974.515,319594.6964,638725.3466,569102.4819,481053.9797,13487962.32,563024.3532,518189.9264
Com_9860_neg,1514003.921,12078163.59,16192773.5,12821027.91,10747983.47,8893206.44,12979541.7,15975271.03,14000308.94,11901438.58,7656895.891,8924978.034,8043278.553,11708741.27,9763848.317,11729285.91,12016105.01,11216731.48
Com_10096_neg,860344.941,4110276.969,11037822.18,14394475.58,11567164.69,2791792.585,4188071.863,3538301.417,5813651.525,2750323.906,3077678.858,2394622.443,6985633.206,6865750.23,11296886.77,7863108.912,9614396.398,9305567.968
Com_10267_neg,260854.1949,294459.3242,1248359.224,11852249.82,288955.7081,2489433.664,1100384.115,1186342.495,1494017.367,1807352.424,263597.5238,462325.4138,842052.5759,804487.2686,957736.8075,886332.4665,1086131.976,1047801.3
Com_10383_neg,362980.4768,4238760.52,1259346.068,2186646.862,3858050.579,6013018.608,2020094.492,2565734.272,3362415.236,4058087.313,1739444.835,1436608.478,2079185.271,2631989.071,2681449.572,1838399.959,1878212.158,2625385.869
Com_10437_neg,1217960.271,5322895.761,3124327.307,2871244.205,5451791.09,8477949.944,7696038.943,4179239.356,19781554.15,14926087.13,3716794.399,3077288.46,5675407.028,5409962.635,2745335.095,2304891.61,4447408.506,4749254.765
Com_10442_neg,445135.4525,1782102.608,2703314.753,546939.0839,1591121.432,4310596.132,2331734.457,1334581.58,3769630.502,10205779.63,1402590.905,1986878.359,4262431.918,4639509.365,2791002.102,2984263.488,4985305.648,5183948.233
Com_10471_neg,1085658.395,1297451.577,6587920.144,1793163.113,1656137.051,3573786.218,939072.4237,1639299.484,10665285.82,2047381.574,791260.5157,1084695.03,872603.4405,851522.1737,1472961.74,1391152.24,2920876.862,1556264.763
Com_10581_neg,78729.76604,4086047.777,2804222.535,1384659.392,5492423.017,1000352.467,167372.0946,271974.8244,2729072.19,3009919.831,551744.7338,669750.7236,6065031.197,7041061.458,3372454.755,2723578.492,2803567.189,3894361.638
Com_10628_neg,541695.6821,10319149.7,1899378.193,497808.0663,24214362.14,1875530.498,2926622.555,1444896.785,16009170.13,6841176.118,9039751.262,4546995.839,20626641.39,16844379.28,12237574.67,9033127.159,13730926.89,9862361.095
Com_10642_neg,4304525.332,10527534.41,10658159.19,6521006.169,10824927.1,12269118.08,10307249.09,9434855.58,14241367.82,9882026.687,10209741.24,12274627,9494418.148,10812333.21,10254890.96,15668776.87,15977689.74,14708747.33
Com_10770_neg,536207.9675,1222308.393,1241468.028,1031894.715,2450708.657,1113699.98,2703775.226,3734105.411,2463989.999,3262246.011,2557478.705,2372797.789,7784268.741,4980238.738,3248408.527,7473384.444,5440538.211,5533777.97
Com_10987_neg,7100746.123,484097.9624,2811004.391,1093928.05,7655998.247,23520476.1,1093388.737,819531.2167,2350341.753,637516.5965,1536168.699,868369.1969,2776395.143,3988300.731,4522028.588,2555050.378,2972449.657,2911444.447
Com_11026_neg,3611345.631,2652261.932,3919482.827,5008797.255,2607961.089,3063745.854,2488928.845,1623306.038,5841072.343,12991077.01,1678189.762,1604678.269,3041670.437,3276894.052,3274003.233,4361037.98,2810795.865,3187193.746
Com_11148_neg,4075391.508,13517540.95,19579428.36,16527796.3,7080580.155,22640426.26,32883948.56,14079347.89,45680170.39,15399241.87,13602306.01,9976516.642,23626179.13,23565870.58,41215490.87,24809716.28,61150012.65,25210442.87
Com_11227_neg,230818.9481,2715690.949,2874622.076,159445.9167,5761436.765,4373126.707,393126.1807,540067.2767,13377362.95,5219981.077,3150728.233,3074152.61,3658145.836,6118111.284,11914571.37,10716017.79,16865777.83,14544619.81
Com_11246_neg,6167757.265,1943265.471,3562115.745,1289341.754,7563869.98,11184910.8,1378565.872,1960862.214,3708349.715,454792.2611,2297512.618,1035006.699,3739008.987,3863186.274,7053558.194,6172569.478,4951576.972,4961931.95
Com_11249_neg,10080693.28,6967632.213,8553694.791,8778988.074,13505860.63,10916036.74,8332741.415,6089263.603,5582720.999,6045672.535,5047363.689,5987073.407,4024280.61,4943731.104,9327968.2,10443552.96,16550317,17784495.48
Com_11273_neg,1111738.307,15037160.59,688882.6717,672926.5043,56191541.31,8239669.412,33601480.29,586783.0051,807831.6157,711325.1963,28134576.69,4794114.767,26364644.66,32059519.83,6358152.496,4373204.159,24384390.56,12105828.38
Com_11346_neg,1740191.568,7029413.104,4972497.152,3376740.106,4129436.762,13465988.69,18666769.4,4154615.882,18689207.94,14300108.64,10177879.83,11070624.98,17004904.3,16036314.93,14492048.92,10980570.94,9519750.936,9807684.677
Com_11478_neg,4311967.495,2999697.066,2989640.752,2878120.248,3966346.045,3839084.604,1339605.732,2699986.49,2314990.474,2839428.89,1621562.361,1279637.279,7081569.915,5196001.811,3432725.787,5415932.424,7130635.762,7299276.313
Com_11606_neg,987103.2501,4310462.099,7008893.117,4497134.464,4759731.997,4708667.63,7936337.911,8252704.125,10269758.21,6669584.972,5962410.294,4393053.574,5652117.457,5476724.014,4926123.65,5628115.784,2932573.649,5546702.064
Com_11611_neg,5026527.884,20015409.26,6350844.02,5873569.19,8789481.565,13762115.57,2590850.661,2061663.612,17878940.15,8996750.644,6458313.035,7678450.795,8333472.497,8609107.11,14567940.43,9598196.819,14157401.57,13155808.48
Com_11679_neg,1035507.719,1545182.559,4086431.941,3994610.664,9573240.74,2851145.955,8423826.329,4303953.62,13416095.21,2163403.854,5868050.523,4460053.478,6430487.639,5712346.607,5898002.172,5693589.848,7923103.152,7668871.125
Com_11759_neg,64883.76174,9950775.355,5539523.595,83808.37845,5942522.712,13621590,484812.4416,666854.6729,12154786.7,19531831.85,1841228.218,1196407.661,7155872.744,7695286.519,4792948.148,4117868.062,3148496.221,3999648.29
Com_11799_neg,875159.9906,15456062.79,14031880.87,32067425.51,16749740.35,3610232.23,12834359.18,11587276.03,6038647.863,6749339.068,5802634.109,4927130.97,12978923.51,17495708.86,8327235.472,18728296.98,7722774.302,9116769.652
Com_11807_neg,2445866.914,8449240.596,25972358.39,13515630.73,10368369.16,6690329.431,12084193.49,14864934.38,15330636.06,19669302.85,9698698.93,13456801.13,14942568.47,17497385.65,12803027.29,21551794.58,18288143.85,21494606.78
Com_11820_neg,638473.582,6869107.682,6640680.739,847385.5237,12717432.91,5859584.747,3678267.95,2956840.66,9598275.799,12415473.12,4637559.451,2876302.04,7658602.296,6616634.766,9471547.973,8682680.485,6030414.081,6292386.882
Com_11926_neg,118015.8178,407094.5883,12020300.14,130823.878,338152.7448,140824.6601,214078.0623,205233.7942,277600.9846,10361485.81,177987.9809,21684869.6,215824.4394,254718.0618,2904121.75,4633387.798,1114363.461,16170450.43
Com_11971_neg,682003.7534,1812245.973,520253.5815,794774.5479,3371328.981,10251986.06,607263.9632,1050768.495,1463994.241,1055810.117,523978.1775,373959.2283,2289059.569,859306.8226,1009540.08,772701.9599,695799.4978,690000.8536
Com_12087_neg,16051227.64,12272588.14,19393918.93,22321057.49,27114330.79,17385867.92,10722335.5,14093915.27,4678657.104,29043025.26,19640191.42,18466186.1,12972850.16,15065872.94,16036688.31,19203521.93,7078703.607,7223211.84
Com_12142_neg,5853949.703,236514.6026,220899.9927,4082007.808,234177.7127,519786.7792,261695.6997,292152.0229,318963.8543,256934.8118,562894.97,617255.0921,629085.6691,1519807.51,477564.7206,276628.1868,995308.2868,610878.9141
Com_12190_neg,1877464.636,1888073.091,4348177.764,5780207.665,3109413.97,10502102.1,690210.7097,1052405.101,1233803.208,16010675.28,2399716.144,6048396.423,3111991.93,4910268.757,6534393.633,14453994.69,10034575.35,2149487.463
Com_12235_neg,820744.0438,24871350.52,38035792.69,18156025.1,15976493.97,11922752.39,20338162.32,22649925.23,15068075.86,26473011.38,17696782.29,16478648.97,22448597.96,23324567.81,17002990.34,20904641.07,26649118.4,18124010.24
Com_12289_neg,158162.3377,362430.6319,521139.3609,634023.34,774339.7505,1307049.222,591994.3503,630258.2047,1631705.825,2343101.05,623895.5085,565693.6754,2293224.355,2724019.44,2324859.597,1977243.631,1834064.75,1783008.455
Com_12334_neg,5488080.204,27011466.39,30350443.2,17313008.22,18535040.69,16053611.74,1192225.741,9955512.1,16120565.94,28487512,10271861.78,11145145.81,9861034.466,12173574.91,14244719.24,9831468.87,14121957.39,13561060.92
Com_12374_neg,4887442.917,20294474.73,33455606.48,33083322.39,13342343.79,14605890.48,11562029.79,12729928.6,6611469.345,17021434.32,17406712.05,17268312.94,12372137.9,12556500.97,15577413.67,13909798.51,23224686.38,24405001.79
Com_12586_neg,3438779.134,8151506.582,5556336.685,5318296.167,8963591.997,10090533.55,7010585.384,7024339.71,15260478.01,15648851.52,4373586.71,4369154.468,12549225.18,12107162.07,11475399.64,13864960.59,11917545.88,11044863.32
Com_12682_neg,888106.6575,8343054.782,2212628.293,8176068.672,8112645.854,4252732.881,1535661.915,1892155.81,10324853.09,15518022.16,849421.9149,671334.7875,13438376.99,12650721,11786722.66,8655220.035,10134987.13,10334063.3
Com_12800_neg,589948.5866,2565210.031,3076271.741,2225190.73,3615513.332,1397230.629,4346824.541,3212901.995,3615391.157,1152754.406,1721648.31,1447206.946,4936153.127,4342281.73,9332704.906,4962669.093,5536982.479,4605251.573
Com_12863_neg,731217.9186,659583.0751,513518.0275,7105697.154,717645.7989,913379.9209,587068.9142,513043.2633,643667.2993,651668.477,541469.6394,444078.5157,732869.3835,647265.2154,667840.2644,667217.8273,714986.588,649270.7664
Com_12876_neg,607520.3906,533094.371,358191.4526,421730.4359,420061.3613,699265.4126,7563385.596,476354.6438,404264.2947,419203.3279,533516.195,359677.0385,513507.7211,481392.9131,515693.3194,591408.7865,419013.8908,426527.5039
Com_12944_neg,566730.9446,338997.9761,1034070.941,2390911.128,281551.2586,363878.8786,1602425.684,312950.8984,1941861.235,2773501.162,339066.6472,288692.9503,1537632.874,713807.6305,360595.7966,862143.4073,343880.0223,377663.902
Com_13000_neg,1742927.38,3608932.117,5404364.772,3518921.82,12584098.41,2060225.744,2390592.173,2489015.18,5768853.596,8426311.148,6181611.674,3249981.682,6291058.101,4673425.403,11408043.05,5061688.462,7979494.065,8178354.876
Com_13049_neg,3806145.281,423060.5747,491486.4443,679813.5955,526190.0489,361775.6405,667438.4152,504710.7363,4823747.163,444460.1451,392441.4041,412889.0043,446259.6343,394134.6488,405845.7065,6926422.651,466777.8144,449324.4713
Com_13193_neg,200109.3193,3899214.794,6012938.8,1489090.56,1131761.965,5736440.389,2726795.415,2089691.951,2103654.653,1035368.839,682579.8327,895159.2891,279621.9041,339931.5005,301119.4218,335383.5087,287895.036,440553.8561
Com_13295_neg,326869.4587,553024.0883,836465.6217,947853.4164,1499013.7,427603.1822,762244.9182,609360.0537,1029333.528,777173.9288,374004.2299,447342.2877,675511.2918,1205702.435,914944.4032,1166818.87,1467063.219,1218561.949
Com_13425_neg,49206.12394,136605.4027,161193.4564,100660.8581,147549.9877,136605.1938,173407.0594,671119.0431,195980.455,150686.0263,115756.2641,121072.5463,136667.6955,141865.5866,125565.1888,139856.037,134597.7718,137201.5574
Com_13548_neg,438613.1614,1002826.639,329606.7474,8239749.684,1642574.226,680313.0708,854658.7913,1174322.499,3966768.316,1172215.488,1124075.438,372551.9823,3582691.848,2849197.088,2901284.963,1306640.354,2143001.691,2627093.309
Com_13577_neg,166593.2077,14669927.16,8373521.218,3105575.165,7270744.783,1646840.373,237757.2942,278302.4701,4883549.33,3940521.34,823534.209,844783.3,3552512.553,2858386.094,7466796.134,2891303.273,5108601.104,5489847.218
Com_13611_neg,46310.37021,1366049.616,2016031.39,243305.8688,1801938.871,1890628.488,97206.01995,325170.2516,3945590.703,4826129.734,1362994.706,1640607.213,2173955.442,2138527.176,4153520.151,3713856.178,3378316.975,9080102.069
Com_13684_neg,2036703.552,5030896.51,1361643.49,2625577.762,3162321.245,3295078.438,5093062.403,2922992.927,2937656.394,3788792.184,3716207.387,3543716.264,3478650.649,3398160.581,2716191.754,3193358.258,3480519.599,3457684.642
Com_13785_neg,1088987.242,7729372.217,8106086.745,9066759.395,7946768.965,678652.4963,7333457.238,6897232.014,7520396.046,9366332.817,6795772.579,7290386.855,6609532.562,6090026.682,6191378.303,5321858.206,4720697.436,5313592.234
Com_13832_neg,96782.17478,466240.7647,4819841.629,172480.4677,2687465.889,2158430.765,2896556.415,1681617.282,3079737.758,1993204.332,1412250.901,1162453.655,4288296.146,3737747.271,672001.8886,3798962.698,1067686.865,2480888.503
Com_13864_neg,1304797.449,2871383.433,6912678.662,10625334.98,4324174.551,5336910.397,6417712.907,7892289.026,3604083.899,4485409.501,6294354.568,6504471.815,2305798.029,2730054.634,2437355.875,2250777.425,3113299.429,3833445.3
Com_14065_neg,1521975.569,10031273.45,565419.6123,853133.3298,21223818.98,6757848.197,10555957.77,416787.6342,628646.0241,2012190.579,10805842.98,32700515.18,11243213.2,35161530.61,38600379.04,16978192.91,14826716.23,9421662.236
Com_14070_neg,876669.0639,428061.9037,1560123.576,914588.7889,259961.066,395057.9921,1113502.073,554948.4558,367674.2559,414046.3326,677948.7941,767769.3982,1241893.029,899507.8246,1120049.094,1418245.349,2790994.043,1281312.062
Com_14075_neg,89670.01288,417053.8214,330381.3802,623563.6463,723996.4723,744016.036,184172.5252,220078.3565,374894.508,435410.1753,491866.9678,572498.9748,483672.3757,482733.0516,733910.9269,617488.8309,579379.3382,836679.938
Com_14149_neg,48195.84256,754259.9886,125876.536,4155390.995,108812.0123,123916.3092,121473.4491,151550.2596,189021.0108,148622.4838,108407.2409,111663.8947,133280.6455,129707.6098,128305.8232,119726.5108,4804669.139,4539120.001
Com_14252_neg,70144.14923,731593.4875,1252860.94,113571.5632,3556692.611,198299.4401,174827.6053,201660.9588,1034993.312,486644.0648,464501.2053,152488.2372,1873825.785,2025075.1,7542383.58,2844466.28,4975071.006,3805647.214
Com_14266_neg,405240.4435,900105.0434,1405449.736,617177.3247,1050099.219,350611.1118,1891485.523,1146801.808,1225860.975,11415548.93,1282449.34,927090.773,332439.1631,325313.1718,339738.0967,341282.9303,292437.0942,269612.1904
Com_14310_neg,242898.6234,778409.2267,919493.7892,934467.4051,598221.4288,582976.3787,2980685.244,4023282.922,586067.1306,567372.1731,1935077.165,1880856.205,429595.325,447616.7158,9433762.905,429811.6798,487687.9697,486927.7626
Com_14444_neg,216337.1251,13729205.71,340935.3921,631489.8447,141070.0053,379164.6746,288037.911,361816.8589,257545.444,174617.6956,351338.965,290544.3761,141466.0424,146849.9013,270237.8881,332949.1164,894486.2299,1143321.367
Com_14635_neg,125687.3983,477260.0966,1593474.391,260385.5334,3618408.062,5577477.743,90454.19603,80081.13384,148395.449,514274.4224,882500.3342,1001089.571,128280.1866,598331.7652,1534187.739,2790107.097,4374438.107,9584312.023
Com_14751_neg,906441.2784,3247170.201,2241900.474,6360180.444,4330197.242,2512999.094,3679099.324,3773827.469,2976110.286,4461336.604,2903950.815,2855340.871,4868811.176,4791031.858,4576454.292,5032854.474,4202897.838,4285906.839
Com_14767_neg,8792043.383,9874067.626,13026987.17,36729679.41,11798770.91,17658247.46,18882175.54,14243378.3,10488413.88,13206887.26,14818077.94,14623566.73,33141530.45,44051932.31,23308145.88,20408478.6,21164313.42,22482131.71
Com_14769_neg,69102.82941,1254721.629,417726.2143,103956.4696,6600323.652,2977244.105,111289.3506,153068.6967,479131.7942,445257.2627,138745.9032,121129.0512,1345577.268,1396491.532,6467836.2,768393.4199,1845914.036,1053664.637
Com_14777_neg,290185.6468,613036.8454,883809.3001,6587802.943,758147.83,466979.7917,621077.4316,349056.5745,2927531.884,438433.9435,404022.1997,243248.2207,1962288.035,1583090.846,1220285.311,863362.1066,811438.5475,1579985.563
Com_14847_neg,91940.14663,8278758.886,2176068.816,129419.4054,4801071.886,1969516.795,176473.2499,219126.815,2126205.629,1365944.687,215759.2605,214908.0455,786400.1961,1445554.644,2415202.888,1429754.869,1312898.443,2240251.765
Com_14891_neg,6517782.356,6275731.86,1929797.112,1389888.61,6312556.729,10076562.87,1598677.198,1848811.874,4976940.828,1080098.973,2352046.672,1816379.265,5936163.532,5357925.849,8393446.372,5185401.166,5221996.647,5846322.952
Com_14946_neg,6160166.23,4405442.038,4340695.428,9188540.262,3259610.177,8755906.228,3944767.642,3481210.277,6378941.332,5327161.684,2965057.606,2633854.025,7241964.991,6758366.535,7617548.081,6781353.342,6239422.532,7165107.632
Com_15105_neg,201529.339,201024.1607,278085.4013,2079569.376,587526.5136,421775.3398,233894.246,201698.0675,667773.639,477547.7189,188423.1876,165817.9956,1234102.401,1346879.975,1361940.352,1418937.739,1680791.274,1650858.789
Com_15137_neg,170319.7196,11902545.33,773064.6822,207008.5028,8951747.173,8959257.244,325721.6648,461840.289,4492571.409,3548489.517,11292822.78,9406079.393,2862414.215,5649757.773,8318298.341,3845654.178,5383144.51,6599852.77
Com_15171_neg,226276.5433,2161750.37,1347210.823,301932.6021,3056398.043,4565424.668,396643.5157,226469.8407,373342.1907,1132319.197,932744.0614,972782.205,311984.9499,840281.318,974807.8906,610745.8418,744976.0213,840810.5867
Com_15175_neg,5138907.307,10332075.31,8988657.604,4164886.772,2680121.993,7316750.798,34844459.47,21194224.04,22305163.52,10984271.18,24390029.72,20053910.98,37515239.29,7687259.343,6257590.714,33214836.31,4435397.493,3209307.524
Com_15235_neg,47934.0307,1208892.195,1029349.12,64475.97859,7724355.258,6058314.6,76358.08521,261716.5659,3913952.098,4126617.455,1856675.466,2441817.883,2080699.185,3054192.006,6301859.094,2780581.524,2527758.758,4169792.203
Com_15331_neg,5197865.017,11089202.93,10344711.4,8169768.478,8930500.161,5743628.728,11424299.99,14576614.81,9598680.09,12377003.68,14193661.59,14773013.78,6396433.837,7245746.029,4104720.735,5503427.195,6570953.685,4473471.569
Com_15579_neg,57184.67474,1444970.411,210691.9712,94595.41108,461709.5666,3168665.295,1097407.76,2520865.578,2820847.793,2928052.624,2544418.528,3316430.145,874228.507,567751.9278,468032.2473,393787.1404,369483.8212,533570.4611
Com_15702_neg,453201.6454,1260411.773,394744.9843,374938.8733,1646659.822,1919503.459,1126804.371,847385.3881,851636.3761,1059184.738,1077340.903,1027335.151,7722815.08,7747902.672,4866040.289,7770872.356,9639637.606,10328789.62
Com_15726_neg,1588435.958,209360.461,217292.4079,288874.1632,229212.5051,186688.3614,280394.2822,251339.4988,388833.8583,265146.1248,171302.9951,163551.2715,262138.3426,258773.9752,284667.1176,293324.0808,245299.7147,257984.6927
Com_15769_neg,4992600.472,3617044.315,2430328.34,2861440.223,3053285.477,4744514.524,3413492.866,2932000.955,3267719.017,3319588.981,2905857.783,2440408.037,3484148.933,3266250.02,3528308.772,4012707.516,2966803.908,2943171.46
Com_15845_neg,4135951.535,14841152.24,18162400.46,25977342.12,26725773.2,4335882.783,21360098,11208250.3,5663431.439,2924086.167,17160040.9,13700642.37,42940117.09,41499777.59,6192273.317,30523743.98,31665676.08,27762747.78
Com_15880_neg,849008.4556,2368949.93,5246660.31,1441437.053,2539528.802,4930269.918,8720957.032,7741572.798,1329705.061,2989270.133,5911839.687,5119907.723,2679004.357,2899083.97,2675586.992,2294248.836,3913279.103,4057580.454
Com_16011_neg,1777864.181,1447302.486,3130741.933,4477460.699,1575702.52,2758852.769,9103950.186,3387994.389,1346267.536,1512587.345,2169348.752,2194905.765,852157.7314,735472.2403,1477715.617,808832.81,1662672.515,1512561.758
Com_16094_neg,815403.5776,2711420.882,3682492.984,1493787.896,1287844.782,322421.788,1114513.369,1875618.218,4209372.444,4315120.027,311175.9466,294085.7051,3952372.129,3722694.061,5554619.582,823175.9179,2501597.349,3157794.251
Com_16316_neg,1095614.142,4051165.218,408228.1902,3211158.632,1890604.966,3155751.869,3241770.762,2912562.724,2513749.654,716374.0314,2101794.195,2504741.372,3361505.203,4140479.194,5861376.156,7839253.375,874934.3707,880799.7919
Com_16509_neg,131871.2675,1088049.39,344860.2379,74378.36939,1551710.358,3899550.482,89784.04936,110789.4159,163823.579,165889.923,131104.0173,132063.0503,89328.37144,95246.83622,919762.2001,364359.7677,602256.7506,469485.0607
Com_16748_neg,51477527.45,254456691.7,258852974.3,42130544.32,18214911,421363987.8,382457312.3,306716359.2,69200282.01,317269307.2,64737411.41,89000477.47,422619958,409151797.6,316669458.8,390999002.3,422508505,388600909.4
Com_16819_neg,118174.3324,136947.8773,121016.2547,106648.4019,188137.21,128707.3558,122293.7164,115336.0371,151960.9354,199823.1496,134282.8357,361315.408,7215341.421,400119.8233,2609125.479,1523166.425,2084314.667,224246.139
Com_16850_neg,3684537.625,255153.8404,596517.7605,384914.1618,254493.9439,249907.016,282746.9003,311926.9275,343458.8538,346189.2589,252333.4239,259913.7535,8048839.321,7449998.935,6156129.352,5974655.625,8435274.657,8094309.727
Com_16851_neg,149526.9228,10350710.33,2476599.672,1945444.963,4633155.098,18158023.73,4841461.763,5017013.309,6822657.351,5955625.896,4441666.105,4349028.102,11779549.88,10697160.43,6387610.045,8890963.512,5836403.907,6858584.524
Com_16943_neg,29104752.02,27180703.1,17302288.68,46373292.08,29729049.66,20017450.45,29071904.49,16836404.05,59873962.95,79120475.07,17995253.21,17530544.21,40961150.18,41041512.24,43672339.95,41299454.09,49096544.82,50652794.08
Com_17063_neg,101348.36,216212.2621,1152913.332,130505.1843,1072135.393,325668.6562,156362.4797,137301.562,1131351.805,1569752.297,157504.1665,945653.6528,239284.4367,591710.3666,1962611.041,1646904.618,4249989.256,5086641.38
Com_17084_neg,56379.65631,262220.8959,207725.9506,93263.74224,455209.8407,467797.06,115797.727,138373.3726,235713.3989,273762.3788,309259.3578,359956.4046,304107.0413,303516.4451,1916192.587,388243.5938,364282.4051,526059.1119
Com_17101_neg,6729554.815,3808425.637,10780830.08,8426468.904,22477682.58,17576484.44,6180618.578,1976577.785,1568430.812,3708460.768,8991216.343,7350656.863,2331477.479,6209942.361,16489534.19,28468779.75,35174007.21,1633302.228
Com_17107_neg,823266.3613,2815307.142,6742165.887,4375176.404,3774198.298,2064708.289,5997679.239,6535721.307,3180119.234,3208751.586,3444201.694,2553803.47,1749545.164,2432031.294,2662945.079,3893316.584,2837570.728,3148560.744
Com_17221_neg,713453.2478,4203659.629,2988886.446,13270640.01,4868796.222,2853836.06,3417564.398,3997114.295,10299337.9,3272803.288,1183269.674,1024910.703,4540946.087,5354241.874,8101734.955,5988046.937,3530547.091,3024290.554
Com_17263_neg,521288.3104,5705293.982,800885.2949,564987.7898,1297905.042,2327112.055,2044116.11,1147813.301,2308974.596,2136845.922,2085319.362,2036229.575,2037161.739,2116750.904,1549499.493,1940903.325,2189034.928,2183152.452
Com_17346_neg,46339.57791,1186672.906,1117313.667,165928.9823,3781748.936,2271967.126,297174.5276,1766390.074,3332203.435,3616852.766,3527877.278,2573722.726,1397337.257,1341873.112,1539001.484,825259.074,873324.6987,1925837.08
Com_17446_neg,335902.7959,1226996.729,297636.1975,297748.4446,687993.8696,785390.5153,848858.051,617660.9388,4252589.223,3335430.734,806147.316,807232.2313,823028.6079,662474.6618,636450.9654,743448.9734,645262.6727,726265.7502
Com_17636_neg,617063.6735,2771287.699,2004985.736,175397.8472,3275218.255,4185951.028,1526429.024,3252307.076,136191.0884,400328.5003,4312993.309,10633255.82,5971644.745,6927090.627,10084372.79,11544253.92,12183775.21,9182588.078
Com_17683_neg,3844468.627,1847460.44,1143905.535,1401753.517,1831398.84,3710633.983,1608470.718,288241.8165,1263553.062,852044.1945,1061577.56,1175733.34,3907504.538,5004028.812,3612489.945,2417309.342,2189111.535,2400208.945
Com_17797_neg,1180163.801,962363.8956,749247.8629,862521.2125,1202289.893,2309481.971,1733118.05,1105271.146,1212654.497,1582319.97,1368300.963,764270.6078,1259698.521,1359365.363,1376523.436,1687156.064,1344616.652,1236497.12
Com_17879_neg,4490713.689,7163645.178,6127852.145,8668226.753,12659863.97,17066122.47,9349526.148,6722729.056,9488176.149,37660129.04,18201445.8,15408670.57,34383694.48,30029140.13,20079917.38,18820159.02,20699962.86,11538019.2
Com_18124_neg,12242140.54,12076560.22,15674502.52,32210238.02,13906679.07,13367101.91,18194399.13,17068263.37,15842389.85,21348770.9,13178207.26,13051983.38,16431046.72,18224447.99,15830710.33,17026371.21,18851526.46,20516391.13
Com_18169_neg,879013.2455,585536.8315,762586.4075,425029.117,759439.9504,713415.6499,897814.1522,264928.6545,1035091.093,462260.5269,402157.2735,572308.1613,689459.9708,661552.4559,763803.1313,926125.351,893842.9534,890674.934
Com_18277_neg,8437943.726,2828646.205,4048985.683,8394121.884,6274700.308,5000172.903,3749709.05,2947122.34,4364787.957,4852810.226,4105730.367,3463725.459,5686196.551,5489880.673,4340148.934,4019887.789,5464485.189,2524407.751
Com_18288_neg,318066.4743,486971.4674,2879345.846,1957599.74,462602.1069,590094.2139,764893.4398,2684424.638,598984.7148,475585.3686,874075.368,1103925.358,426774.5438,518822.4133,489131.4301,511881.0144,543711.3285,475539.5044
Com_18322_neg,625740.6205,485721.9183,1515729.507,345056.9089,1012333.67,358201.9957,544900.1042,3203316.603,1233860.606,545746.754,629984.6934,874054.204,5597716.895,4281840.49,3526694.961,3816155.42,2419085.013,4537637.204
Com_18365_neg,313414.565,4171472.587,2265748.261,416627.2247,6918927.14,1521262.509,1020322.102,359705.7169,4128592.655,2318956.067,3798306.751,4249701.878,6826533.999,5460855.986,6897207.661,2673505.117,1763895.393,5386319.484
Com_18369_neg,6111.172256,197353.1388,13948.63791,10400.68845,16067.67469,6233444.257,16391.65371,14240.76329,17978.80988,8597453.708,13915.90035,10409879.34,17978.54353,19220.60331,16564.32466,20710.14613,19030.68692,19564.87076
Com_18703_neg,288560.4199,1590931.731,3057658.966,2607914.982,2533154.864,1802449.208,3814816.827,6809199.179,4688284.6,4352006.767,1738197.642,1528169.331,2608828.601,2987144.132,3972668.7,4000566.76,6299053.694,15510440.83
Com_18761_neg,89494.19447,416236.0928,329733.5926,178789.4292,722576.9129,742557.2237,183811.4131,219646.8429,374159.4422,434556.4549,490902.551,571376.4606,482724.0263,481786.5439,732471.928,616278.1039,578243.3335,1599730.335
Com_18980_neg,2540139.914,317931.7515,1004566.875,1664677.555,5538832.659,4898823.88,188971.0744,352937.5845,2575332.172,6594492.579,7433228.732,9569703.032,17161777.19,11336826.52,3492740.142,5786674.024,1757316.55,2051553.756
Com_18996_neg,1302963.097,3926488.633,15828555.74,11150193.26,1298969.911,2843701.106,2788084.88,1983750.615,1803533.259,1449216.529,6453067.673,6225298.579,814106.2241,815267.5537,913088.6413,794465.3917,987266.0249,978117.3148
Com_19215_neg,364566.9306,1049003.691,1239132.767,1321285.266,806178.1201,785633.5103,4772274.311,5529823.42,789798.6846,764604.8936,3398368.538,2918484.242,687104.9795,603219.4519,714110.5979,599798.9776,722508.0469,687634.7598
Com_19227_neg,94962.30272,441668.1783,349880.3629,157087.5082,766726.467,787927.5777,243714.4188,233067.2968,2194001.881,461107.9172,520896.768,606287.6451,512218.5342,1192761.916,10385684.35,707724.3021,613574.085,886060.4677
Com_19345_neg,803920.0559,982306.0057,3608150.581,681386.6376,1630551.508,3045949.884,371114.9307,734522.6619,8955740.015,1688346.439,1003283.668,824764.5736,1125013.276,1138757.063,4649033.852,2012580.037,3184900.447,4539337.756
Com_19585_neg,7894664.413,20429289.31,17361300.98,16460537.14,18818610.11,21172332.21,26512748.39,17247238.69,21968901.58,19052850.93,17698628.65,14788282.73,32510150.76,8275252.636,23293260.04,28519980.99,26438853.71,25238889.93
Com_19642_neg,233516.1601,202224.3999,187859.0184,284356.71,193415.2918,221079.7874,242695.8084,217294.7353,252383.5758,264935.516,247550.1037,212335.6097,891916.6062,1047083.442,874782.4405,581395.3976,251624.8582,243414.4645
Com_19844_neg,904383.2963,995301.4152,1644203.596,383673.5027,826746.2037,432446.3783,562595.5657,560019.7528,678703.8217,589482.638,504140.0512,577071.2994,593346.277,622757.5966,985468.7675,663308.4956,693446.351,940940.8789
Com_19894_neg,9222252.699,1630087.352,1684664.13,1162074.37,7060686.412,4704388.71,2468742.505,1298347.418,1455242.622,823310.4043,2358806.095,2202558.409,2304332.667,2394359.839,1741830.884,2195450.096,2476123.813,2469469.858
Com_19983_neg,432004.3776,1512628.49,5855487.483,1712485.715,3855245.749,4018162.011,660808.4282,498561.8501,1671689.53,4233094.686,2263469.841,4198619.118,2351525.002,2231060.576,3221106.749,1839544.747,2550386.164,4439007.989
Com_20032_neg,139133.8533,463538.2466,448159.3539,326310.0083,572144.5776,554662.6992,1990121.487,2910310.286,472396.2609,565583.5748,36781352.04,30604733.59,606783.075,643121.4705,558217.2786,561503.6748,579253.8069,607571.715
Com_20195_neg,489851.5084,443954.9551,1610276.116,2967563.415,455407.3708,992106.1003,1272672.863,3052882.463,430758.2988,461896.4548,1384120.583,1872066.368,538116.4118,497646.7534,440932.1308,455169.617,837114.0442,832208.0066
Com_20291_neg,867928.1522,2169869.586,2555253.853,1796708.292,2855015.541,1652439.7,5445642.616,5637786.612,3427586.01,12577370.56,3517478.27,3182840.533,2460600.395,2255750.197,9874518.272,8086172.937,15056108.56,3574399.378
Com_20322_neg,384622.8112,171619.6645,18882.95771,144453.5338,209509.2257,32349.76058,20898.60664,19772.82729,66497.05911,26241.65531,194402.3078,77860.7269,115972.4583,30276.46801,103070.0804,27119.29273,38975.45999,38747.01721
Com_20374_neg,306614.1015,705622.1974,558971.9882,465834.0831,958259.2748,813360.6268,717086.6975,827148.4972,795573.1273,1836774.096,667882.5946,625457.7831,939799.9787,917930.0381,1441830.361,1200241.776,1194229.88,1096407.051
Com_20483_neg,142669.3836,254195.0264,241387.9498,184834.9935,290067.7541,213312.7962,208180.9307,233649.303,1000742.867,276691.7979,194746.7462,192729.6302,264956.9724,7649427.326,326764.1789,324776.5688,376451.058,413143.521
Com_20732_neg,216779.6877,577551.345,1700943.741,1579488.783,711367.9591,18967084.2,692147.7349,517084.0415,4000643.565,481964.9113,3014979.262,2892822.597,2636929.258,3506663.341,6360539.455,499435.825,987914.7552,1277704.489
Com_20863_neg,221417.1357,2287096.862,2054226.513,451455.5018,3392745.741,2921922.114,1050882.068,1393152.209,2239973.392,1885355.875,972087.9436,581691.4157,3358460.341,2100258.913,2905237.462,2974992.503,2833054.743,3521030.873
Com_21017_neg,249638.3057,214087.7668,317021.9737,273939.8756,376056.8134,475283.8654,276529.0551,202183.6553,6150077.751,3667298.966,211728.9952,178089.2747,528275.4023,512997.6785,358700.0184,526248.0219,369856.4393,348852.5656
Com_21028_neg,24075166.74,14033004.86,12930954.55,10684746.19,18683723.26,14781370.92,20488035.54,18458942.03,14720385.85,17234987.27,11556448.78,11598934.5,15503708.93,18707451.21,19964500.28,22283976.45,22832254.19,22021802.56
Com_21060_neg,269981.301,2389615.96,933904.9103,237577.3366,5340475.961,615471.9573,768770.2415,1117321.143,2324976.542,2139870.046,4343156.176,3177160.446,1748869.09,1713466.785,2053528.291,1346585.271,3019928.76,2842707.802
Com_21084_neg,303781.7754,270592.0612,1933574.228,2927813.458,822617.5755,189696.0735,358605.7437,793238.4422,339206.6219,457015.1118,1479624.116,1696513.113,912328.2984,766220.8138,918167.3736,1064952.265,1482084.963,1248636.945
Com_21098_neg,421352.0334,1234597.689,930284.5726,972605.2525,302871.5891,493109.5166,237444.4212,2375783.149,811732.5972,321563.2744,278577.0016,300974.1832,1339713.126,15033502.53,352314.5584,612314.5561,345676.7469,1871958.794
Com_21219_neg,1359390.299,2333971.578,4201458.751,4183172.101,5109764.486,599857.4507,2425722.709,999285.7117,2071205.813,715446.1498,774040.0087,525687.6315,3293297.439,4246372.278,5128470.328,3480048.832,2795146.499,2493338.012
Com_21503_neg,1937883.076,5164386.222,9277977.009,18318344.4,5488356.744,3866798.52,4971240.676,10749901.15,4490535.551,4194925.157,8943558.783,9464151.824,5176629.464,5209542.669,5101209.514,5315860.27,5258759.103,5306670.547
Com_21717_neg,614965.6147,1719640.559,1480318.411,2483192.227,4895649.432,1230200.164,915678.3685,1083439.037,2176588.548,3163753.804,1236027.62,1032106.134,5212013.404,5249793.538,6024927.519,2663798.128,3034384.625,3599876.719
Com_21963_neg,778829.8042,640964.0207,862950.0925,354137.3644,887356.7711,1351652.566,772763.9899,671933.0597,657353.5566,712731.4727,620796.8215,4272462.544,23789791.03,2280545.19,1036108.447,1020460.99,874208.3135,1742365.316
Com_22021_neg,299760.9883,465137.4057,659380.0488,555054.2489,585110.5115,400707.6037,926436.2862,1009540.406,6392469.335,8800998.271,844455.2935,1032134.304,1034111.605,990635.7653,989351.5133,935898.618,1095687.833,1346051.338
Com_22033_neg,1569702.192,3316457.581,12289501.47,8080809.82,3661626.587,6093832.744,15067058.11,8502996.842,2313570.303,7717952.208,1926197.113,6147083.254,34282953.26,5283792.888,3121513.91,3883549.123,2924905.506,5364222.721
Com_22088_neg,194470.4403,11090206.13,23543055.53,563473.1827,7081454.521,16328334.62,496721.5806,3841169.937,19272558,19154896.06,9155463.923,40137065.22,3788357.958,17407695.77,18247200.74,16089338.21,18716989.12,30529601.35
Com_22154_neg,4438994.213,1206574.93,1412326.067,597119.127,330930.4272,8720088.734,605246.0774,294698.1386,1605224.605,3164124.73,7289347.726,4269677.651,5948458.59,5641207.336,2528149.904,2215938.836,2365375.406,721922.904
Com_22523_neg,46131.08258,225704.4848,202281.0005,161299.8492,211789.5638,158907.7259,2859101.699,2403110.164,277621.0631,220427.1868,1058153.848,484782.8378,197804.0501,240466.9541,226705.5974,234025.812,203656.4493,220405.9294
Com_22618_neg,249064.0101,312905.5819,142344.8984,70626.50084,672347.6931,685357.9226,116208.005,101236.6635,153958.8043,174610.5078,3244014.881,1050377.058,170390.8096,1168119.243,1565759.734,5127484.152,6365143.786,3800617.309
Com_22635_neg,786031.1556,4860479.395,556613.484,1139921.554,2253141.225,1253488.794,8274408.462,370779.3116,631607.4412,733561.8444,6338884.384,5437688.304,5201911.327,7186916.359,6699176.966,7314925.533,10234383.89,3559626.51
Com_22640_neg,115203.1478,198437.5794,3071678.042,147502.1616,265405.5403,170590.2783,170436.3247,191287.1094,243414.8275,216556.1507,159437.8484,157786.4491,179051.382,220820.6004,297705.0479,267735.1288,300884.4342,335586.1388
Com_22670_neg,29346.09482,65213.4372,72410.96013,36496.6155,91317.6552,100870.5847,63414.51603,68954.99007,73485.50278,88259.21235,99895.64981,85129.21771,3095537.001,96239.81105,90404.88704,103251.0069,294201.4936,125572.3392
Com_22710_neg,544485.9915,622184.4052,639906.385,4780100.114,802461.7822,825235.2509,686018.512,790908.3931,689442.8936,1342525.4,2611329.05,4187690.331,989207.0065,6973171.952,17492557.29,1777693.993,1309368.173,705066.9445
Com_22801_neg,956657.7984,1381826.625,7560281.745,4286443.615,2322784.639,1394907.004,3008180.684,1445457.079,2898870.693,3115524.656,4610761.499,2122260.151,5159120.332,7729566.229,5408655.823,6052943.125,3228147.615,4133126.241
Com_22915_neg,140276.9895,3359503.011,739647.9725,185986.3905,495623.3176,3506504.147,244173.2208,239873.0694,1432581.709,4375950.775,211141.1761,218222.2704,290624.7354,611972.5317,1998834.818,266663.9424,417174.6421,496485.1065
Com_23024_neg,207222.8091,557539.8541,3353897.513,1180334.733,967877.2063,2542745.312,246211.6819,294212.5176,501179.029,3268981.968,657554.0695,875610.8452,931543.1021,687641.5638,1285436.139,4036420.305,938556.6312,5402319.124
Com_23275_neg,58555.47751,103922.6673,115466.2789,77635.83996,2717668.298,846457.6523,87448.78632,89931.67716,1052349.008,569197.0131,84691.30901,91091.98375,929676.5584,887401.957,2274334.236,447798.6341,384936.2423,450175.4488
Com_23369_neg,1883130.376,3122437.23,2656470.785,2880113.836,1911585.374,1445301.904,1056496.459,1244093.945,4319741.107,5507419.14,918604.4072,1029561.66,4018178.053,2943958.1,1757689.881,2402225.121,2656257.042,4454402.276
Com_23392_neg,352433.2434,2339271.056,4506537.924,1084442.522,7463219.038,9469093.456,6063639.285,2676191.159,6172097.484,6583220.701,2053316.632,2042467.982,7338773.992,9190776.494,6020016.586,10614103.77,9247924.259,10075143.55
Com_23412_neg,852.3140861,1865.936616,1955.950569,1436.989713,2275.58814,35739.93882,2308.372834,1997.407451,2513.092296,2484636.305,1951.275429,1737904.569,2484.140743,2722.122386,2345.926308,2933.079231,2629.449337,2770.879343
Com_23667_neg,40049.22888,352762.4624,637454.4511,56616.92173,1477885.489,3147432,70061.0836,60534.70042,3022780.203,2036894.044,302852.541,690271.1888,194350.685,342957.8805,1906892.428,430441.0873,423466.7924,834171.6524
Com_23719_neg,5150585.831,18091185.27,22367573.65,18212986.27,17660207.95,11390672.52,19664698.74,17831879.4,10389088.57,1688041.361,16695111.34,14874240.48,15338103.26,6232286.255,26304444.94,13023285.85,17502792.41,6248305.517
Com_23793_neg,299611.8035,593040.2939,436275.3818,676338.1456,1230296.518,594085.0381,545838.369,712719.2772,750114.894,1003184.351,935394.0967,969016.629,2107842.649,1823801.65,1799984.138,1938361.505,1480630.077,1610797.858
Com_24261_neg,72462.38079,354535.0209,1633940.694,253368.6713,332677.5606,249611.1408,3884556.221,2961713.719,436085.2178,346245.4782,3164651.428,2933861.477,637107.4677,377723.8041,356107.5615,1058118.277,510001.0594,885966.9319
Com_24410_neg,1653023.625,6496969.02,904475.2599,1118311.546,1663999.015,1250356.661,1486886.505,1522165.638,1345976.345,1161469.472,874670.5483,852455.8615,1300246.497,1223064.157,1321135.241,1392133.376,1030569.375,1099779.964
Com_24446_neg,1226560.223,1375983.517,1975639.64,1113183.828,1770857.132,3385772.043,790981.7313,1134338.031,2534614.513,2105398.03,1700498.918,1326535.974,2036430.49,1907314.357,1563777.134,1693810.051,1659289.759,2703129.477
Com_24519_neg,1023451.563,658704.7721,509850.7104,586931.3411,712520.6921,906856.9682,636819.7611,529803.9426,6246247.063,8701789.526,561691.993,446157.0139,685898.1401,642642.7355,663070.8466,794640.7773,694633.1197,644633.9637
Com_24848_neg,89752.28812,120363.5166,108981.0961,92847.39943,203720.8973,117446.785,105789.7249,100410.7977,138368.1158,161789.7475,124666.0971,135430.7838,1364086.267,404096.0921,1263119.63,556594.763,4079891.037,273285.4565
Com_24887_neg,410192.9165,413193.6953,321691.7161,370325.9533,449566.9018,572183.9128,367767.4324,321394.3016,403223.3087,408235.6207,339201.9135,278191.5574,459103.6673,405477.2117,418366.3849,417976.4612,447901.0477,406733.5827
Com_25393_neg,335187.5759,707908.0648,1067510.247,238973.7743,793192.4675,262436.0228,1825773.446,952275.4805,482728.0477,419269.4867,336604.2445,410441.923,12005581.27,2215256.621,1407105.651,1660427.631,1576051.352,1755286.722
Com_25430_neg,198567.0267,3178554.994,648434.511,194016.8669,316124.878,315131.7225,229222.0279,285573.3092,2116140.603,6856757.054,334410.316,330992.6779,300516.6428,541462.3487,614183.1367,409337.3437,557310.206,2385399.281
Com_25453_neg,56766.24322,563867.3269,120132.3461,81835.48648,149578.8095,143411.7341,92435.55159,85921.04966,137640.6298,144682.4839,134842.1659,176071.5039,3004232.243,166303.5365,249938.2748,390282.6843,449231.9499,234183.3188
Com_25472_neg,290138.0562,651063.5802,213484.705,498868.997,486334.0885,589452.2873,466818.655,566692.0176,2707215.495,2270158.38,413074.8003,460884.4675,473634.2835,351535.6656,354277.464,433073.5132,393679.9914,412397.1035
Com_25756_neg,25179.72412,941479.9069,81361.37973,29492.35989,543293.0399,28875.12792,47279.38079,44219.9716,61023.16226,52915.82797,37323.2834,53209.93017,43949.83029,55754.52597,116143.6646,54770.22182,63940.50779,75105.8677
Com_25926_neg,203997.9391,343339.6754,271986.5639,293680.6377,596030.2988,612511.4102,172114.343,181179.5687,308632.0088,358451.5489,404929.6191,471309.9414,398183.4189,397410.1201,604192.3763,508347.8531,476974.2025,688796.9935
Com_26001_neg,77782.17573,113432.78,102705.7787,87501.08777,149962.0632,110683.9987,99698.1721,94628.97265,2342944.078,2793198.699,117487.6106,119305.8658,137740.8411,157731.2558,299897.6155,357115.1478,291587.0117,183985.702
Com_26022_neg,3109020.467,7811993.179,5876500.159,12656278.12,13571794.86,6805013.684,12519106.81,10746597.37,10708645.83,9207496.886,9889553.348,5129758.197,6891079.993,7973080.099,6773788.545,7169974.826,7486883.761,8685741.298
Com_26039_neg,25866.54358,49632.0062,56442.85854,37750.50934,46827.32384,1666172.5,51820.46219,37670.84385,52186.87366,69228.04724,38556.5929,51145.04316,56590.79253,57451.41849,55343.78191,167007.4886,180228.2262,72726.12107
Com_26049_neg,35313.65873,64659.28004,1338900.557,45576.77789,71831.38151,58914.93383,80346.43447,1979808.656,68705.34939,2905014.492,79794.0788,75969.46567,93149.07901,102350.8227,1485568.153,98366.82158,91208.66033,105769.6979
Com_26280_neg,2268489.526,623611.9155,620050.0045,402147.325,2426324.334,208993.3998,160313.7477,153127.2215,1303648.972,2172665.818,1555508.164,842218.6954,5139289.352,4749651.178,1498027.003,2582074.709,3291780.507,4650752.253
Com_26542_neg,544260.9239,1791475.805,2881730.464,3976399.127,4135441.018,994148.5089,2237220.287,1862778.283,3056058.597,1396528.034,498308.0817,975930.3843,1653441.623,1802229.073,2533160.594,1908800.621,2640485.872,2295520.725
Com_26552_neg,43726.756,1622499.622,606308.9293,58872.20716,2136720.757,747883.6767,142524.6603,464349.829,2943933.805,3160359.523,3128075.264,2385558.615,3613905.778,3273115.877,3088486.765,1819001.427,1748849.521,4658961.496
Com_26826_neg,46639.59954,396069.9468,463921.2149,811978.8858,592297.9679,616028.738,345670.3497,3456146.391,471217.5536,730591.4741,926988.1349,739862.9002,455248.6454,449902.9192,785630.1943,459777.5383,459290.8339,397881.1071
Com_26841_neg,1335748.356,1288907.4,1405196.387,1526992.786,1571752.477,1857304.792,1441240.86,1549123.277,1391395.566,1708909.285,1414169.68,1331516.325,2175689.274,2307229.119,1568983.338,2056461.504,1498285.051,2180834.665
Com_27016_neg,150435.8131,325046.1272,380670.5426,474682.5272,273231.2637,374616.3612,437788.2078,590686.8697,375525.229,356187.2404,460611.2256,451585.6809,2668929.381,2308113.943,3857926.744,772491.298,6058181.69,5579876.189
Com_27065_neg,29816.86489,174869.2564,585525.016,37968.91245,143034.6116,2302266.543,54447.83772,59359.42899,355670.0403,1112216.922,405133.7837,692068.5961,286537.0748,303602.529,396064.5845,127805.142,262594.1374,915284.1396
Com_27128_neg,2172876.359,2090550.936,2238540.057,3483322.668,4965896.111,1440578.068,3394238.164,2339283.079,1695290.923,2795416.48,1575424.287,1585671.001,4068617.338,3403080.59,2504891.523,3601097.82,2615758.875,2711958.017
Com_27296_neg,58092.81727,141192.6442,132783.0274,77910.23818,164604.246,185613.7867,176290.0232,100322.6149,152568.7365,173033.9794,149902.9615,2720952.878,168852.3801,174958.3403,189581.32,202421.7094,196365.3253,331495.5269
Com_27380_neg,452321.6874,1213423.736,1755162.146,2410326.254,626172.9655,1455649.15,1499989.682,1229843.505,1801887.947,1565709.802,1182785.802,1491239.048,1590244.385,1240706.339,1871382.447,1771676.241,1825641.691,1625219.524
Com_27917_neg,63289.07766,151297.0637,325658.241,91238.95056,319102.1795,272672.5609,103057.0366,109052.9544,165130.4437,166675.062,158728.7093,170468.4267,146929.0025,258027.9012,278657.9133,769685.188,609289.6703,2579546.684
Com_27922_neg,5247266.227,10615556.31,2873166.464,2729006.928,5952287.8,6952854.353,8201488.707,6167726.953,6198667.932,7994626.144,7841466.961,7477498.187,7340205.024,7170365.145,5731361.488,6738217.399,7344148.643,7295965.229
Com_27954_neg,136516.7254,328561.7608,260276.4218,1271130.821,446198.2004,529087.3979,333900.0231,385148.5507,370445.9816,362215.6686,310988.9146,767325.1885,437602.9225,1527729.722,2346062.922,558873.5058,556074.1619,510524.5168
Com_28075_neg,458241.7796,1692793.174,2662047.403,3938352.489,2709591.167,1994715.945,2852467.279,3858535.338,4033638.918,4809534.367,1721096.871,1114735.472,2241348.065,5945208.322,2431693.187,1955260.249,4903048.398,1958211.795
Com_28080_neg,140244.0561,1327252.887,1643576.147,205087.3048,2346875.549,767352.8525,374867.8736,639152.9802,2155187.785,1845685.155,614135.4685,412809.4538,4021301.871,3608362.556,3102739.126,2157932.702,2323549.29,2285051.662
Com_28121_neg,125989.049,542702.1012,419487.4215,202350.3164,653697.9627,817687.7532,224591.0627,667523.0647,1151643.508,469968.9096,1160279.451,663146.1433,5207856.905,2174259.395,918364.5723,5537998.116,639206.8745,987342.152
Com_28131_neg,40926.22109,507658.5104,612333.2575,927976.7936,983050.6576,383763.3967,66642.38474,221486.9192,572514.5849,1204553.832,87894.98675,128246.0297,1482893.494,1180317.764,1573639.842,1515006.703,1835391.945,2300729.775
Com_28163_neg,48412.15306,1457301.312,222434.3403,54402.93145,1957670.436,665866.2043,135666.8777,1044832.246,392841.6046,377663.1245,2163871.036,1027939.387,1785016.119,1277292.787,925621.1934,405228.5565,493183.301,752497.146
Com_28176_neg,545263.2364,534279.5504,415963.0397,478849.4745,581311.8761,739861.6368,475541.1826,415578.4683,521387.3556,527868.5188,438604.5768,359715.2181,593643.3779,524301.7618,540968.0898,3987339.871,1347454.012,862545.3332
Com_28255_neg,1590573.909,7970056.282,13373796.44,9023348.038,7417508.146,9388383.115,11689931.41,15853133.8,6693560.747,7007067.245,10715492.09,9897014.383,6098822.839,6181265.047,6960545.11,7435439.118,7637768.131,8352966.768
Com_28425_neg,290580.7701,477645.1052,486271.9801,357986.3405,566062.8258,925800.0006,497975.8156,8084566.806,634187.8075,558425.4911,385454.246,1063285.073,1323886.616,643190.9164,769951.5009,2247420.026,1958238.659,791371.4907
Com_28691_neg,574760.9465,4399034.778,2664006.164,10302351.62,4258411.88,9543448.785,2994068.921,3192114.643,4021568.546,7979901.293,3460564.437,2984556.889,9081736.977,8430717.653,8003058.403,8542986.397,5687672.513,7895490.609
Com_28715_neg,107814.632,761558.2961,589779.5825,139723.8904,4234214.745,495018.3943,787728.9698,927279.3821,3080480.302,4752088.264,1103038.323,1059786.147,1420378.197,2138450.813,3312859.823,3874940.465,1771316.199,2108348.905
Com_28748_neg,1223737.292,328434.3647,311886.8967,238817.2756,418861.3739,3274529.592,268981.5481,301888.1268,384155.7676,357501.467,251623.8212,249017.5931,342339.4081,380769.2358,469836.2559,422537.9159,486396.0787,533804.8181
Com_28822_neg,259812.3427,206361.6004,2376446.293,1486458.663,175439.678,209615.0731,318040.5397,503944.918,381462.2731,308176.2933,792899.7359,521242.9922,226010.1116,213605.176,230413.3374,236505.5638,269675.1835,235617.5986
Com_29125_neg,2016080.892,4834253.938,8282209.955,7152473.073,3396677.364,2806924.796,5503407.625,7309235.03,2972901.947,3843701.724,4699743.744,4944870.323,2250772.081,2343450.805,1886681.311,1866766.507,2062456.478,2217934.453
Com_29203_neg,32034.81066,101293.3357,85084.06723,40793.25327,136715.5235,133964.7387,155517.1681,63774.9165,108924.0819,120696.8735,1234113.693,138329.5959,91869.89078,118731.1735,140355.2034,123956.0893,119030.1308,175641.4454
Com_29278_neg,127551.8613,471608.1309,176385.4578,179548.1806,934948.6931,606975.3655,617847.1284,1216620.329,410402.5649,367090.82,1510843.215,901287.2375,646153.4089,5239980.868,2071194.358,1077574.394,1613771.58,352119.9674
Com_29302_neg,1605297.199,351781.4293,2984352.79,907947.2287,487454.3181,3177735.593,261489.0082,284028.1688,378282.2331,446318.1838,1136271.204,990389.2079,2543820.494,4254593.081,1986971.286,5861464.183,2257813.037,2266068.118
Com_29427_neg,6898812.608,6115431.829,4206256.293,2967320.616,6816608.177,12222012.05,10735714.97,6028325.093,12126753.97,11222732.72,10952114.8,10694294.83,10699190.56,11117193.52,8137984.349,10193640.56,11496829.82,11465935.01
Com_29441_neg,40607.54723,96077.37385,1734604.487,47625.30413,112008.269,904008.081,78362.10932,68266.54059,103818.4646,1082589.899,907833.5472,944274.0386,392076.3064,486496.5439,626263.1945,154283.8948,283860.9357,690976.4435
Com_29802_neg,1326267.284,1395012.383,1379601.965,317644.1725,7146796.947,2088019.575,678795.1389,1019259.848,3471492.02,379741.5362,2531616.097,2042304.517,5717836.451,5198457.211,9827184.094,4569815.459,7174199.035,8566837.101
Com_29919_neg,1108208.619,2057762.828,3419501.866,2266391.671,2429193.556,2229369.45,2516547.075,2632351.513,3033113.914,2597484.732,1367018.781,2604770.362,1730142.978,2023579.432,2016543.17,2417156.504,2257163.125,2432979.439
Com_29949_neg,68404.66934,203264.8846,170737.818,88749.97187,274346.4309,302067.3414,125452.7049,127976.8403,218577.469,242201.8775,238977.1107,277585.3826,3826229.307,238257.316,281650.1603,248742.1313,238857.2323,352458.9047
Com_30154_neg,974968.5717,3472702.763,3783744.06,1376742.291,598759.6714,2111682.36,378549.8319,509480.3844,1825550.049,382361.856,321489.5494,315710.7682,690076.7221,666987.0028,621938.0489,603892.6209,560006.3613,1642296.734
Com_30213_neg,1337926.055,697993.9646,1223124.54,618247.5929,607529.5902,3009612.694,579556.5454,475350.669,721015.3769,23517201.19,555629.8195,522212.3928,912600.1546,800036.9796,704129.9385,902470.1158,691425.2746,687850.3131
Com_30342_neg,125422.95,1000639.786,1452061.793,659377.845,1460111.439,838465.5764,325577.4457,400952.6445,1109406.997,1616834.727,604212.3835,506739.9578,1721615.354,1620549.648,3091623.227,1947216.993,1947429.569,2887179.551
Com_30611_neg,545148.3583,599952.4037,1024641.585,231272.4936,498349.9115,1013304.299,838714.4799,302461.6678,409112.2378,355331.0788,260915.8278,348099.9471,301054.9682,371101.8038,594025.4347,360959.92,417998.808,1917196.236
Com_30801_neg,46623.75446,1645169.301,121770.6008,159972.4021,105769.056,103862.704,117511.1371,129970.579,152652.4465,120295.5173,104871.1322,108021.5581,1597509.288,2072515.143,132188.452,132901.2645,126588.2029,128400.9571
Com_31014_neg,102635.3867,212934.2633,249666.9625,335905.995,235584.7549,187839.1575,255233.1641,260029.2636,311299.7825,267940.275,215466.1616,217695.2005,297170.3289,302568.9351,294430.0085,296017.6917,281956.2911,285993.9301
Com_31121_neg,202967.8417,310895.8846,280674.6629,285707.3689,739974.2346,470767.7612,389583.8321,483746.2014,551279.4327,963779.871,476311.9597,474432.8105,2675069.38,378631.1112,368142.8281,3200025.184,350552.1753,383951.4415
Com_31496_neg,665.7580204,1457.104362,1535.656367,1120.083443,1786.610292,324958.3253,1812.350218,1568.205004,1973.07961,1740080.425,1531.98582,1294047.864,1947.312091,2137.193362,1802.081178,2302.81985,2064.433876,2175.473436
Com_32029_neg,3663554.594,5397571.777,9457453.364,3668539.519,7055181.324,8865100.81,4010516.476,661897.2628,4146600.311,8004952.638,1372505.283,892242.4066,6975893.237,13873266.48,8798491.823,8941792.68,8779023.254,8266679.269
Com_32128_neg,921343.026,120986.676,560628.9004,1230762.679,1394168.556,3083212.087,124448.7854,143585.6998,280230.3293,5839846.07,145450.5297,2265896.669,3296747.336,7425401.268,5155323.979,10677427.06,4983867.339,1673148.901
Com_32712_neg,61758.58901,98807.91204,107518.8714,84493.99775,243690.1233,106768.2304,502084.9155,494538.6645,1259564.386,677220.2086,175571.3155,170716.0437,145772.4939,127984.1694,138795.3997,141414.1436,147100.9962,156606.2752
Com_32779_neg,153520.8711,324889.8315,242205.575,294283.2962,342311.5555,392831.6049,247243.683,319162.9066,303414.8225,298127.1022,285959.6724,4102607.927,443344.5258,408069.597,472361.7329,536965.8178,440691.2462,419293.3283
Com_32825_neg,163484.0714,317797.9473,1701293.93,273313.2548,395938.9917,1440105.392,163181.3852,220167.5691,337397.003,1572535.859,340554.1254,1074725.193,1165152.592,896996.0797,2122707.148,2598048.807,1265951.196,804825.2102
Com_32857_neg,393529.5527,3031848.489,1814085.452,1144058.333,4719704.858,1276552.268,2025037.277,2159118.445,2306855.152,1666068.224,2403071.451,2221716.334,1777855.466,1868121.818,2323339.196,3144491.056,2577388.806,2452876.598
Com_33186_neg,2442699.236,9040415.684,18524595.83,15016288.96,7000702.07,10987814.31,10142352.56,11481199.12,6540911.248,6537430.61,11664452.97,10834098.01,5753986.975,5497642.361,6195909.041,6105901.44,6750019.108,6417078.088
Com_33272_neg,384009.2698,1185287.547,1316278.339,1097293.271,1426217.372,613652.2935,879056.8793,1703197.73,1073928.256,688525.4087,1457030.619,1082749.075,1174826.456,1520234.86,770988.6485,907760.7512,1277212.431,1307446.186
Com_33462_neg,83671.03498,8278758.886,2176068.816,129740.0743,4801071.886,1969516.795,178974.3433,222232.4223,2126205.629,1365944.687,213340.9304,217953.8618,786400.1961,1191361.606,2415202.888,1429754.869,1312898.443,2240251.765
Com_33521_neg,188530.4008,351509.2845,1149151.057,886939.9073,352916.4322,246422.3481,465842.3748,410719.8084,440642.1846,392097.5964,271519.907,255660.715,509455.2242,402169.6701,403265.6821,398972.6154,1409184.013,1177877.355
Com_33545_neg,713251.8216,1374460.542,2702242.283,3507820.899,1247916.96,1516557.291,1498822.063,1222099.652,1609792.174,1319022.584,933397.519,994533.2117,1179912.346,1338411.334,1468484.448,2138638.821,1255997.014,1435094.231
Com_33676_neg,58438.81794,203376.6043,136470.8471,78605.94902,165584.6285,186719.3019,98195.08347,100920.1361,2649459.975,2794018.205,150795.7832,159900.7586,346985.357,813587.3252,969860.8552,779367.4405,198192.8577,570099.2341
Com_33702_neg,114060.6719,232036.7655,273274.6571,337813.9014,184093.9309,694196.6987,250220.2295,456582.1924,288956.9607,274076.8781,315191.6435,272032.4167,178252.0894,173406.5966,2410216.946,193057.3195,235665.4615,222259.576
Com_33897_neg,39495.33,1034769.719,104899.1158,50293.5078,930463.9883,1784574.386,144520.5237,149979.7953,770155.5112,2000962.002,1749817.859,2420429.895,1669551.388,2241095.543,1671982.272,1081730.728,1377971.036,3690019.18
Com_34197_neg,174101.9237,897795.3756,638348.0271,324375.9137,317320.015,361569.6457,1201805.194,498579.2354,1160379.417,2275826.465,579524.1632,667692.3802,347112.0374,1921069.787,379431.134,390208.7496,2321426.894,395724.4845
Com_34252_neg,3755973.81,726332.4087,509255.6856,848902.3651,1559636.58,2832515.653,658466.5777,339232.6596,577869.0056,671148.9225,758172.418,744455.2469,1190086.556,897327.7491,1131263.245,951808.173,803193.0858,1235486.054
Com_34362_neg,89498.90125,231823.4137,141686.0918,84485.17057,166966.5899,97626.41645,136981.0534,125008.4176,156232.5758,148847.5096,117581.4191,139607.4192,148887.983,164772.6677,164715.4166,167005.8034,182346.5076,176126.9507
Com_34544_neg,203958.3824,428038.858,364800.4235,213619.6841,533286.2446,657292.2093,219787.3661,296541.4838,405356.7826,407739.4349,458688.9254,467262.7768,4942980.841,2221724.638,1419435.959,2620755.589,1990211.387,766318.5582
Com_34642_neg,52866.92758,258660.7985,231817.1265,184852.0991,242714.0857,182110.6891,356517.7058,272200.6586,318157.9928,252612.9341,174929.5099,170323.798,226686.4728,275578.8145,259808.0888,268197.167,233393.4119,252588.5727
Com_34643_neg,274222.3917,1019464.109,768673.9462,286069.7596,1590995.655,867599.6141,990070.6071,1070869.796,1349770.725,8799295.829,875400.5296,1070185.5,1213451.473,1366416.048,1659347.814,2045355.942,1667139.993,1431587.762
Com_34813_neg,30795561.67,21896981.04,147897702.1,605092437.7,21977053.41,4800423.63,93727092.34,58060268.23,37657115.3,26018110.72,30207505.65,32741314.93,54337109.17,50152481.98,25073718.92,22002423.73,67575550.97,64036890.5
Com_34860_neg,64021.95076,287495.3642,417920.4603,1595968.538,310168.7436,595062.3319,1019943.799,1453525.646,950018.2361,1108476.824,650796.2398,407631.9022,543961.1832,598807.224,641403.1667,498223.2621,704252.0628,757850.3788
Com_35090_neg,127450.5708,643494.4444,576068.1133,289099.8271,1826306.941,1741898.588,1020998.09,471686.5992,1178420.503,1574995.735,547946.395,519068.5658,2346121.614,2569721.463,3043620.251,2889913.615,2866172.47,2804855.644
Com_35100_neg,442608.9657,1551075.697,451900.7143,2705340.68,650378.6803,441017.1179,1519425.844,486452.1238,506608.7724,495353.2885,1035457.75,398281.9288,1548715.119,1023898.585,918135.4723,6353804.093,5201317.545,3214361.795
Com_35127_neg,451271.2459,420915.8813,386431.8669,135265.4874,4552388.876,1314606.844,221346.2396,212201.6991,1531129.938,242781.7855,467906.0357,244045.1413,1292295.717,1195665.79,2168673.157,1871169.572,2632467.398,2534283.729
Com_35187_neg,183399.8095,614169.3972,413323.4995,205912.8755,510159.2441,241923.27,780489.9217,309629.0624,418806.9169,732980.9863,368026.0825,356092.6637,356787.8059,1560417.802,5464887.728,391264.2008,1896758.589,580625.2092
Com_35220_neg,389961.3055,610111.6537,258199.047,2783583.644,384835.7267,438153.2491,356604.5539,442795.8353,504612.2041,567213.2662,448272.7854,451551.9251,365834.9871,483578.3561,747677.9913,429402.3279,678443.5301,458696.7453
Com_35228_neg,199637.7641,344287.5893,462157.3831,320921.646,597675.857,614202.4705,152038.6853,196374.4149,309484.0996,359441.1847,521076.877,1209224.053,637761.9754,398507.3151,2296466.512,2455497.964,593816.0459,2739134.196
Com_35413_neg,296168.4902,1103730.348,626105.9059,142759.0844,528841.4566,331167.2859,206089.5108,1426063.769,281445.9667,308722.7212,267452.9613,283601.6399,301262.0205,331625.552,963762.8915,361155.5439,362571.3497,1890584.018
Com_35437_neg,754589.1374,6283895.334,6135676.994,2352418.053,5247281.134,11401958.37,15583101.81,16535354.06,9261278.156,9671416.88,5757285.613,6908821.447,6134229.652,7480493.26,7943983.781,7568841.066,7086854.526,7729149.128
Com_35527_neg,687894.0418,1018276.843,806657.7776,500925.6748,1767706.718,1816586.4,2395776.789,1094491.399,915340.8416,1063095.638,1531489.478,1397811.07,1180932.422,1178638.973,3073883.41,2313806.217,4840012.921,5521186.098
Com_35732_neg,270956.7653,3210953.378,948444.8249,617395.1499,2003954.491,876763.7279,1292571.133,875795.9974,1316063.099,1636806.778,533441.7862,517986.251,1583784.569,1512414.203,944546.7464,1539663.417,1197344.05,842874.6325
Com_35750_neg,271741.8745,1896280.366,735850.8049,7011640.238,2273051.843,1641206.766,396521.4884,2448504.27,602759.9669,705219.8214,370933.4444,378683.5783,615018.5727,574423.3924,1004779.653,1537107.885,4008419.489,2440657.201
Com_35865_neg,2715884.069,5494407.756,955964.3689,3015336.426,3080789.674,3598663.676,4244932.8,3192296.836,3208311.291,4137864.717,4058592.469,3870209.233,7651342.157,6730540.263,8018833.616,8124988.051,6082886.929,4667922.798
Com_36257_neg,3402747.264,337543.8977,1377691.891,1651867.758,917978.6407,2197507.153,562892.5119,368328.1982,1382867.799,403688.4518,2228880.101,2109102.556,355068.5644,361004.0689,538414.1032,553283.6312,609180.7256,721603.958
Com_36419_neg,29810.06572,61878.31715,70272.21594,42141.98887,86398.37314,71047.56933,47345.68501,45058.13092,83081.87775,88722.2197,69403.74382,80230.57792,68136.36685,95995.98686,107568.4029,104671.507,107029.8108,1551543.543
Com_37079_neg,216793.6815,358012.8352,326338.4512,981985.0701,388019.8473,2096613.675,750228.2497,1416012.549,3887853.816,7120801.057,239734.7558,234356.0094,613936.2762,1007798.154,1222937.604,1722007.018,2248054.617,3193717.116
Com_37209_neg,108716.3937,3433437.315,836619.0972,715529.582,6112491.717,6546113.715,2583415.994,1876432.075,5393679.432,5302472.925,2658102.882,2115155.678,12121376.43,11574092.91,9044963.238,12841981.23,9099722.569,8810450.347
Com_37406_neg,82948.483,221983.8282,195855.1372,122647.7077,307316.5524,478872.6724,146702.4138,127199.3585,227659.9844,243458.5367,323411.8899,447580.307,829640.5402,5326259.382,1574551.689,283505.9846,2483361.03,368028.3219
Com_37411_neg,58504.0848,250611.1112,1017054.637,155983.7021,251614.3474,175688.6125,1052363.333,1701342.521,314159.0631,279548.8445,779884.4455,2026809.14,282323.7295,415928.0007,287511.2127,980845.7304,274208.0153,565975.8591
Com_37815_neg,50753.82713,372578.0734,915126.4342,128367.8575,1274988.936,184457.8929,629547.9268,252433.2109,926598.5316,541210.8553,196868.9027,162025.52,1389246.066,1705620.221,1325136.996,1067113.808,791436.1834,837439.8777
Com_38067_neg,193286.21,454767.9907,222131.5151,224989.8599,1061561.253,376948.1188,707715.7536,380942.1874,434123.4977,487979.8885,385654.0685,388475.1489,2491615.263,2981503.834,373497.0372,1376568.361,964636.2672,561921.135
Com_38078_neg,322331.5591,322759.7737,464299.8241,1318316.393,507017.3203,6689433.651,1324738.966,313387.358,1522675.67,1268171.922,2002896.247,1347027.409,1466567.216,1590512.531,596972.4455,679488.4498,915643.1096,1227817.178
Com_38095_neg,352266.715,200900.8575,203509.17,690868.5678,281331.4283,235316.1297,492267.218,191073.2694,244798.2094,272516.4699,219772.8862,792533.1946,258661.1072,1505309.075,542311.5261,1321598.074,6914125.787,8966955.916
Com_38217_neg,594396.1932,1336946.855,5831276.249,11074104.91,1170943.531,2038828.195,3541642.708,3225077.603,564428.3782,1074354.432,6846231.815,6009367.493,8167365.259,8408950.284,4047694.326,2187386.553,2909692.863,2996257.231
Com_38557_neg,228445.1306,304681.3868,2198069.932,373935.6084,1403939.459,937758.4951,3908660.394,2860747.1,3014930.113,4064784.106,2535591.801,2216640.121,2030380.991,2074714.245,13739143.05,4739695.423,5764219.47,3870315.339
Com_38649_neg,460787.0009,1208155.613,2056018.4,1746567.849,724400.348,4805009.002,1399205.419,1572380.662,3326570.104,806108.0439,1551298.176,1283710.651,1518082.731,970756.2431,2033338.376,1382708.019,1687298.79,1175933.093
Com_38673_neg,168460.3761,363991.7363,426280.8265,531556.917,305968.6419,419501.2595,490242.0812,791308.9346,430860.6827,398864.0418,515799.6534,505692.7073,1031034.078,920021.613,359317.8859,324892.0978,1761962.205,2369705.307
Com_38906_neg,2750119.42,6131516.942,1621458.778,1909086.641,3438025.519,3924733.568,3461285.004,2628326.031,3065849.928,3238015.127,3130056.251,3409164.717,3401164.091,2713488.835,2503976.553,3241918.366,2454440.629,2714223.155
Com_38960_neg,844.3365596,1848.471741,1937.643177,1423.539714,2254.288991,14981.37117,2286.766825,1978.71203,2489.570145,984273.5531,1933.011796,659898.2279,2460.889574,2696.643746,2323.968804,2905.626068,2604.838102,2744.944346
Com_40031_neg,1549582.465,1017755.783,1473324.875,912166.3394,1107348.247,2862767.191,2024647.758,1359360.898,1666229.268,1930628.285,1825574.521,2472356.1,2073706.228,1964749.627,1703878.998,2096439.126,1769141.342,1847230.499
Com_40437_neg,200982.7754,664267.7912,372143.5286,205112.6447,557116.1979,800853.4537,863993.309,259882.9898,443865.9839,491840.1477,485291.6034,563693.5478,416300.7793,483829.9137,600103.1382,505121.4626,506332.2801,715739.4549
Com_40823_neg,30604.77127,850565.8767,62153.23643,42821.85897,70131.43885,326740.944,63867.66654,50324.11548,57837.03953,336633.9842,177943.7224,404703.7252,68687.2535,65423.45048,123684.8782,96189.19794,166282.2837,356615.9816
Com_41026_neg,25666.36155,279364.2615,125526.9649,114219.5825,139632.7179,116537.101,166578.0561,139538.777,176017.4974,885215.331,99130.55094,88052.51034,126698.3781,144958.7509,135733.3083,154507.159,128730.0235,140226.8944
Com_41255_neg,1256868.227,7430668.147,12342078.69,13595959.3,9944617.851,11055368.65,9935367.478,9822323.008,11912779.63,10103959.38,8995552.209,8161309.318,5779349.517,5439903.768,6963591.29,5544945.42,6727683.623,6788999.312
Com_41324_neg,764809.1598,135733.2423,1261912.593,106383.6335,143210.4407,1651204.515,145768.6743,117650.6827,141234.527,1496728.836,4077849.634,3651472.527,2848974.557,162533.4477,2068250.75,2258648.648,181537.2667,198066.1467
Com_41342_neg,72332.39748,284944.0269,120929.539,155461.412,223084.7977,114942.7646,1188629.037,84486.98147,104992.579,148754.7344,100521.479,109111.7208,749034.2728,1995236.072,123620.0294,292807.3698,308666.0969,314680.4513
Com_41353_neg,104285.8154,318226.7428,940574.2563,153257.0517,4029336.49,1701204.061,1172906.224,783071.6997,1605415.8,1655125.783,1317819.251,995312.8976,1978118.39,2438472.472,2941484.633,2018629.358,2342821.237,2114488.913
Com_41403_neg,557876.8349,1775436.535,3260309.687,3303099.164,2037307.749,2394431.892,2373205.566,2480178.797,2210723.034,2083968.682,3795882.084,4249499.534,1475412.627,1585143.575,1441472.898,1585594.139,1751916.673,2027427.472
Com_42065_neg,223.269675,473.3178415,514.3270107,377.2939679,572.0894005,455.5190181,595.1135717,526.0992792,648.5205464,580818.6734,489.5802927,347365.9748,639.7490008,654.3761745,602.5701557,691.5537385,683.7325803,702.8531928
Com_42373_neg,165213.8018,348999.8471,348671.2124,200156.8142,406868.6226,458799.9857,309828.4996,294540.6031,377119.2613,427705.2297,370530.0012,400320.0689,1147948.483,4547787.097,468606.931,861666.9113,569285.9008,574264.8535
Com_42385_neg,371945.1839,75425.27344,83271.90749,730870.167,86853.98055,71927.23511,667359.3141,81936.52257,109353.0109,760143.6874,911164.2857,261064.8301,1112325.653,1751544.818,1159763.944,1658035.361,1093885.816,1317152.918
Com_42471_neg,54958.66397,287818.2059,64583.53506,65414.58334,77116.83169,638737.4134,86291.41264,101006.8413,126219.056,141877.51,112126.8319,112947.0458,80506.8982,81779.48944,85740.77015,80609.98054,80261.22872,88771.97123
Com_42608_neg,62832.4517,105588.6464,114897.3991,91638.79399,1154617.16,106209.4395,94181.41669,84198.8339,117139.9487,125064.0696,140449.6322,120523.1859,127201.6809,124839.373,125754.8688,152416.3376,713409.8454,923073.1611
Com_42880_neg,65454.51282,195992.1426,210775.8542,115405.1367,605409.4951,2808076.114,190790.1014,219755.6134,258309.7114,191814.4074,197517.1512,152794.1352,207028.9248,205897.136,185244.2012,255219.4723,185132.6635,190729.8947
Com_43270_neg,295557.1367,2986380.287,514338.2768,428637.3998,881742.6178,748414.0745,2038100.697,811257.3257,732046.9005,715782.7879,614552.4107,635436.3938,1230509.839,1123119.927,4072325.92,4889060.7,1098871.055,1008859.344
Com_43429_neg,337442.4828,323832.0916,401454.0933,522510.674,1324088.127,601865.7035,350176.7394,256031.0096,771357.5615,409597.4952,717345.114,336074.5528,1738125.251,2121574.459,1777050.575,1539290.463,2188658.697,1530530.002
Com_43631_neg,187761.5973,339162.7162,366871.7213,274575.0586,382180.6517,389517.6577,372947.433,255705.5903,493596.4793,2981369.761,267777.5213,282927.9383,522030.0923,539661.542,482740.3989,449883.7166,511526.3555,541633.7649
Com_43997_neg,107993.1344,194230.2652,97637.45853,59594.41646,103141.6644,163109.9695,270415.2925,72833.55624,90755.87133,111264.9138,649751.9895,99334.70914,230099.2086,425923.7489,481036.4158,1603139.416,1848528.065,1147322.478
Com_44039_neg,61576.30447,89219.3302,102153.5004,86595.84101,96528.73904,128170.4008,676585.5702,79723.93372,95522.8631,102509.7978,117628.3624,113890.7027,100064.2435,105347.1481,105694.43,121906.2247,121606.9342,125060.3584
Com_44417_neg,1521752.036,2486481.476,2793083.802,2458524.438,4654566.682,3161245.506,5145970.224,5352661.593,11945075.22,5300098.938,3140654.875,6702773.796,9225208.881,5441020.832,4008442.903,4544022.704,4009496.278,4004158.884
Com_44880_neg,62429.96017,153113.0412,121291.3956,101081.3909,207932.7895,589109.8613,138349.3654,179483.0469,171431.6529,163589.7347,133598.8633,130326.2601,224564.2266,199181.7438,305372.267,260440.6,252914.5094,237909.4914
Com_44882_neg,37913.12448,422002.3378,303917.7819,53597.14684,1075657.576,967972.5157,61470.6961,59727.9777,105665.4354,112838.9515,88269.27131,102039.0869,91903.73609,122089.8952,152642.557,135591.4183,136122.9652,544221.3545
Com_44970_neg,433595.5905,1032507.252,1928571.639,344240.7753,1297953.121,686498.4736,628809.385,971655.6936,1472942.553,1180953.553,502738.1532,416869.9273,440171.1671,593744.54,610475.0965,863161.1069,1100827.776,1226844.591
Com_45112_neg,2127563.873,346224.8394,386128.3474,1406264.56,763276.3608,934219.2762,355834.5477,362867.7154,501668.4606,381026.8707,290158.0364,275918.1542,650271.236,557843.3389,558040.1422,386107.6432,404527.6405,526343.1116
Com_45522_neg,256508.7673,870496.2499,231481.8727,289989.5564,280864.6734,574315.582,166558.5163,1512133.638,1446279.304,295248.3503,467025.1617,271223.6923,839596.944,3019135.688,348491.6147,1174403.013,346746.7262,2159778.012
Com_45547_neg,668321.8756,1241163.343,743703.2091,283527.3451,794815.9238,250045.6618,415747.3111,1815784.527,501549.0809,435616.3408,319868.4408,426444.6001,369076.8173,454950.3815,728242.4805,442516.9902,512443.5268,695337.2265
Com_45565_neg,110018.4527,343159.4966,292698.9711,4849406.863,455847.1555,985112.3807,394494.8313,377555.7014,413461.5204,388639.4267,257665.1803,254072.5672,412969.3377,427408.7878,375533.037,395417.0341,342717.4315,435313.686
Com_45859_neg,126760.6622,239471.5917,262945.4098,182144.0488,240052.3191,303500.2131,363608.8442,243897.9581,557692.4257,334021.3692,270412.8519,262131.6267,2643991.79,2989768.44,808657.3437,819458.5004,848962.43,368452.5135
Com_45980_neg,53911.00008,231233.7286,713525.1496,96495.93233,411374.0063,624853.213,208123.5111,120166.1635,1928802.435,368189.2233,234362.6119,569175.2741,161566.9004,187775.0496,814195.0656,519573.3265,851647.0135,972757.1551
Com_46309_neg,44264.45245,118458.979,104515.7198,65449.46249,403691.6937,835980.1223,78285.9648,64858.40211,121487.991,153300.2659,210657.0978,112112.395,226543.4608,939451.9114,1069665.185,141888.0147,161565.7368,169140.5653
Com_46347_neg,113958.3256,246229.3495,288366.0264,359582.1027,206978.4892,283779.8553,331633.8716,447457.8576,283813.3254,253006.3293,348922.7927,342085.7507,208397.0761,199124.9759,243067.6317,219779.6321,255602.5239,254945.2869
Com_46453_neg,128902.1517,1191318.228,2394344.993,759500.5511,2381441.654,357962.2569,273559.1057,238447.6337,1857028.371,1881267.257,623675.8684,351090.6727,2038396.884,2023738.765,1404720.344,1746740.791,2463888.32,3046197.63
Com_47111_neg,2512700.968,5075487.25,6362094.779,4664057.323,6136768.586,5939435.4,7057902.898,6490013.13,8276416.934,10256319.67,6395403.93,7133675.587,7693579.806,7779475.484,6686662.538,8976529.126,8180613.681,8235943.095
Com_47254_neg,40195.7789,96341.07501,96344.49186,56824.09703,116499.2368,98497.63769,70317.45441,77924.61697,913075.9728,119632.7026,93583.74341,108182.6052,807267.6567,262412.8372,145044.8242,2078734.376,144318.5885,183216.6773
Com_47406_neg,71392.61392,328465.7564,157256.8668,81118.07894,484399.3308,206926.886,470630.7855,111842.1572,180226.4159,192902.6026,522370.9984,180551.4121,2278886.748,1610266.11,211349.9913,803121.8005,949535.767,946466.6991
Com_47615_neg,830.0584012,1803.419632,1786.527351,1388.844314,2196.94968,15041.13002,2231.032314,1930.485623,2428.892785,630961.2697,1885.899224,442189.8559,2400.911234,2630.919458,2267.327583,2834.808333,2541.351359,2678.042846
Com_48084_neg,7631.808624,31482.65392,17138.85875,12732.07246,20226.00746,2577352.24,20139.09843,17909.10696,21996.36222,4329620.15,16949.85065,2615106.511,22139.91507,23411.08711,20353.5903,25225.38066,23333.53705,23919.30398
Com_48270_neg,128100.3348,380650.9121,319737.9925,189151.8009,513764.1918,738535.029,253069.4952,275179.9685,409326.545,453567.5985,447528.6293,519829.7251,1037538.394,2236428.51,2362666.901,465815.4277,801778.575,2814811.309
Com_48317_neg,158747.797,205319.4653,237781.4061,1576805.33,913657.7286,651653.6152,444958.1222,916550.0489,482136.8843,664567.5175,609777.8131,321909.9922,662659.9743,814555.2187,537454.6009,707564.3474,636024.4616,780604.1451
Com_48580_neg,52273.13573,129361.4688,124800.6356,71844.48312,175025.8886,202538.3985,126963.1154,220703.1955,576688.4592,314177.9199,558666.0251,371872.6132,235673.8774,446096.8863,248381.2349,197538.594,311049.5735,279704.4035
Com_48593_neg,112336.1142,52103.38579,54776.2158,33894.84245,73558.76699,1374970.918,54999.31016,42349.84388,62109.20455,61563.47973,57583.06709,70025.77556,61672.55883,72345.31943,69354.1526,80630.50286,83891.44508,90050.11606
Com_48626_neg,134612.7898,1260533.435,613626.4783,905700.8459,1206425.741,1955088.101,778053.405,522247.0479,1250200.357,1629547.738,696591.0525,541191.4674,2675926.729,2397430.478,2210202.989,2197847.926,2188246.195,2433005.639
Com_48862_neg,3100988.093,398785.7604,507320.378,1262309.933,2649386.734,649730.5275,445917.4743,479296.1108,417807.2965,528733.6304,1748336.347,656793.5958,490520.1487,472703.2227,468033.5384,895727.2063,1018024.678,545324.3442
Com_48981_neg,55469.996,112848.7903,658916.606,78417.00101,160768.4283,924060.9432,90693.71488,87386.90702,154597.1575,165092.5972,129145.1494,149291.5137,152700.634,178627.483,197410.7849,705595.9622,199159.0099,508452.5557
Com_49159_neg,174111.6997,330849.9792,326120.9238,265566.0759,353379.0843,375293.9479,370852.1846,496468.846,390416.4434,434622.9133,350504.8047,359184.1144,412525.687,494878.3338,396061.2763,521886.1785,432248.921,485976.1146
Com_49199_neg,746.9447291,1634.792807,1722.923936,1256.673443,2004.480756,79947.58161,2035.745914,1759.441758,2213.689313,789897.0042,1718.805779,597685.2817,2184.779541,2340.031068,2021.83826,2574.566247,2320.376355,2440.764312
Com_49219_neg,298032.7099,1147083.383,1670242.014,1384218.803,945044.7935,1894831.966,1107688.594,1939465.545,1518647.835,1403071.37,1028710.599,1162824.41,1090348.17,1290212.408,1234432.103,1547359.071,1442641.707,1663989.622
Com_49540_neg,159951.5841,550214.4998,1486046.21,254143.3362,522793.8829,608606.7988,391218.2734,451264.2726,483262.98,445628.1213,364374.1774,1579567.692,512723.1146,959977.2651,1475659.411,944111.4709,1510284.882,1614486.93
Com_49563_neg,59281.0136,125453.9424,166245.3268,367689.2326,404957.4632,1659904.98,95471.42369,123242.5303,117161.5174,405171.0348,110421.333,103912.5748,171194.3964,342354.5226,906271.6658,207345.6053,170169.851,161907.1942
Com_49835_neg,705263.2681,246787.7366,357031.6978,287073.7424,237522.4652,196435.4869,373593.3232,416656.5123,638690.853,566666.94,335868.4506,609982.0519,330458.3494,459944.3639,323017.6997,363534.8255,305630.4392,332595.6681
Com_49978_neg,122581.792,228838.2825,259321.2212,182076.193,225855.8935,268098.0037,252683.8281,185206.0923,234094.4201,325750.346,213392.0875,232236.0833,288244.4643,352635.8343,275626.7098,363227.6986,293944.0577,390194.3833
Com_50003_neg,1129.828703,2410.585074,2540.538902,1922.88425,2955.708743,38402.49934,3041.543731,2668.38612,3265.838524,655665.9275,2483.050399,559466.7959,3343.72068,3439.998538,3017.13065,3796.32877,3467.00978,3599.031017
Com_50004_neg,178025.4297,326535.7596,254232.9161,231876.4324,340992.8403,402910.6425,227197.964,282573.6141,799817.7819,2140256.959,310772.2181,257223.416,405926.5488,380140.7582,418114.8522,462049.8328,396351.2777,391491.4797
Com_50006_neg,34464.70106,87753.97045,88031.82102,42308.33456,126212.5529,135781.436,70961.01018,79935.37894,104453.2024,121519.1623,544206.3167,119565.5188,111518.6469,1158127.398,630091.5417,230250.4723,156105.4668,191732.2751
Com_50069_neg,80480.63267,163297.7289,153446.3521,104529.3569,360523.4412,990979.9111,118068.9353,109747.8911,175809.8733,184804.5102,601973.6149,591801.5652,159987.1951,212421.3158,355157.8872,479159.0409,322270.5142,299124.9
Com_50372_neg,493252.5053,1486110.085,2043789.357,2124003.645,1053567.842,1757941.884,4428147.023,5881150.287,1810453.949,1049997.641,3781503.695,3978737.228,1164507.242,1172873.273,1011089.449,844499.4589,1085085.588,1038185.91
Com_50405_neg,366009.4574,438062.8749,955613.404,991178.653,1134395.533,1302324.877,216006.1409,530160.3262,685383.9224,1730245.384,505119.3035,914036.594,836897.969,638794.4008,813968.1027,1261426.065,1320264.209,1403747.855
Com_50657_neg,11489907.83,10185194.47,7005480.488,4942044.714,11352997.12,20355646.68,17880232.81,10040119.02,20196995.23,18691356.31,18240644.69,17811247.94,17819401.74,18515581.76,13553736.77,16977412.95,19147862.47,19096407.44
Com_50823_neg,76415.5168,1410183.183,1954229.959,531380.9766,2679786.549,2388232.974,1160288.561,1065504.069,2211196.758,319533.3826,784973.9634,665150.988,293272.7069,323469.9078,324087.6344,323427.8153,170927.5166,368989.5207
Com_50889_neg,1128884.592,4582639.142,8408274.05,5330567.767,3601064.474,4767632.171,7370969.435,6510671.491,4483991.287,4247667.414,5452689.049,5069621.862,3152904.513,3194590.911,3418478.215,3390540.278,4126677.407,3979630.461
Com_50991_neg,306723.927,436211.4813,28039550.12,781683.7568,510368.2271,1169296.451,452491.7852,561858.9998,641338.3645,1105806.679,568808.6445,572969.5105,702518.8223,567433.5917,948720.7759,1826916.452,860869.8928,2803194.287
Com_51150_neg,58897.65122,409157.1341,168265.5251,84908.17195,1886755.616,564618.0406,89494.31583,101486.1191,153672.571,155110.0132,147715.0324,158640.1684,136734.0695,175907.1084,243671.3911,176971.3258,219270.9788,414897.6489
Com_51613_neg,25266.96677,51524.77862,633665.0028,35228.35255,287497.8659,90404.86213,41720.49195,40199.30991,66906.11178,74934.2396,55763.65293,62315.65008,66065.11025,78343.67605,85942.23344,91258.42953,133788.2251,457501.4525
Com_51842_neg,67468.21158,182246.1615,160794.8077,100692.3528,252303.3434,384317.191,120440.989,100194.5224,186906.2203,199876.6494,224806.3108,178406.5223,167555.9753,679667.8274,294598.1074,232755.142,321163.3094,943186.4969
Com_52305_neg,68603.35427,287550.0812,284803.6559,259148.7391,316807.6962,264406.8741,377943.0134,316594.557,399359.8254,304263.2028,152020.5113,199779.2019,287461.4337,328891.7425,307960.4646,350555.7854,292070.9616,318155.8019
Com_52737_neg,1198.274486,2515.312273,2650.911909,2006.423422,3084.118689,33244.5412,3173.682753,2784.313414,3407.721971,757915.2541,2590.925834,624188.355,3488.987696,3589.448319,3148.209053,3961.259219,3617.633057,3755.38992
Com_53460_neg,115497.1024,1436964.67,841819.0148,146713.0518,1111766.843,1435894.382,1325732.428,612771.5041,2161523.662,1900393.266,259433.7157,280852.9122,1622837.607,1746139.163,1246853.145,1485394.925,1225344.066,1334258.242
Com_53716_neg,148909.3945,918082.3873,203337.5671,624989.587,291528.1446,313630.532,373005.646,310955.1411,241267.9848,280687.2621,300276.2488,276174.6993,257587.8823,279284.2963,297585.9096,312546.0588,280574.2187,453152.4427
Com_53720_neg,75078.79809,738966.8431,337906.1808,759936.9348,233361.4525,669793.4922,211841.0129,279220.2725,703545.0345,1948413.247,264984.5041,174401.7473,305562.4746,350043.8242,1468121.126,470443.4605,497478.1595,1443975.377
Com_53822_neg,48165.8944,123185.2639,110819.4249,56670.49141,981661.0385,214256.2057,91956.11217,77517.89669,108187.9492,130499.6604,101409.7311,127235.1666,116301.2465,134671.8343,130540.203,134810.1921,140262.3253,163940.4779
Com_53826_neg,90984.14712,445156.0403,398957.9972,345915.2733,422879.2361,344198.6406,613568.0827,468458.1818,547550.8971,434747.6468,301054.2317,293127.7871,390128.1261,474271.9986,447130.5306,467926.6461,401670.7892,434705.7208
Com_54042_neg,141125.9168,920164.8137,1296524.658,227544.0812,445309.8544,1577111.272,949250.4279,391197.3499,2048234.657,1384980.769,534466.4715,499782.5583,1655732.316,1587695.157,2051822.73,1952104.016,1371913.971,1319338.029
Com_1637_neg,1499304.767,19704845.53,24788786.57,7702908.475,47194599.92,17388617.45,6583544.556,12010274.33,35683897.9,38142510.47,14273755.99,13033537.81,51446681.89,50005913.38,52743236.64,46738146.79,44935911.13,81195393.31
Com_197_neg,174038598.2,226364031.3,301351416.3,696170615.5,518780661.8,224664442.8,237357650.3,427614814,497299204.9,816289488.8,279728203.6,218177323.4,534222035.5,567566251.7,583081648.9,620562384.4,528570519.2,425490209.1
Com_163_neg,46101863.84,130872271.3,80877456.95,15237706.86,130996493.8,684253853.5,14853264.66,11200182.23,90302464.17,70331628.35,11587532.66,11228360.46,50252211.18,54204510.28,86336577.54,50613894.12,68623931.78,79227285.56
Com_33833_neg,107964.5949,9579339.952,5899605.687,2379441.162,5164237.64,7115629.482,6424367.471,4706795.934,7733471.04,5595744.271,3419916.75,3062162.474,2728186.242,3436093.353,2494422.848,3478499.801,2488867.56,3039556.476
Com_4102_neg,1052450.183,18689942.38,11139659.37,1347182.936,26470671.2,45356350.03,17016561.85,56512991.91,70005571.91,50456257.44,76886363.16,67708945.6,39240903.81,32357064.98,39169217.23,28153204.57,17933216.04,22683501.01
Com_186_neg,31350671.4,112459958.9,160390068.5,125831002.9,170063431.5,190744418.8,500153976.7,546261309.4,235025261.7,516674238.2,338837047.5,296148498,272783823.8,245298952.8,240259878.6,227765292.2,180151899.4,175377951.5
Com_1023_neg,18541122.28,47151188.26,46861225.31,78561759.01,57698001.94,37216505.14,73125177.31,98595403.05,112897889.7,79051903.37,57939550.99,33387151.15,115597107.6,129914226.8,135800754.6,139710881.7,138087651.4,119271244.9
Com_6011_neg,7042271.537,20178988.82,31882657.4,24740048.26,13883158.68,15436319.06,19745771.72,15252425.09,12967591.34,10079393.08,14526048.72,17882040.46,15770053.11,15946004.11,13757747.8,13515591.93,13493827.09,10689169.77
Com_525_neg,1566776.037,78841176.8,34276805.32,2548136.907,140158671.3,47514208.72,86621704.49,125224427.7,143350123.9,198997625.9,47445540.94,42702397.57,187647478.7,89666322.95,385218463.5,128872500.8,142243016.3,117763424.5
Com_1761_neg,166599260.8,556614125.2,546133257.6,196562688.3,547997908.8,516645565.4,523018849.4,463162545.7,592720753.2,564375382.5,383351949.9,349122506.9,549218067.9,612631848.7,516416325.3,588168673.4,478615050.3,562824102.7
Com_12686_neg,1187446.383,1041974.874,2500389.392,824305.3046,879570.8524,1366769.244,3936492.417,844631.9869,1242830,5013665.109,12171506.17,8591244.862,1003691.227,940920.3087,1016412.509,1155954.986,633180.3288,847849.914
Com_4209_neg,1700132.96,609439.323,674554.8515,878655.5646,746625.5999,1585481.026,5585250.722,922618.2894,1852132.647,609147.2214,469623.6528,489049.1339,628901.826,609347.3767,650093.4049,38086853.93,517291.9856,649556.4896
Com_331_neg,67434482.97,292208359,168395766.7,46668010.62,290689628,289886273.8,267394899.5,140835405.8,375803663.9,337798059.2,122385943,142934295,463507993.5,532104445.6,425151579.8,447722859.7,392568640.1,383407748.8
Com_38790_neg,274117.4743,1390275.096,1399245.703,1219653.447,971559.9236,970903.9485,853598.2738,781848.1406,1135326.06,1207656.444,866504.1368,911124.1256,915653.9062,907472.0424,952519.3155,894637.4277,905245.8096,973760.1169
Com_1332_neg,930869.3461,481376.8518,69565905.91,741078.9349,32612531.04,424321.5443,621233.6416,515021.5661,6258454.45,17105656.33,414936.8164,401956.3853,762208.8887,705739.1513,633969.9431,718437.2329,699325.797,731010.245
Com_12468_neg,1236243.467,2871461.725,2597370.954,2350839.895,3699625.902,2988728.419,3327477.587,2895833.716,7244822.136,6157709.347,2574348.39,2755091.284,4507550.079,4708532.229,3818985.919,4282993.082,4178132.271,4142349.388
Com_3103_neg,8137893.6,18435680.01,14822295.06,19399008.03,18897212.21,34667504.9,61888741.43,17749301.88,27046616.55,22505233.1,19029033.66,22072476.93,27503764.06,24115301.02,19857556.67,20378792.02,34254935.87,19477920.28
Com_131_neg,8394072.569,331752243.3,336155036.8,428627155.8,340442473.5,151333020.5,455967839.4,297038268.1,1183525725,876652665.5,694541145.7,604579988.7,1068631488,1054199444,1078153873,1041821246,1007609111,994694436.4
Com_1355_neg,1091985.475,19887455.34,12756399.3,2382115.96,39303532.7,14373788.68,30136063.36,28749278.95,22534234.57,15660257.98,112646674.7,77238735.3,55624145.79,47962034.28,44018104.64,25370021.5,27966314.05,23361081.8
Com_11545_neg,8430002.138,5553342.19,29234546.5,30201876.34,14081878.83,2913243.316,11627626.36,7561933.946,16468560.25,3587588.473,6995474.198,6980244.128,20206318.74,3508894.753,1776385.12,503558.5856,1938102.682,508186.3238
Com_1426_neg,14478083.74,39297990.76,41944708.62,33009302.82,74857287.07,52542175.12,40269420.79,55151072.56,38838079.93,39005288.7,108471533.7,92702441.14,61563650.36,63074257.18,56897704.22,74692731.17,60662107.96,72969399.03
Com_48764_neg,1268.291483,2706.007124,2851.887056,2158.537583,3317.936796,24138.76072,3414.291034,2995.402207,3666.073605,207072.6638,2845.070436,657965.8262,3672.160161,3873.359801,3386.88608,4261.576498,3891.898803,4040.099509
Com_8488_neg,1132848.622,3640148.943,1250033.879,1425761.625,2665881.773,1888692.38,2775110.587,1333958.29,12852291.82,6302914.474,1115180.268,1164028.501,5432022.088,6192596.595,5775853.11,4446503.596,5543333.67,5172103.737
Com_3115_neg,922343.5679,6164536.188,8148856.175,11420145.58,14110650,5305372.995,8235774.153,6477281.778,5865373.983,10059369.35,12345759.93,10012541.41,20240650.67,17628910.39,16381349.11,15077224.48,9582167.399,11023468.78
Com_483_neg,424773.3838,2154375.085,2168275.969,1889979.189,1505532.609,1504516.108,1322738.83,1211554.576,1759305.179,1871388.592,1342737.8,1411881.088,1418900.452,1406221.808,1476027.217,1386333.244,1402772.03,1508942.036
Com_90_neg,32306888.08,323577182.1,198133244.8,52108941.15,398079071.5,1224519281,63139523.61,45528812.32,245449685.7,186018426.5,65303513.67,59879060.4,165432039.8,193684126.7,392783856.3,165887597.5,204952663,301451422.2
Com_11036_neg,453941.4424,3738026.929,2600276.552,5385169.971,1779710.751,1674548.246,4204261.171,974111.5792,3796410.201,5448924.598,3360235.951,3470508.708,3172400.932,1954031.262,408676.6783,1340874.921,1005607.998,2748336.875
Com_3848_neg,10765613.7,34542364.26,68156354.81,99665538.13,17627436.94,35599204.48,101688583.7,60940025.71,72164559.1,36878751.63,47922581.14,69947199.91,94853654.89,82764447.4,26585100.79,72012744.38,73158012.03,85196386.68
Com_1128_neg,23454490.74,149885812.6,94375122.93,83409186.22,121170449.5,39610731.54,40479093.7,92939717.85,65549766.2,60282459.04,62375869.66,66792208.36,62718601.82,42116833.96,55412693.22,33609858.76,32301450.27,42057655.42
Com_520_neg,200674.4512,263282.4214,203506.9771,322861.3658,1154185.726,396686.8953,498075.5876,221988405.7,1962617.315,892415.6723,279942.9499,321713.7394,1019900.187,970212.2552,1412724.828,1127953.316,1346385.429,961386.0103
Com_4497_neg,586872.1828,2750075.402,1464228.28,976774.4655,1722590.328,6129049.764,2131911.812,1141055.149,7733379.487,6888957.348,1287526.488,1340326.32,5475347.253,6773955.286,4666927.396,3582352.12,3297540.184,3468431.7
Com_715_neg,164785247.6,175357059.9,102042544.5,738801861.8,479942554.7,98104748.29,176214106,168018059,117548373.2,200064536.9,164629081.6,47505120.73,708502201.3,362926417.3,858072247.4,418667518.3,545294779.7,234689584.8
Com_29821_neg,12852677.77,31774117.31,3394226.227,33421154.16,25744575.09,16672575.13,21652427.49,13109822.65,37928524.41,38941739.84,5451852.909,6167714.415,35423412.14,39160602.6,40395860.94,34589726.82,45058811.41,42661392.79
Com_42634_neg,424950.7127,10058615.22,3847734.305,1528477.148,1613676.324,22662396.55,5431571.558,6938550.132,8870516.505,5594427.133,2138362.499,807014.8535,4950580.96,4717960.977,2804799.24,2399496.531,2726162.739,2530942.142
Com_1651_neg,24507851.2,2068042.297,40553306.32,51107305.35,45210447.11,71102245.52,53481151.16,43783824.86,77105314.14,73273425.19,30557004.82,34242776.98,104927862,104757358,105168349.9,120498283.6,141003347,130836427
Com_2823_neg,4270236.969,14016531.15,5662711.837,29150005.25,13680760.36,8024784.174,9465031.897,6476376.206,16948405.66,26996423.21,4696075.781,4763379.629,22721578.67,20116272.58,30270776.5,24153790.61,26028323.66,19261067.73
Com_25975_neg,1880758.151,981188.634,877998.1231,869087.0436,854020.4629,698635.4352,814698.0116,676535.9738,1013550.444,1355902.564,781063.5783,734087.815,1282866.249,1124633.207,989814.1353,1268626.185,971954.8522,966929.4339
Com_8480_neg,3522962.787,2723814.837,10210502.01,3146423.063,3603652.481,14743888.84,4120997.997,3399849.354,3188768.066,63462632.55,1796290.31,1802602.879,2884651.388,2670936.344,2645491.116,2718993.431,2646664.4,2766577.18
Com_31232_neg,1226483.548,240139043.8,10480045.39,3155017.957,72496896.99,40145951,3020085.084,2397838.081,1045060.491,960588.828,1907694.611,1884986.531,1689985.538,1553093.731,1594105.761,1436907.682,1357551.956,1391266.699
Com_1834_neg,950732.5658,23986973.21,32956792.46,436945.211,84912777.38,30757426.04,11474298.44,11144049.79,58414718.88,28714414.84,57238279.76,51294863.55,36353433.69,36551393.66,55547080.91,33517026.24,39849728.16,57888088.93
Com_8984_neg,1116356.285,16638841.29,16892766.09,15797972.45,15786893.41,5969450.139,10065196.02,7956030.854,13494041.94,16166608.95,9079642.771,7847608.562,11672961.52,11596620.53,12503078.58,13724250.22,18683882.95,18588706.53
Com_16419_neg,948323.2096,1528774.05,4445257.233,1635342.079,6008037.93,2190782.759,1550257.935,1287466.584,1820305.07,4745818.402,19025820.03,6139453.865,6588420.973,4796793.381,6995756.718,8813004.182,7401093.082,3156541.16
Com_19583_neg,195371.3712,4370919.614,3257680.825,1878194.929,5736149.266,5731361.507,955681.1345,1210135.125,3969271.624,3419434,839520.8776,771775.1215,5150363.817,3576543.504,3095930.914,3471990.626,4386470.737,5238065.696
Com_6495_neg,671355.4941,2498860.155,4001101.37,4267035.85,2463035.673,2560999.823,5166421.216,9603667.324,6424765.916,6800496.438,10916770.01,10773624.61,3935384.163,3212979.698,6678551.085,2997708.087,4372391.65,6764653.483
Com_19822_neg,1339214.235,881402.192,854948.1518,707744.6286,625874.0426,565004.6823,749099.6502,621045.1567,768029.9835,740855.0361,546072.616,569620.2095,2815202.53,2321953.403,1163246.898,7078625.979,1040625.663,662449.5262
Com_2761_neg,234736.6107,5405370.072,1718900.993,692039.3727,3161272.736,2243205.931,1889475.053,2712153.592,1803947.135,4624226.017,3037735.653,1136862.759,2768570.711,2752443.396,72138086.87,7918870.309,3313642.844,3003650.633
Com_4818_neg,4028092.839,16280110.61,9445834.769,7084601.84,12026893.76,72654108.16,23662436.35,12290121.28,17864117.54,16794989.14,21139782.55,20042592.27,12332935.91,11322732.3,13448606.23,13782052.67,19131890.39,21205681
Com_1044_neg,3151511.747,65820895.97,38075502.05,8137056.313,58874471.16,118645688.1,66586794.76,326110840.7,83658918.02,63265832.72,165690447.7,177970363.1,66306071.92,73995467.54,41154912.68,57789396.38,37580288.73,40696664.76
Com_803_neg,7569022.307,7472233.426,548478.7215,9913809.688,10424984.56,12279157.88,8671779.545,10223889.78,8272580.811,6285436.945,5918942.6,5467209.884,194655751.4,196669160.2,428873845.9,140862913.9,160710674.3,151808604.9
Com_5551_neg,715748.7322,5746757.645,8390974.141,238254.581,8033095.131,2096375.777,1974183.511,2050782.842,5152648.499,3495404.116,13905929.1,3459578.546,8556655.569,6748889.12,23381611.46,4122338.182,16494361.72,8546310.129
Com_3033_neg,6333825.639,25203799.37,26323266.17,6740023.763,64686891.45,43659301.32,37605872.38,32607713.62,56636140.59,74686656.62,57430547.39,51464585.1,64644538.77,49849495.17,63968453.28,80352926.64,50167421.15,51135308.28
Com_2429_neg,3245970.019,11068022.45,24008869.67,5751579.832,45392038.97,18477335.31,33488831.97,29589668.62,35013113.76,35018178.35,63982511.28,47957931.85,64564356.31,56962445.99,81679270.01,68989517.46,57160306.3,68798720.3
Com_1568_neg,9112120.01,48168821.82,31098147.6,44349777.14,51641861.59,22342904.65,44195697.73,63180344.73,37561048.72,24204790,28472348.48,22373579.3,83160219.2,49894579.99,39359196.19,14614720.77,52783778.1,35785850.32
Com_3071_neg,14440527.96,30837445.85,41171186.6,27447517.1,32154683.27,3354408.918,25511491.51,30172061.85,26606928.06,28619621.37,26782355.09,30936377.26,30545253.26,23416467.45,27206963.57,28579885.08,32814361.72,14528150.93
Com_2810_neg,472242.4572,12325975.74,8769830.589,2121534.295,15632254.01,48328475.71,15917172.3,14098098.15,96860289.27,82362742.89,9445573.194,9155524.277,42647622.62,50496597.83,38676171.14,53902009.67,25195159.66,26445725.12
Com_578_neg,2272640.535,8392636.239,8524190.476,7085214.364,8779250.082,6073306.736,8856328.894,7190782.817,8785379.758,7426960.719,4333425.709,5971792.629,6612825.593,11519169.3,12503786.79,5575937.496,11270100.65,4542925.057
Com_2643_neg,11475854.65,11986978.35,99076230.81,469819559.1,17309471.74,12543173.41,32716826.11,49889521.94,36895048.71,17498192.23,19268112.04,16663685.61,20907848.5,24988436.82,22004811.97,35393126.83,15412549.26,24735254.02
Com_833_neg,1457248.357,4981899.096,3927226.502,2024337.179,10944211.39,3053763.712,17146421.34,13724329.17,7547830.124,7054803.529,10215167.09,15263534.57,11108592.21,3748160.518,17262186.36,8159056.039,23820361.66,8821659.037
Com_35988_neg,318758.9386,760293.4683,545493.974,330329.5854,878465.8147,650144.0641,1918304.059,1140588.61,789462.2916,664328.6249,1025856.704,1246255.339,381173.399,264878.269,664296.3027,363473.9336,805555.7414,758242.4526
Com_7390_neg,3981365.863,6618574.293,8051841.059,10021769.62,8990310.124,7857082.191,8216959.301,7231143.603,9739604.5,20962552.44,6382347.349,4560384.733,8510338.253,8374501.127,9966624.475,10375364.9,7397501.067,14132072.04
Com_11740_neg,10242072.32,21850590.2,78419930.84,64033540.69,38591879.23,37018409.9,63084568.53,34250711.7,40858889.48,33336468.01,60229627.89,54959877.12,81038908.86,71356179.74,73248208.14,79318943.76,75840463.5,70414738.76
Com_7382_neg,14979221.91,25968128.68,23447979.47,26771894.69,29162114.71,28256419.2,66899796,35390938.95,18297080.67,15163527.98,36019770.38,22091274.86,41585559.66,39600732.5,37843712.18,41915839.31,38845568.5,38916893.4
Com_5019_neg,7216694.506,43021072.79,28653171.8,14217944.5,42441596.32,23750301.39,30931262.13,26663541.74,10311712.84,12700008.81,15631702.28,5140057.05,22640812.66,22428350,21407330.55,23837798.42,27295842.91,29426443.62
Com_122_neg,949511.4918,1726135.314,1987015.358,1748917.024,2003049.432,1908639.768,3021266.697,2948095.072,24083284.6,25161121.83,4325275.672,4050028.242,3105419.07,2831063.872,3719160.152,2783908.66,2907840.69,3078123.306
Com_853_neg,20809937.19,24067686.02,244285358.7,88044467.38,19002664.09,28117546.76,30308318.37,21669690.96,14765853.4,17205909.88,168480846.9,203107704.8,17328255.87,18400369.95,18823546.49,19001276.85,23517691.6,21110277.97
Com_4214_neg,1577627.876,21533535.77,22639096,36231783.7,29913502.74,60763598.8,45238070.5,22411397.67,34396028.27,142865095.2,61380241.27,47790547.9,91888958.61,73955514.26,54767588.44,55547458.4,66780160.91,61934157.25
Com_2856_neg,7488583.436,4444541.205,4217863.323,42593273.85,11173726.93,6419796.2,4164219.058,5225251.877,6453954.357,8287462.24,4534593.12,3517325.087,13032266.13,9112864.079,13140022.51,12905433.29,12181682.45,8741931.829
Com_3141_neg,57189.28967,1531289.124,115915.484,140676.2137,1085607.11,95091.1636,175701.6113,148351.0895,298445.3241,1161140.415,112544.9735,115966.2256,387789.6001,293736.714,50041736.35,251008.3709,103972.0684,109274.2209
Com_9979_neg,920259.5675,6275146.754,3614963.524,603679.6413,6649601.961,18608446.06,3808480.438,2154851.042,17337423,14267403.72,1415112.655,1229517.307,7030467.891,11270534.2,4494346.947,10031242.61,6788027.198,7490698.258
Com_5200_neg,22910561.48,11268384.51,29070355.17,106493133.7,9318228.95,42257247.16,165259897.3,165853571.7,76318792.05,72928437.85,44729841.16,62659387.24,38917357.23,41557049.65,46248296.37,32048346.71,56312771.18,53031844.69
Com_4646_neg,19498453.93,6294502.313,6126060.884,4176166.52,22813749.78,27915342.02,4215843.572,5330346.597,9152028.455,12427450.18,13757672.4,11899072.12,10016345.46,9876704.199,18618321.15,11276234.44,7958534.92,12017494.21
Com_4550_neg,576969.5366,831494.6822,696572.6955,604909.0844,803781.77,1692528.914,4179503.75,2336427.524,4120165.602,28712390.09,445462.0823,470113.9075,601184.6632,579960.6501,580764.4441,661037.0242,601602.3681,588641.092
Com_66_neg,46692033.34,1155668020,335049902.5,382908160.6,1116734539,1184172875,995958904.1,649447108.9,1304245942,1198514985,606360095.8,634318029.1,2209217898,2248034812,2420756246,1607203071,2585520642,2569500089
Com_2405_neg,3257353.47,8159188.761,9792530.475,7157851.511,10634390.68,10674244.84,2056238.338,10112412.74,10450920.83,10961362.24,7979601.701,7959185.456,11639055.51,13272184.72,8828202.447,3854981.422,12826098.64,12212982.36
Com_9747_neg,2081973.752,5567156.639,7863006.668,5287077.653,1135633.079,7407952.89,13324131.14,4457413.003,7161254.592,8804454.123,7292766.733,7990416.226,24173065.43,24223999.74,18897532.81,22988975.95,1203034.324,13823864.34
Com_10585_neg,2509378.681,12542494.99,10273377.01,11941316.13,12806503.77,10655923.52,12743225.91,10774987.37,13153794.45,13567462.23,10680502.32,10169906.19,11719111.83,10874217.71,11750461.75,11011173.04,12768660.36,13826031.27
Com_23925_neg,3095791.939,6961547.095,20750960.76,18223011.22,5975210.923,10273247.48,8749095.648,9529531.752,5957150.146,5194417.609,11388211.84,11430554.81,4950050.928,5188785.317,5164150.071,5663304.58,5852324.368,6096683.921
Com_12989_neg,1301635.765,11594490.71,8314340.504,4914208.832,11177786.74,5320999.247,16168916.86,25170525.23,15659480.75,10606358.37,10737033.36,8705301.106,7575379.849,6787019.687,7600641.419,7696475.856,9175693.149,9758011.01
Com_3005_neg,23340346.9,58617464.83,142713476.9,31540996.99,25925018.27,20730505.49,23202706.01,25493563.78,16682814.45,44420705.26,89390090.21,91198508.78,10695866.02,47082609.11,4958995.261,6631462.178,4252631.88,7629339.62
Com_40913_neg,1264.30788,2697.507769,2842.929504,2151.757787,3307.515418,114505.0443,3403.567016,2985.993885,3654.558757,1928715.627,2836.134295,1440669.272,3660.626196,3956.542751,3376.248139,4263.16371,3879.674657,4027.409875
Com_11865_neg,1616390.904,7684831.998,12172783.48,6707468.492,10470528.2,8307610.015,23293652.19,17982638.14,11927858.77,11860668.33,13929389.23,13743931.52,11578365.79,11336498.25,9527400.398,10972003.2,11464866.62,12131614.84
Com_44538_neg,323857.5014,3499011.756,2458197.99,4417524.507,2786266.667,3620273.061,2346646.901,1970925.135,3297673.048,3946535.812,2057940.747,1571665.48,5241313.489,4312903.538,4440917.159,3377527.883,4122281.878,4100713.293
Com_4220_neg,70562.31736,160490.3329,184292.6611,242108.8464,160075.2617,157190.1098,14882062.55,37073212.68,216033.6905,182060.2087,18465286.94,20077479.77,201921.4622,205589.7101,200059.4678,201138.2676,191583.8192,194327.3165
Com_6775_neg,29030426.79,1763212.089,3087757.011,1259634.01,1379789.936,2131907.284,3479552.986,2703021.512,2861133.427,3690097.994,3521443.116,3078241.836,3388035.331,3309641.947,2470164.168,3110174.517,3389855.596,3265302.81
Com_3633_neg,4447221.59,11171810.05,16258131.63,15670490.83,10717665.37,14821530.18,13238934.8,11883020.18,2649091.143,12796516.29,12728536.48,9906738.137,11691716.91,8758945.75,5644455.988,9182735.927,10613931.7,5035867.639
Com_33543_neg,279158.0031,895854.3057,734518.1704,988854.2111,630960.0481,1023986.787,2669367.914,3545264.824,1310850.568,1418950.721,2279559.504,2398455.481,2921103.367,2675664.347,1093251.574,653887.672,2325777.896,1797931.455
Com_2693_neg,2964482.948,15360349.72,8015351.604,1406055.017,12027652.03,72098843.07,841840.5227,995172.0923,7007972.162,5890398.21,895255.3718,1014864.385,3836590.251,4758565.493,7228991.077,4135815.718,6136442.373,6785815.327
Com_16233_neg,8215367.186,2211921.16,2802139.977,3779291.959,4612264.52,5368448.96,4916445.145,1244164.248,3202641.02,2861088.112,2260367.425,2207156.892,2208167.305,2811266.33,2185334.159,2289607.312,3032674.591,3031643.174
Com_22158_neg,622018.0105,1001824.195,255730.3166,287430.786,641074.6456,158490.2221,252105.9595,249667.1812,261384.3988,361192.081,303341.7703,283612.5052,327882.4076,280344.9972,262835.4575,287901.4589,321451.9757,273229.7068
Com_8235_neg,966164.2302,919842.2716,894474.3386,1089754.402,1121697.624,967983.6053,1028556.642,1105548.059,967222.1653,1219581.018,1009237.011,950250.5773,1131437.51,1106172.895,1079569.724,1261707.742,1013503.031,985557.1121
Com_18931_neg,1435920.78,842116.3443,1601471.674,1352009.147,5021698.772,494550.1211,3132293.383,5901588.894,860340.9562,1038041.411,4023000.86,2828756.657,982126.8325,860988.0031,757774.2593,971225.0342,744101.6874,740254.3664
Com_543_neg,99215930.28,187473530,39939519.03,83612495.2,180061266.8,390573869.5,154396807.1,27279977.48,368199451.7,226438246.7,34235271.38,36455374.07,444136286.3,538014643.3,341322495.6,355209467.9,265417789,327407609.9
Com_16996_neg,4247195.088,2952112.454,3928086.378,7453147.99,5569804.969,3087969.885,3438622.064,3998936.902,4679827.939,5636429.059,4005420.606,3925762.363,10850939.77,11884424.74,8401723.618,7071462.607,8311773.743,9266467.846
Com_28410_neg,492123.1625,1242203.397,1005830.416,2397101.337,534955.7116,2964558.44,2778859.793,1486115.23,823913.3099,1014437.378,1129973.066,1200018.465,1011815.298,997583.3938,1098637.206,881584.3847,1143015.243,895139.3888
Com_1375_neg,8488081.86,10783927.23,10840297.92,20557272.83,12008580.78,18272371.61,11067745.56,7166997.18,17261919.82,63970268.91,14132850.24,11135706.7,25755428.98,22096930.4,22193331.59,25047535.9,32818818.91,29370534.16
Com_5519_neg,826390.1011,364133.2731,304543.1812,394928.0458,393686.8734,302684.6415,693990.5362,1129874.948,886213.4341,561997.2955,303576.0165,273797.9898,447597.4659,594579.6371,1483510.17,2403692.365,2408938.046,2360265.407
Com_6209_neg,1689428.573,5532345.936,27732488.21,2556348.605,7386621.66,9318926.633,14959056.24,34373455.33,27759197.19,21795979.49,7829674.631,6990552.614,6422845.697,6185080.677,8572526.644,13769212.88,10386278.64,10349913.61
Com_16301_neg,3912751.796,15921920.06,22771585.45,8231589.062,14413389.93,9339077.716,19947592.22,14207894.85,31113450.91,20889390.91,19460904.27,21699743.67,7801709.17,7201098.66,8676165.7,11841626.5,12211169.3,11163758.5
Com_6906_neg,3594770.441,5169017.464,4821987.135,7418904.543,11001947.34,2677281.44,27579977.99,18084602.2,29743263.04,30320603.45,6409426.021,6981676.753,35686116.41,28841120.2,26161336.77,31993101.39,26861332.92,32068212.13
Com_33645_neg,2276237.153,5741773.261,9425651.12,8034867.475,6392916.156,4817939.958,11025240.96,8624634.036,7026300.724,7548085.728,6725852.236,6679717.869,7038912.229,7984915.636,7182604.878,7625478.878,7450432.959,8274203.319
Com_28203_neg,128211.9052,1885867.69,1200804.897,1927020.481,1190180.717,3383602.132,1232634.787,1163098.187,1487894.139,1039809.735,1280482.793,1108621.129,1313837.85,1486486.114,1351578.858,1733620.841,1302494.921,1512146.69
Com_18508_neg,2397046.405,5352338.297,10151288.29,7984939.453,10552041.11,7867770.934,8435123.423,9068427.895,14018252.1,6845251.974,6160966.366,5980017.43,15657367.54,15030936.64,15347133.77,16235420.18,16377600.48,15895157.46
Com_1027_neg,1447529.546,19504884.99,8872483.599,2604402.377,11991172.63,146890904.8,2364180.559,5157121.034,13620564.65,8654895.456,6680055.759,7216817.101,6451696.281,6908469.62,11551262.16,4970294.393,7061679.209,12192196.24
Com_1518_neg,71306.96107,19556123.41,21288341.43,1826274.077,10994155.76,55717042.32,19313660.86,22509227.01,16069288.23,9385611.735,9152860.762,8314318.972,5563083.73,5621939.995,3350334.775,4663258.376,3461628.274,4303931.561
Com_4909_neg,4107253.944,10202113.76,9816352.774,5925060.819,13862966.23,17414866.37,4593594.143,6141486,6812883.465,5443428.947,7385672.733,6416830.436,2806853.213,4442937.497,5456924.765,2758232.191,3019132.595,3002377.768
Com_30176_neg,243398.9709,5723628.901,2615729.611,8648822.891,4852254.512,4521150.564,3630340.255,2530150.046,4641505.993,2921221.79,3315925.392,2815479.27,5569283.302,5917078.793,5400598.731,4904790.684,4022711.017,4639453.225
Com_35558_neg,2557557.857,14848728.77,46354241.24,33040638.71,11338112.39,3493486.578,19484601.59,17150760.08,8086619.875,6195140.277,31702900.21,30437242.49,4832830.874,4512515.796,6839603.371,5723489.55,9304665.018,6807378.381
Com_18230_neg,470931.9799,1185927.889,1391557.852,1130385.754,1852242.395,1709332.901,3072776.218,4005718.273,12306813.53,9165807.578,2299991.911,1311714.862,4369988.294,4127681.161,3259989.15,7017060.806,6180263.976,5259905.665
Com_25647_neg,1961948.216,926949.5048,2807304.567,885221.2625,1091022.674,2913755.571,2060708.5,3091033.079,1695906.265,1965014.458,2844912.055,1599390.33,1858560.862,2075554.76,1734226.568,2133778.535,1800651.292,1880131.285
Com_12043_neg,1198478.556,9267448.318,3677980.965,1020032.446,2784760.62,2522162.374,27965728.25,1941106.34,2371384.624,1689847.095,5276407.517,8510963.006,1865590.195,2673066.008,1391047.033,2074006.911,2083822.57,3014621.28
Com_15599_neg,948256.0918,23994788.99,16978511.88,173471752.9,38136777.2,15417027.88,24465683.4,33178586.35,37748232.86,26904488.67,17213110.92,12569526.15,38506534.81,40021356.04,36422621.24,73048949.8,42255537.72,43169435.17
Com_28616_neg,804563.7851,245996.7768,880410.5888,2690182.415,1444611.513,2028734.545,1871592.143,902586.8147,1235955.341,1345306.027,190017.803,328416.8752,1782088.881,2423251.816,1736587.485,2364916.577,1812338.248,2266468.695
Com_11875_neg,1376542.533,10014051.66,7544692.099,15982954.04,8117339,12660604.79,6925629.532,8757616.132,16945687.61,8819801.769,8939654.709,7899791.86,7006650.531,7788493.912,5706729.25,6225323.456,6190382.477,7921727.208
Com_4410_neg,5549459.978,15866495.18,7284878.906,15515623.42,22065086.1,3580658.455,17398793.15,7654952.04,19283146.14,21219787.96,7129378.56,5720731.863,113283452.3,122061554,131444668.5,147601389.5,142478109.4,151095208.1
Com_2889_neg,15673444.25,58929324.6,6028671.284,17164951.68,49714212.89,118762839.2,27015749.93,14094431.47,32824726.31,22936539.54,27108958.33,31276599.92,15478688.56,12664044.12,48124046.71,22539392.31,42216380.4,43393920.69
Com_3920_neg,2141796.111,6623116.543,9229386.97,9004652.51,6671749.395,6467790.619,4684016.541,6220978.003,2941860.181,3811176.334,7672817.891,6513748.227,9475620.15,6726103.042,9268354.614,11475675.9,13125987.22,11564551.96
Com_20079_neg,660074.9314,953348.8821,816866.9216,1098965.278,2358417.741,831689.5505,1631993.542,900544.0992,4600715.338,3879367.694,621420.184,600207.6069,3113961.321,2356620.465,3622135.936,3456479.679,4593686.785,3762969.199
Com_22747_neg,466941.8909,452216.4045,501385.5099,662242.5274,576190.3234,385397.3237,804346.8396,607704.7224,573774.271,472272.7774,389850.8893,407461.8308,499785.0879,469900.8479,461510.2976,541192.7753,480406.2839,471332.3862
Com_46402_neg,624601.3886,377199.7563,729928.6284,1891918.691,286657.2871,818165.6515,1400513.601,685572.6916,993273.0676,587330.3783,705198.5638,722452.4724,504044.6185,310967.4755,293447.2355,220156.7577,395385.8233,682957.1527
Com_44114_neg,777927.0827,3682457.458,2522654.067,2017176.375,4028865.599,3457941.855,3036530.848,3198523.281,3261611.989,3573415.123,2887972.574,2805932.925,2657399.858,2708270.25,2327750.768,2803058.057,3009863.99,2867100.013
