Compound_ID,OC1,OC2,OC3,OC4,OC5,OC6,CC1,CC2,CC3,CC4,CC5,CC6,PC1,PC2,PC3,PC4,PC5,PC6
Com_23_pos,1825769812,5200103575,5658380790,4009362286,2050366096,6066502179,2560853098,2990864371,3127606963,5852599453,6090273445,4134239742,6205061154,1025223939,6088441703,4798893055,2409797138,4063127927
Com_189_pos,35640110.44,40913499.78,35544315.34,48786796.48,30711676.12,104148717.1,107298699.8,75242014.8,75171595.55,69245913.54,110692404.3,86607774.55,107749116,95003243.96,102133398.6,47434217.15,57555760.46,61859089.56
Com_200_pos,900218.6059,2838563.403,10770340.41,3169318.425,633248.3464,4456227.52,1088921.704,902257.3325,965571.4431,2485488.71,3752343.361,2785503.927,7030687.572,715311.6857,4072640,3085145.985,682040.7795,823217.2995
Com_259_pos,304655643.7,351651880.5,367691697.1,514783759.2,425218967.9,584272798.9,209436871.1,503519417.9,549336819.6,299438678.8,168097933.5,670298199.4,584600414.6,718089196,488538234,304934367.9,313231464.7,448036044
Com_266_pos,6954688.812,22950771.73,51709603.39,21249947.42,5272061.295,43839943.77,14878813.87,12799472.46,7747185.888,36470739.71,38713234.44,20179338.64,59832818.51,9840390.867,54817194.3,24443546.21,10108376.74,21237671.44
Com_275_pos,640910716.5,827059476.5,760394055.7,763602527,883226373.9,816489154.2,879128297.9,734999973.5,648463498.2,587599140.1,660824789.1,983650766.7,883654397.6,914626402.5,813479189.2,865391132.2,999864054.7,962479882.2
Com_304_pos,164483699,161588067.6,101663009.5,241107225.1,41965612.27,23239308.13,413204073.2,87094702.35,67036567.74,33571347.47,285041865.4,319987849.8,291592094,123431935.4,244891201.3,111283327.7,103861653.8,154962457.9
Com_497_pos,26260436.3,65545752.99,53153074.27,41584384.55,34078405.45,68291377.25,18132146.31,6695234.491,10653220.16,16892800.7,19016781.52,7684296.92,37143911.94,57480641,71149770.67,40867056.84,33609635.16,65320407.4
Com_673_pos,85878497.32,102065732.7,79562827.76,87270932.55,72656475.7,171867141.9,175394687.2,132716998.5,146558231.7,117040660.8,171690395.3,300204094.6,173921541.2,180776269.1,171460716.2,68786499.14,127763171.4,134432371.4
Com_719_pos,4887657.743,6119163.077,6142913.44,9224169.565,5124465.403,12943630.1,5300600.368,6068820.776,8298165.969,5956439.971,3978892.864,3432249.572,9446272.764,9160547.04,7901497.185,5695402.881,8346393.624,7920960.043
Com_734_pos,17034192.53,16653747.86,22762876.27,10770790.44,57417090.44,101273014.9,123741424.9,90620970.91,91731540.94,50884757.21,111249161.8,106838781.9,15318146.09,52010720.19,43060750.54,27982515.5,24041955.54,12742257.67
Com_761_pos,114879914.8,201739769,161872129.3,173209537.6,188255685,367921412.3,76374980.29,155828050.2,143224477.4,106897491.9,89917482.9,266525091.6,254120893.3,228239640.3,208493160,224560398.3,166753930.1,303910838.5
Com_786_pos,109681379.8,86868275.76,93422035.04,48283853.83,144480970.2,56501820.8,114645235.9,50946871.43,53880204.42,39561702.82,94554792.51,409540349.4,39547124.8,44957258.14,37644648.02,24566263.38,42641767.26,108136728.2
Com_874_pos,9654015.031,21941502.7,19070718.16,13775382.75,18939690.29,35316865.77,12545435.31,7373147.265,6539820.926,13292902.23,11813331.63,15183551.27,21557186.37,34697547.89,45710304.6,15188745.51,21665551.69,27996229.79
Com_880_pos,176444733.5,57082723.31,46390296.11,73167370.93,106447822,21922976.29,31448889.34,35933479.33,23447833.77,37130438.09,24644918.24,55606228.71,62772733.05,108911626.6,28098837.76,73482892.2,43119220.47,35784545.45
Com_892_pos,2518959.323,1388709.82,922836.1126,2635227.63,953257.5792,1059999.998,5518547.603,1338371.898,725012.3099,1748722.151,4413617.348,14666973.97,5260442.535,5233582.851,7222121.706,10808449.81,1777503.981,4611036.441
Com_926_pos,391317406.3,72420245.62,234732072.1,34544114.08,239084890.7,88160038.73,286577077.7,83066694.36,105763092.5,82472820.87,228415440.1,138213664.4,161513694.2,290697204.9,288049972.7,262466190.3,220892954.7,38151674.03
Com_1045_pos,64283348.5,60066349.23,54283891.23,58659742.57,94319680.61,94276316.13,100422792.5,44004311.2,54056817.45,47901516.21,84933163.18,187280741.4,38177024.88,53513728.52,46219496.91,78994577.46,68297774.06,66414088.52
Com_1386_pos,13890046.77,17690747.12,6230226.361,8537750.881,9928480.643,41878443.66,114645785.8,40350787.9,35890420.55,36166450.99,139530845.6,191422044.6,31456823.77,20969379.46,17829479.44,38387406.41,40984101.84,21859614.36
Com_1869_pos,2095548.431,2815097.994,7442226.381,4774585.373,6832351.624,3150708.761,12511665.46,26805760.19,61256199.58,24866123.99,11246225.68,17755695.61,2059105.812,2315612.269,1815542.103,8036352.547,4215878.051,2828045.508
Com_2005_pos,11819426.68,7030960.114,6893815.888,16335470.13,14545145.63,13871547.9,18171961.39,8953723.417,9900883.254,9253425.868,14711947.12,18309148.47,9179568.367,8117037.551,6046811.95,8959152.428,10751864.43,10711334.09
Com_2180_pos,2344283.132,2565495.282,2918645.672,2822170.672,4562701.27,4037232.478,2598187.69,1187799.203,1278092.344,2152067.74,2793525.972,1644027.332,3833326.107,6866036.76,8609249.723,4528867.831,3337574.157,7576804.279
Com_2398_pos,62605448.93,35688641.91,41511118.85,28350447.18,43053039.51,40153290.1,37259001.87,125485816.5,50148393.51,69127396.6,34995946.72,52574104.37,29952813.56,27733171.84,28062678.63,23443676.4,31666555.96,30146666.5
Com_2429_pos,124065241.5,97305590.43,136370055.8,171511813.9,145135696.7,38079456.72,145545237.2,143337939,151045754.9,138066739.7,145353632.6,200227185.5,101452236.9,121455104.2,83395259.02,119302311,131483630.5,139761593.7
Com_2442_pos,17570607.22,27598134.99,18362708.97,14850143.92,19191517.93,25926034.47,10361689.62,55701499.45,32684633.58,62311833.24,10028413.45,9759873.357,46072694.75,33553655.22,30513621.93,21184401.3,29974165.66,37055020.72
Com_2455_pos,213700864.4,107576431.6,91470993.93,54744149.62,110338287.9,49001693.74,110768282.1,84926353.56,164622897,101924726.8,116665343.3,144184493.4,186251294.9,300248704.3,133509017.8,406608125.6,103252805.6,83816843.74
Com_2764_pos,32053872.16,25950148.54,23865459.7,28422020.5,21133589.38,20348423.9,44519801.94,97827319.85,59057479.53,54231469.26,28066611.59,55950178.76,32463582.96,54697975.27,43238071.28,39656156.61,38831929.21,38526977.11
Com_2822_pos,362422756.4,366139814.7,311349484.3,279169208.3,132898545.5,275775092.8,221444616.1,288550609.1,314058089.6,373226468.9,208350126.7,209081443.6,174591858.5,193885944.7,155276857.3,172215238.9,143183434.6,128340677.9
Com_2977_pos,18810685.52,17443903.35,19802795.78,21147186.32,18634326.56,35560104.05,32587594.68,27873853.28,26029987.74,24604158.23,31456903.45,55560815.3,29603863.97,32422469.28,36098289.41,16093114.14,25531453.63,26379668.04
Com_2994_pos,10919188.49,10993764.05,10403469.77,9815071.485,14050366.29,22794424.48,5384925.943,13650537.49,14603743.91,15179438.39,6106422.969,5334438.88,12258166.82,13948095.07,12906605.82,9710997.263,11986860.75,11561720.43
Com_3648_pos,2721840.731,3721606.536,2501890.452,2433419.763,4214696.683,7152763.251,4327967.915,6196919.482,5086364.294,4784609.555,3924660.545,3966239.867,2525420.292,3136609.5,2501052.625,2770004.789,2908692.376,2316762.684
Com_3737_pos,24455409.4,28079980.62,24117300.72,30666684.46,22181746.99,32669009.58,30135070.61,27163478.38,21528426.8,24913168.59,28623152.08,105970055.7,22080450.64,26519055.71,25643952.53,24761898.05,23729097.94,23864133.87
Com_4133_pos,10292895,2898450.268,3924985.648,1098515.432,10827576.02,7286783.706,13941081.25,4047090.795,4243706.184,4773378.878,12393703.18,11098516.48,1687335.06,3589361.642,3117745.146,9513157.481,9767982.461,2589585.942
Com_4511_pos,557837.495,532465.7974,2159377.708,527717.8876,902727.6743,1519338.547,540647.9027,1454837.878,643628.9945,1808627.525,514178.9887,761861.93,844785.8475,494874.2719,686692.4404,588959.0367,471681.0559,540725.5389
Com_5288_pos,2491105.183,706555.6115,1920973.12,1922955.581,3450114.561,1903518.032,2562852.421,139675.7175,144940.4331,108427.1455,2320838.498,176349.5502,4412894.402,8054762.148,5274826.28,729999.2739,3055641.916,5560445.696
Com_6807_pos,1047535.286,2239755.986,1718892.959,617471.1432,844971.0256,1748668.226,5475819.485,2123969.757,922192.1975,723053.0756,3567691.211,4286140.335,837932.2615,1112917.962,945609.3844,1967679.799,2564157.919,3216967.67
Com_7182_pos,99270106.59,86178675.87,55003494.38,71671548.93,83461118.87,70010270.87,76124627.08,86966453.56,83594676.99,83744868.97,91709924.79,67898185.76,76842458.15,83915894.67,73806061.43,62506043.89,75855411.97,65361842.03
Com_7335_pos,1195642.258,717868.8579,1833595.095,334977.5679,4890787.442,358664.2789,292084.9778,394460.5093,370914.8396,228698.4746,269839.0638,252487.7426,1011480.02,2469340.187,2504480.352,689420.5861,1662922.324,2166504.511
Com_7729_pos,3404132.256,2732406.749,2321388.993,2349404.263,2225594.957,1936232.182,6146860.099,3660994.779,5663092.909,3034777.768,6424215.98,33215128.38,2341143.559,2461480.704,2165195.563,4075382.69,2920630.835,4908852.221
Com_8420_pos,14591938.54,9292653.858,5562173.393,5170087.34,1469977.22,11751780.5,13431919.41,12182664.86,9731679.434,13605973.41,13095962.42,4787916.97,22000018.59,13222762.91,11283932.37,9671825.899,7428101.523,5844268.574
Com_8467_pos,30309677.27,46367429.14,7563580.733,39184441.73,24705183.42,95607610.92,129234921.2,21999280.13,41890131.84,31995080.44,108381598.1,40917395,7918147.654,8034911.275,6590593.371,22078947.24,39747537.87,24940099.4
Com_8790_pos,130281295.5,101717290.1,128955738,129840939.9,143763311,123865731.4,157377485.1,137630649.2,64401631.36,127351354.3,288821959.4,219134391.1,105035218.4,128233170.8,85883869.1,119931619.5,131158398.4,132908080
Com_9672_pos,6119181.859,11101686.9,9054021.775,6661246.033,12317698.09,17661303.64,17745368.23,10218065.76,7844657.783,7690994.329,9916534.814,18248207.38,11872200.03,13714795.16,8797837.682,7909954.083,10768391.6,8281143.68
Com_10448_pos,662749.1576,10046557.48,5800095.477,1021195.025,1896555.638,1871846.639,1340064.228,1103909.453,9819701.25,1523478.035,1857208.658,974874.6471,1307651.694,1512083.05,11408647.06,9323190.191,727517.0147,4355267.259
Com_10880_pos,8364395.519,7620314.111,4226985.709,5188837.261,6330387.062,4975846.119,8216652.435,7459840.726,5649471.787,7465514.529,7495310.42,7953963.213,7702427.866,6315342.823,6569213.033,6633478.049,7146743.946,6347928.14
Com_11479_pos,132921529.9,116714221.2,93290266.51,29202942.2,82114563.73,99998910.76,93803761.46,86144784.3,84020956.57,108299969.2,93197337.5,71358808.65,90787475.32,83271610.99,80718292.45,30653424.58,88485786.26,89833384.76
Com_12768_pos,24438614.51,27725240.82,35460057.54,20346038.81,39994744.29,27201474.53,25413665.94,17238298.3,18860498.11,15500261.9,22938112.39,60234449.9,16642789.74,18085237,16466298.85,18287099.58,20449794.19,23791226.75
Com_13497_pos,2463077.118,4815097.411,1381117.766,1059592.519,2257725.989,4046029.954,4911385.704,774837.3499,312264.7859,4947293.573,4396937.895,1206139.937,2912520.026,1384222.858,889785.6201,3615796.617,2286050.914,2929126.441
Com_14196_pos,3005421.773,2553299.361,4483375.046,3252943.18,9783319.987,2466260.429,5407248.962,1376712.965,1473299.282,1151487.307,6063115.047,1509183.222,3853278.137,6036502.471,5066098.031,6145043.414,3391285.531,7052635.769
Com_16295_pos,21977664.21,10607497.05,12715221.93,8023404.888,9603772.193,10300974.22,12729430.79,11129602.46,10014280.45,9294765.556,16522935.63,16337870.25,26955673.94,23627261.03,16671324.36,14543860.44,18010668.26,12792020.62
Com_29527_pos,778408.8989,839887.6594,739990.8409,767866.3525,1055636.109,1089045.549,937030.914,695579.6492,666526.8495,588117.9042,861376.5712,1233668.845,844292.757,910400.3718,743282.0707,1293532.818,2964967.605,2562832.342
Com_33745_pos,3020744.467,3608177.306,3878369.651,4349979.446,6010670.135,5105372.337,9804086.507,3599177.228,3437513.499,3169424.27,8961968.259,9315225.683,4583969.398,7116469.742,5388150.447,5482863.604,3413741.238,6034234.642
Com_38433_pos,9711841.995,7707880.141,6934304.937,7553243.033,5992630.543,6614494.958,52749083.86,7274060.567,7725460.729,6881126.896,52767417.22,885682918.3,8697502.505,8717979.746,8440146.368,11897143.51,7462744.886,12050763.27
Com_10_pos,623887855.1,776886204.9,582416562.2,683467853.5,444733144.2,1406610160,1017300655,942743826.8,1073854114,872554176.4,1024794203,1838604821,1269032294,1305726999,1369469307,893822166.6,938729797.7,1141479166
Com_48_pos,472989.5928,2531517.399,1364847.137,792963.7807,1407799.801,1318332.711,1206702.449,222594.0406,1475368.612,4207166.883,256969.3675,3472073.994,11647977.61,1898469.971,3653338.298,18587699.41,1323673.566,2651316.305
Com_93_pos,997426010.1,1335495315,1344535849,1350440028,1406762219,2142235000,640365729.9,1103933720,1104351940,778295854.4,668536099.1,1822673623,1771885956,1581932330,1667230287,1299699132,1151063599,1961316423
Com_157_pos,50761743.31,130861973.2,73309119.96,49948016.87,43777769.5,92859099.92,86090980.16,11927955.54,12156313.73,42381379.49,82770853.03,56902050.21,73121104.73,98899749.07,116385929.1,70520801.06,77579148.5,100110163.5
Com_187_pos,243359661.2,317239176.3,239897090.9,280750387.7,210419790.2,527802966.9,506375114.4,401168050.3,424868049,342428211.6,522391532.3,939116675,517964223.1,542951678.2,497949996.4,215535073.4,392160481.1,410264024.1
Com_195_pos,311295185.3,495499914.2,444708683.3,185114084.3,151253619.4,1066061576,479532207.4,260482512.2,90243227.95,233477333.1,369421680.2,387235664.8,370367229.7,187332404.4,292538806.4,109061715.9,280663981.1,235447573.4
Com_197_pos,9220290.003,5840618.876,2782104.314,3806519.566,4926761.733,7298928.405,68621478.53,34464342.66,22192036.54,49241946.08,84183141.25,48442898.14,13914817.38,10398315.31,14322558.24,1386303189,1050731969,1477802930
Com_241_pos,96975643.42,137032768.1,108877517.7,125540056.8,99567631.68,213443215.7,228700571,159920221.8,207744015.2,175687588.4,234193502.8,364048612.9,228319716.6,264597594.5,308192210.6,148547447.6,173000680.3,263515325.2
Com_398_pos,3203973.7,2626000.444,3876826.672,4809972.774,3096673.484,3754001.733,11801325.11,3035312.678,2951664.636,6624887.932,13573041.96,15559547.36,13923455.64,8090386.617,16380208.89,9030707.766,10061897.22,5060656.633
Com_478_pos,221439080.4,107952527,154335960,116120646.9,159594377.5,35942083.39,195232188,156897697.1,68073586.82,164658044.2,125033845.6,184464275.3,258772309.7,211329975.4,93963866.72,176597475.2,137994695.8,155445609.8
Com_710_pos,144971515.9,106553180.1,139904857.6,122226690.9,144432244.8,862602707.1,260922135.9,286771156.4,190212453.5,376305042.1,185038527.1,100328872.5,171422013.1,136400538.8,106909077.8,125835468.8,115466441.1,201643807.3
Com_756_pos,9176582.026,5194846.374,754368.081,789438.322,6021415.03,706648.4877,13816297.71,983998.5244,9314004.922,2642351.438,11483605.18,2634666.224,749422.58,815563.6487,719751.8633,123391814.4,117152967.3,335071343.2
Com_778_pos,78545262.27,83790345.15,83528578.8,86372779.25,97766500.88,82970037.23,91319332.8,93134220.27,65215407.33,68439130.09,69186987.26,107815614.2,101737389.3,103268631.6,93739660.49,54039157.29,75271162.84,88563911.2
Com_864_pos,129053421,74281016.36,38432660.17,59114238.68,66779866.19,66550945.97,313707909.8,217734294.1,209171776,75882627.49,280301184.8,330146814.7,261819379.9,250601963,244439085.2,33866629.42,71656046.62,52984884.73
Com_955_pos,15509692.64,24869331.26,74626011.87,66561851.16,21369240.48,76609747.42,26994065.12,64223915.78,22651211.17,128398099.2,61846431.14,43332840.75,141840498.8,18696546.82,103608344.8,32536873.89,21033063.61,40945535.56
Com_1197_pos,7609875.439,12154726.44,11613018.98,9713958.096,8567971.864,17161252.52,11308391.35,6435470.492,8754628.117,8771153.647,9015264.776,11137085.25,14104884.63,21322863.43,34565507.56,12999395,13887154.12,13629639.46
Com_1409_pos,24629784.38,55857419.32,34163395.42,39757662.29,44814571.27,29237149.13,44366948.31,35484006.57,47604528.38,43641272.96,49540737.41,52905235.35,35156130.89,53535274.95,52659842.79,28197502.47,19081451.36,17144126.37
Com_1781_pos,18562775.84,18176144.19,13721026.74,13134823.03,23567457.94,15905103.59,32621159.77,6691115.275,5256894.931,12976006.95,30663809.24,20694171.64,10360964.53,20531236.27,13027608.21,12897065.12,23900326.17,10127716.97
Com_1872_pos,74013087.26,73978406.88,66242038.04,63250716.56,59676844.04,96926812.7,89541127.42,83525008.92,80520855.5,98751522.84,105950562.2,134050618.9,87196149.06,113912381.3,98387228.63,71140906.62,87276961.71,88748589.73
Com_2077_pos,33265782.33,44185115.42,44188240.62,40037667.89,39052848.23,37018257.15,29320727.44,14987401.41,20719977.49,19451528.26,27630036.37,57245221.8,58154564.38,62148007.39,61097058.41,28239291.29,55404861.69,58227824.13
Com_2095_pos,8567354.185,9261586.202,13530972.45,5954724.529,14746940.61,9627470.395,3012179.439,5414667.919,5914046.92,4889970.211,2998161.689,2574316.084,5857756.724,8110508.18,6536747.009,5973317.462,6937078.936,8518632.035
Com_3059_pos,1323449.347,2490317.327,4252979.909,9056039.399,3348890.667,5167318.66,14618053.25,11040384.52,977020.1079,10386312.83,12385803.95,7349948.852,10444039.44,10281551.15,16914678.33,6193457.282,10744630.27,9131251.326
Com_3256_pos,85676271.48,70005019.91,69167338.3,51907164.75,77968626.95,70080662.91,59630810.17,90077412.59,96432359.48,49344651.67,59296502.06,149307917.2,97724182.65,49815799.94,65139336.21,70754368.77,58455861.92,72931873.75
Com_3449_pos,60759407.87,123446937.6,111078635.9,54936634.76,130182348.4,68693358.25,80232429.05,76491116.56,38256992.9,62898409.16,78256247.73,227575442.6,145570821.8,124825938.7,145130392.9,133311224.6,153164844.1,138021315.5
Com_4117_pos,7675830.04,7977583.656,7200876.006,6477410.224,9043584.02,8297243.185,12718078.25,10112280.42,5960329.068,7351659.082,9891884.88,7515536.753,10065524.28,9250658.509,5855083.126,59634303.11,8906065.965,13874390.63
Com_5075_pos,1967290.699,1902372.545,2241500.47,2059583.764,2626346.033,1972276.273,1578841.388,1705205.866,1580022.016,1617895.854,1687426.71,786779.6094,1725923.928,2168250.81,1683256.747,191059807.3,1786713.4,1682692.676
Com_6158_pos,4131247.608,10502374.19,15118739.08,12784593.52,3953616.956,9548387.643,8928403.714,8887649.613,8296453.969,10573261.26,6417924.864,2014868.326,11982461.61,5514929.777,9880589.359,3765034.942,7473220.205,5694188.211
Com_6529_pos,3174412.93,5318440.562,3854673.46,3005241.916,7630194.405,2145374.104,2814572.233,3496381.183,1853225.299,5239558.51,3023743.066,7187300.354,6011537.628,9875328.457,6618498.5,3551174.86,6425123.308,4692192.025
Com_6970_pos,33922906.16,38198231.22,22795631.32,24064137.85,20845169.2,8578953.255,37611061.01,26160193.83,10521536.15,22282368.76,24390005.48,80963088.81,36977085.55,43652157.85,49145360.95,24877248.15,29130326.42,40503664.94
Com_9294_pos,19151601.47,24349923.34,27322323.52,24993162.3,26014728.36,14332672.56,33777417.11,25826120.23,1971918.978,72744536.93,38011273.25,30527553.87,10936280.59,13042654.28,16602200.06,16990678.71,14009909.87,14125275.21
Com_13152_pos,59190540.92,66733384.25,77885053.15,80300937.44,115067051.2,65836274.5,48662800.19,39862053.24,64242348.91,53285475.55,52432314.32,54292936.3,87030581.54,111838079.4,97546329.85,61893458.09,63831347.88,65597046.02
Com_19907_pos,1879007.375,2061483.198,3252475.394,3000341.358,3376443.436,2245390.166,2596380.406,1715478.257,2265412.306,770571.9217,1493593.913,1325878.51,3734259.398,4056234.669,4046257.654,4069483.848,4017223.183,3685347.193
Com_1_pos,18025417928,36915624216,41792091830,28708140548,19221104207,48972558424,40756145554,36011375400,20582180741,46071107087,51389559674,20859085391,32459339028,18029737895,46452679435,37261445683,24209801757,37963913264
Com_7_pos,300527.7474,257649.0741,244100.4299,195059.9386,282275.297,172254.6193,123193856,46239940.42,159051736.9,7066200.13,117786933,12982497.94,199417.6213,233598.7373,300205.0622,11893920183,11351777402,9995105350
Com_28_pos,1401661457,4300196611,6892345896,2744727429,1196846404,6316872549,3586429020,2865672331,1343818969,5389381603,6556355397,2200045797,4072195568,877677930.3,5311101736,4485114481,1685858332,3214157826
Com_34_pos,23501008.34,22221188.09,38398531.61,38374291.34,130835817.6,124523540.5,30949490.66,114831505.3,27544742.55,46308541.04,19173790.92,30857844.25,22741329.03,29423679.74,21228176.33,18869039.6,18746031.75,2900158.704
Com_50_pos,756584.7762,709945.8516,2145622.462,776075.4771,871958.6814,722455.515,59093385.95,806550.0205,732055.4106,762333.9363,256381953.5,51866673.14,726688.0866,795361.8002,708564.7423,3097616385,3124639781,3647649421
Com_52_pos,478292187.7,238879965,71853186.19,93547502.6,78396230.46,27550674.48,332317289.6,196022310.9,58909575.37,37409325.52,321757208.7,247876398.1,78737227.15,59391284.32,98244998.15,147213836.3,154577539.1,136960756.9
Com_57_pos,384615636.9,1916315460,3112772861,1100033782,261841698.3,3274142016,1292498417,1054263660,494501503.6,3020807175,3170726331,1064933232,1879501219,219669650,2388942479,2004811559,668534433.7,1333874253
Com_69_pos,95621396.72,131870557.4,113021763.1,76048827.61,64538050.81,125546609.4,411935238.9,122848308.5,94318954.42,187045831.6,1126384914,467339319.7,644378723,150804098.8,281783898,51666528.24,48881131.19,65474360.59
Com_75_pos,28707783.1,3164601.883,16861169.1,26559414.77,299148117.1,69315360.25,12952802.42,1173034758,1597448320,808103658,13293186.97,67545701.57,1551089.984,2336412.359,1761318.137,88449753.39,113921472.5,14268296.59
Com_86_pos,246894061.8,271480175,209864564.4,233183150,197892421.4,481596801.4,353681063.1,365853704,463131373,238326842.2,411293837.1,632976753.3,384214893,480893862.6,381246045.8,257950821.9,323273161.2,354200300.3
Com_104_pos,1088954808,1012041336,1166095284,968084430.4,1502945103,1232292486,1167190129,1303714164,1160020502,1703600588,1093407622,1124546285,1333224367,1275791173,1217367172,995362760,1021194179,923790600.5
Com_112_pos,11330250.62,9032484.199,9928844.303,9858569.353,12736889.9,9020045.391,24418308.25,9554515.833,9691779.46,7138169.94,21486063.78,738058800.4,9181052.624,12544588.28,8000659.494,13970886.33,10515262.66,16868246.06
Com_115_pos,377755496.7,442891208.7,355551414.8,194213151,235392846.8,356549378.6,635135114.2,497646514.1,345208343.5,297867600.6,546707359.9,883280511.4,157516072.8,171938713.6,129840702.2,240410577.3,317610329.3,236876196.4
Com_122_pos,30136179.2,26051448.88,31555258.44,25374100.31,33900715.2,27007612.16,40146768.78,11880642.61,21375650.36,23800012.35,27774910.83,909685272.9,39764746.17,28411032.1,21765383.57,20242698.92,22890104.15,27593609.84
Com_151_pos,103665256.6,144044517.7,68081923.45,39790780.98,61096260.37,38058646.98,119020272.1,135988784.9,148842064.1,74164723.3,118646705.7,1305400491,41522871.33,30426882.51,30170623.52,79620211.54,85954406.64,165964565.2
Com_178_pos,29598532.27,25805639.51,23603281.23,28718766.08,34957198.35,49840155.79,30059521.11,34040458.36,33297351.82,34119636.86,29503302.29,24090320.79,27292604.89,33375467.65,27613495.69,29594179.29,35277558.97,30219344.72
Com_198_pos,164503527,210214857.3,124913032.8,214335112.2,43507286.6,136407731.2,398561892.4,157218487.1,104026156.8,121088644,365831800.1,743854998.6,337491826.9,383624650,408428533.4,263741439.9,253201027,326211985.8
Com_205_pos,501770464.7,288572008.4,211742680,424366021.6,109612634.6,36186174.8,865704198.2,162502900.7,1180288074,78066815.41,783332780.7,832774372.8,853200130.5,893743774.5,1134804694,735457220.3,871107359,528286172.8
Com_219_pos,838045146.7,293242219.6,409131049.7,297686833.4,311026994.3,149572148.7,650876906.1,389231538.5,434550114.9,359361724.1,550262369.6,444525754.2,291900454.4,610778983.9,392158750,723874880.1,637648255.6,573507883.2
Com_230_pos,2016622.638,12484866.84,18970380.24,14874017.26,31868159.09,13324201.76,7172709.832,11531525.99,13131758.92,3838250.317,6515415.102,11311649.75,14080245.13,16209369.9,10242936.11,8401958.705,8384809.87,8056703.912
Com_261_pos,9511126.146,7749575.948,7457617.685,6924890.967,6026635.282,6600190.722,51016231.32,7178373.497,7504854.166,7675811.105,51930495.38,888135382.4,8630020.331,8545131.808,7878036.469,11874386.28,7249577.784,11438632.44
Com_264_pos,62543845.27,78003685.46,64112327.26,83607440.29,38970598.02,1071179.96,189904658.3,142622539.5,146453670.9,130258455.7,194487979.6,171270450.7,194976827.7,182310386.1,196720013.7,88783886.98,104609088.1,115718573.1
Com_281_pos,210759250.1,986221489.9,34658288.68,39212232.19,15409809.65,5038418.622,5890220.371,19410619.68,10009588.43,2700023.41,2991649.725,1436255.702,31081310.16,31493405.75,23474088.94,3980744.875,3465835.326,4501108.359
Com_290_pos,15503781.62,69821063.29,320674826.7,62550588.07,13313072.62,271247912.1,24158864.75,29829229.98,10267110.73,81549538.23,59312412.13,25176565.11,131173019.2,4486896.032,59403470,37770585.25,17663586.49,32509790.66
Com_332_pos,373645663.1,439614824.8,351514616.6,109455681.2,28155108.2,256510806.4,395894745.8,295757670.4,357907110.4,221691332.5,272222570.6,75474837.16,330776662.9,297150724.2,29623069.21,9605853.843,12010584.87,26545376.07
Com_333_pos,4938959.306,5095172.909,5847592.235,5028547.357,4469655.08,4452202.365,823377781.3,8715626.149,4786126.249,3756006.02,714309792.1,7428544.167,3920241.888,4619867.743,3832658.669,4739305.386,5199810.286,4478605.364
Com_343_pos,14248101.48,1058987.669,3070444.591,32916058.26,7255769.995,1063007.32,11901111.47,7238685.069,19509136.36,4038176.151,12286379.51,8802211.598,17471574.96,11278861.88,15646898.92,17796035.09,34741193.59,16804108.01
Com_351_pos,27594474.78,22478765.48,18793864.38,16309997.89,16266155.29,12458259.99,129684267.5,14681128.91,11817532.15,22339381.53,115945775.2,808323164.5,12810944.74,18142542.92,13894785.85,13456145.31,15974950.94,14940702.91
Com_355_pos,17552024.43,20490704.31,6309780.835,10651878.06,6360923.261,19631843.58,44876761.89,28614346.01,19119022.97,52890465.7,53624973.57,64594868.6,40851160.76,33081808.17,24119307.55,19664244.91,15351362.71,26183845.13
Com_370_pos,611736203.5,502365092.8,435476586.8,229068729.7,279006840.2,206488189.7,621236340.3,154367900.1,267405199.4,144268378.8,505752878.5,411291386.9,108164883.2,141365257.1,136881699.9,239508748,363469792.5,375749598.2
Com_380_pos,4989342.768,4348802.147,4587733.151,4256913.181,4229996.81,4046737.446,5844354.085,3991164.975,3983130.591,3810343.982,5194211.635,20101350.02,4061133.372,3865262.144,3930532.435,3975535.583,3887578.51,3883406.579
Com_397_pos,393838198.5,72420245.62,234732072.1,34544114.08,239084890.7,88160038.73,286577077.7,83066694.36,105763092.5,82472820.87,228415440.1,138213664.4,161513694.2,290697204.9,288049972.7,262466190.3,220892954.7,38151674.03
Com_413_pos,40664297.61,37995322.38,31119641.47,34938526.49,56668321.48,32765880.54,42633995.14,25563352.43,32668958.45,16502276.32,39317368.92,175394567.9,34659037.85,42520122.65,33368477,36983255.65,33570922.35,39039141.97
Com_443_pos,2475077.949,667108.6502,2388801.719,2709694.345,2905664.335,2433795.217,2537977.747,2138629.203,3026093.736,3339019.946,2474386.723,3018565.339,21876203.2,2830389.055,3512244.044,315996919.4,2922001.671,2282294.009
Com_475_pos,2410956.734,4268210.547,8883382.487,3255474.499,1384915.43,5176740.96,3877313.35,2017288.34,2024598.419,3298897.275,5576427.133,3829396.287,8572199.574,1826757.42,7009584.305,5934089.4,2331015.699,5718544.553
Com_484_pos,275554.3292,211262.2201,223816.0396,178850.7418,246727.8768,154652.3882,1141271.902,244406.4149,240314.6652,205662.6106,1104101.852,287709.6091,182846.3074,214187.0224,177431.4308,1144895.564,1061580.655,1010703.788
Com_487_pos,337034784,54545334.43,341644670.1,40547316.81,26577301.09,232918332,1058835868,148595066.3,240900539.3,229579241.5,1039991646,232009920.1,35049216.47,172219764.1,142755468.9,435825282.3,680105084.7,656974053.4
Com_488_pos,4846253.044,12933405.46,31146692.5,14418764.13,2790239.522,28310126.99,9935104.884,8303729.66,3355708.682,19682306.57,21892780.33,10322799.41,45363536.72,4685160.987,39884304.89,18000884.21,6321481.521,14549936.65
Com_496_pos,753127121.2,337095606.2,707031095.1,328908366.2,432177463.1,1043298502,399336737.3,781627468.4,458639536.7,592861939.4,462440855.2,368458185.1,103436525.4,172686432.9,94564445.49,224708014.6,394859042.1,409880218.4
Com_498_pos,19060998.18,12878488.56,10687927.95,13780899,27467386.1,17123241.91,15535139.58,26633306.74,22437269.25,23530930.27,14751859.33,17053862.57,16425597.29,18206358.1,19549978.79,20323021.19,16361982.3,13221053.05
Com_518_pos,17302341.44,11714133.74,14850097.33,11980635.88,10894991.06,10242664.97,29249616.97,20440007.28,13761488.61,19485269.55,25631211.03,16679810.89,20592770.99,23993103.43,23261052.06,21071031.17,23098073.36,20877511.98
Com_543_pos,10732934.52,9644673.239,9736892.066,8622977.789,17639198.23,11248989.31,14960633.95,4181941.442,19614420.43,8880214.351,4765152.304,22662486.92,6229002.046,8315280.459,7811977.331,19465534.84,7537299.573,52082376.35
Com_581_pos,224281845.3,95271273.93,46118720.96,26590167.83,43420977.99,49129746.83,483132866.4,84084186,85391863.8,97975288.89,516139510.9,517133758.9,70743046.43,49815094.75,62686300.83,331049147.9,440217412.3,333108446.2
Com_588_pos,75163939.89,380510843,1190729.05,622795.9622,2860885.539,565021.0447,576096.8202,630386.2457,704120.0376,583471.2309,545394.5257,573250.2582,630199.6883,1068568.319,814567.7063,1931556.401,782903.8174,677543.7435
Com_621_pos,180343641.9,255149276.6,19103320.96,17911564.66,173864466,32884596.14,104761491.4,95354376.27,71780121.4,96770618.51,118979975.4,47274824.58,43252022.45,37992963.3,48423361.05,125235389.6,113053379,109279559.2
Com_640_pos,65280949.57,51060674.48,33421760.7,51223791.03,92147510.88,43983936.7,45502763.05,50261752.75,48093719.52,39265294.4,41961812.04,61419379.88,42973543.15,51601820.19,43637012.29,33600877.58,40109529.35,28780989.96
Com_648_pos,97528728.03,69024020.02,101314214.8,144488219.4,167335682.3,95541589.41,96038827.67,115426617.4,135373256.5,203623752.7,90873188.25,71201476.82,111100442.3,168860638,121639683.1,105142941.8,134572990.6,103755095.2
Com_665_pos,162768582.7,361739392.1,34440116.98,73252192.85,20199928.21,6365696.281,15470724.69,34963605.33,15827217.66,1243100.229,6289162.297,6312181.723,7333451.558,10540830.56,14259059.16,12012456.6,5486377.453,12376760.23
Com_669_pos,774139.6778,642429.5094,714797.7658,734512.519,612352.4751,542470.6894,982176.6244,678341.6747,776165.3669,639580.8082,887499.4446,1273305.472,2413141.284,824230.196,1240041.376,1040087.587,961139.1884,879680.5139
Com_672_pos,25313451.2,43047737.81,94620895.04,81020602.76,72538984.57,83808686.66,29837639.27,35481888.64,41006468.25,40357217.97,33796587.06,14818736.29,77149507.8,59675017.33,68167887.27,38468998.77,60251596.63,53970150.49
Com_688_pos,110585290.6,128712544,66355693.47,30496571.84,25462640.7,114305593.6,143654537.7,74730816.45,17597369.44,57237979.11,141816849,264826005.9,165145409.9,42051974.5,63019064.25,45984193.89,93134630.34,72350027.5
Com_713_pos,902757.1445,689155.8792,587876.2588,446317.7425,411059.1806,360252.5053,542376.3085,378278.2732,372549.183,398600.741,342730.5883,306430.8236,369431.4477,401396.7975,346461.8419,483148.6226,381572.9829,467632.9655
Com_723_pos,405885.3917,357614.1413,323216.4504,250899.8864,322367.3258,251211.6873,1459142.928,230063.582,261533.6712,230839.7274,2237349.684,3333941.095,278525.824,326858.8517,285302.6336,4191587.906,8117832.997,7206611.878
Com_733_pos,23393301.48,38625889.1,49557956.08,20456283.17,9445371.43,48852595.15,35217104.17,32854808.94,13683456.6,30809464.05,41639413.65,23137068.31,45960711.73,8878706.253,22652163.85,19850817.05,12188772.89,18358249.72
Com_750_pos,1133777.398,1204840.631,977853.6647,5655545.511,1054940.585,14918116.68,872998.8187,2508552.232,3762551.308,2917205.8,823707.1358,830441.7477,860926.0251,939890.7628,845860.1673,731894.1033,792765.4245,741226.9601
Com_779_pos,122771338.2,187833505.5,212982415.7,185617683.5,151731769,211047125.8,216628003.5,186009510.8,166889055.4,264118250.8,296883525.8,137189650.8,204831496,140968833.5,277240422.9,257163945.6,211713296.2,237881258
Com_810_pos,523484.8129,554255.7038,554965.5789,651519.1589,461253.4088,537383.0924,652938.652,547226.2502,445702.6239,525228.1477,651144.7341,469576.3518,1109421.329,666573.5806,716335.7192,503067.212,430352.0893,490092.9002
Com_827_pos,25420272.03,65548203.99,73197535.63,125513244.2,28625933.82,11298859.96,220185541,106618980,61028488.21,75959293.53,186220093.7,428276350.2,2970330.319,250082734.5,340287902.3,165239683.8,54567815.7,174825082.1
Com_846_pos,13110920.92,16509184.53,24355464.14,17337328.85,4619452.01,19296573.21,35698622.82,15812468.02,5091411.139,10855613.56,32605781.24,17537171.27,54608690.26,34781081.61,85557463.08,17287924.81,7118265.386,9628255.09
Com_849_pos,77941778.64,100152961.3,41748819.08,27314176.05,27168592.61,22397198.07,184353032.2,29689317.34,44956791.95,19396866.93,61702884.29,826955234.8,42405533.47,28864444.03,19736021.19,200168262.8,34785278.8,243685751.9
Com_852_pos,19042187.33,17342637.43,15040899.61,15089764.26,14509998.88,11781643.9,123815990,22516484.25,19106966.22,25832082.82,101481134.4,272947253.4,19840937.58,17369971.06,18004302.96,33377876.4,35209893.29,35423887.71
Com_858_pos,896753.5524,792408.0315,775900.3599,882929.4882,871173.4902,729534.1874,6653956.406,816349.2757,799497.2235,828884.2149,6881138.956,2545480.585,868393.7919,862098.7257,925787.3956,350326761,226437876.2,307971258.4
Com_867_pos,133173295.6,383145659.2,276974726.9,395777346.9,202285656,229566091,188719790.7,223202772.9,125197239.7,346206256,198420370.1,103949448.8,622561926.7,505874345.8,494980132.3,154011415,520112009.8,500063850.5
Com_873_pos,415468.5655,285058.1528,270068.1843,215810.6951,297714.81,186611.6913,801153.5148,330051.8085,340204.4058,301822.3118,1272775.425,361290.922,220631.9544,258449.3066,214098.0801,381311293.1,374076182.5,411645269.1
Com_904_pos,24617143.9,25645833.99,23514065.42,23153846.03,23387449.73,20937544.76,18027128.12,19251486,19850583.52,14323562.38,14021328.48,147235230.6,28652178.9,26848960.67,59821213.85,23108795.06,22334262.68,26732263.2
Com_929_pos,16774770.42,10775429.94,141027620.8,182272442.2,55185105.77,27637398.7,31403951.99,292397046.4,148836178.8,186109486.8,27455108.96,60683074.33,2783030.959,1929624.09,1142848.73,190436934.2,43674053.77,30832704.95
Com_935_pos,8020679.338,27378427.52,18671295.35,17593893.32,4921191.028,5122137.993,6158635.52,73567373.65,24838998.58,20391750.04,6247958.19,11456988.21,81062263.17,29933867.05,63144338.83,7395726.281,5692042.343,53475451.72
Com_938_pos,896872.1252,1799222.208,3744598.155,3546770.434,4226344.346,4040669.538,5978946.096,3913975.709,3809714.271,2997386.376,5481927.634,10446480.57,2985661.487,3246741.79,2791247.687,12215464.95,18411554.88,21361714.35
Com_953_pos,68471201.61,118077528.3,54524340.05,68941523.27,47739137.06,49741984.52,135759450.2,35738558.51,35666942.73,34940116.43,131382099.8,299773882.3,100532736.1,120577596,128054266.7,100404655.1,112491690.4,134759874.8
Com_962_pos,94937455.05,67207089.97,999501.4354,9150977.321,67049827.29,4703134.637,73959818.51,47509571.25,19127751.62,33708371.78,74026991.26,2766835.668,778788.8932,746385.3155,732084.0435,23746027.22,4809860.011,3900510.346
Com_990_pos,38588399.8,68654615.57,21679247.55,11004836.67,49014674.71,66978439.97,40362824.28,10597332.1,13628192.21,20614156.11,43563806.06,31382954.55,9191461.661,12186536.66,7750597.177,28374399.25,22769978.61,41645005.87
Com_1036_pos,8362642.505,11492726.81,7833281.74,8710813.013,12277148.09,22175714.17,5184211.006,8503415.315,6844243.323,7420909.47,6378507.185,4536398.157,14895034.38,9349112.747,8893819.901,6839643.052,8569129.029,8292869.575
Com_1085_pos,7538207.002,4749972.634,3473860.765,5020028.868,2677558.717,3257025.984,5544991.237,4721864.013,25437242.61,13668391.76,2699171.33,40450645.1,5466781.381,5168656.303,6010060.413,22698214.52,26619460.1,21433109.45
Com_1107_pos,36602622.23,32535162.08,24344236.36,10699000.38,10703926.53,7351415.599,130915215,15678534.26,25862194.25,18289770.21,130345823.3,259556389.1,13070668.47,5067979.412,8975932.392,16509434.81,22128346.64,21227969.57
Com_1244_pos,2734509.19,1944715.88,2644874.399,1658751.779,1604719.221,1040269.669,11023120.95,1705419.4,1749595.203,1502334.006,10585838.37,21211699.64,575150.9113,708003.1766,299927.3781,8036512.555,5736798.868,19103545.99
Com_1286_pos,2251457.776,723461.0089,588273.9129,402727.5304,481915.1663,380835.6651,6205320.095,381425.3679,703120.4316,2796436.511,7012965.887,48437076.82,312544.6759,381029.4557,313548.9282,521833.19,666026.8656,586133.4193
Com_1291_pos,4782217.161,5319861.726,5653420.577,5725090.566,8863470.071,5772150.811,9023443.984,4428780.226,9168167.417,5368561.032,8502949.408,22691142.87,6315242.696,7377709.04,5725466.91,12276274.62,7046882.117,9025510.853
Com_1305_pos,3640019.285,4597533.588,6865591.608,4206345.376,5241606.482,4110741.865,1859214.827,3954139.685,4345127.644,3161829.054,1840641.643,13121077.8,3443708.997,4049754.129,2908863.529,5938444.154,3069121.405,7424558.025
Com_1367_pos,7010001.968,4433945.652,4730423.965,4006114.26,2666360.147,4824605.433,55085737.01,6378448.166,2060083.403,5868294.309,49496986.34,57027819.99,1417011.045,1689662.357,3219370.113,9798453.284,6057039.067,6767499.631
Com_1432_pos,2768881.964,4863204.438,2645257.017,3206352.355,7412994.444,3942711.162,3452149.651,2112213.662,2988720.895,4024690.033,3053802.912,9667077.695,3841544.918,4001880.503,2865281.835,15889016.65,16590561.1,13101925.42
Com_1441_pos,7149791.333,11726605.59,14612714.48,26388028.75,5908720.429,15677896.45,7512518.231,10512107.33,6418611.828,19628224.68,8120572.483,4188363.289,12171333.56,6390404.865,11040408.23,4341720.675,6693993.023,7551480.861
Com_1468_pos,4299582.84,3343537.682,2076859.636,1758522.485,8691015.929,8690190.287,10605225.49,19917669.56,4572240.554,10707271.81,9432963.986,17470988.32,741932.5451,798776.4159,774633.442,6675512.598,8150788.286,6730853.328
Com_1480_pos,9753272.794,8803567.409,12849540.66,7746507.939,12636422.35,7593357.21,6068691.537,7062043.982,7401228.818,7018404.454,8127806.211,14176089.69,10156199.34,10382069.93,8592806.931,7508104.2,7939658.062,8329905.668
Com_1524_pos,348130.1223,388099.8351,293606.0647,267956.1422,697777.5638,373456.9462,750484.0241,326875.8202,444834.6253,304303.8059,707254.134,7212574.056,384417.7727,383994.4156,363833.8751,432958.666,447385.7563,465164.2649
Com_1568_pos,149325423.6,115894093.8,102806474.6,59915569.87,61272539.87,53183424.75,203920469.7,52281278.49,85819884.55,97937612.14,167098353.9,97627663.17,39617037.53,80487761.14,36615382.8,94098725.75,142807951.3,135609127.7
Com_1573_pos,151150886,117649015.7,163055020.5,280992041.9,104809295.7,265296498.7,278953223.6,299229983.3,177136596.5,970032063.8,245021051.6,202859982.3,2261654796,1708130550,2493309551,209245016.5,246738756.5,211581160.1
Com_1579_pos,18981124.2,29277091.18,8925490.987,4754457.614,6646838.967,7705781.384,68538797.3,25866338.73,26164592.69,15783042.62,71973406.35,363843083.5,6543139.997,6692981.304,6187098.194,52219518.59,59793299.86,42945857.51
Com_1591_pos,1901708.904,1695656.89,8184381.238,1304959.364,1024481.539,1489645.446,60982520.16,1220328.233,1345658.798,841230.2019,64532948.12,149432221.1,655529.1676,689942.4199,606119.7292,1528731.885,5313191.781,4544626.691
Com_1602_pos,5494278.165,6172051.708,29678773.84,36232460.8,60015508,29453707.55,5352335.994,13531753.75,19229620.83,14943038.4,4874923.144,3148980.54,35206711.07,29179718.09,22306052.7,4606966.351,7609908.07,10948365.73
Com_1625_pos,46009733.67,42139954.68,40966251.79,33469547.59,44909564.72,28307528.35,25178280.11,29362505.1,34128925.75,24945858.64,22495018.85,25725706.65,30470198.21,36214660.2,32318580.64,28431470.83,28735372.38,26883038.27
Com_1642_pos,2704548.525,10323218.18,3727081.089,6362647.887,11425406.09,4785582.377,677643.4786,51793042.24,71429519.98,142608797.7,655960.1982,6031806.937,122925304.6,78542778.4,56186264.96,25570812.83,18058255.13,21522556.97
Com_1643_pos,7301931.4,7611151.576,9373995.093,9660151.082,12622783.85,9785951.914,10500506.27,14176267.5,13117441.24,13932252.18,8795655.04,4996864.675,7941933.299,7885363.945,6748896.507,5643781.336,82176267.51,5724801.237
Com_1657_pos,5132615.457,9232045.144,9032710.191,5666206.455,7284842.317,7375926.527,17867716.88,6923132.663,6651037.746,4737677.06,19075747.3,13139038.75,4215440.156,6279680.856,5330098.787,7083898.924,6881192.471,20075946.56
Com_1658_pos,350890011.9,316381250.2,216198003.4,137942497.6,75791298.73,160547332,311924162.1,174877172.3,243989115.5,173668482,281562466.1,131337301.4,144168082.4,136557956.7,92862364.92,213764115.6,200262740.3,235190212.3
Com_1696_pos,109164429,92750961.07,92730509.41,80531663.14,60023073.59,73514045.89,116117229.9,81214636.57,92943947.01,93688871.55,92498208.35,58380239.55,92966714.9,89830736.82,98588880.15,64518524.02,100523996.4,57451406.58
Com_1698_pos,14318658.69,9761281.634,20569503.6,30556820.36,7667930.29,62011964.14,21769860.73,73637094.92,49610030.94,74699850.79,91294428.4,29286765.45,101704177.4,41144090.84,75992825.97,9459018.91,79652665.1,11602457.82
Com_1702_pos,208207578.4,186809345,112806535.1,81261008.57,99559625.17,69344184.15,58044724.42,67931965.47,75242227.98,95411704.04,47262645.66,206908809,107933492.9,121831081.9,110340768.7,100018357,66064162.97,89544269.51
Com_1720_pos,23794719.11,19096370.24,16752871.08,18855280.95,16911056.26,71660932.5,19884123.69,15613699.75,14328200.37,17795987.7,19205579.98,26758983.46,13858370.17,15439353.93,12437202.46,19286304.5,20797974.55,21695039.52
Com_1732_pos,3892455.146,3776038.025,3453351.647,3402771.279,4192800.287,3539192.9,3374999.344,3183041.205,3095659.943,2810763.325,4204805.129,5574753.881,3248552.067,3662811.708,3136770.506,34342788.28,34727418.13,43740385.4
Com_1742_pos,189140837.5,15614974.78,141977181.9,90749570.6,90144698.61,20423738.29,70557951.62,76730052.91,24632476.72,19860352.2,92029263.95,39826842.57,29630263.03,33051485.05,39474246.96,41013710.88,40654239.12,39555277.75
Com_1830_pos,14395542.13,25494071.28,22010182.2,25549223.03,26555826.83,59462478.5,6734254.918,19037989.78,19854628.4,9958885.869,7232176.318,40919671.07,43068469.49,35233231.76,39674803.44,27164182.58,20257031.33,51680852.54
Com_1835_pos,301953.9202,543328.7741,458015.7516,328656.5123,236692.3843,594535.6739,488446.9174,411318.986,240265.1306,650455.1104,749869.8576,284793.33,474029.7857,320024.5194,583785.2906,444032.4229,288801.4115,548172.9863
Com_1866_pos,3130481.129,2643358.89,2362890.426,2231532.016,5697967.848,1875449.887,9548896.943,1584131.993,1741877.602,1520504.061,8360432.871,16019035.85,1524259.978,32762238.96,1506934.486,146247836.1,138135582.3,124902083.3
Com_1893_pos,27654466.68,20490469.26,106843943.3,92843416.99,32889142.22,18122698.03,16197752.44,151627440,74998330.81,101761326.8,11072250.16,25217940.4,8466728.794,9643624.471,8886635.638,84594229.78,20123246.9,16769693.11
Com_1942_pos,19052967.83,17058972.25,15157811.6,14583255.5,17088322.68,15618125.86,73120777.48,11896002.31,18753766.68,16226269.66,37670668.25,187855408.6,12358251.58,11518979.1,9774313.198,14277011.25,46507366.43,62584623.04
Com_1986_pos,58423153.79,46618143.97,95477324.2,83480617.33,72861837.91,69432061.73,70290098.97,92590353.87,94224379.54,67912662.49,117420459.7,120112917.1,90373675.86,60104999.69,40435535.35,106075183.5,125583243.7,61361743.7
Com_2007_pos,4927786.869,2265533.658,2609887.472,5974671.533,2943329.631,3150824.229,8649383.144,10711937.38,5519581.097,17094530.43,5830291.581,13965260.82,32013183.25,33727884.91,27164241.98,9869309.387,5054701.027,10427116.48
Com_2016_pos,90452244.51,212412562.5,243068133.6,153412845.4,82562088.92,280823921.3,178227096.1,160818811.2,107598561.4,320864619.9,322488280.2,160518647.8,223385408.8,94302647.76,255325486.5,235777184.3,142298038.6,181674186.2
Com_2097_pos,6596516.39,3022230.056,1660251.443,3202638.398,2856170.458,5120018.374,3940208.751,5008771.328,2366613.25,8099033.953,4673189.289,1162956.037,3719456.784,1696556.841,1176858.508,2239569.853,2107540.711,3279023.167
Com_2135_pos,462346.5172,407360.4424,368177.8235,285801.5859,368501.0965,286156.7602,399300.2952,262794.0493,297914.5947,262950.9368,367368.3071,467713.4128,317270.4593,372326.905,324989.9644,375352.8802,400291.1722,354531.9265
Com_2158_pos,566968.1434,545244.6074,452207.7322,382540.2698,493232.0736,904438.8863,534456.2457,487067.733,634293.7502,403741.0731,470754.7126,626025.9701,405739.4781,498352.8493,405726.6524,695896.7147,735099.7699,1390588.777
Com_2172_pos,4059386.286,3027265.748,3051191.845,2287206.208,3841677.904,2436119.182,1034813.858,1753581.561,2909156.176,1795029.736,833675.7882,3524419.52,1959257.025,3118670.323,624342.6343,1697170.487,2186247.855,1870339.817
Com_2195_pos,14338141.73,14239777.56,9114637.468,2845808.025,5496308.106,2666656.366,19134600.19,4621550.26,5945826.175,9910040.656,18462616.8,119233731.7,6009324.728,4641988.181,1894622.206,4314576.97,8554211.23,6075998.915
Com_2215_pos,5492619.076,8081868.048,7240937.175,7424908.856,5498410.087,8668182.153,8800363.784,5115739.658,6080760.785,5081684.86,6414590.296,9137320.846,14699385.5,11589903.06,12223314.83,8593859.896,11120294.67,9344051.537
Com_2235_pos,13953945691,23006951596,22457048982,17026676061,14397052149,26614750245,26153424299,22577040060,15236690436,27950786596,31268839237,12078644631,17118733564,12659542401,27969454151,24253616291,17897610138,26111279754
Com_2246_pos,12189573.72,7738328.446,6317843.246,15858178.65,3219171.531,5749177.76,28179771.61,13311722.54,7411070.449,8730357.254,21592912.93,75152967,18172698.02,25984843.14,34291688.11,18538862.21,26698686.93,16975262.73
Com_2282_pos,58875108.27,53210633.02,73692415.41,79481006.41,95812127.12,64546879.66,71879063.4,78017587.44,75163750.6,75146040.43,112144174.1,63373599.14,58024983.1,102187488.7,59552038.88,59372160.83,80273893.11,61983943.37
Com_2335_pos,13776197.7,12604582.16,25414692.08,15423794.79,20596136.96,16613481.84,17272582.74,25153999.85,17826489.02,22903646.63,16260156.35,20697317.26,14129105.66,14972552.48,13903168.18,12380870.69,19723276.93,9443824.8
Com_2356_pos,37572173.61,27742197.38,30931282.59,33619106.47,33439848.35,28963838.33,31507545.11,44902445.43,39795263.75,33109970.66,27883248.05,14325021.7,26860003.98,34670391.11,29473213.42,21676989.83,23945732.97,21781293.22
Com_2369_pos,10073133.55,10076348.09,7226514.236,5850611.295,2844890.483,9678891.493,20320156.17,8832792.59,5680309.433,6504713.79,21631042.24,22756347.49,8583254.143,2500623.242,6144734.788,6816577.976,4699707.921,6724979.209
Com_2393_pos,465548.4865,388688.8159,369004.0989,297531.1358,434384.7408,275154.5857,742453.6275,10378627.71,101517116.7,5960525.854,647206.2971,621359.0363,321388.4959,903381.649,359854.1794,731463570.2,832410363.2,878298282.5
Com_2462_pos,4469387.856,15306494.33,4726689.461,9301742.281,6214247.961,4754583.061,5736850.302,3255486.133,3213881.226,3656356.967,14491615.24,7550740.282,4464021.444,4212580.042,957196.6305,3914346.629,4749014.749,3992947.598
Com_2485_pos,2896126.289,1953182.938,7095997.498,4279736.123,2899447.372,4239746.305,1909519.712,1501854.147,5052279.45,1830157.573,3063600.186,1132744.436,8795673.897,4626465.81,7037864.634,455962.9636,831724.9829,1130022.186
Com_2502_pos,234975.9072,240509.4487,198174.0361,180861.217,225134.4629,247734.2654,506551.0081,220629.9814,595814.2479,205394.6449,477372.3131,518759.7607,259468.8281,259183.0766,235356.6077,292232.2684,301970.0601,318508.593
Com_2531_pos,283127905,227609154.4,180107708.3,155075863.4,58408398.84,120652679.6,283154097.3,122913850.1,199320729.8,85121857.47,226596455.8,393194070.5,89033370.88,90939785.89,75516562.27,133899106.6,110850368.2,155429232.7
Com_2539_pos,209251.1496,203252.7363,205554.2709,187723.2372,222668.1145,189331.8138,208570.4658,184137.037,197595.9136,169152.6137,184045.6439,217378.4234,192452.8523,205424.3569,193284.5142,175941.3982,203663.1251,211983.2096
Com_2545_pos,49562005.47,38550667.23,29787633.82,17186442.18,5856041.451,34527862.45,43611806.23,16463534.15,12095312.59,11910324.62,39607761.48,10285508.06,21348678.79,18113306.9,16855883.92,75387999.52,58125953.77,46795293.66
Com_2589_pos,29147797.96,25161262.58,38439936.57,41828037.39,52433131.84,39958389.17,31300774.52,52509012.86,62092545.42,52758498.96,25717177.14,31889386.78,54314894.02,58570599.92,36147556.44,39137873.6,50209832.28,46826069.8
Com_2620_pos,24745574.61,20111151.56,7128497.41,15274519.38,21835885.13,11035061.84,31078372.96,9976044.163,8978559.237,27056104.99,15897511.51,28025291.37,8050087.083,19991964.71,22425187.94,6541286.903,13701458.21,3853715.172
Com_2624_pos,13317181.38,22153793.32,470898.475,342347.9916,423943.6805,315291.4865,5917127.245,354214.9839,879935.9896,291836.4269,5530762.377,24687297.76,373214.2466,414443.1851,350426.9276,4149564.712,2337548.468,3708194.935
Com_2680_pos,1008440.538,828581.1888,725077.0987,537243.6032,603809.3325,465770.2952,754073.3121,462955.2582,515698.6964,447301.1678,635395.7078,726504.8176,420821.1033,508511.6938,425616.425,554012.0743,625221.5182,622025.3677
Com_2704_pos,64714924.23,62696118.2,46513449.69,109110356.6,166681303.8,60451867.91,84538219.98,68051824.78,61335196.14,47454275.79,47927757.22,90245082.93,45790526.9,46187749.8,44915411.16,38747779.53,66947922.44,35420625.9
Com_2756_pos,749482.7199,733392.8031,714915.5778,758562.3949,808221.4172,660533.3005,609878.3319,696238.1877,665559.6197,695984.7369,573241.9774,1493566.677,734983.9847,791295.4849,698298.5546,632466.8011,604774.6401,581526.7106
Com_2827_pos,31871486.41,30774713.9,30833085.14,39239374.7,57689481.82,43890024.51,23267145.51,57057157.98,50006279.69,45326717.81,24619680.45,20785384.11,30667094.82,37910515.26,30852445.46,21102480.87,30973169.01,20289097.02
Com_2872_pos,128071778.6,123826982.2,78913119.65,12865658.3,27534289.06,26072762.87,96867102.09,42091129.38,77667833.87,29030948.28,80708130.48,144972518.4,2467469.187,3393595.036,1420233.709,60230830.36,68681326.38,68515763.32
Com_2910_pos,14681827.22,13210477.4,12545623.23,11965403.2,12843977.11,11556020.09,18138164.55,11579792.14,11061638.42,11052126.47,17648193.82,11929081.2,11350845.33,11963667.77,11318804.36,472884954.5,519784213.2,542313547.5
Com_2926_pos,14827708.64,14238023.97,15736041.56,23262366.59,26197937.53,19159704.93,8871703.158,23549265.87,20353042.98,19685247.99,8886203.037,10521958.38,15720084.15,18410133.08,14681955.33,9808760.263,13571088.65,9457292.452
Com_2956_pos,200158476.1,163036520.9,109234767.5,165833704,202544790.5,127700184.4,121944221.2,160407853.8,121624403.5,157004546,104541061.3,288692883.8,147947324.1,143284293.6,63050923.77,53259692.87,134184676.5,116920431.1
Com_2969_pos,464560482.9,422228408,443474811.5,495084656.2,455417484.7,420094460,305061508.1,508407874.4,473265569,492737158,273383880.5,130830183.6,719371733.7,796143465.9,775089859.9,325432780.2,382300151.2,340285977.4
Com_2973_pos,41110188.33,18064504.13,21910957.56,12797915.99,21686417.25,7390335.61,18013936.12,14763852.26,12731744.2,17572681.62,17779240.65,21412680.93,26658848.93,23481952.7,25133808.19,20288897.1,36309910.96,42923206.67
Com_2990_pos,3885228.32,3242048.864,936199.4042,1381738.917,1152988.792,3140683.569,2116492,9396217.565,10571737.52,8116840.536,1851781.613,1069553.265,10864674.33,6106342.868,10202207.9,10621596.15,1333172.68,1474242.84
Com_3015_pos,2853464.751,4577875.049,1734406.203,1852583.601,2111310.143,5632798.788,5100376.737,2756276.364,1722797.109,2121092.504,4297226.169,3088581.395,1458948.622,1626202.973,1423967.055,2110997.938,1696852.374,1983528.983
Com_3016_pos,860718.137,729478.857,653100.667,519395.8753,642826.908,544769.6012,669250.2824,4008867.092,2259090.236,10210341.45,615730.4321,783914.606,3836358.681,1484235.41,10124579.3,819520.6577,742287.9589,809182.8707
Com_3039_pos,5764778.065,3504200.193,913238.9083,1160943.452,7323893.833,1707064.86,1663166.354,1239338.435,1499888.643,684370.5978,1661459.305,11272896.35,468504.1911,738270.799,775853.4792,1782901.087,668460.3351,896167.8586
Com_3071_pos,1057955.507,1087719.535,1423759.218,1336503.439,2525754.225,1567818.145,224806405.2,1889888.996,3765245.499,1969412.101,210882966.2,10516380.9,1138346.027,1548536.493,1024129.052,1168798.931,1642598.611,1105688.237
Com_3072_pos,22863825.85,28458934.76,21439845.31,20404557.13,29970045.82,27544883.66,27614818.77,20124299.57,13901314.39,21308126.54,25481378.56,23409561.2,13863105.69,12440559.35,10334779.2,22141962.7,28079299.07,22445970.5
Com_3089_pos,34513880.01,24663639.33,26325606.41,27332103.9,30478057.87,25520980,25256695.71,34286665.25,37250459.59,27902373.51,26022183.02,18473371.33,24971487.03,24716199.01,25822267.73,29914271.51,29659128.69,19289371.38
Com_3093_pos,70894934.37,61455580.98,50872724.25,59314744.28,71104130.51,65671798.68,67049906.19,200526568.8,99871458.32,155037469.2,71300318.41,152610650.9,127181971.8,64884331.87,46590707.08,112858664.7,93654833.84,173442857.4
Com_3125_pos,2238994.636,2636884.45,1875816.881,1660311.252,4136945.805,2714434.166,2054284.971,683179.9968,970769.2485,1258170.689,1625602.641,692715.4742,2356530.466,2196019.609,571042.6443,1854118.843,1946184.41,2705523.822
Com_3160_pos,3406108.329,3529424.541,6990454.772,6428400.682,3442466.017,6070661.999,5010370.183,7562055.046,3810609.749,8321805.477,6200973.529,8148371.161,6526343.163,4094385.921,4796800.731,5655042.708,4027310.358,5592130.068
Com_3162_pos,32642233.74,19790038.57,29516529.61,39288090.19,26438020.73,25966587.7,45054433.34,44878700.29,38786687.85,46114759.91,45216887.35,54969251.16,75608187.95,84183217.56,76072046.43,38112963.88,41238862.46,46185936.32
Com_3181_pos,41071536.08,35980907.13,14356305.27,1761792.675,7545125.408,1477792.2,3590684.782,5899571.193,6752579.994,494872.089,3138470.403,2349243.45,306235.6545,355457.0605,529553.5379,4104798.593,3533113.627,5319152.364
Com_3185_pos,58746162.83,85582944.23,8955394.083,39890584.5,84631427.54,38315747.7,16051082.6,113551112.3,24379083.71,62164046.58,77964298,36768710.53,78660175.46,169548987.9,71938085.83,11838959.84,87418970.49,52866357.41
Com_3200_pos,130890.2428,130683.6036,549625.0906,447714.9306,140392.9035,154865.964,146051.3931,160887.0537,558040.2405,237128.9762,176100.9966,123255.1634,156148.182,649238.0989,342435.9242,241109.4731,131438.8362,505200.0536
Com_3204_pos,725478.2608,1892968.722,580404.8159,3586210.238,723613.333,967542.3625,666609.073,566605.5673,763251.2414,653571.1527,598983.7703,597011.7396,1038010.983,846316.4808,848161.2449,951268.1527,785049.5978,948319.801
Com_3225_pos,280095029.6,273741655.2,304936243,333769320.1,529631458,296268052,103504245,324669724.1,369607958.4,196046904.6,192511071.8,76344660.22,280076969.6,278173271.8,296762997.2,159211543.3,174896817.3,151896788.6
Com_3255_pos,1925408.678,1835579.192,1587418.714,1509611.347,1558687.19,1270254.171,1222649.529,1100039.701,1024317.333,1055855.724,1068542.824,1020985.04,1058463.877,1192896.096,1046432.854,135003783.8,136283989.4,159064221.9
Com_3278_pos,151515396.6,136217805.2,135439777,90914044.65,126544980.3,94789952.26,92570688.97,138956360.9,141451455.3,127099758.1,74490232.67,84778168.8,365071109.9,165543752.4,351375036.8,105478971.3,154168629.7,134714857.5
Com_3295_pos,668584.5906,561425.0037,461891.7982,317578.5587,417183.5033,328343.5828,3780086.398,352821.5664,609084.3319,287229.8793,3567057.503,53748144.71,320828.3874,348383.0398,293287.9141,21683770.38,4026042.509,17058679.71
Com_3296_pos,13256783.27,8158737.776,18839884.05,16988757.72,20986770.29,15308325.54,26063319.56,7982792.186,13034848.3,10359061.79,21713743,105621453.8,16202204.47,12045377.41,11054520.19,8678733.06,11785904.16,9469529.381
Com_3312_pos,575006660.8,125316074.3,506890534.7,309248099,956803054.4,590729231.4,392944004.3,665711943.2,635031276.1,613628041.9,378509957.2,525707223.9,460152556.7,534109424.2,438195022.5,309778553.6,387000724.7,295665921.8
Com_3367_pos,10678820.19,75143885.78,821754.9736,798841.3867,1010614.697,754903.3036,767581.5574,855488.9009,749763.7318,833199.8116,682103.2638,1299250.161,723030.5334,813238.0814,685075.0374,704204.5376,740604.3313,665843.9764
Com_3374_pos,392025174.8,319505024.8,274486270.5,392526807.5,342326763.9,364577814.6,261566852.4,416231558.1,477080317.2,384020619.5,236954642.1,71142628.67,608550470.8,499255632.6,501862807.3,265352080.6,223559966.5,270118286.8
Com_3420_pos,757259.1619,631113.8073,687831.3749,758026.4912,824050.5157,617086.2479,568841.3043,700398.7326,1279674.111,726554.8809,617829.0159,586990.9944,684102.9437,843392.5013,647836.6889,703113.8805,1029312.24,692367.3663
Com_3425_pos,25415513.08,33800234.02,20274277.5,25418473.31,67572177.67,25486220.14,19199332.97,52792590.24,41691879.43,51298027.06,25728900,23577461.28,16102722.85,15813512.4,13390815.84,14753951.79,25270742.16,12859972.55
Com_3442_pos,459276494.7,389428636.1,394422198.5,425788116.2,310399023.4,380219169,315816560.7,383944398,402498397.5,342847119,229317220.1,234521224.5,320319910.4,373219020.3,350335552.3,271212271.7,264589830.8,193059412.2
Com_3469_pos,23975900.14,24229259.16,22748787.02,25408597.64,32733629.64,23878841.25,26851697.65,32736580.42,28643181.39,21857862.82,24332932.04,47299728.67,24886981.97,31678881.77,24189037.78,18097585.07,19377065.83,14743570.04
Com_3471_pos,17466695.52,15084816.81,15004152.79,14920398.76,17133261.26,14258795.01,12876008.55,19625022.67,17929442.05,17416690.63,13281957.36,15384486.14,19578542.58,19593183.77,19246524.29,12190382.7,14776201.47,13237923.74
Com_3476_pos,1054284.031,2803680.694,5083104.538,7947857.254,1758698.98,7226806.615,1682386.406,883485.3191,439796.3871,1460634.079,1794452.866,310540.1526,2467782.246,928035.2379,1106201.668,1159785.828,650142.2069,1450547.166
Com_3494_pos,5365704.78,3725072.682,3062689.508,3165675.031,4444430.175,3522726.607,3768690.086,3834197.284,3970026.079,2416636.848,3249002.043,3374948.076,3337211.953,3866793.307,3146549.704,37085465.95,49405880.28,48392619.46
Com_3525_pos,1462664.108,1206785.468,1203006.654,1317076.846,1442621.791,1088915.043,167469907.8,1176324.983,1138723.73,1145453.415,156777414.1,13355504.45,1177267.183,1288260.39,1138657.788,1220805.021,1151884.203,1240729.179
Com_3561_pos,1408597.893,1342880.092,1161329.894,1104407.281,1140310.375,929297.4367,894470.6496,804771.2797,749374.0184,772446.996,781728.6732,5019709.679,774355.0785,872703.5183,765553.3761,719010.1012,721040.5628,1309163.233
Com_3575_pos,19030817.68,17794920.53,12596067.53,9912013.885,13008108.85,10527431.15,24552631.48,9230194.842,10872207.18,7530707.06,18822916.98,64991478.33,8178822.619,10277382.85,8381828.851,7068814.431,7185254.95,7895173.018
Com_3621_pos,7522491.832,10370693.01,7600235.686,8064076.983,56199675.34,20676401.63,7411922.637,11143360.6,8719403.736,12445871.65,7141777.233,11643932.59,5212855.241,6793296,4933769.033,9512425.083,3796097.579,5672487.846
Com_3625_pos,27014016.27,29286509.12,18298333.05,9834245.033,7238771.544,36558752.12,40977224.26,18946511.26,7981055.673,10870539.91,35717616.5,63742046.09,15724094.94,9030872.853,14507480.69,11906132.47,16065158.33,21661034.14
Com_3631_pos,19333579.41,13463021.04,21716615.29,46718082.98,141841316.3,33769963.34,23852889.33,45227037.93,22808092.4,34453759.45,17297992.14,17254575.14,19941963.14,24175197.35,25801714.81,18352440.25,19225134.61,10045508.97
Com_3640_pos,297635.0028,256414.5781,227801.6686,173736.7647,290266.1327,180786.1028,270913.1824,291427.9315,379517.8844,241570.9722,247603.8305,364512.0772,199974.1858,259417.6925,237535.49,37261265.18,43390212,65030924.85
Com_3641_pos,5601890.777,5904966.074,3825771.818,3681656.972,2792464.801,2704303.35,38247207.68,13501928.97,6172986.544,11120254.81,32498401.32,18973495.86,9022870.749,7296776.853,7437826.523,1032143.946,4748481.677,4433936.756
Com_3644_pos,36298037.25,76143536.89,2591310.681,1659141.752,2496384.626,12194526.21,7909580.14,1193448.778,737998.7294,99953258.05,8253682.585,4723625.145,1556776.304,855723.3131,699180.5485,2633034.709,781449.8541,970288.8367
Com_3671_pos,268695695.9,226971493.4,180229047.5,142346444.8,123687881.3,179890563.7,44329843.43,176208040.8,145230541.6,88131943.61,144986655.8,209697819.8,134351319.3,95925454.87,84721814.46,140347956.2,71367540.2,126576937.4
Com_3677_pos,93228479.28,78743386.29,14191522,39102692.16,183965148.6,40439741.86,47510071.59,24949766.96,73394326.19,32588295.51,21636890.93,44083798.09,46772467.34,47193644.28,39222681.08,45603631.15,97852331.57,48968251.31
Com_3727_pos,992863.8121,2435233.506,30323088.87,6824373.579,664688.3157,2046332.215,158888047.8,942887.135,858861.3632,1839875.332,97617724.02,3790790.376,19568564.54,8295686.088,18125651.77,1249050.44,790894.6864,1301803.556
Com_3853_pos,138525672.9,416541727.7,221567771.1,262939980.7,307701334.8,261050318.6,202439382,280932713.1,268743902.8,278272330.3,186259802.7,453404756.4,200319030.3,236219516.6,203649460.6,116675959.6,135902949.9,111691517.2
Com_3860_pos,12035150.58,14415767.41,9163692.914,2637206.02,1948660.061,12762165.19,30322966.95,4897721.553,1429439.245,4789015.203,23470130.18,58804925.8,6462444.647,3056475.484,6575181.982,4964310.408,7951817.213,7808675.569
Com_3872_pos,11862309.07,9467729.118,7586371.188,3547839.713,7252055.08,2896880.997,30288326.13,5928576.421,9670663.798,7800742.149,22694068,87193112.6,5323810.095,7221443.154,5550997.501,6947832.011,7520394.86,8113527.328
Com_3970_pos,318398022.9,292939318.1,300802428.9,337135222.8,303047160.5,265528861.6,154894893.5,275065390.4,279666523.2,306319070.9,137643036.5,68878582.32,425445429.1,499034407.6,485982901.4,169346667.4,186948455.3,102173298.6
Com_3985_pos,7324421.107,5934150.901,5375492.645,5572950.366,6880279.483,5564203.877,5061694.023,5873956.981,6197073.812,8207849.939,4637467.085,8058185.915,5206394.416,5549715.988,4991838.435,6984767.169,6521077.512,6279861.722
Com_3988_pos,15155020.64,12194687.32,9975564.189,9100251.671,9091404.035,6805819.976,11766825.1,7771759.751,10473325.7,6924480.79,9907610.419,18639386.36,6937595.203,7863406.096,6275256.111,71673692.59,73774264.95,64369257.16
Com_4057_pos,897061.0134,743138.5337,782588.8111,836598.7985,851751.3975,666493.9646,711096.9535,814712.9396,1370006.994,737218.27,685288.5576,50857457.15,783920.3668,918739.5995,784443.9514,877218.2397,1219339.332,820189.1802
Com_4093_pos,70425802.83,57990360.3,48096902.51,15865831.65,35987377.72,19678830.14,5547987.02,47491979.87,5528751.044,59036212.18,62518761.8,4752188.614,29309619.13,27404777.12,23885815.62,40728357.06,60965223.77,54169948.18
Com_4101_pos,47000852.09,28272568.46,28839507.51,26715814.13,32991624.42,26277742.46,31141113.07,31540168.78,31815212.51,26870282.84,24203792.34,48697457.1,29124019.06,30398417.87,26279391.61,28387997.06,33573307.75,27682181.57
Com_4127_pos,712987.2082,586161.7921,559965.7419,383347.9871,458642.2695,336435.5484,20542224.49,361516.7872,63686015.33,294308.6054,16965619.93,658704.2964,328735.1424,362694.0395,300515.9393,70027884.66,62142646.18,60036503.1
Com_4143_pos,30650741.76,35590782.76,33210121.4,42091744.1,30793736.97,87117356.36,62487815.79,61306356.36,51064861.32,49898680.18,46213943.63,111250499.3,45405436.96,39125403.07,34050334.3,30702838.22,25068551.42,52735035.33
Com_4150_pos,80989590.81,59922195.78,44140764.32,33646609.24,34417971.96,33889610.31,87188109.79,54849282.09,43289751.95,22836340.13,91911758.97,30881895.99,12121387.26,29595200.29,16811877.09,38442612.36,31484334.15,39774989.4
Com_4153_pos,5817448.331,3044141.103,5316255.463,3786032.446,3717292.649,1142616.142,5224175.726,2203741.224,2071138.568,1548603.997,4060731.452,3372882.92,2958678.249,2722977.699,1871699.963,2687156.578,3441257.496,3834956.924
Com_4164_pos,297360057.6,291150986.2,271782558.6,335999070.3,397859279,395300739.4,180052647.7,397444591.9,322607613.3,431565597.1,174692247.5,215660154.9,288768218.2,353760024.1,341408785.2,242722136.1,227900602.9,171129440.7
Com_4178_pos,6373306.548,7904545.995,10135666,10918258.6,7258514.14,8804236.273,10593967.87,8570582.307,8261284.804,9869988.08,9847861.536,5179920.337,11214528.23,9191377.243,10174070.89,8267584.949,8365785.255,11355417.92
Com_4232_pos,118718.0886,96937.06988,79055.07258,77049.83182,93584.35215,92042.28031,151750.0041,79599.85454,77675.22576,67224.79723,251507.6129,142423.494,71193.54343,78397.54123,73902.46223,45990368.98,67756523.26,46988708.43
Com_4271_pos,556025.5934,5889948.554,13582412.34,3825132.147,1288206.705,11822935.14,3331159.277,1669724.718,652613.853,4007508.365,9925444.904,2709044.774,5734556.418,818205.7438,10436159.8,5920920.75,908261.4251,6076524.242
Com_4276_pos,103352553.9,80325032.57,59420716.61,79400972.18,113981351.9,42058834.14,67017241.42,34437466.55,65137462.43,34287329.43,63988427.62,16467975.76,62670266.34,42955210.73,55551373.44,43081725.3,37843413.96,45659839.58
Com_4298_pos,43606724.61,33424777.51,38091779.55,37618672.58,40979408.37,36428652.25,72576678.46,46531613.12,102498586.4,56533314.17,66920098.99,131027442.4,28800400.51,29339015.54,24571789.45,53387240.18,54358193.5,43373128.09
Com_4369_pos,36457319.54,33091451.55,67134455.04,61269402.6,47654954.14,37382817.82,49406258,44819782.43,44153708.86,41198137.93,48194018.77,99540626.58,77835418,73163402.94,51099401.29,28935995.32,35884999.37,27583873.6
Com_4410_pos,52078024.76,46596539.05,49220673.59,57315657.21,57179973.7,50494441.6,80602216.15,66123974.95,54820753.38,87810340.68,75222691.61,116095427.9,84683921.6,102250140.1,86309362.26,51656738.74,74540044.73,53596491.81
Com_4413_pos,3094643.76,2989408.997,3281080.57,3066193.778,5694557.375,3606957.562,16667131.41,31899338.8,25084060.54,9042216.367,17064822.08,67108774.77,2559540.02,2709111.26,2355870.332,7854302.572,6922331.254,5357075.183
Com_4419_pos,7464793.181,9088926.58,6018830.108,4637845.335,9071053.624,14840198.54,5824161.922,3382473.858,6198313.934,5330121.801,5378341.134,22412351.5,5305934.205,5996474.669,4077708.817,17596130.02,6129952.865,16399538.74
Com_4469_pos,698144.7095,573680.0498,600496.7195,669781.04,750663.6088,552741.5969,691528.4029,587786.5437,789698.3009,678003.0961,621375.1159,2869102.519,868823.4699,877953.6732,841101.1121,986828.6721,814396.4979,983770.1044
Com_4474_pos,438834069.8,419911477.3,389603389,466870114.9,447929984.5,425617689.8,342019752.4,520423797,518355628.7,438544293.2,308412044.8,269857917.3,697753727.1,557106415.9,552640420,344175775.7,358840285.9,344587250.9
Com_4496_pos,285991374.2,114065850.2,211354742.5,188445590.6,214786287.1,159400883.3,132461873.4,185445913.9,205005428.6,186881875.5,126225028.7,63559823.77,192162256.8,230000379.3,220348499.1,147720899.5,153951837.5,148447989.8
Com_4498_pos,168017001.6,135266056.4,102645092.5,70172863.96,72664404.12,63594460.64,97721276.95,73473030,93807112.7,47265486.36,74919889.27,56564256.55,38038759.37,46970648.99,61418640.51,503187964,749532816.8,69840241.78
Com_4501_pos,9785195.267,2498592.542,7703658.562,984721.3695,3459778.224,20151384.89,8331383.034,10160678.56,10485904.63,7206803.944,5491232.253,1267205.264,30485057.37,5811551.862,7569151.016,4604699.863,4038690.556,47760660.42
Com_4504_pos,69974040.54,26949788.68,64637863.59,38489669.71,47725191.64,43872018.93,57338331.9,46304903.96,43328065.78,66332798.27,67050543.27,25061895.58,39068012.66,35174029.54,56528905.14,60011129.05,70322318.65,3351504.603
Com_4535_pos,2523370.797,15214943.08,2041443.102,1937169.469,4276286.887,2415823.432,2262920.129,778683.596,2094958.847,1455108.921,1990629.091,1490315.892,1654005.608,1835024.4,1434436.014,5713140.997,6919861.168,9159616.146
Com_4544_pos,32089145.46,26754376.89,26007178.93,30439718.65,28243742.65,24133659.21,30310261.36,44277423.2,34627144.38,37535737.82,41739285.38,65736377.92,27436798.38,56581850.88,34864228.61,55729544.07,55587526.1,56743081.18
Com_4547_pos,575374.1587,569694.6377,559037.6593,598665.674,693372.4747,549456.1931,686661.9213,593523.8361,593020.5849,795805.8313,1486114.81,2799849.464,604415.6213,642801.233,574453.373,2252638.476,7689497.588,3416707.272
Com_4568_pos,3537794.051,4697304.087,4091494.468,4926827.3,45354023.32,4629170.39,3511605.46,25128708.97,8497560.413,16233346.32,3175160.735,11518624,159294932.7,257859994.7,188178258.5,35201275.53,21452562.72,14204833.65
Com_4588_pos,35979891.45,38032764.83,33905499.83,25426234.37,34659626.48,28294374.04,115501334.4,29263640.99,30931397.41,20242519.29,100383228.5,22681103.42,27413313.41,31088075.68,18493369.9,13136655.12,16946454.26,14776887.95
Com_4608_pos,11708199.26,5407524.515,1625204.343,950563.7523,633883.3717,318103.1049,2807005.841,1879690.107,4981153.476,736795.1888,3344213.7,9176141.968,994668.106,386136.7011,614109.4948,15423101.52,15785012.92,5005627.147
Com_4640_pos,5213147.636,4781970.003,4697636.574,4247745.823,13976194.82,4345646.881,5174048.244,4063105.354,2299552.392,2595372.327,5238863.289,8550875.835,3195130.852,3511633.495,3000882.623,6665226.957,6734153.611,3396521.665
Com_4647_pos,20741925.53,14197582.62,14217650.85,9790907.302,7262441.899,11969851.34,24974422.45,12200559.1,7923093.883,12539869.13,18385929.58,19799936.5,12975843.45,9368981.273,9659901.786,19999789,12510144.28,19663948.45
Com_4683_pos,1740019.485,1690018.23,1753191.394,1851487.904,2167571.482,1661527.846,2711100.57,2152995.083,2168706.204,1753241.6,24832061.23,37791970.71,1682729.862,1829200.208,1629581.372,152078445,125363140.3,145350963.3
Com_4713_pos,795007.2994,754485.3138,699597.7866,754461.6773,870942.965,693609.5772,699463.9734,737723.7239,724649.3515,729743.3446,726605.2025,986508.7067,756466.598,769928.5368,688702.6516,926870.0007,887868.1157,918357.6993
Com_4730_pos,11147866.2,11313147.07,10456375.63,7037370.453,20858016.98,6354443.843,6392789.19,14963453.43,15188156.67,2270632.608,2216364.81,5905084.651,4709463.504,5965745.856,4819273.064,2739341.418,9670290.019,10444004.46
Com_4731_pos,770471.2666,723754.7304,598845.4739,419794.8962,519849.3864,451394.4972,593097.8575,468906.8008,541675.9465,359525.9088,526745.2321,711587.2049,457643.8004,508199.6628,429701.4714,627068.9623,730136.8472,679971.17
Com_4745_pos,11296130.49,14076717.92,9249697.745,7777166.434,13330706.59,9472917.357,15358384.04,8798337.667,9111836.649,7457034.967,12681355.84,25988718.93,5733062.719,8231704.804,7203908.861,22793936.56,23650515.11,25060975.71
Com_4787_pos,25244701.98,22592466.04,9251316.824,9678955.55,58165110.64,26399218.39,9563952.567,6686625.928,9165724.76,5053145.589,6788903.287,15437745.15,1783647.621,2539287.857,1777383.028,9001456.585,9024680.519,7013923.801
Com_4788_pos,250444152.9,202764752.6,205917956.4,147527191.7,152448312.4,118582096.3,56470395.12,113929434.3,135744402.3,119344904.9,68220456.14,7363454.468,130199020.7,167403226.4,168176575,87530278.92,48671851.88,91211416.25
Com_4813_pos,799220.155,782965.7127,826664.9413,867943.7866,954057.3602,817882.6098,90727081.22,918625.7522,912905.9814,851485.0773,57757852.63,7785790.313,787692.6015,886896.8687,795004.0575,1933255.895,1728359.639,2151293.443
Com_4825_pos,38491754.98,35909988.17,33474464.95,46937551.57,41931528.89,38979829.75,41573369.05,68812340.27,76096294.97,79029183.32,50675130.27,54069426.3,91408983.02,97829369.82,82132287.27,46765796.26,52834248.21,50133092.39
Com_4894_pos,76251150.55,68983714.57,48485394.9,39100502.57,22767861.72,74267264.53,29157348.27,40458902.75,27835497.39,36522848.57,50102386,14214550.02,42443815.8,44155208.94,38835813.08,19652729,36873658.5,49247415.01
Com_4960_pos,634421788.4,578311182.8,544656191.9,314856535,519472311.8,281640381.2,350605705.9,444133399.6,522533527.3,406197138.2,308812451.9,450728551.3,396354878.7,283875472.1,418684750.9,274623277.8,331564982.9,313321377
Com_4970_pos,2901663.26,3612809.905,4084463.795,5167942.585,5313021.651,4035650.322,3637773.87,3269690.328,8995756.836,3746326.047,3783982.685,4574021.619,3885079.908,7373966.993,4698786.887,13786368.26,16086047.13,46262876.75
Com_4974_pos,644482448.3,585381846.2,541102214.7,493172905.9,524687150.9,426418681.5,355099979.6,438214860.1,527883933.6,405905047.8,313883220.7,469130849.6,400819175.1,465995209.6,425196817.3,278925583.5,338542840.8,320799503.4
Com_4990_pos,10310864.91,13330948.47,5663050.7,3342456.633,6001989.595,17404488.9,12890661.61,8781667.504,4015606.216,17709978.03,13605725.9,4069693.346,3367738.467,1547023.14,3407774,9969258.217,7704141.222,9793053.525
Com_5017_pos,4416275.614,4302204.99,3477831.064,2208144.185,3929283.939,2849156.888,10960945.4,2034880.552,2236158.351,1795027.517,6613480.096,15633770.48,1251847.276,1918368.375,1411373.19,60141327.28,63809803.52,58355329.19
Com_5024_pos,2859101.785,2824510.336,2498888.949,1658388.172,2024661.032,10333409.28,29883103.23,18813362.56,7934111.739,16116149.94,31245233.08,20433207.27,5869247.732,2726681.35,3543311.461,2221245.522,3721184.169,3720765.535
Com_5060_pos,1396608.027,1315587.992,1315544.487,1209579.226,2209417.875,762040.0014,777332.524,461443.0492,551817.4771,417824.2452,645049.5961,20453461.37,1402211.012,1421640.997,1222731.188,1877444.217,1740821.193,1657391.331
Com_5067_pos,290880031.1,169306382.9,129826268.1,94521345.6,302104593.1,185067378.6,119552235.9,130160285.7,126239918.6,203600410.9,181048641.5,23116744.46,104815375.3,39157388.59,113577724,155203333.2,136782848.7,100034330.3
Com_5091_pos,499777068.7,465688224.3,500647112.8,513822949.6,557898135.8,432603277.6,228116332.6,437963339.8,517675725.5,403010835.1,197907068.8,296954408.1,405980620.9,470656826.8,440864510.6,224106246.1,271285970.2,234773587.7
Com_5257_pos,280797226.4,244983313.6,247145322,222689475.8,231155312.1,176029731.2,65794883.06,172554707.9,212659167,176188843,28709028.09,50462837.74,178062880.3,216996064.4,205204282.4,100137478.7,116021303.8,109317681.9
Com_5272_pos,37974685.26,47011452.61,36992592.88,32501820.54,40751698.03,73623090.99,50660593.14,56587268.8,48541573.22,50513416.32,47382142.61,60440379.2,53306194.6,51424183.94,42487934.14,49769207.05,54249109.74,63599332.32
Com_5311_pos,150907200.1,187185021.2,118649538.4,84578617.21,104387649.1,28008393.86,109373874.9,80053339.45,77174012.69,68622942.67,95377675.53,59873029.81,102041166,157691761.8,86488669.97,102692081,89042753.63,94630404.64
Com_5357_pos,193997.4107,187671.9287,172677.5429,162098.0869,177854.8391,1457674.153,367752.3402,486841.5949,167216.5057,1627250.103,291746.477,317857.0981,193538.0817,192027.5086,189044.1239,477934.249,697488.5214,563242.9001
Com_5363_pos,8254234.795,8565674.235,6101502.011,7280235.936,7662149.166,7172941.057,1824212.629,6875462.074,8688334.934,5583880.242,12658227.86,8455790.529,7128258.342,6464308.573,7109472.853,19976068.55,19091590.41,21504720.01
Com_5425_pos,39098346.89,20624039.06,19429556.36,11653326.04,6752994.328,17951968.66,34975201.58,20540354.41,13689773.1,25791753.35,30077591.35,17677898.02,44965098.27,36763432.66,47435981.57,17630017.45,14622131.6,16538125.37
Com_5436_pos,205883.3997,186030.948,174485.9511,178668.7435,169081.7477,179153.0047,179475.2474,170909.4235,164731.6421,133607.043,162275.47,245338.6876,139260.6059,151290.8944,131429.46,41081727.98,60613190.37,50450084.55
Com_5443_pos,499726142.9,448032177.6,408124260.6,354911608.7,359665604.5,302036137.6,251989046.1,280050857.1,359962207.8,247002391.2,217139556.9,189558009.7,261918033.1,300580055.6,287308527.5,188524911.2,222745403.4,208969741.1
Com_5499_pos,94098960.12,31283782.26,20619569.54,26270432.52,34190730.63,25441697.28,29417600.29,41943764.57,146038284.7,33266130.89,91657076.07,22223365.29,26236598.98,26313096.3,33519406.99,68297308.13,46413114.43,46390957.85
Com_5509_pos,11915707.15,8141794.467,12875396.48,21802210.06,16909189.04,9065770.547,5454902.348,12285462.87,13971444.52,8391361.416,5023253.666,3296067.206,13333859.08,16795917.22,13762948.16,7621849.833,7764665.281,8735370.015
Com_5516_pos,7240519.695,8655033.806,5732139.521,8815212.679,10338192.78,9329901.11,5662909.163,3824572.809,4044191.745,3158631.432,4278241.158,2776719.92,4898341.54,5293769.832,4215974.048,6740267.193,5245697.861,40169701.3
Com_5530_pos,49494738.87,37468282.16,42100953.75,54362870.05,71533551.47,35856920.26,54417788.44,59626043.25,43242923.9,56780235.32,49313196.02,92217664.44,31685705.33,37027311.38,33702570.82,34194919.17,40186763.55,30774726.6
Com_5552_pos,120728447.2,305297899.9,78983010.57,121186016.8,111018674.9,111927456.9,39096438.33,167257605.9,144684707.8,181181369.2,32965132.37,20042837.07,187551166.7,227963350.8,148869883.6,78910501.61,79652554.41,77396951.16
Com_5556_pos,359130017.5,331409641.7,341883512.6,340851355.7,352248731.9,268047630.1,174041300.2,247080683.6,328343217.6,234369954.3,145020799.1,138284563.2,235490507.5,289219493.3,265545183.7,140266737.2,165987305.2,152142428.9
Com_5577_pos,91381287.42,231256107.9,213804811.3,354783573.5,288290608.8,317224336.1,162962199,402236417.3,374243998.6,465587662.6,139033912.5,122924091,394620707.8,440037793.4,333903987.1,171390483.5,181830503.3,142668315
Com_5602_pos,14503380.85,15588412.24,17778429.87,18016881.13,34941219.21,24185615.02,18104767.77,19391979.35,18177627.17,29990191.21,15107006.72,28657659.56,25389337.66,28396153.64,24137087.78,16319189.53,17370023.9,15032800.39
Com_5622_pos,176645.3981,165199.4515,148862.2156,156537.0653,163534.0317,155877.8871,2930155.287,134501.1994,148216.7639,121484.1664,173400.6315,257154.3795,164527.0722,143673.0898,159277.3392,57027058.06,80701274.26,78259669.61
Com_5631_pos,1126421.726,1158111.95,1515898.64,1422996.052,2689209.908,1669280.426,992130.9083,2012194.284,4008915.595,2096863.773,938763.9504,1217681.864,1212014.765,1648750.951,1085396.375,27931733.93,27011795.61,10025332.94
Com_5657_pos,1451884.538,1194650.388,1361723.256,2527481.486,1383294.943,1227810.428,1234421.498,1267228.339,1230249.777,1313544.813,1190043.123,1079508.015,1634451.658,1322758.909,67497192.53,1741162.588,1472462.648,1773254.623
Com_5689_pos,10712241.3,53160192.16,9229352.927,3548113.224,82616771.65,6387200.447,6886075.971,6730488.273,10137185.18,3093051.987,15720543.72,32104722.36,4486992.967,8530177.321,90416997.09,6144101.138,4964379.495,5783997.991
Com_5742_pos,1785584.889,1966253.493,43765009.65,7766338.807,2425518.003,44677705.1,732650.8253,11972380.21,8611099.171,35988552.03,1123126.677,944771.516,3716599.624,844767.9332,3889056.051,2837824.346,2781557.449,3277767.436
Com_5817_pos,233389.9203,238886.1127,196836.4461,178667.9754,223614.9015,246062.165,61992139.14,214779.3733,298221.5875,194817.0992,46216474.57,515258.3541,222984.0708,249752.933,233768.0512,301120.3488,304567.5571,316358.7962
Com_5860_pos,28416059.46,20088016.65,13281596.65,7358820.817,13243247.17,15872782.34,6218599.493,9034740.894,8346692.886,6394397.917,5259949.531,10784909.29,4376179.113,5428096.275,4360722.169,10215626.4,10494764.72,13402817.01
Com_5866_pos,2792392.761,2420426.224,2084633.305,1990085.118,1643269.931,1970844.474,47011070.3,1821985.916,1962223.618,1464784.656,39450758.97,3338097.996,5867314.126,3231739.038,2704548.585,4901018.944,6338764.714,16116946.34
Com_5937_pos,83874604.53,30057932.96,55944712.15,56321365.07,56211061.57,33798043.89,51725973.53,40232856.95,39713731.93,29687802.67,60486912.75,13552571.08,49987403,46575125.98,55587987.14,37714601.56,48933095.7,41590883.54
Com_5945_pos,68883515.81,85398939.09,133493321.9,122151322.5,30908594.78,153417091.8,64454918.5,53945899.07,35912920.79,119128495.1,54443423.6,30998433.55,104790251,34950975.44,122874147.4,51772550.16,70857104.99,101240311.3
Com_5964_pos,27312857.8,26509914.93,24705718.51,25283802.37,42398243.97,10460975.84,17519224.85,20932007.54,24601487.97,8694834.723,11852576.12,21637360.73,34105132.47,12140281.17,22296830.78,15656996.84,15211478.3,12366780.27
Com_5974_pos,1091234.01,897126.4497,857033.1344,586717.905,701956.5527,514917.9512,1766050.674,553305.0366,606505.4412,450442.2462,1803613.643,13511718.46,503132.4034,558713.387,472412.6796,760238.2575,970308.3542,853914.7335
Com_6023_pos,263469415.5,244339539,239851838.9,244379823.3,269804393.2,215340968.1,147147897.6,271794435.3,260838009.8,256857893.7,135247975.8,97731383.16,317250694,384752417.7,322531158.9,158772426.1,160348229.4,152379690.6
Com_6027_pos,16171583.78,74133864.53,133607040.2,7261584.59,27549237.75,126865185,25907687.27,8880805.38,111482301.5,19850447.74,7973872.468,45216384.84,103978088.2,118805712.5,198713899.4,73246475.41,16274129.2,67044650.31
Com_6043_pos,14164449.1,14293635.57,9936639.29,10354350.61,15821815.17,12013348.33,17778381.19,13140923.2,8775234.796,8082404.977,17183367.93,49971018.67,10504040.63,14540847.04,10925243.8,11905118.65,13839396.94,31467220.05
Com_6069_pos,268375253.7,260620705.3,306949086.3,307034368.3,325256613.4,256260422.5,143467351.9,297310154.1,291506074.4,301460810.9,141119517.4,94193732.3,446537305.2,458608304.4,461037566.7,178089511.2,199244664.9,180995988.6
Com_6071_pos,4946408.288,6212487.759,2198652.076,3568957.003,6574411.674,4768372.847,6357104.406,2179940.874,2802967.806,2423029.328,4303148.689,15010084.58,2825169.835,4900180.935,2057059.902,3981527.508,5163886.337,5436827.466
Com_6105_pos,43719896.35,40036294.39,46028412.36,44133999.7,33532606.65,28267319.17,33249844.79,38823682.37,30033309.86,36199332.56,30905160.06,14676724.07,39749438.54,56059803.31,42301632.41,23471459.2,24929053.71,23057561.39
Com_6112_pos,9926092.831,16620545.31,12771399.99,4655243.85,1546572.597,10185330.72,20038880.46,1716627.539,819159.9223,2444715.705,19155724.14,17534223.84,8035115.642,5598847.344,21193058.44,8699334.835,14552983.56,12170004.38
Com_6153_pos,120620182.1,68642543.25,14948390.98,7043645.657,40103047.97,15960550.76,29318549.85,14418763.22,12210769.71,12603156.71,4694332.331,9453600.769,7189366.827,10970385.63,22310176.57,7383496.768,11937957.05,9868095.133
Com_6213_pos,3306649.473,2254664.571,2647876.233,2156526.98,2497659.792,4876848.636,3924079.44,6148709.4,3924141.416,6771205.737,4008093.864,5225166.09,7918054.104,6029025.875,4973498.905,3534149.216,5861544.281,4253244.536
Com_6233_pos,24862434.14,66375494.25,17034482.48,75735148.11,50922488.36,83974649.69,32511365.98,64942362.31,24937036.67,174010357.8,21999206.1,26837770.34,20294262.42,25941672.53,8542417.582,28206928.93,33235152.01,28270170.73
Com_6240_pos,1140942.384,1091340.065,1079875.707,1217110.98,1291690.227,1105015.006,1030577.175,1215897.486,1079675.354,1214240.708,912579.0987,1502578.054,1036989.249,1185150.033,1002056.763,4519138.189,2509114.882,3504975.088
Com_6248_pos,16809891.11,16881340.14,12246770.36,7252647.726,13502155.22,9260500.216,13787699.53,4503828.43,5974203.925,1961655.296,13515824.21,86085981.01,6142919.921,8744768.868,5479092.833,42103511.49,27977501.23,45336707.68
Com_6250_pos,13221862.75,12392679.59,18998534.68,18916626.05,21345391.02,15061841.23,7677174.064,9920702.971,13240694.27,6604623.028,7061984.803,6594233.383,9539927.113,12389500.64,10673935.93,17016195.99,11648293.35,22533731.35
Com_6279_pos,234159351.9,226448458.1,239330527.5,257416224.2,491828111.9,228160754.6,172852275.9,280097551.3,304697569.5,203071856.1,152065701.8,192595280.9,226060443,182666777.8,168836009.6,119960578.6,151856721.7,122109399.1
Com_6334_pos,40203643.58,33394527.9,56913150.03,28735714.93,30092343.72,26030157.96,22682990.7,34802300.44,29833807.06,32512275.83,22722496.45,14435009.26,47490078.17,57312286.21,47919756.19,36127642.63,42735452.14,37430461.74
Com_6339_pos,219040.8179,208772.1426,306098.5745,1025502.089,1150644.762,2027367.308,221968.3083,3099143.277,1500125.711,5448046.198,189567.3006,267210.1699,1460811.268,1351708.599,836849.5344,165638.6723,199857.085,234143.4661
Com_6370_pos,2292755.455,1910967.825,1687493.658,1519182.325,1286067.121,1630704.149,2303865.138,1353165.052,1602295.865,971479.0119,2015719.927,1303610.213,823450.7837,977333.684,838800.1805,1635236.089,1451198.521,1694995.462
Com_6383_pos,173451350.5,153191733.2,170528118.8,179980492.7,163744844.8,128261321.3,137529456.9,143852386,253936241.2,124268898.3,126018666.4,143656862,83648245.14,123841039.1,110129900.2,182305229.1,211390416.3,185018814.5
Com_6400_pos,14641844.46,11333857.9,33207544.3,25507935.81,37638736.76,17788395.02,20485387.65,46560087.91,58579496.6,18796035,19686576.33,8405161.528,22775814.38,22881824.97,11917675.71,18852087.54,13334160.56,12710425.79
Com_6402_pos,2524649.153,2420216.052,3492608.187,2584535.147,21379257.05,2173508.4,5966791.217,2247693.269,2247629.057,2323640.208,4415354.206,30747676.28,4122871.251,4908139.557,2552759.436,12966077.53,8867997.863,10704369.32
Com_6407_pos,9319099.393,7698902.523,2345018.487,1589282.522,906415.7515,4670365.264,34886998.84,737753.0967,1446562.903,1505755.626,38051643.07,25292436.15,1273195.351,1008033.845,767967.8483,9114109.64,14584395.97,16574476.63
Com_6414_pos,126573348.3,45017762.4,18897337.92,5926046.541,22874518.95,12154460.56,6221493.621,6492502.546,8685960.686,6583451.168,8475539.215,1746890.299,4933026.434,6104381.843,8081285.37,5574759.65,27497143.89,8033554.795
Com_6426_pos,5470382.316,3750757.63,2017741.518,745163.5169,4901299.921,858741.2107,3640465.824,2863504.835,2121059.848,6173852.753,2960669.436,2851820.197,722293.9175,798253.4165,992243.3126,1787549.679,1281378.756,1035938.26
Com_6427_pos,6750044.999,8834339.303,12150630.28,5358692.529,2759391.679,14211460.89,5531407.836,6564990.919,3489669.686,10155199.8,6929775.625,3676087.876,5752225.979,2662061.1,4875466.187,8479129.415,3849888.379,5050787.657
Com_6497_pos,26446921.21,24703759.89,55414617.03,29760664.54,23073450.31,24276022.8,28106745.15,24276876.28,22021135.19,23609556.04,28936527.92,21800083.55,39070237.81,26942137.07,30083204.82,23938061.59,27805600.89,23333934.76
Com_6545_pos,218105.3686,1712107.696,456250.4523,396125.6185,390347.1966,2257872.231,1172106.708,268796.7075,169916.6248,1297741.38,8097590.978,1188522.812,813008.9579,187823.1481,1332961.189,1832740.106,186155.8422,2433181.081
Com_6608_pos,21097934.35,17487281.04,12476208.23,11627079.67,12244616.48,8415538.249,12867311.73,10531956.02,13423381.56,10404370.35,10994381.9,13775988.19,10000021.71,9548022.226,8238211.802,16933667,17981949.36,15457221.06
Com_6613_pos,369678086.8,371486032,343223914.6,278664084.3,318596363.7,259660514.9,17425574.72,43781268.82,332002793.7,261632966,138913171.4,132976634.1,333146289.3,427894010.6,354900983.6,186603927.7,195410564.5,193933978.1
Com_6616_pos,51846813.86,48407826.35,45850162.45,59505656.24,73595322.18,56491281.19,55407715.3,70072263.85,63551782.96,69896991.62,52474231.74,54959561.51,71157121.82,82812190.97,65773463.12,57461867.45,70277832.03,56261406.23
Com_6683_pos,34162110.28,28141833.96,26522115.25,36122969.79,41999574.06,30000946.85,41235955.54,30811434.75,35226670,35812847.48,34994152.74,38574647.34,27821893.39,40133331.18,35657128.29,26773049.38,28500235.99,23614371.32
Com_6706_pos,20788662.36,3132606.99,6191467.053,6844024.382,1624717.458,2154535.046,16965078.65,18916169.99,8168190.659,4576319.304,18341004.41,14709160.34,16838578.24,2557450.738,2060474.76,6468048.559,16675033.57,9602194.438
Com_6765_pos,5389591.678,2263766.049,8443666.406,2421152.948,12199157.28,6366801.339,25849523.59,16935850.44,19901674.02,20756209.3,218006155.1,709396.3979,56183156.76,31813473.25,23137159.64,14363512.4,8946015.581,17779396.26
Com_6779_pos,4632401.32,3577876.035,3179638.638,2714581.515,5155917.394,2799572.094,3277362.636,2629878.47,2634081.788,2266929.697,3111291.085,6124753.481,1919022.841,2981859.126,2226364.671,7389587.682,6490709.488,6659345.341
Com_6791_pos,269683.9899,835679.4235,10322815.59,5448129.527,2120440.242,3344619.783,8527053.472,8701938.029,343877.2199,17485789.52,7915160.03,524229.8044,3903259.916,2962602.729,8641932.672,8063775.408,8003429.948,3579813.429
Com_6839_pos,1212787.08,996481.7182,923004.1468,1573369.924,1247647.029,560152.21,1029078.91,41674484.79,620197.9118,1167737.032,1430736.014,1815951.233,5014440.148,6721079.839,3397547.87,2113573.993,1519900.561,748070.214
Com_6846_pos,28162404.58,34429798.93,25563193.27,19721919.85,10646238.87,50776972.32,25329324.94,20031291.53,10283620.43,22958112.6,21441571.4,24747746.8,17264113.86,24280554.11,41464586.25,14949415.33,24895868.92,23901013.11
Com_6871_pos,948442.8801,826957.8414,801137.817,934027.1215,804980.2089,16262494.92,39074802.61,685810.4929,965926.3016,672181.1493,1672956.167,1100112.931,893892.8042,906228.0078,2082425.07,1357239.49,1055411.596,1197297.373
Com_6910_pos,645969.2299,570804.7707,534228.5952,636011.1761,627542.8372,525514.1013,716290.3787,588050.654,575911.4133,549370.8249,625033.0509,1624295.543,625540.5038,621005.9034,666883.5259,845372.5382,833629.9876,726613.0634
Com_6990_pos,126635419.8,112430118.9,134562519.1,108383066.3,175463465.7,98911304.76,45825904.38,189746700.9,133640236,85644790.87,77519228.29,44342083.38,186183308.3,219447030.4,194296954.7,61231535.04,73458447.62,114990537.4
Com_7163_pos,21397887.2,20552493.95,17937178.09,18740854.05,27694992.17,24124491.1,12573249.66,24519662.01,26056655.06,19343173.67,11886962.99,20250670.92,14729315.27,18148518.62,11877042.66,17010700.91,18260048.17,17076723.23
Com_7172_pos,4453387.996,7952479.731,2527011.012,1906457.08,2660760.131,3394878.216,1930441.274,1179572.102,1945540.599,1326604.276,1657349.597,7380124.543,936654.1433,2204924.14,1279473.511,1891826.356,1999275.727,2376857.858
Com_7178_pos,14482016.97,13351788.98,14493168.56,14171301.8,15793306.78,16173901.7,14530189.99,16264690.47,14094268.51,16243428.31,13339495.34,11271060.24,15247039.28,15824544.53,14512037.4,13449392.62,14274633.79,13299973.56
Com_7196_pos,537443.3335,444357.4121,400844.2289,342997.2759,507446.9745,672100.1211,12468284.29,726807.8376,2360891.009,586122.6585,7725135.249,56117423.79,584455.8128,484527.0364,408437.9143,1743362.045,1681624.454,1560350.946
Com_7265_pos,24314269.07,20133349.04,24028504.36,22911087.14,19839093.69,21311851.75,49587600.74,20997068.62,22017484.09,20834394,55460376.29,64599378,15874512.38,16102134.49,13254588.06,26706424.39,33953354.82,33895480.97
Com_7283_pos,12006201.39,13377435.6,7736725.632,11522581.46,10262054.64,4200770.946,4564306.117,17772826.59,4009837.373,11538307.74,12462272.36,13521856.56,19907879.38,10887159.73,27481387.87,17611432.63,19764133.52,8231516.08
Com_7302_pos,27362196.41,10968166.27,1629430.54,3967261.445,1085711.046,1520198.704,15206483.14,1772449.508,1661997.334,1520682.983,18826988.02,5070792.455,49042636.52,27530559.1,15065873.46,18988742.27,3395449.707,725173.2636
Com_7324_pos,1086003.712,4073937.672,779501.2917,1169958.246,1527266.265,1517959.224,870676.0331,1048859.055,1763911.535,1002290.378,740620.9141,724157.9533,2596890.405,1105396.71,2709424.928,1724858.881,1462316.228,1238625.989
Com_7373_pos,49562005.47,34424705.46,29787633.82,15410039.67,5285022.787,34956507.83,36503862.16,14620696.32,10522576.6,11258299.07,33582873.14,10137158.64,20156993.11,17341953.76,16172924.33,75387999.52,50691538.64,46795293.66
Com_7444_pos,548278909.2,543451437.6,614439441.3,1038015558,962647427.5,758388217.2,302506449.5,936174951.5,830211800.8,777991112.2,299999591.1,347622428.4,959979736.2,1124462624,847307850.9,385721484.8,494738229.7,366305104.2
Com_7447_pos,507633000.6,443848294.8,367149862.6,311489923.9,342808975.8,286515515.6,415041783.2,330060669.9,396394153.2,323211273.7,379568682.3,762116463.7,261011534.5,298749934.6,253642562.5,242533540.3,308728511,285305281.8
Com_7500_pos,4360512.973,5262956.748,4289572.544,4400762.371,6666183.223,12723232.59,2618924.855,4167281.276,3876595.221,2663460.831,2335172.16,5797509.28,7583062.451,5392772.156,2982457.467,4139052.103,4834222.951,7917031.831
Com_7582_pos,15545977.16,13131152.14,12342446.07,12222600.37,15463847.29,13949320.97,26126865.97,13810174.81,15031630.59,13203571.1,13194446.89,24004215.15,8603007.474,9266733.594,8046171.142,11425356.79,12897008.13,10207910.05
Com_7626_pos,6098743.989,3878755.982,10535131.55,6819886.395,9564034.165,6487692.109,2516300.637,2929801.186,4542214.102,2896988.114,1535824.05,1460073.674,4259331.157,5927117.973,4627316.338,7655316.698,7629398.006,10441229.52
Com_7674_pos,3428591.455,334257.3267,2059375.082,251142.3031,530573.3455,230713.5363,8911390.771,354636.4221,445445.421,275436.0048,7072393.316,7793610.171,295420.918,362853.171,289055.1219,1115064.779,526713.4887,566559.7758
Com_7681_pos,18888138.57,18752523.84,19357262.55,8749250.656,14987179.37,21934534.66,7639418.272,5969064.582,8628235.088,5171416.628,7480026.483,7948013.545,7476158.567,7899831.257,12136175.45,12772673.81,17093736.09,20967021.65
Com_7700_pos,2153542.377,1538112.902,1513166.74,1499940.589,1404061.677,1329677.694,2008809.407,1301453.625,1453281.706,1154160.606,1810506.381,1212958.745,1096540.869,1155002.051,1057048.077,1661398.383,1495770.31,1651518.989
Com_7701_pos,24867574.33,24498342.73,36047162.61,26891557.36,45912299.4,32007630.06,41742072.34,25661034.26,28224582.69,27475779.16,37778080.59,59422573.32,30000969.16,35372587.41,30757803.31,25000254.86,28932580.11,27711691.64
Com_7824_pos,2871488.224,1351861.046,2855464.671,1793388.373,3705491.348,2027737.319,4903826.744,882697.9624,718539.739,525987.5087,4891059.763,46315041.99,594311.4248,1199536.786,977643.4741,5077532.081,5894113.623,5986035.714
Com_7840_pos,224302179,140286899,154421390.7,219134153.7,116083356,104214143.6,181936503,159576444.3,158941539,132720416.2,109894196.3,86994718.31,179060640.2,184844554.8,159009962.7,113845431.1,166418490.1,115332214.8
Com_7856_pos,382906.6887,263086.0699,385152.8128,241650.6138,652809.2589,275732.5165,2207152.688,241340.517,328432.4255,224675.0396,1792248.246,2424627.967,283825.1662,283512.5912,268627.5647,2174162.631,2550953.765,1082115.754
Com_7936_pos,39798874.34,26730355.14,19754015.12,9403464.372,8969503.324,8745093.78,54575146.2,20877986.95,18409348.25,11025462.21,54758076.67,60139382.77,5632946.498,7320244.566,6506080.957,18851695.56,19688849.59,18383932.38
Com_7938_pos,568824.7612,679533.9678,789940.9658,693405.505,466707.2496,751357.8186,795208.74,621480.5315,440411.8078,751062.093,875574.8143,516119.159,716854.1141,520676.7953,717389.7541,739888.6429,544499.146,686217.3382
Com_7968_pos,140551375.1,124036128.8,100491904.6,82687880.55,107406106.4,80654356.44,83172032.62,95840868.78,103556146.6,33314948.25,77999472.87,120233800.6,65779708.71,72402833.24,60112343.12,80369172.53,92709189.04,80845357.2
Com_7979_pos,13239607.01,12311978.24,4507162.231,3339956.65,12229200.96,4671217.698,15983135.7,33602829.48,42077680.39,160348892.2,19936270.52,140969390.8,190107674.9,139733753.3,77041743.76,651598856.5,2011162701,862229316.6
Com_8062_pos,9283751.903,8219352.371,4663628.903,1194961.535,3128205.799,1027522.691,7073747.538,1824269.019,2508835.976,1570248.691,4021157.467,3720195.539,1991160.047,1870482.19,2424295.236,2864025.442,2994452.99,2356275.864
Com_8070_pos,7121651.719,8198071.271,5843035.287,3013398.658,3227860.21,24927445.4,6764429.113,5099533.098,1586958.297,2588372.817,5714236.189,8572764.493,4347208.57,2463679.369,2847002.636,2735140.638,3635021.799,3542950.611
Com_8110_pos,35757057.13,37199724.39,28065041.11,19662443,28748755.77,23652125.57,29200905.94,22092454.14,19535875.29,15616120.4,26944312.91,105871529.7,18497562.06,20765718.62,15894473.39,34330627.88,37804675.62,39521266.72
Com_8209_pos,1985330.857,2851220.667,1010588.207,421396.7017,1461705.535,917235.6183,122475.7651,1214054.392,348244.4422,127617.4141,149554.8052,558274.1106,1702393.71,1868790.124,890095.5145,232019.8581,261923.4009,606239.7022
Com_8210_pos,5031163.337,29104628.02,1170298.818,1098576.484,2076114.519,1288712.093,765941.4679,1553447.262,3094949.134,1618813.508,658724.2428,940070.5353,935695.4415,1272862.999,837943.9503,960727.0598,1350179.994,908851.4553
Com_8222_pos,418662.5902,358528.1567,465708.3719,269378.0504,466994.7964,515758.0042,9154584.972,7466302.908,6196883.635,6783756.158,8301406.963,3069629.197,316871.7892,584285.9141,4343977.428,25449510.57,14295024.75,15232591.51
Com_8224_pos,726220.8149,641628.5288,592711.1512,9668042.75,25428020.38,544549.4099,1372516.132,620225.7809,770147.2149,607899.8245,1830986.043,994908.0814,687139.1081,757664.6898,792246.9749,18372485.81,18016982.94,7642287.516
Com_8340_pos,35571186.35,3167978.43,28696768.66,42978434.49,35622660.04,19285652.75,1220215.829,16467651.31,17985693.99,14931406.34,25443155.9,25401780.61,39065473.37,46345462.88,23675398.63,22688249.92,15925184.34,14416687.42
Com_8380_pos,22814474.67,28016746.61,39292657.38,75403492.09,34190876.94,72151129.08,25816367.02,76807222.19,81790746.29,44008421.81,24474275.88,59915796.03,94960903.91,100980524.4,81944484.16,40900216.46,39343501.92,56643842.07
Com_8399_pos,102054987.7,84516356.77,63173326.5,47475214.36,54297880.89,49912897.7,68902829.87,53675202.24,57165318.06,42579940.19,66436730.61,72705774.97,45484410.18,47377562.73,39537252.61,48635615.52,55869556.76,53052267.38
Com_8425_pos,1772946.782,1410399.396,1210566.355,1293050.828,1078076.977,1191677.291,1693294.066,1149120.972,1202463.536,886196.0965,1535568.224,14545818.89,841954.0862,886842.1809,811630.4393,1575773.3,1184354.847,1384446.992
Com_8465_pos,16583381.55,37359315.86,9780543.119,12372594.69,8497146.531,15095340.15,11063492.93,21635977.45,7364458.479,18043888.3,11119649.58,11869448.92,21075388.26,14664407.4,9954508.981,20709121.41,14181645.94,18868661.98
Com_8507_pos,44286674.71,35334636.18,55963129.55,36040363.83,36134438.38,42283345.61,47906828.93,38396322.66,31931012.2,49086513.82,57263394.15,22723696.61,39180171.08,28633190.7,60852109.87,51527757.63,34582091.59,55375034.15
Com_8638_pos,4354599.642,3631371.55,8163190.363,1978971.049,9020920.148,5198550.193,1522490.041,3454918.18,3030845.572,1254790.414,2365736.839,3364482.437,1586375.991,1543693.411,3219596.119,1586661.647,2375660.389,2295688.898
Com_8646_pos,8068287.958,3526190.685,18613776.81,2938885.119,21984986.33,3097781.116,16039510.48,24265024.21,37166505.6,2028521.589,20558196.93,23890768.25,16686774.49,21954229,15557864.4,4989479.167,5846653.645,2980292.53
Com_8695_pos,1408296.768,1367548.038,1469102.8,1504929.576,1584574.246,1349587.885,1372253.593,1529411.053,1425284.048,1428863.415,1219438.697,2663465.112,1310124.617,1453876.618,1253862.291,38883962.95,38123595.21,35125062.79
Com_8710_pos,1557741.982,1179452.42,1613347.129,2109182.927,1404216.31,1358652.406,575651780,2251183.604,14630250.65,1450796.111,512279966.1,311641789.4,2020655.946,1936831.563,2177931.194,4983245.971,2304505.047,1606761.772
Com_8749_pos,14375517.74,13333748.53,10388224.31,5660298.158,16062747.72,11509774.51,1418447.121,15915244.13,24141924.05,10928317.4,2059544.525,2117526.096,5297959.523,6975990.634,14087385.64,37402422.06,46704899.69,30684260.28
Com_8759_pos,111179184.7,115080252.5,173168222.9,223048089.4,246032981.2,169478364.3,57780936.44,166886453,191198266.4,146209227.1,54038955,33095782.83,146656541.7,168896641,150564556.1,54898550.17,75508999.44,60330008.65
Com_8810_pos,7201237.251,10558148.91,5532164.425,7859836.43,7676693.961,3010965.149,4424070.957,4461043.831,2418963.206,3461459.081,3018613.49,24128913.55,10537481.55,9903147.333,14942626.4,7957031.884,10258621.27,9589788.457
Com_8812_pos,754286.7619,707789.4961,730011.5498,758217.0542,892915.4517,720261.1633,674195.1748,795907.7449,1171475.213,724195.5243,753908.4473,1063621.664,711362.8989,792946.0064,706412.5817,1338150.816,3646843.69,2036667.065
Com_8836_pos,6094082.142,5775285.566,5038707.419,4796214.816,5436805.309,6634090.521,3659960.983,7896263.613,7709456.206,9452161.232,4688800.147,6257019.773,5812701.023,5244453.211,3687697.731,8660348.092,19858220.15,11367764.88
Com_8843_pos,2123989.91,1862021.594,2748366.247,2039021.782,2128138.53,4113337.943,2102256.759,16064862.78,9866757.487,7777597.849,1388304.127,1828152.626,2766413.618,3216875.295,2627966.786,3092247.996,2133390.462,2028036.629
Com_8889_pos,523452.0993,483303.1422,475070.0919,467574.3642,522191.0674,540517.7727,544116.2924,510047.2754,493618.6828,488065.8642,514659.5243,776817.2196,552928.6373,589113.4639,549101.1331,134962245.9,152989993.5,192401474.4
Com_8925_pos,565182.9188,1568962.009,1325455.796,879141.8643,666873.1264,5140008.321,1432613.04,3607895.492,828713.8281,6570087.999,4530235.461,2601878.879,10196832.22,688884.5026,9483229.521,1525709.992,938195.7876,1321709.97
Com_8937_pos,124449756.3,122635260.1,118822963.6,113783404.3,230428922.6,108017166.2,96032791.62,105968176.7,143016182.4,66930595.22,77616398.22,82231761.76,68445551.31,87316339.67,78944228.86,58923836.16,68610256.74,60373938.21
Com_8959_pos,789088.5832,766828.6376,748412.488,817279.5982,935314.1819,702655.24,694347.4113,718360.1532,715034.0314,715146.7938,627802.4578,723025.9521,780001.5786,868720.0109,745848.5951,598373.1093,629455.2579,586305.6692
Com_8972_pos,124593755.4,98668478.6,94877978.14,64218009.05,61862317.63,55750641.03,43114713.31,66145037.47,82894123.58,63255797.59,91876818.17,28848327.37,66113272.76,80128105.84,79370675.04,73092799.21,68296188.17,71483007.41
Com_8998_pos,335896.1113,343806.2629,283288.1416,258539.6103,321827.8482,360332.8983,10231228.58,1645076.245,11118440.51,452412.0893,3197871.334,741562.7772,370908.5387,370500.0593,351048.0018,45584262.24,74155581.22,60780111.93
Com_9008_pos,17825243.07,21869553.44,17471225.08,16084618.28,22605878.79,17881927.43,13774342.69,18126739.41,9224800.824,16893487.08,14006408.18,4522676.552,22594328.82,22825776.9,17265406.49,18920547.2,12898942.13,22242644.9
Com_9017_pos,4805259.671,4166241.374,1162496.471,7239403.481,2823261.569,1214064.685,4445085.723,9153338.435,2236398.432,1692979.348,4894454.331,1620703.372,3589199.779,2145968.747,3038681.999,2783780.733,3690706.33,3014614.687
Com_9069_pos,6014600.627,7421926.345,8002768.666,8368597.169,4711640.426,2379497.325,9487867.219,8455548.984,6241763.747,9566905.13,8137381.376,25975036.17,9766420.4,8040771.663,8980575.892,3202204.022,3321835.443,4017373.721
Com_9180_pos,47886017.22,38378709.3,28051310.73,45268746.4,31617740.97,28125519.55,27278721.61,27699824.93,26982693.48,22761976.37,23829717.04,17737465.66,19364176.26,21479513.81,19332205.95,14379509.36,17611326.33,19811322.58
Com_9198_pos,19124056.1,16990263.52,28073408.88,26909208.31,22524941.92,25300957.33,21434082.95,27114437.51,19427360.26,27511883.25,22284013.86,11316550.81,22535121.72,19508382.17,18001039.86,22901369.84,26672111.8,24093951.81
Com_9257_pos,4721794.304,6539330.027,5991378.258,5570420.522,9007251.291,678410.8707,1018939.144,4428980.836,3895116.587,4358968.248,3393552.259,5355584.366,689452.4562,14288260.04,5555105.127,20900010.09,14352169.89,16151446.77
Com_9288_pos,252193.9509,261310.5676,379399.0308,272577.2589,170671.5171,404070.1248,335742.2986,281923.3036,142316.7571,316350.1018,400623.0851,307793.9696,307338.7045,183012.2818,275456.4733,265757.0894,201804.5312,246288.9022
Com_9315_pos,11381219.56,13349209.02,13649077.15,18231611.75,8388301.668,15019007.3,12370061.83,16015693.64,17345383.14,9050556.598,3822761.759,1400930.351,16638928.88,14537424.52,22407393.23,3642341.501,6388910.023,5668985.993
Com_9355_pos,403121.7513,347292.129,315740.5199,270175.1214,393141.2323,256787.0634,4114704.445,27156027.38,18961143.38,6265076.53,4234133.243,557752.6356,315415.9863,365963.1018,321721.981,32987884.82,22094398.65,27733359.5
Com_9405_pos,1226663.064,810789.8077,667047.5303,599250.0646,602481.4181,1480663.16,658442.022,509532.2226,558523.8613,414807.0661,614067.2996,1019601.637,463328.8237,514512.71,435039.3846,687677.3331,893545.7652,786360.2232
Com_9476_pos,848728.971,830508.4328,809584.4595,859010.9735,938022.8425,748000.8993,696522.4703,791473.7229,751821.9405,788146.8031,649150.4884,1654468.376,832310.3181,896078.5684,790767.0157,716217.8434,712828.5424,698281.3101
Com_9491_pos,15822019.13,14902937.76,19678455.24,15956982.96,20621238.94,12168944.92,9737591.43,13092920.94,17003575.83,9461785.578,8794821.441,12496953.8,15192100.91,18557140.7,14551772.23,6914115.032,10367638.22,9465617.338
Com_9509_pos,19147996.1,20654160.35,14412791.42,14403810.65,16495588.86,15298237.47,23629511.72,8821495.96,9294277.185,9235443.075,24549342.17,48762391.15,19043646.72,23802494.1,23453998.16,25753708.3,24420833.47,24536382.39
Com_9516_pos,1336011.893,976716.801,930634.3357,1026841.132,50404866.28,846160.3889,1560109.285,946854.0784,1005745.651,961392.9021,1265311.006,1315429.217,1114527.59,1142438.37,1156310.167,25567706.56,7444838.775,6265036.815
Com_9549_pos,294915.4089,7268273.78,13904612.77,1723848.597,647569.8361,6148488.943,3543275.844,611461.6207,215474.072,4335358.403,10221644.38,2395011.499,3186209.254,204055.0465,4840116.023,3757303.774,493738.066,3916575.398
Com_9575_pos,388879.5828,1176739.105,1399581.403,442436.0209,283111.2734,1533865.822,517709.9789,1356486.371,577468.596,1353310.291,708830.8218,446178.5816,2464590.584,500197.401,2005586.866,545716.1576,311179.7948,402183.0675
Com_9662_pos,1657032.571,1543853.847,1077256.062,235111.7862,1077594.547,235403.9668,4878930.063,215586.625,245076.4305,216313.9307,5106549.151,18076746.57,260999.3369,306290.9655,267349.7097,271591.7551,312038.1807,291652.1063
Com_9805_pos,187802.5309,370694.5525,125058.8085,172704.9987,208157.1522,2660706.436,354482.8326,192846.3732,357608.119,213199.0008,305265.664,788155.8356,430560.9033,556976.243,116907.7906,1696699.911,1956087.936,2040102.222
Com_9821_pos,51819187.69,47814362.42,47936740.56,57045555.42,68437504.69,57852053.82,46473272.68,75559900.73,73943662.81,72883630.52,49852753.38,59964077.16,56658373.94,65931142.45,50450389.95,50611952.13,62815931.1,49438405.8
Com_9884_pos,5440835.298,32074428.09,14793968.89,39829016.53,5441095.666,15733932.11,18044749.27,10263766.55,8221819.739,15092408.03,10433240.83,5031292.117,64468513.34,44705182.84,37403535.08,45361283.38,5757661.264,7922273.048
Com_9891_pos,22405811.7,19496005.16,20007607.68,16844239.63,27496713.05,18432611.63,13896566.27,11869883.78,13109340.3,11419994.38,11776336.69,9928162.392,13550386.37,17398648.9,13791083.73,8704838.996,11139149.19,9412482.951
Com_9940_pos,64283348.5,60066349.23,54283891.23,62102269.52,94319680.61,55160603.07,100422792.5,44004311.2,54056817.45,53133899.2,84933163.18,187280741.4,38177024.88,53513728.52,46219496.91,78994577.46,68297774.06,66414088.52
Com_9997_pos,17512032.48,17543533.85,17183380.03,25874382.47,65334117.36,2416228.741,18497224.78,22234919.01,16352184.26,24235390.94,13074970.3,12287019.39,9597092.636,17510564.71,25186530.77,10245899.81,9401424.654,9259697.594
Com_10013_pos,4134331.799,4127477.458,9446493.628,2421848.523,4428065.013,3657972.756,4540368.734,5946001.572,3186015.296,5113149.872,6369486.47,5272762.418,12767944.54,5072673.709,6322305.51,2376539.972,1538740.425,3369289.065
Com_10054_pos,28146329.2,29488234.42,16533069.17,8925212.813,17161212.41,12198141.93,7006521.796,12745993.36,19162202.11,6885175.03,29377267.52,26164583.97,5679099.386,6266297.753,5912389.493,10359032.83,14443270.07,12155852.86
Com_10069_pos,1728394.85,1420128.808,1242730.212,2725724.079,2241480.991,3531682.126,1371460.449,8904109.296,977353.5398,3738510.167,1089022.731,1245177.22,16109842.34,1108729.272,931562.3229,949537.0127,1086781.405,1114752.546
Com_10072_pos,51742836.97,48785662.15,52554787.78,66407804.32,72048539.75,48695343.54,28852341.45,53325032.82,61707537.5,44159145.77,24806538.6,56994396.81,62442293.92,75726488.69,60501549.94,29004931.37,35682968.81,31402515.34
Com_10113_pos,185378.6219,195143.3041,246772.6626,190878.9946,161116.8794,342860.6275,395038.2989,266652.5988,143827.5354,363493.4084,436228.1706,184447.2992,263832.4327,199788.1208,232056.0351,186404.5388,187940.9076,180305.3526
Com_10125_pos,421170.0255,361078.3632,342090.8224,273363.7744,395590.4074,241403.6076,689713.5435,430097.7352,514333.1285,389441.9081,601232.0932,479744.407,279470.7823,327373.3857,271194.4337,1749911.516,1622569.142,1544806.578
Com_10145_pos,365254.2524,304952.6462,289508.6552,233433.2851,340804.1877,215877.3692,562911.0366,403554.75,525537.2887,334515.339,507777.0824,487498.1595,252150.9965,291472.9097,282329.925,1477906.742,1370358.36,1304683.143
Com_10226_pos,29565631.57,16980822.66,9895636.1,10496374.82,12863532.3,5464382.852,16382929.61,27239221.74,30293418.47,12914645.36,6022349.497,14375458.47,11652688.03,17016418.57,23419513.13,14824151.14,15492546.89,15796894.15
Com_10307_pos,8457679.752,14455855.07,24882989.37,8791352.954,5171666.657,36624919.77,10026577.39,19213660.38,6299571.152,36143740.59,11121162.45,7097523.671,18765588.7,5967894.936,15599368.56,17358653.61,6743879.335,6669265.692
Com_10373_pos,4529656.023,3443088.531,783044.0854,773982.4139,5341493.1,577384.3866,4508252.393,1387910.325,1413916.728,1231859.404,2971832.139,6699637.611,580767.0457,820961.5738,566282.9206,1127400.148,524431.8988,864539.8228
Com_10405_pos,15756541.29,15693276.93,17573533.01,19681824.34,13712859.08,19081619.55,20629555.22,17892011.05,17252891.46,27964949.2,18322501.52,21069406.2,19874697.01,19307209.1,19156707.42,18468640.34,17315133.3,14829313.97
Com_10423_pos,2072462.948,2102538.249,1558020.929,1471407.031,1395141.825,1575474.719,2156640.294,1360083.897,1593589.147,1029974.074,2117881.994,1618556.17,856638.3018,963237.3857,851107.3637,1450402.645,1455882.903,1537159.357
Com_10424_pos,17554452.62,17539014.1,13866227.89,13857580.63,13565880.54,20945401.88,46133235.13,22053180.31,20167102.42,18695845.25,51893456.53,19529425.43,22824527.28,17786385.69,16457393.48,11646662.87,12553372.06,12917263.03
Com_10444_pos,984969.5252,1046678.861,552904.3827,592097.6332,685765.3929,543428.036,5987257.303,659384.9665,782608.9223,1993747.717,14621050.73,14120020.23,1454190.758,635748.9751,1334045.999,705152.3102,1414761.982,747332.1925
Com_10491_pos,20491885.97,25987370.87,23518996.49,24616494.07,23653953.29,38952870.36,34712121.67,29485403.44,21853231.97,29700981.1,40761681.46,35783968.1,50557820.42,37341393.14,23139064.79,35262858.69,37264414.76,38030422.87
Com_10610_pos,10635447.13,11496170.27,11737017.97,13721587.62,14741486.23,11562292.24,20453935.33,15427836.76,13816107.5,11942667.72,19891669.44,45452386.8,12903271.07,16124448.32,12134312,8241324.823,9232616.076,7162799.643
Com_10666_pos,649385.4267,687865.6032,653138.9056,611398.9487,722235.6171,647595.8666,547351.8764,281894.583,439642.1398,155708.573,283265.5618,1771896.926,284351.0562,234170.4361,159490.144,396255.1841,530602.676,680070.4603
Com_10780_pos,229260006.8,174907542.2,161622248.8,105425972.4,114695038.5,115506904.5,77117704.11,91798002.28,115761430.3,93018117.39,71474313.82,6874173.094,140634212.4,130437158.1,123109032.5,63301670.9,84109546.45,70235731.53
Com_10795_pos,7850263.382,3636510.771,4081156.104,2215542.95,3165220.314,6162399.159,12027996.65,5849763.481,10282844.87,26882028.97,9635210.557,11899152.56,6571154.563,2874226.105,3715969.554,18189720.98,20413820.08,15041683.11
Com_10887_pos,31883937.45,27622075.46,7609323.566,6109657.478,4570003.954,4903848.537,6123107.772,6915503.507,5546899.419,4332178.21,10086127.5,1779280.705,5885010.739,4408204.357,4293936.001,4601192.519,4644358.149,5804868.013
Com_10902_pos,319390.0864,330935.7916,480488.4843,522746.7107,216146.3049,511733.099,425199.579,357040.7139,180236.525,439511.7028,507367.6086,389804.5223,389227.9534,239118.191,348850.8209,336567.0724,255574.5942,324118.4316
Com_10918_pos,14117197.21,11912801.44,10247839.61,9576912.246,10423033.27,8845825.139,10343333.92,7613995.352,8966357.803,7651612,9244859.954,8821135.143,8039174.673,8252350.525,7961785.075,117433684.7,183154021,131339579.5
Com_10960_pos,1297668.305,1734576.986,1396483.71,1724838.198,2362556.809,1655493.924,1750978.168,1478889.315,1282556.801,1486623.607,1630284.004,1354165.166,1459220.283,2942161.838,1634419.024,1535238.912,1567984.241,1661163.571
Com_10967_pos,9035236.722,10368630.43,29822429.09,6509982.55,4972203.671,22409651.09,14649698.79,12669454.22,4261676.211,18774915.59,20452119.87,6893489.634,6892086.793,2180845.563,7789137.665,11648051.69,4956752.247,8188633.593
Com_11014_pos,938761.1732,734945.5062,609759.8902,773929.628,689161.3202,964719.8073,1191382.212,606384.2372,2438309.568,18828655.45,1071191.483,1003469.512,813529.7287,809146.7501,947868.1294,1326955.238,1147140.018,5315767.306
Com_11101_pos,3312189.546,3763309.557,1671088.03,756690.6355,2372824.963,2111430.851,4771468.332,1613195.991,1125973.79,1818930.539,5387690.941,1385595.045,1512385.202,1143072.991,924172.2192,2186000.025,1303841.661,2742615.706
Com_11117_pos,5240104.091,6079465.799,4122085.057,3163336.223,5752192.557,4611205.106,18907751.06,2452934.481,2591653.358,2233820.347,14990745.3,2282218.087,4372824.287,5146798.658,7230531.02,2522533.772,2908173.595,1359627.828
Com_11177_pos,683305.1426,703044.9457,695659.5681,749961.8539,829505.574,711854.3889,2145194.269,747138.3926,679522.6932,782217.9544,1336813.61,1621246.466,666562.6142,763477.6432,621970.3779,6125003.902,3394669.215,4599274.628
Com_11218_pos,786330.1585,19989889.48,27334205.67,2361953.947,8569875.113,28940436.36,13371915.56,3616034.557,43178755.54,8261916.261,3891434.913,16326791.32,18864809.44,20218309.42,46093969.43,24488072.96,4746066.238,45098430.68
Com_11220_pos,262074.4347,261660.6922,379322.8846,829931.2805,688692.4843,313122.4155,292430.7836,667374.8732,617006.4162,842012.3492,270158.5322,266196.9756,609047.555,682392.5701,487260.8344,362949.8035,369849.829,324632.0248
Com_11321_pos,85935519.4,58589500.89,63550340.62,54225103.02,24292447.68,51383379.17,55017194.43,61514804.93,63870026.46,49478855.39,55875748.23,20758869.15,48523801.49,54519722.69,8280439.674,55052898.24,63584944.27,58700389.2
Com_11323_pos,1973625.327,2401338.57,1760095.912,7960888.13,5140887.259,25885499.27,3612629.257,2947652.315,6678985.174,2505177.394,2551620.007,4306007.798,2275072.943,2009267.736,1765881.556,2229109.796,2926397.201,2315122.413
Com_11331_pos,245936544.7,231421376.3,258190336,270311686.2,397533288.7,264631825.1,92716353.42,230747200.4,288878803.8,182072280.8,158201147.1,145523691.3,186014250.3,219447260.7,194794876,122420760.5,192936444.8,122884124.7
Com_11374_pos,11219419.76,10785041.35,8980445.266,10127622.35,8129052.52,10196697.26,26911322.2,18011410.83,19634242.32,11706311.58,29911411.69,16104128.29,15421906.07,14335378.83,14430556.33,11187943,10957662.26,10721048.71
Com_11410_pos,435957.3735,373338.8108,350096.8217,280505.9493,401113.696,257688.644,370895.0129,396100.6371,515830.0202,328336.4621,344606.896,509106.3702,329961.6355,405278.0912,322851.5483,860498.8903,7987306.032,1277344.036
Com_11621_pos,1577982.975,1913565.271,1959190.993,2057227.607,3069206.952,2064181.337,2032343.05,1187378.307,1463992.843,1462715.581,1737320.043,5075365.63,2556198.891,3088789.473,2307160.079,4004247.45,5773407.747,3500236.815
Com_11767_pos,810265.1775,845847.0223,830063.3127,919314.3022,942558.2978,774434.6846,762682.8305,857529.6333,816339.1457,791780.6138,681936.9309,964932.3668,785123.1121,923299.3527,804283.2238,17455095.67,19929444.51,23131402.26
Com_11882_pos,41854136.3,34736230.26,131181057.7,26790023.28,24958676.52,18601640.98,17836072.13,46440807.14,45373880.93,32396631.54,15434237.38,44300648.41,25593105.9,34499167.21,26276736.77,16780547.37,20672868.43,17112351.64
Com_11883_pos,10943033.25,9852652.075,4770178.296,4598287.936,3067298.193,413879.472,9968117.428,742581.6121,1450443.706,1376742.55,6944059.369,7058844.632,11652453.09,6291883.803,7464160.636,6427735.783,6519784.523,9890123.523
Com_11895_pos,6688151.024,13133196.04,5756891.415,180868.8192,203692.1459,26305803.66,21264201.49,2878094.905,173334.8081,4521517.622,20065145.98,5394786.891,420976.8523,204853.129,1139787.796,1365395.588,2148238.272,3300360.587
Com_11921_pos,669238.4276,605574.7426,657845.746,718816.4239,888005.7044,637948.0891,563111.1505,2492168.029,750503.6123,1134103.062,582031.9615,587959.8177,9568954.691,17812018.43,19718387.27,3131246.011,849188.725,881420.0142
Com_11942_pos,12837998.76,8546335.799,10963725.87,11155405.62,11988227.97,15540041.56,9080929.913,14200807.23,11229970.08,9930922.741,7600674.893,11255293.03,5761770.387,7356342.713,5870529.709,6198731.111,9772305.009,9076943.288
Com_11968_pos,3391293.81,1082402.828,5815003.599,2496857.038,4097681.155,1940859.718,9030521.861,6483692.062,2883171.12,3617086.29,8026328.253,6263706.643,2871734.779,3443839.085,3036361.083,2366271.398,2245166.808,4244858.412
Com_12021_pos,59784400.56,68038587.43,70417546.72,66136114.17,38681787.06,53965801.6,49515776.7,64203429.86,47592920.21,77635352.95,43718827.54,28847239.82,89047144.75,56367671,74598677.65,61012631.03,57790923.78,54002531
Com_12049_pos,1008394.504,850320.7201,742910.7207,634961.5363,809978.4591,1136098.568,754038.8898,597112.4889,7525783.339,723175.6312,635366.703,733906.2557,1682689.382,1539443.372,1297246.326,1384070.96,691425.2219,2396400.781
Com_12053_pos,29463506.25,24904222.45,42419939.59,43057140.99,45571190.4,51431353.34,28789886.3,19638324.2,71318004.96,20845931.69,37655835.62,35128575.08,34646691.73,43242371.9,6791893.972,41324631.61,43583108.5,32128821.44
Com_12056_pos,450065.0249,571511.9659,719048.6047,628597.7338,427103.9338,821431.1511,1320046.776,2711621.89,788384.6315,4645307.169,1766836.22,1555204.154,5234858.175,1119619.311,4272220.402,1543697.187,1248252.663,605602.4095
Com_12062_pos,31896316.87,27288545.84,22417068.82,17355194.25,18259220.4,16699508.73,20441964.31,16755762.89,20572159.77,14908736.39,18491302.78,20080023.86,13444644.15,16273433.66,13684375.81,14275748.58,15831373.99,17144462.31
Com_12176_pos,15008256.09,28889637.04,15591919.39,18533653.88,21036986.79,22093912.91,15921874.4,24592127.08,15175009.8,16876423.37,15054694.72,17636086.34,18523037.85,24019742.51,31899223.81,8853866.411,8551512.795,20734456.37
Com_12199_pos,637171.082,563153.1656,775946.8737,1871949.63,1376532.682,854458.7967,1267441.575,1029986.981,2052053.773,1073326.967,3268192.728,542001.4212,620397.0656,843950.3224,555584.5897,1070581.805,3534570.778,1680833.986
Com_12235_pos,113133509.9,89677594.2,69326547.94,32128350.97,34394949.57,35257438.7,48274539.68,24299499.34,34334688.62,21971287.65,41584126.09,9865187.617,16856159.92,22316447.47,50198278.03,32248506.31,28165810.52,37417595.1
Com_12306_pos,8846931.828,6629395.059,8531441.457,7680844.928,7033476.463,5303252.683,12016007.94,7822110.327,5255334.538,9122333.206,10930689.45,17577699.25,4415722.698,5234147.979,4657083.466,13890215.88,14676069.76,12293833.19
Com_12337_pos,343791.8412,351887.9325,289947.2442,263184.4261,329392.883,362458.5185,741131.7432,316377.8285,439291.245,286972.6727,698440.5695,758994.296,328463.6464,367895.154,344348.8417,39349865.31,41297406.09,27971990.94
Com_12374_pos,18438005.83,15540520.84,41446068.06,59674007.98,46787841.74,49458322.69,3473935.447,23868201.21,14739117.78,26533737.63,6878793.894,3819419.761,52220441.86,70734048.64,38574731.2,11721368.55,19902117.73,28743581.93
Com_12382_pos,9658512.665,8893654.908,6753527.195,5651475.339,8162237.497,8689670.528,15930837.81,5183738.506,8815229.275,4493708.112,14005439.26,25344120.15,5254907.288,4373624.262,4038060.923,9971818.227,19714185.55,18037389.47
Com_12394_pos,2757775.21,2787118.509,2626800.019,3577186.668,2234831.627,9200513.256,1008404.677,838581.3197,6678553.967,4773107.565,721243.3218,2151535.659,890271.3802,1059908.222,444652.4252,290600.0369,289288.6066,305132.5917
Com_12395_pos,61338016.11,69606553.27,125628250.9,176877719.8,151534479.2,132754508.5,32571133.01,119073905.6,129694421.9,108769380.1,32003102.41,1909909.403,156911728.4,176013165.5,152694336.5,52673138.84,73074434.51,59664546.36
Com_12417_pos,2077516.021,491458.7889,1486653.15,631313.9572,1099281.837,1469962.91,2434057.261,1181872.306,1491768.126,1296191.431,1569714.175,2249749.697,366027.6445,334406.8282,337803.1576,1403343.5,1700972.127,2505485.452
Com_12445_pos,18127892.76,28373980.23,21803039.26,27479421.27,28432000.06,26139797.14,18197254.27,27220151.48,27259132.11,28488253.16,86122389.35,22066936.66,21884115.61,117215820.6,25002128.17,10580404.48,8670897.829,24753119.06
Com_12480_pos,14725097.31,10385978.63,13280393.84,8223908.761,16114925.62,12561164.49,7446264.52,7688977.382,8419498.399,6156435.551,7664459.238,5138883.162,8549016.876,9281078.803,7904990.302,17829739.38,10290794.53,11143267.77
Com_12605_pos,258926.2073,241068.6671,236587.1433,224700.0981,243680.6059,225309.122,30157276.12,227816.3344,229104.9242,177061.1739,24678658.01,308546.5655,195500.7718,204289.2212,199770.098,1272861.519,1781460.706,1203290.646
Com_12657_pos,49955449.21,43411220.2,30035171.49,24021241.81,29274918.13,28939479.26,30431579.34,27292993,25861458.63,24029000.42,22421314.69,14452818.11,25393529.67,38970141.93,23694872.68,17346110.75,35605412.34,37830607.84
Com_12786_pos,663147.3511,644867.0711,668674.6387,677660.898,784864.4648,621958.1202,620698.6004,671840.5835,671270.9272,668943.3036,630286.1952,599875.2732,684169.5632,727620.239,650253.7317,839406.3801,965173.9258,855328.2031
Com_12872_pos,4178217.048,1959470.457,3883000.77,3697820.233,6317420.389,9747503.11,2205315.76,18332116.03,15100852.86,7487555.521,1577074.56,5830963.078,2703250.867,5375408.695,3538818.543,4123271.073,3506659.644,3324928.151
Com_12881_pos,481932.7381,463467.3564,384384.4016,325165.8524,419255.8021,325569.9458,454297.0621,398657.7574,594289.4655,366880.3547,400149.656,532132.9132,344885.5811,423608.5501,344874.679,556302.8315,503876.125,549285.3877
Com_12884_pos,22844535.49,23368950.64,21988483.93,10673249.71,21564290.05,14773176.78,31859418.73,8533274.881,11806872.01,5324339.651,26937370.92,174554049.9,7144109.999,7911450.666,8919489.184,11894762.47,57247894.56,40036258.44
Com_12975_pos,38903346.54,38398105.39,38261903.02,48267362.81,50936877.27,37423196.36,31132536.23,52984597.89,53546448.54,43311922.96,27803629.81,32294938.13,45154228.55,54158736.38,42596242.17,34290116.57,41823296.86,32959483.96
Com_12979_pos,9866802.314,7868554.864,11108295.67,13248454.46,11884722.78,11733436.79,12133530.81,11678624.27,13109553.81,12520719.81,9009549.958,12201717.8,12795368.66,14142256.21,13242773.3,10485369.78,10887878.53,10002486.61
Com_12988_pos,1420301.05,1268881.89,1098945.776,1894908.662,989366.3742,1490567.994,5603755.721,3085528.247,1346458.254,5076333.716,8330082.587,4731551.179,3906072.893,2928076.62,4429646.298,1287710.197,2913536.763,1316062.534
Com_12995_pos,869424.7864,788754.4221,901027.9844,936335.7689,1623011.427,1037733.866,686113.611,1483552.918,2488605.975,1199335.24,635733.195,1052415.404,840530.9091,1075769.505,776818.3947,14658315.99,23619326.81,25410080.3
Com_13030_pos,192965.4154,220457.1929,1053453.961,229138.5207,144640.9172,650788.0615,774082.7621,231258.5632,131191.3068,255096.3976,5214777.713,319362.1414,302214.9877,155808.1052,231208.7266,620229.6833,170434.0317,1086674.987
Com_13064_pos,221478739.9,203984560.3,177664919.2,136956373.2,168459960.9,124483103.3,112761751.3,151557976,164172322.4,136041127.6,40069016.4,146366248.4,146693033.2,184585144.3,139575627.1,121649327.3,32464606.08,78321112.2
Com_13208_pos,61954692.92,52040719.71,40567390.51,30142162.43,34280532.57,27917096.75,38765621.61,26876697.1,26169164.8,31331547.75,28162711.64,16820891.34,29865564.2,30207009.46,32008724.96,28745204.57,32171797.72,33439933.17
Com_13284_pos,5914753.867,4721275.855,2924176.31,4196096.093,4764227.331,3567146.706,1075239.16,2991119.844,7452520.118,3035921.007,964155.7673,1102861.342,2537867.704,3239536.838,3145412.19,12570578.64,1532167.81,34834423.8
Com_13424_pos,890611.1965,1836738.017,15021609.37,4309373.952,994289.0561,2060073.923,10437026.5,1842066.781,2352496.541,2060730.186,6440445.102,1161134.675,12652886.95,6416236.052,10178625.58,193187.2566,971723.4465,982707.4092
Com_13479_pos,642297.2531,1462183.528,3340501.551,1035112.421,3653416.498,10499682.01,1410179.314,1459323.966,706513.0162,3125009.033,1658340.104,737099.912,1128802.122,724986.6857,1481487.271,1334938.145,932382.3134,1287878.162
Com_13494_pos,10297968.63,20063651.44,15543366.06,13189825.41,7521745.304,33336817.57,15255411.91,30422349.19,14512826.69,43430502.7,26695376.7,21220479.35,23598449.4,17800930.63,28041358.54,27921060.34,22547666.44,28345972.21
Com_13549_pos,293924.8471,298680.7047,247456.4878,242225.4842,288382.1456,337595.5069,649108.6764,295487.363,383150.2306,275082.8406,619893.8781,665822.6063,347503.8131,347121.1091,328896.4973,453181.712,654759.6292,532586.8943
Com_13648_pos,49304659.97,29006058.45,35285686.21,28453248.04,72500127.86,20841652.71,23113452.61,37545485.35,18455486.19,27063194.61,25591860.55,29951292.57,37173544.32,63223894.36,28243327.04,13656534.34,19993778.17,16363242.87
Com_13761_pos,148655.3857,163847.8128,144359.6407,149797.6794,170375.5358,186088.5633,123838.0956,135695.7718,130028.0641,114731.8111,116998.3494,188543.7701,164707.1725,177603.645,145001.7037,171774.0453,185251.8051,245989.6604
Com_13767_pos,2104668.71,2281585.529,1908583.163,2171300.926,2953489.842,5313627.073,2965046.173,3516018.28,4176016.243,3119929.343,2724104.058,2515867.848,3966595.069,3514032.309,3484323.867,1581597.845,2741643.528,4835203.493
Com_13784_pos,471143.2884,286798.9901,324098.3751,345547.5424,612645.727,390438.4844,554227.6512,412910.7822,464635.6942,455783.7908,319868.2875,245969.8535,463278.7079,494216.3993,404557.6568,612937.434,526717.8157,439161.7301
Com_13914_pos,81368684.93,72044473.13,45396812.14,21023493.23,26305892.59,21644442.42,39844441.37,22459876.53,26736718.99,18383394.53,36748713.17,43569612.71,16834077.53,17896753.84,14761375.66,34102422.14,15716304.39,49787150.57
Com_13923_pos,202718.7373,196294.3837,916000.9194,488234.3015,1151848.556,1760905.014,453945.5696,11938358.28,9000558.17,11511873.13,415743.6723,535711.7789,190460.8023,212047.3577,180031.5458,1478651.508,626480.738,457406.935
Com_13972_pos,106006047.7,88791442.14,111349764.4,126687738.2,141530013.7,118840948.1,138304800.1,109522784.8,77427968.64,11259414.45,9224495.517,37954642.79,12390778.3,198986706.7,170220346.8,131585592.1,170239260.6,115459489.4
Com_14048_pos,63936728.72,59870972.24,3837920.284,12596062.17,16703151.3,14726295.22,18520043.07,14656220.38,14017061.34,1338348.093,16810047.2,16002952.65,13328538.19,12140270.95,12590610.16,14263386.37,16061614,16072447.33
Com_14097_pos,11275751.96,12134166.12,16149916.06,12847182.72,17890790.78,15054681.68,9055829.735,9735014.756,5751443.739,9780764.33,5712346.728,6533566.826,13891296.88,15757277.93,11923925.83,5773583.237,7459415.044,8879636.437
Com_14103_pos,1606417.798,2893789.11,6067933.837,7832079.709,16568496.62,7551621.691,3496787.623,3636558.046,6737316.604,7468745.32,4007529.866,3026250.832,1981934.869,1036734.583,2300448.435,4544984.863,5622698.972,1891287.705
Com_14105_pos,809672.7368,621439.4013,660731.3663,1341917.763,751278.8844,1345227.388,1222411.334,1047663.138,1120260.398,2091261.279,1033030.321,614120.4275,1314491.117,1110845.22,2113594.65,1248047.822,632653.2119,911697.7947
Com_14156_pos,5830444.527,1372958.44,6090496.921,8539775.557,9135537.634,8636701.7,11628086.25,9960252.583,7777975.482,8465470.324,11260039.52,11910163.93,10444910.08,10817448.31,11267906.69,9272819.368,15106653.75,10453046.99
Com_14191_pos,1045567.867,678814.3497,671683.5106,724114.2564,2337853.852,811602.2364,9648635.4,2376450.891,1326471.772,1077564.822,10139465.55,8839961.717,643589.3895,737164.2211,600534.0343,1392526.356,1092779.788,1360730.545
Com_14231_pos,99861871.72,93283636.85,95860743.33,118944489.4,137138439.6,94132584.06,69322086.58,123971058.5,123599051.2,98976821.53,63253548.4,56397028.19,119945943.2,135491013,116991220.1,81432233.22,90718799.65,77480399.05
Com_14267_pos,2596476.746,1276637.156,14609347.03,6032111.813,4783521.702,3210323.96,4408069.349,3092926.866,572349.9157,1983241.753,5233298.493,2151892.045,9918162.308,3419792.221,6034393.088,2666277.98,2323936.424,2953417.26
Com_14325_pos,292220.5532,1284364.502,5622636.333,1888709.791,883377.9492,2880683.691,928136.4372,350363.4536,276166.1457,307227.6738,2596465.968,556952.7092,2175528.423,353159.4482,1231731.837,2534803.444,296688.8221,1847024.058
Com_14443_pos,26458618.22,48687219.89,32803334.31,26812794.75,19825735.34,27228427.96,20822739.3,24225281.28,18346213.14,25180289.73,19488544.02,14419348.96,25545748.72,23875486.97,24069650.88,15809999.34,15263662.68,16071026.05
Com_14586_pos,192206965.9,155008609,156249967.1,138255043.8,144186154.1,110637840.8,61323893.41,110317665.8,129417562.3,112310074.3,51362802.16,22250013.1,136976069.7,167873770.3,159437853.7,71272386.57,73692319.57,79739112.4
Com_14679_pos,3286564.246,4767227.993,2542735.301,3493673.574,939357.4749,7745731.887,8264529.87,6993038.281,2650678.057,4967345.58,7837009.556,7220783.81,7407147.372,10758810.58,4436841.651,1946960.157,2267573.38,2364966.016
Com_14685_pos,4749533.551,3699160.337,4074753.138,3541449.568,7460740.026,6381977.11,7230052.98,23370665.25,29038634.8,16588230.3,7111292.933,9137439.544,5834195.038,6733547.991,6336039.148,10059358.76,13197193.73,8423593.727
Com_14772_pos,47084173.29,84634442.22,61332936.72,36749601.34,44328948.62,38409378.67,39184401.91,33362892.05,34679527.51,30981100.44,26747511.48,40124149.73,28307394.67,47724113.89,15531236.73,35582220.13,35353987.03,37191669.48
Com_14796_pos,731857.676,698165.0931,730531.5034,774933.2245,807483.0273,651693.1583,643987.8786,666259.0277,663174.1424,1917373.536,582269.2883,692905.851,5953765.424,16795457.27,892513.2094,2385657.239,589646.4227,2247549.462
Com_14928_pos,3521023.4,3980069.809,4450815.504,4657261.75,4631890.159,4776181.024,11806437.77,6053284.027,3924660.617,7020693.18,10650924.44,9133291.186,7002724.782,8838495.405,7691679.222,7329684.756,11023093.92,7832916.632
Com_15036_pos,13965700.82,10508407.92,4012651.402,1840325.994,2362816.588,2094782.649,11371907.4,1149188.393,2067757.785,1154156.93,9474019.275,15619958.61,1038587.529,1983719.702,1040808.626,2917289.957,3107886.369,2580303.221
Com_15103_pos,476875.0763,408379.3157,398189.619,373500.4737,763816.2776,281874.5575,443576.021,503095.6082,1699318.57,359153.1763,612277.0044,2383028.782,360930.8837,562117.2902,353153.4643,12294795.32,22585581.22,3522483.757
Com_15110_pos,4062430.377,4564174.528,3696436.018,5583028.947,5959841.236,8381309.492,3458753.91,6039397.274,6645130.208,7234679.408,4402669.239,4357490.817,4397228.729,4563306.478,4112113.468,4266124.568,4472412.216,4640153.902
Com_15202_pos,25350531.66,17405923.61,4279014.949,17975181.25,19828938.4,12590947.57,22537627.77,11787626.71,16221097.79,18580785.74,15442780.6,26155660.3,11059361.12,16889124.69,19309513.59,5932009.25,3859188.248,3378418.958
Com_15221_pos,849024.8677,1779206.491,859605.3805,911852.2147,950153.0757,746043.5154,1499560.138,768232.7306,792988.0682,819805.6321,1290250.834,815331.8439,860540.447,948071.025,900641.3968,18685539.61,16526197.6,17658107.47
Com_15229_pos,10018379.89,7897644.07,4354750.548,4262221.839,8087772.511,8193938.401,11626541.81,6870518.712,9613389.517,10591406.94,12077013.25,23718956.54,7288431.144,7376966.879,6994550.297,8386440.005,10774773.08,8670915.477
Com_15270_pos,11001659.91,4761904.946,4495115.201,4425314.22,7083719.039,6754764.489,1817597.201,8662698.089,6311616.217,5771203.841,1853777.375,3025579.156,4623190.663,5391795.837,4074072.055,2163272.806,3154748.572,4060510.94
Com_15272_pos,471120478.8,455217206.3,472262117.8,567821245.6,660475220.7,539023690.3,271829113,556828467.3,563467079.6,522196494.9,329896112,395786592.1,461471221,535388523.9,461770806.4,294072058.6,344916610.9,275944464.3
Com_15444_pos,8126149.835,5401098.116,5577854.76,6548727.774,9988721.304,9679621.344,4948935.128,9885163.123,23336337.45,10025557.38,4232924.059,6035356.424,12051138.6,16371717.95,25927500.43,9804398.517,22050860.6,7929770.753
Com_15472_pos,2563271.48,2285538.516,1872222.813,5047520.391,1733247.12,2007860.235,2839127.503,5119707.523,1817976.768,4700603.203,2588484.193,1750063.163,4833312.058,6279503.548,4246627.97,81586624.69,2207293.139,1931708.74
Com_15557_pos,16582065.21,55188681.2,56800369.98,18439989.94,16136001.66,16416425.02,11597507.42,7429913.406,37738042.77,8991462.693,10911330.96,32820934.12,50185825.64,20966714.21,21814122.11,9026970.959,49456886.11,51094921.83
Com_15608_pos,37741100.34,23335468.67,22247352.75,27381549.88,34304427.63,31270400.36,16796581.91,25573845.47,19392273.51,42009786.44,16210028.18,9268976.014,35111568.21,34308533.68,34542423.79,20253604.09,24200993.21,15821008.94
Com_15625_pos,1873496.927,854489.4867,1100126.399,2118062.957,1024073.077,939001.9358,4787024.803,2102266.501,1061339.765,3662965.002,3955184.679,944810.4911,4613447.217,3810535.523,6414371.738,1213015.245,1459748.285,1295081.813
Com_15914_pos,2235610.978,1973869.757,2185291.177,2408550.43,2337947.198,2178652.966,2153334.815,2112220.97,2641379.045,2498385.687,2076292.068,1961662.238,2911699.313,2831332.551,2968843.11,3483219.154,2874583.563,3472423.297
Com_16004_pos,226726.6597,217716.2889,1757028.055,4929069.385,4247269.187,1764777.88,805034.9924,4301686.66,3362111.55,8027606.454,574086.3431,907160.5396,14181774.05,8953304.156,7316005.337,1369659.867,1180469.139,2409281.779
Com_16066_pos,111050.0399,159965.9521,127431.5587,117792.8997,161492.7574,181679.7777,105822.8487,106409.4641,96153.51729,100548.7561,104214.8883,167941.8595,135439.2965,170261.3127,141566.3425,131495.2957,149863.7161,186406.5343
Com_16147_pos,1236621.188,1016064.919,889140.8756,658806.1444,753580.3976,571160.5137,924698.0856,599484.0494,659088.3815,569308.1244,779167.2045,890891.6456,534726.9041,623573.0429,555083.9209,679368.8309,766690.8928,797576.2122
Com_16158_pos,314292.7237,319378.1442,912230.5744,353146.5274,308365.934,360989.5945,694089.4446,315963.516,409701.0877,294145.0376,662850.1716,711961.5864,371584.5087,371175.2848,376251.6142,10898242.7,21356659.59,4816027.513
Com_16320_pos,3402800.985,949456.3638,4689820.505,3058205.455,2242503.889,2276567.427,6640633.619,4222402.886,1350414.01,2102018.474,5261199.252,3550624.532,8306291.389,1312375.319,1412927.408,1897748.714,3351615.404,1611968.764
Com_16339_pos,6435827.158,5356731.841,3182226.052,3535546.922,4676691.762,4303844.485,14259005.21,6002791.387,5103269.696,7376858.919,13863405.17,24369698,3176773.453,3473493.188,3284861.618,3866483.976,5654608.808,4003232.468
Com_16475_pos,28862702.75,45339866.71,26468633.58,23678139.84,26301249.04,18113598.17,9906772.542,21265895.99,26973467.12,16437170.35,25410622.87,15649529.29,18426650.33,22218840.58,18744050.57,13531772.6,16112802.62,14986786.43
Com_16483_pos,2313965.798,7219591.781,16803971.48,13561050.53,3399893.841,6266007.949,5103446.488,4727184.316,2977333.508,3148987.25,5179178.348,12518767.04,4482341.868,3037507.295,2597550.954,4111359.242,1049591.764,3973211.808
Com_16504_pos,13608531.23,11872614.71,9379222.119,7801615.811,9608175.583,7084782.128,14369498.22,9032942.288,11536386.69,12742052.97,69880692.05,2719692.157,7804284.116,9096279.569,1702800.137,1473780.179,8290882.001,7836418.165
Com_16590_pos,665523.8161,631601.6791,585653.728,631581.8923,729091.7782,580640.8231,3330372.301,617570.0629,606625.1242,610889.4545,1713492.33,2074584.029,603486.5222,644529.6519,1109312.011,775909.9323,743260.3159,768784.0363
Com_16610_pos,771967.8284,2007779.416,1367082.379,627152.3074,1767374.185,1630908.657,2145742.949,313425.6589,456107.5104,1055366.513,1301073.086,2540793.222,655407.7026,1100428.602,359256.4999,7040828.814,12265214.39,20538182.24
Com_16761_pos,123327.2723,133498.6717,109993.0856,120380.0432,170602.0119,184908.5609,156170.5002,125026.0514,98975.51278,136117.8117,158643.8619,157197.6238,125068.7584,125488.8957,98414.59601,83651.93636,81661.21899,105163.4808
Com_16770_pos,915668.4271,837993.0081,748551.9138,623107.3327,777338.5239,835670.8155,761128.6337,331512.1154,967923.0044,364009.1154,717285.5856,779473.146,389870.2233,657879.3934,546121.5631,455529.1996,460744.0715,505843.2796
Com_16913_pos,29211009.97,26318676.99,33151743.33,45206169.6,55159927.63,33980927.11,6896929.118,35557014.36,38807495.28,31644592.67,14469854.73,12804950.61,33462643.92,37209157.05,31613839.55,30569441.61,10078603.82,20918225.15
Com_16914_pos,1009385.437,777695.7321,888395.1688,923207.9223,1600256.08,1023184.373,662649.1661,1462752.842,2453714.605,1182520.023,626819.9311,894539.6417,12129101.25,4637349.506,5907288.957,936513.312,1043057.095,1000189.81
Com_16960_pos,8933350.951,7593914.281,10277730.48,11693489.73,13746405.51,10429188.08,6901517.55,10609724.77,11115610.72,10076140.54,6784722.402,7011459.076,9589444.981,10297763.75,9452492.6,8356266.631,10189434.35,9745907.065
Com_16995_pos,5705708.801,4538956.46,3895852.473,4161304.539,3469474.301,3835063.565,5449369.916,3698108.545,3869775.93,2851962.01,4941775.591,2507501.703,2799190.674,3083912.651,2929632.195,4741759.181,3811498.428,4455436.265
Com_17154_pos,4501217.179,2986051.126,1203429.564,1050220.058,2800647.726,3146439.121,4401301.64,3036762.216,5185571.633,8793998.56,5662163.303,5353265.585,1907489.681,1091934.845,3277330.136,12328308.58,8209442.821,14474597.78
Com_17157_pos,23394140.22,24873475.14,20806122.68,22054165.74,24167501.24,23757052.94,14497091.4,22988623.78,14546907.23,16497335.16,17461701.83,17690678.17,22263093.24,29839567.9,6030162.452,12137093.73,6435398.889,28475687.63
Com_17214_pos,8690813.57,7248487.982,5247018.104,1344471.049,3569742.931,3690159.418,3651480.459,2141720.375,2895808.359,2266266.85,2479313.416,3102729.162,1495778.7,2242423.171,1197870.485,2583642.012,2280263.314,2375726.134
Com_17244_pos,12068380.27,11035115.58,10313010.86,7789695.996,25178702.34,6727749.409,8189580.415,3539150.97,1489135.219,3883268.645,6721670.929,10804697.42,5534753.394,8341301.378,9104370.546,78605461.38,67502192.37,85667548.14
Com_17287_pos,5531842.279,6540548.881,5555011.119,3258965.507,3722342.413,2761142.161,8112089.372,2519284.562,2192905.984,5695630.579,9872768.325,3688962.204,3292584,2030306.635,6171442.759,5654692.788,5844253.195,9071264.283
Com_17348_pos,65688187.02,61054485.38,45079621.15,14893936.24,9280769.547,35622358.29,28751457,7904477.591,20556750.13,13611504.17,23900912.05,30239763.03,17223899.12,26813285.05,18995028.66,17432886.96,17199974.79,8714705.505
Com_17442_pos,11481989.87,12181897.67,9305129.41,12610933.77,14209877.76,11727082.4,15992577.97,16234419.9,14681590,12439915.45,11698748.38,7194939.706,15800934.48,14866811.45,12884776.97,8827836.967,7353448.463,7963797.431
Com_17495_pos,20254513.85,17974640.96,25861071.94,24799890.89,20003798.03,23406695.49,23248807.76,23221189.99,18587915.77,22018218.12,50177371.61,7278496.899,19946393.54,19317499.97,17318412.1,21686109.91,22617625.36,22922224.08
Com_17505_pos,348559.4717,884661.8039,1718805.918,3541297.86,12529244.67,6412623.579,570805.5507,748029.4756,1425796.801,1282735.92,969214.9179,397035.5128,1803907.784,2188172.816,1501651.718,1448223.275,1342834.981,1278478.838
Com_17512_pos,9757623.236,8976845.67,10604028.08,17112230.03,15687806.09,14724427.38,11299281.8,21134655.04,15031653.89,13261647.92,10089522.37,8041188.015,19996716.15,25041106.82,18074501.07,13011875.8,17147716.49,11301959.28
Com_17586_pos,967913.1331,957393.0998,3380179.505,7118832.589,7416376.673,5442765.304,2892337.268,8543293.89,9961447.455,4991682.673,1739185.916,2202630.328,10570706.23,10643233.12,9754745.54,6803303.423,6224321.959,4633993.105
Com_17615_pos,16102563.08,15690947.55,19859791.15,23108289.09,27875176.34,21616060.32,8151757.507,18718816.29,24948387.01,18889167.18,6245890.569,9845389.866,17961231.6,17968975.42,19068000.43,8211360.346,9961201.332,10494351.1
Com_17617_pos,287126.7776,297137.2642,320596.6055,291631.7516,332269.7627,422839.2809,331705.2727,290596.9785,269529.6375,284597.1765,281876.7354,373654.6449,389756.8421,334163.599,316427.5054,247527.3222,298662.6757,330774.986
Com_17680_pos,769962.7288,731677.1317,345581.6262,526570.3317,323715.1143,248067.3442,981628.1007,565537.356,439654.1401,523046.7569,1118182.947,1136476.732,1190113.455,1167385.097,1398261.877,707512.7899,769910.0505,691523.3497
Com_17695_pos,249017.4107,291358.8586,253304.429,251839.7908,275591.6516,339831.4367,293531.0174,241278.6251,239768.5985,213647.7748,261518.2605,315092.6404,264132.3507,299323.0903,253055.2726,250320.1038,285443.1703,324490.9424
Com_17720_pos,15640517.66,18051721.41,930968.2007,1016633.647,1163459.69,3256979.298,863715.3582,893585.3824,889447.9399,889588.2078,780938.4984,899389.2812,970262.6264,1080621.607,927778.913,744330.6277,782994.456,757493.6857
Com_17728_pos,335547.2359,300933.8023,358766.8293,366636.979,342651.6838,365548.2216,351103.671,408040.8492,306608.6974,393176.3838,310494.9597,300531.2854,331258.2685,363287.4736,326077.0836,331622.5887,315302.5516,316352.3641
Com_17742_pos,2510019.098,2119444.59,4765264.465,4107649.597,4414823.702,2601279.336,2388817.463,6120045.108,6299857.556,6708575.959,2234356.445,1472000.961,12604779.2,20159039.5,17462758.57,9730450.93,6810423.291,6059323.21
Com_17755_pos,292980.3571,221741.3223,1084047.916,170308.8421,378953.8131,193352.1069,180966.622,319778.1228,748780.0492,389265.5757,168072.2433,249252.3416,277466.6271,207313.4864,947113.6353,2069270.768,2385616.667,9019648.437
Com_17825_pos,1707055.75,2055314.491,1029755.816,547628.5813,1128800.011,626579.2198,2139104.432,520854.0753,145316.0958,651272.7509,1806951.9,2991380.219,817230.5761,1324406.565,1549880.658,1284093.699,2109934.572,2653763.035
Com_17842_pos,728283.8398,813817.3628,814947.1347,1058372.22,1523165.929,1317412.441,941198.7113,822504.7095,1301856.143,734641.1793,976784.7852,1813089.445,935232.1141,924006.9704,850320.5307,1260981.155,1635131.78,1206571.018
Com_17884_pos,6548423.524,7188359.724,8246973.346,10838547.37,7537210.685,5744431.464,12648301.62,7950553.126,7872304.981,8424181.245,14924716.44,15483018.65,15041641.16,15115185.86,16422754.45,9474771.388,11554953.68,9992403.153
Com_17920_pos,10800469.5,7137239.654,9858872.154,9314951.638,11111732.72,9003988.398,31675680.97,9591974.416,20033894.89,12320141.01,45811106.11,48812659.6,19157302.54,24395917.85,28600001.73,5658445.996,5138036.413,13226748.23
Com_17927_pos,7416576.406,22074549.12,11360495.5,13278687.2,10064551.07,10107124.93,13446881.43,1633157.285,9735851.719,7749436.834,7988613.166,7170099.543,9567194.048,10244978.1,7468363.757,9666371.529,8411590.1,5927619.176
Com_17930_pos,17661356.79,22186311.1,29711773.93,23030085.25,18481426.69,30552041.52,36907521.46,26437915.23,14438337.41,21422387.39,30222671.53,74163558.42,27518209.32,23791633.96,23624236.64,21266085.48,35382200.8,22077068.93
Com_17931_pos,2059768.218,2427639.409,1376245.901,792824.6552,766560.9791,2260148.988,2236532.776,1760057.643,1978712.341,2343792.862,3523169.055,1481358.304,2439625.339,635165.8512,4195499.087,1509743.247,969450.6139,1491807.137
Com_17960_pos,1135749.394,944377.4207,981697.8321,920596.9911,1018319.562,2124762.524,714560.4341,935433.8482,906507.8116,627313.1327,619492.6163,903314.7321,450811.2346,750208.4571,419280.8667,4497136.606,4334975.08,3393997.493
Com_18085_pos,3769116.582,3360729.126,2752976.462,2586381.106,2327618.259,2952422.076,3988251.621,2418645.34,2667045.875,1667287.089,3806190.164,2573348.995,1461206.986,1761259.46,1394166.261,2650934.627,2641031.938,2840446.477
Com_18123_pos,1242909.759,2423447.885,2876747.66,4876054.98,1188105.886,3510432.91,6489030.88,2174896.869,1399311.176,2857107.694,3482981.062,1910381.079,4468035.346,3117134.813,3241368.951,6518487.141,1364374.42,2114846.833
Com_18150_pos,24688513.86,1143772.826,7909622.344,10038477.2,9474994.96,1900869.534,23864512.17,4681009.373,3939410.531,2885824.856,5946723.871,6595739.276,20050623.27,9577416.154,1519589.511,7987853.1,5593563.005,1818114.419
Com_18180_pos,2857986.229,4854660.979,4004206.617,3037504.619,5247333.339,5791377.604,1696164.763,2176162.659,3033952.577,1617213.214,1446395.286,2370967.369,2367709.274,3407722.024,3102426.372,3931742.248,4418049.791,7952444.676
Com_18214_pos,7680887.683,7915080.683,6559878.747,5164450.163,7762078.164,7196495.676,6863613.364,5049819.963,5097089.767,4755624.573,6086149.348,13246686.59,4946771.614,6089593.647,5252700.821,8331018.424,9660570.775,10127940.61
Com_18240_pos,3613960.089,2319694.512,1832372.879,1018496.848,3043217.413,2721491.003,1617508.157,2376727.39,2001430.21,1245806.436,1501616.204,3715082.919,935493.1436,1011186.097,959437.2065,1811354.905,1206380.878,2072048.761
Com_18302_pos,478463.5083,336002.3672,802876.6605,1737343.468,1710641.03,193603.467,753190.0807,108505.4217,1127813.594,198832.9926,398201.4524,288203.6484,1313409.73,2372441.27,1875040.476,584238.6106,1640080.948,1375622.056
Com_18378_pos,1754899.179,1417959.803,1207264.532,1152509.256,1014961.279,1141366.507,1752650.343,1090631.413,1295766.294,782279.1221,1549638.571,3197069.404,1011515.674,1928052.183,1731652.965,12168848.38,12027968.48,8876312.139
Com_18382_pos,3105327.056,5807872.23,1839383.24,1572137.304,2199560.706,2438499.472,2027101.37,1200653.914,2083064.395,800336.8689,2073921.127,1181562.832,1885269.957,2071761.025,2009670.981,2909465.248,1605864.772,3533147.841
Com_18415_pos,5124470.11,9144854.636,51837231.85,11311106.17,5745482.156,9971702.245,34351283.39,8770120.917,5530522.377,9939538.978,17513903.58,4732784.617,37618643.28,15639623.17,32879558.79,9856101.1,6638607.101,8479752.578
Com_18446_pos,2493105.557,2869969.542,13372240.62,2889564.782,5252617.999,4270953.681,2591558.052,2190579.119,2017029.633,2407793.968,2160532.263,1181936.389,2753936.239,3358128.482,3226907.299,1710215.192,2057263.577,2129747.092
Com_18502_pos,121860356.8,116919078.2,131062181.7,152345822.8,172029139.6,116921780.3,61602017.83,141763085.1,149634008,135872703,51763970.3,68746150.5,153342417.5,183236421.5,161642975.7,78690245.69,87951144.78,74093940.87
Com_18527_pos,12810273.94,12029095.23,11679025.1,13216296.27,16068337.35,13498688.54,11315376.03,19081391.28,20722539.05,16870735.28,11456109.56,13633036.19,12924491.72,13023691.11,11050452.99,12176916.57,14309873.88,11802418.34
Com_18701_pos,11960265.45,10894606.08,8704741.118,7372472.714,10365783.38,3366216.898,8199644.88,6623383.317,7983731.176,5419604.714,6890463.147,6437440.628,6683888.782,8733759.278,8102343.203,8377492.819,9014428.788,9576625.141
Com_18774_pos,88069052.98,70845825.1,76706916.95,79604330.01,92106615.93,64339530.58,30966647.65,62183041.19,62613220.04,68283734.93,29126617.91,12413254.48,101821019.7,125311222.4,105186847.5,45024987.67,44747800.12,75290601
Com_18963_pos,10628763.09,1784831.278,12409756.79,2175251.801,5802307.293,21578022.8,15215450.79,9681439.085,9586250.996,19838431.55,14720576.99,11595900.26,12643978.77,7261455.08,14303708.77,11117351.99,7027852.39,9278369.193
Com_19021_pos,717733.9855,699452.2127,923770.2053,660657.3606,591050.9839,866779.7308,1184704.228,598055.8365,2655154.192,5024490.063,8345375.905,1770852.141,823833.9801,2593810.534,2885351.289,968005.2827,683195.5154,1244558.145
Com_19280_pos,542285.0167,499452.955,555189.6276,579760.1785,492845.5394,515214.6252,574736.0661,565262.8518,534952.8317,558264.859,580980.9788,2157021.701,492282.9087,513457.3472,491752.5901,585873.088,550640.1709,570574.2736
Com_19412_pos,697059.4598,581978.5133,552504.8524,445489.3503,650398.4044,411985.2441,1111665.787,770152.9939,1002947.224,638396.6236,969053.2456,16042418.9,481210.6533,556253.48,538804.8016,2820470.586,2615222.826,2489886.759
Com_19482_pos,504475.6373,625627.0562,314366.9336,226084.8893,318535.6511,679330.334,1098849.283,287157.4565,344339.4529,234746.6917,1238710.244,404295.6665,742621.4523,321842.7142,262023.5185,422659.1111,382827.1636,790902.0067
Com_19538_pos,1718159.771,1866928.798,6001511.67,2820702.888,3173400.358,2031432.814,708340.389,1078200.752,1774302.704,874942.0144,629095.0437,1634884.166,658579.2201,1005717.015,676605.4989,11505106.41,5018828.862,4123913.862
Com_19567_pos,1528013.684,2343291.185,7243177.926,2927660.919,2345242.476,3113843.047,1516232.867,2626631.776,2130094.768,2503229.112,1517557.752,862094.2608,3204136.938,3825662.427,3326487.312,2154390.95,2683456.166,2829892.162
Com_19628_pos,470671.5288,422521.962,1982518.277,901697.8206,640036.666,530325.3344,5728525.337,791162.1593,1477069.411,1593313.835,3692896.788,6912863.956,1620361.901,1959670.549,1653961.215,958805.887,727116.9342,1347585.344
Com_19675_pos,6359141.986,4259335.511,4030105.868,5993135.205,3192572.419,3251816.791,2881770.159,2794717.548,1689537.58,2923127.971,1918395.412,2432488.694,3595215.564,4591983.163,7242516.625,3589201.405,6479278.548,5048535.928
Com_19682_pos,5815983.501,8510528.934,9847029.85,7904029.012,5816261.821,10091918.96,9182982.323,8289582.051,6132831.407,10292882.24,11152617.79,5378202.122,9008164.293,5375688.606,9962185.645,19609978.24,29385497.43,58128083.27
Com_19686_pos,31570074.5,23240261.27,15150268.4,13125069.18,20475362.37,14007470.01,17263061.32,17285650.76,17467823.43,15082376.36,17418528.22,30028073.21,10487149.38,11326937.97,11291036.7,16850511.17,17392664.28,15167282.29
Com_19720_pos,4256903.674,5263661.496,3700273.845,3048186.947,5769676.753,3414336.184,5370323.722,1389619.112,2237993.62,2015715.684,4411510.171,18049433.84,3615598.618,3603262.238,2901246.757,558034.0448,3686016.239,3063125.133
Com_19760_pos,1384566.159,1509979.483,1912296.659,2036121.289,1972927.651,913863.2406,717145.8812,2410541.864,2143350.625,3878886.967,660416.3949,392790.1323,2076006.337,2787778.533,1587222.236,1264351.918,1473674.205,2519377.279
Com_19765_pos,4329872.414,3918676.571,2414353.814,2516893.458,4782366.652,3229211.532,1687850.864,2735286.02,3259087.167,1577885.066,1471520.965,1858620.345,4574731.674,4356268.87,4867950.277,2575652.977,2814324.182,3193665.363
Com_19953_pos,2334294.634,2088698.157,2467493.026,2129820.231,1997038.583,1824811.467,1737029.455,4448401.384,3839216.227,3369140.128,948655.8117,1606636.408,2708017.417,2195627.772,2471460.435,2389263.399,3089862.963,2679500.935
Com_20140_pos,4743795.352,5817236.77,4326779.662,6660313.596,5721857.234,4147334.61,5200550.455,3314853.65,4827925.234,3561142.512,4245470.087,7305312.904,6395897.25,7673055.706,6471535.355,3978380.043,3792988.08,3326529.026
Com_20228_pos,225766.2704,667156.1525,1419205.816,390903.8517,185173.2007,2247905.66,5952325.7,2653945.059,392496.18,2887188.728,7094724.7,5252471.016,791350.7022,217339.4845,994825.1802,2919882.866,791886.0975,1877269.02
Com_20336_pos,278312110.2,232123985.6,221818686.7,273377945.2,334213995.5,274782610.4,158416286.5,265952529.2,272319237,276242120.5,158172897.1,304664963.3,199224735.6,252527498.5,221800605.1,167164492.6,196338742.5,150673059.2
Com_20371_pos,181704.3531,224820.0271,462071.1537,163779.3404,319279.043,234722.2189,184132.84,168313.1442,156957.184,157982.6752,157254.7256,221663.0285,216357.8338,185497.481,175652.002,137404.8366,388906.0368,194232.6889
Com_20636_pos,851570.3999,821822.9239,885904.3836,1003595.511,605509.5362,753786.6727,1806359.864,1091117.518,613096.7746,1848380.46,2791565.618,3458452.766,1236524.979,1291373.168,1649636.187,1501468.896,1298519.66,1253814.761
Com_20699_pos,28683716.05,23690420.29,16745621.6,8392813.49,8721530.634,7957327.763,75646563.29,9080248.144,10571209.56,7262598.692,103137093,90602224.12,6760566.516,6414544.002,5729381.289,912014017.8,1397294523,866746482.8
Com_20796_pos,237340.5867,329539.4723,289610.0152,239164.353,1013780.9,313755.0431,195157.8449,216649.494,207600.5312,172807.8744,186797.5168,266165.4063,261205.931,217036.0562,217546.1359,7397263.757,16035630.29,9885174.308
Com_20928_pos,579992.13,1097994.923,2423129.466,3043448.943,2831010.959,2569887.954,2291923.804,4044624.395,3178197.436,5464646.817,2813938.331,380472.3688,4301420.094,4831523.021,4845046.378,1572728.673,2340085.665,1359574.753
Com_20973_pos,549555.3525,497276.9456,540200.078,590267.081,729199.4418,523860.8133,462407.3186,573223.7085,616287.4996,567570.8976,477944.4314,482812.181,560973.6172,633806.6178,514532.8969,744668.156,697324.2865,723791.5018
Com_21040_pos,3676214.505,6186695.134,2602418.004,1997174.134,9678285.44,9061191.09,2242058.435,3099853.624,2294758.112,2810399.186,2611594.432,4583929.333,4302765.32,7140793.906,4101204.128,1459759.525,1572674.171,737755.1502
Com_21060_pos,871272.5787,487535.8475,1602653.568,1980998.314,2140088.222,138497.15,337441.6766,82279.19883,378210.8223,71092.64592,510976.3342,447468.9838,1109744.451,2064487.611,2969282,1518065.49,2297990.044,1742157.586
Com_21065_pos,553231.2586,21114887.61,30122104.14,810043.7643,1459166.525,537622.6114,905978.7464,564958.3231,779249.4413,511554.536,789753.229,1062657.998,547417.2728,430023.9314,374358.5329,10835297.69,2131338.686,2029193.047
Com_21117_pos,3639581.748,5860122.9,5011890.046,1851806.698,1877231.887,11439566.58,7687679.676,5041724.008,1877848.812,4251453.431,6483540.194,10624534.32,4293821.75,3614694.323,4873554.929,3910053.567,4665408.607,4955511.318
Com_21270_pos,2130006.272,2340101.226,570242.8216,615916.6098,726808.0914,575440.3147,6907868.215,540506.5489,673342.242,554492.5458,7772337.396,3139395.627,509813.846,553925.8945,492746.7067,1453753.401,1698437.535,1584032.084
Com_21309_pos,165468.2235,168145.5858,139308.3498,453663.5595,162347.8988,190053.1014,365422.8644,166347.859,633780.168,154860.9088,348976.0725,374832.1549,681382.1137,323361.732,283984.147,301486.2167,431978.5392,236723.1675
Com_21329_pos,15652576.84,26377351.38,27950255.4,20448651.55,25211716.05,18777382.64,19433809.13,21052395.18,21193081.03,17125969.53,17227403.52,15457505.99,40797724.18,27151329.04,36991140.67,19396043.78,16585417.23,17054341.53
Com_21389_pos,1485215.836,439387.9005,1086314.175,1005256.016,704943.4641,2079071.292,1219807.906,1298374.92,1390832.327,2766765.617,1431527.243,1913374.851,1249731.602,424795.5105,980248.9652,547635.6163,722241.9498,786525.2575
Com_21398_pos,1152872.681,2600006.414,1025674.071,566630.4035,2312772.177,3022837.332,622817.2777,624639.4034,234175.7667,650498.0163,783037.3218,2407770.664,237386.99,804614.6761,262489.9245,925286.9018,1012209.262,1218184.592
Com_21508_pos,1837899.113,2566648.233,1697917.509,2393055.901,1958285.088,6315576.37,8581994.061,2184638.766,1821906.589,6189561.783,8766764.321,1570113.434,2094424.226,1691077.525,3064836.271,2665936.284,1846154.755,6832212.707
Com_21635_pos,12010889.99,25473781.14,11986147.57,27948304.73,14465162.32,11232720.7,27038555.8,32785865.05,11530395.19,37123556.14,36936919.16,42533757.57,28235493.14,47126142.21,38001089.62,16087634.8,23074913.95,4373735.282
Com_21925_pos,1275865.459,1433178.925,1340961.39,769582.7518,3055688.581,1522724.949,1441895.231,633455.2765,731760.5244,485690.5115,1312399.213,961296.9334,889718.4598,1128818.211,580492.0379,847119.6028,986356.0042,918586.2196
Com_21939_pos,13069097.23,3479208.751,4059199.487,4014525.505,5817391.574,3972664.438,9167871.262,8011499.052,6397361.384,5571760.152,8791704.219,22007708.5,5778604.2,7009258.225,7829408.526,8215562.982,6751145.596,9595939.618
Com_21951_pos,7281927.306,9777980.767,6730697.431,5183752.801,8474927.67,8325845.706,20644860.92,3545627.611,2957236.471,3370861.709,18182477.3,31440830.87,4474164.403,5700373.797,3573297.625,3470570.176,4271222.37,2506313.705
Com_22037_pos,24982022.32,28965539.88,20720342.07,20208863.67,9650426.373,11224119.89,15804549.58,13695098.4,11374727.98,8590794.035,14384674.51,3708110.767,8133570.461,8542911.177,8219363.442,116690606.4,9516438.688,127069781.5
Com_22127_pos,640653.4548,6080708.874,556964.7594,615201.0135,676238.5583,579717.5097,523513.7203,651124.5342,647070.3445,603535.0337,529497.9887,521042.284,552133.793,622365.7623,526627.9992,1135061.913,974804.9369,1127322.743
Com_22217_pos,47345705.29,41963925.01,29858105.99,11178399.24,14516847.59,8140100.02,7241057.943,13629588.51,14447942.95,8329728.425,6434307.948,13422314.99,8016842.348,8577421.306,7835712.348,6982567.33,8482294.571,8215978.489
Com_22361_pos,46622941.67,37444155.77,26609758.43,20201095.73,16842851.51,25451669.63,37894465.72,18998390.05,22191459.49,13405946.05,35818766.2,8210913.4,12665471.65,13453841.31,12918046.2,20323497.38,20328475.08,26609038.6
Com_22485_pos,1554846.588,3570162.597,5730226.481,1128717.769,307509.8802,7197988.452,3049791.025,2115770.165,516039.8621,5865724.464,4573319.251,545600.5868,669476.7032,194326.2038,858697.6615,2960407.594,646502.1703,1743911.421
Com_22543_pos,20455701.29,14814045.94,12385045.18,9366631.479,22091656.65,11686038.64,16590049.85,6448292.843,12846346.65,5522345.639,17401971.09,43152952.31,14888509.22,16946883.28,16975392.04,22382885.97,21303156.34,16453454.09
Com_22613_pos,1888965.224,1565720.761,1425792.924,1346529.878,1375236.551,1185483.952,1614785.469,1023426.419,1200872.913,941942.943,1674688.746,1392134.714,863331.1104,1040612.384,823721.1552,1006861.186,1110409.302,1050809.686
Com_22625_pos,31774685.45,28791418.64,17661553.86,11409827.4,11006284.83,7455173.7,7731324.425,11076015.36,14827570.01,8484738.021,6267359.487,10308219.23,12833120.53,14898025.27,12284575.49,5429707.359,5522828.836,5746192.542
Com_22651_pos,9160992.801,8055354.917,9280157.457,12189407.79,12140392.86,10576973.04,8793299.079,11883766.09,9797346.021,12537631.87,8730548.988,7375884.305,13007429.8,12326778.06,11192514.1,9821103.429,10469450.98,10611367.75
Com_22773_pos,9134988.39,4362118.849,653607.2624,1563945.771,3837247.481,2927155.611,1592349.899,2493699.305,263558.8196,1373507.065,2112994.483,5354235.71,2097316.436,8696018.635,2196355.003,457831.3321,472748.8329,440897.4777
Com_22856_pos,436084.0615,708743.684,2326644.71,544252.7011,420236.6737,1866078.429,841695.2459,572029.5886,289318.9227,1114695.038,1082378.194,729452.238,701057.177,338672.8703,669193.6998,561946.2655,260539.8262,416559.77
Com_22871_pos,5928794.096,5148055.592,7740847.619,10178384.23,9216485.505,6824520.85,2478782.861,2854326.023,5760632.592,8716186.847,2713893.082,3114597.239,3582376.414,5806715.654,2936452.097,6971477.405,6889399.468,4337906.898
Com_22903_pos,290054259.9,271539157.9,292327392.8,345086188.5,387124913.6,296777534.4,230273817.3,313009321.5,331320083.7,292569320.2,237291468.2,329165909.9,296191037.3,355474526.5,307610378.4,173510128,205946079.4,169599730.4
Com_22904_pos,3840296.755,4256981.281,2103277.784,755590.7081,2231541.597,1991062.678,221026.8676,983995.6686,999096.7904,1074220.668,216528.7809,193762.6783,1402123.636,2781971.299,2286303.289,7357899.8,1883072.746,1709824.518
Com_23023_pos,8512125.33,9251867.173,5030962.097,8792031.019,13594020.21,6195558.502,9547916.615,12919665.7,5124811.192,8635971.052,10068721.32,6908517.49,9752996.392,8970374.71,9272313.663,31805809.87,21356950.02,32658500.82
Com_23158_pos,2235620.22,3311355.482,3668476.998,3603019.546,6318391.828,3782168.07,841540.4698,2702565.376,2921372.255,3362890.443,879864.094,237256.2558,4481315.874,5274502.156,4332211.693,1858585.434,2411866.49,2802764.94
Com_23197_pos,4446998.999,4422426.654,4224948.257,4800577.432,7411819.126,3842353.531,4331701.802,4131821.451,4529419.702,3058644.613,732711.7495,1720219.863,3643194.112,6359545.849,5380239.762,7599041.852,8960620.892,6069455.602
Com_23203_pos,4633272.352,9967115.496,1290181.559,264525.1714,1745522.662,1309761.149,637594.6832,8499552.73,2298524.808,2292895.44,679460.7464,1923832.324,277271.7616,254650.1853,287179.8412,11850303.49,7886043.832,8709684.552
Com_23557_pos,10863461.53,7668547.804,3342610.678,5184791.272,5522155.145,5645703.177,22141373.39,15384381.4,15400947.92,5326024.192,20205497.39,25510136.22,18347570.6,18048821.3,17296423.35,3796869.428,6053529.776,4471959.754
Com_23559_pos,2795467.751,2530313.823,2601251.703,2494732.451,2801328.056,2423915.88,2991561.964,2392123.015,2394755.608,2407113.141,2758956.261,4265632.349,2333580.066,2367126.752,2319072.66,2567871.156,2874424.495,2764621.538
Com_23743_pos,114396.812,1087362.111,1172528.77,392906.1127,256877.7988,827749.8629,353086.9699,900652.5344,107385.7741,391915.7224,174524.7173,816764.3127,671485.325,674197.4926,1379981.215,174079.1847,222065.3222,596045.0085
Com_23869_pos,1259724.969,2055117.494,1610038.517,837533.8775,1349132.148,1511298.397,1381919.785,831903.9936,870909.2603,990409.8254,1472303.621,727874.633,2734080.483,2315490.287,2403823.124,639909.1536,2392925.913,4453372.545
Com_23955_pos,1453054.202,1055859.229,510843.8267,445652.6152,803384.1531,759274.0876,178196.2163,272601.351,339508.7795,178088.481,145674.1932,205339.3481,216927.5786,368383.8735,171856.2704,373323.9559,530584.1261,445428.4346
Com_23979_pos,133954.648,131317.128,130083.7152,144364.0422,139179.001,915755.7378,715536.8407,779068.3207,465647.9679,729653.913,679520.2905,208584.3514,148419.0513,138949.0531,126272.3058,189243.369,307045.3068,296979.7297
Com_24035_pos,3855974.585,3394876.923,4478498.604,3444919.084,3907852.551,2631946.754,4406973.975,3017453.292,2855272.828,1275638.834,2359974.483,1662541.972,1071767.356,1261417.827,721237.8346,5058627.066,3819857.99,3682524.16
Com_24128_pos,258703.233,257999.7383,249514.3063,232080.9651,269271.3056,253734.5985,261780.6752,220878.4663,226491.4132,211899.0346,253117.4121,287035.6721,242605.4276,269268.1521,239773.7116,232367.3458,250641.2994,256180.0741
Com_24199_pos,11529473.2,10333803.27,12361814.62,3832454.344,9602083.438,8906348.442,20987067.66,9634491.372,10649670.64,8184815.539,14587389.15,8904885.446,9087087.424,9997775.525,9641893.223,8663589.778,9270443.803,9047731.523
Com_24244_pos,13288904.34,16479705.51,19941187.58,6732502.08,6094884.117,19973050.49,19050072.4,17230715.78,8630384.476,15586563.6,21980833.16,9554572.963,17937508.35,4296528.223,9978918.194,10964385.95,9281714.092,12027111.5
Com_24270_pos,2989915.07,2914214.253,4417343.599,3283172.372,5014063.607,1884820.344,3422702.535,1690650.262,1693055.647,1706304.258,3321173.935,1646805.879,2432592.764,2806520.73,2489340.109,7390021.952,9936609.581,9300980.928
Com_24565_pos,604388.4276,645134.0303,1491325.003,401770.9032,739422.6784,689654.3208,634808.9565,662378.965,1940387.156,654012.8198,752947.9366,1063389.672,6888719.846,1485814.265,5004211.935,1829123.399,514643.1911,1624634.41
Com_24591_pos,4979279.619,5060348.033,3799381.295,3021103.553,2932345.378,3339865.073,3015775.7,2818827.493,4644811.541,2625156.386,2721214.213,3412506.061,3710015.584,4220667.137,4102971.36,3753477.795,3366392.625,3538154.923
Com_24632_pos,674313.5472,558611.2575,588265.7137,674996.8279,733788.9778,500998.1515,506533.8486,623681.2674,1139506.305,646972.4285,515125.8958,522695.5308,609170.4212,751012.3586,576876.5538,4079658.858,2340909.402,5173964.905
Com_24668_pos,3659548.731,7907797.695,6784380.485,4979775.131,2333427.801,13411456.07,10049683.78,7993897.515,3304016.962,10390015.8,12643379.35,7741302.483,7125445.887,2224636.294,6484896.624,6539511.896,3577753.54,4538099.574
Com_24856_pos,27319751.3,22071694.29,23042260.93,12551239.73,14531864.18,12890779.49,11916120.62,16362306.26,19249597.14,10879734.82,12886819.88,30967871.29,22317668.84,20924855.32,16361325.58,6101859.171,26821403.79,33488266.73
Com_25167_pos,1128323.981,930934.8446,928019.8028,1016015.49,1058695.022,840007.593,956072.5216,907437.1077,878430.8615,883622.2554,862269.7034,862553.1451,908163.9368,993785.9855,863088.7991,941749.7658,888583.0746,957119.6006
Com_25231_pos,873878.1948,1067592.236,6603517.968,5035898.137,2111324.09,1406232.19,5063142.743,2012413.344,1216361.902,1190745.659,3760781.139,1626134.137,12153732.11,13030464.68,6713678.457,6076695.877,1929334.977,844349.4944
Com_25506_pos,55648691.39,50218352.77,37521531.5,23644241.17,22920785.4,24037074.46,46759485.46,28214226.76,32853096.2,26996258.02,43769223.03,70822634.83,21133970.89,22822670.57,19646159.95,26311243.12,33876031.91,31046291.06
Com_25581_pos,925726.9281,827034.6168,716273.2841,520737.979,644851.3817,479582.926,686962.8861,538788.5993,619482.463,443905.9521,653405.3893,2472390.333,567687.9587,630400.3878,533026.6704,617710.5499,745157.32,704073.7421
Com_25915_pos,206521.8505,211385.3161,478123.0267,1464436.877,6175441.195,819834.2497,445210.97,815722.1984,661868.2252,315958.8003,419565.6256,499982.4406,228048.8378,227797.6889,215837.8157,256844.8381,442818.5916,275950.2228
Com_26408_pos,3321401.768,4944584.847,387002.8185,431262.9556,428882.5017,396385.1072,399022.0908,399691.96,400971.3471,411055.5441,387866.9219,341945.5077,385453.3229,408091.276,371960.8413,538902.7917,479915.0083,577951.1676
Com_26594_pos,17600886.54,12783934.78,15202286.87,11817331.03,15307967.8,23481983.51,14659155.04,18029184.82,12567460.84,72655902.79,14485088.12,6010377.323,26775477.02,26782367.21,33182507.69,13980662.79,11357173.56,11697450.38
Com_26846_pos,26098729.58,23956876.6,20663226.89,15126852.49,25183579.65,18693887.05,14574109.44,13020730.98,12982488.13,9248601.177,12886249.41,26173072.88,12787548.21,4317069.404,11253851.81,21548606.07,24200069.54,25007999.05
Com_26897_pos,4173931.172,4209224.799,4781886.88,7634587.513,6901009.872,8775672.037,7987899.997,11725600.24,6560674.646,12643816.41,9810781.234,9844292.549,17040332.84,11597722.98,11780550.32,7190452.432,7757348.091,7804255.874
Com_27050_pos,2449051.526,4081434.89,1487681.972,13801898.48,8191074.556,9925351.899,6203009.36,15094810.33,3856044.698,12956832.8,3379354.915,3867394.327,22750522.12,18468964.82,13970016.72,10021065.97,11553066.12,8725956.656
Com_27053_pos,21448368.1,19355761.48,15298988.48,10499280.5,16674207.86,11430100.34,12186582.48,9689484.187,12066596.81,7691257.012,10958960.07,12155045.97,8658223.826,10219529.15,8964293.427,7719245.445,7826969.045,9219576.928
Com_27125_pos,33822865.62,20934409.17,6593745.675,13685424.03,10027707.2,8895688.728,14296015.55,15682353.54,10646692.73,6548729.235,12924538.6,5150513.725,6338367.973,25277466.95,16089359.19,7329958.319,27583008.87,6224779.428
Com_27135_pos,243088.3992,249635.8032,395969.9312,286965.5191,153156.7313,194903.9287,152896.5348,445843.6132,260080.4711,131182.4854,130578.0252,184060.1,179654.8788,395069.9317,145854.3866,114095.4725,137665.8496,161283.0448
Com_27320_pos,1344475.106,1637054.825,1712995.303,1466784.58,2231018.136,1941454.616,1152239.174,1226572.748,1107143.633,1056796.671,1050874.199,1634365.446,1612781.84,2064818,1555981.706,1713159.129,1713620.447,1613508.565
Com_27444_pos,107971.7212,103680.8043,150835.7771,2303096.282,1412362.427,135015.9045,105991.3836,89878.79628,197371.1779,69770.90575,167673.7476,113477.7439,1269238.568,3541608.554,2496554.838,854437.5956,2093173.155,1493124.22
Com_27688_pos,77344249.97,68870796.53,8672995.209,18515029.85,109725855.9,54328041.22,8043196.243,10221674.12,62717623.27,10498951.92,7289281.708,3872964.952,86237955.45,13076305.52,12949046.62,50538625.19,14699729.1,32477684.35
Com_27988_pos,1933067.593,2297043.329,1956729.155,1873860.836,2245344.042,1581638.441,1209655.241,1382023.236,1410803.721,919924.524,758681.0066,761179.7722,1768049.434,1767048.508,1536876.129,1266156.986,1324496.378,1704417.015
Com_28039_pos,372551.9999,395948.5718,395957.9028,358114.537,393180.7299,469681.3349,1291709.266,344766.0376,341088.247,341050.0794,1314588.752,2653763.256,467387.3752,533427.9307,781525.7136,542294.1626,640068.6312,577151.9536
Com_28158_pos,334405.2755,356420.1941,346990.0797,327219.8972,388902.6852,419060.1459,358400.3146,302572.165,316634.9571,287412.01,337094.58,856392.8884,376768.5339,403329.7269,336374.3077,320936.8124,388838.893,410490.7238
Com_28345_pos,21493706.98,11254571.97,10569805.56,8637346.734,7797267.092,12452992.96,12971485.66,11727868.52,7148874.379,31388830.82,7762663.954,2029941.453,9093717.193,6140952.74,7664976.63,6432258.962,5753957.243,3164179.761
Com_28356_pos,11996078.6,11381863.97,9200541.425,8704028.946,8928445.019,8330093.182,7978217.807,7461476.068,7916776.815,4185459.596,5473132.945,20354088.27,8575618.506,8882914.035,8069137.589,9896318.118,10339548.05,10448001.84
Com_28558_pos,155447.1952,283908.7969,152249.3176,140112.4336,157792.8268,271118.2217,157524.7541,143991.0808,134276.1118,135153.4145,468923.5639,313051.1396,173910.2074,158692.1978,148121.8096,117549.1732,218586.787,166165.1259
Com_28607_pos,7024033.595,1011675.374,3654620.983,5717718.818,1547882.574,2275737.242,7748793.495,6774052.173,9158053.335,3990447.02,2144992.841,1715914.281,6959374.316,6626100.264,2544169.577,1792108.832,2160638.404,2703313.529
Com_28674_pos,2414531.164,2870102.768,6093456.564,4730337.425,1200451.406,1967666.472,3049974.801,1793246.716,1164411.099,1619190.009,2099950.896,985904.2272,7029257.505,3102546.046,3445818.809,2315334.53,1361688.573,1402443.844
Com_28816_pos,155241.2727,147963.5323,152047.6314,149217.253,157583.797,200537.7163,157316.0794,143800.3344,134098.2349,209394.5975,134352.4431,189380.4418,184847.8857,272366.4151,271236.38,344759.208,141645.1442,290818.0765
Com_29103_pos,1323671.132,2915108.658,435032.2678,865644.0084,192714.7924,1906457.417,1932499.286,8213425.999,2245047.35,2353030.219,1095578.058,2988509.199,2489245.084,1267307.343,2953972.413,707352.4272,738839.3091,588359.0271
Com_29135_pos,4698569.215,5992215.306,4052937.878,1290702.415,3067909.543,1978776.454,198592.9944,591342.1313,216795.1419,443983.8152,170775.5499,1207492.045,1018211.7,2105710.473,725736.1624,275323.2736,632852.666,901071.668
Com_29447_pos,3733990.292,4986285.992,2663199.116,1372453.95,1366974.521,4156721.587,4415636.718,3047710.514,2545001.399,334675.3488,3441020.223,4400156.982,1283869.065,1955288.114,1455877.062,2412693.407,3393060.777,3387784.206
Com_29609_pos,6063974.12,5974452.923,7843743.779,8240113.814,9547845.045,6230921.117,5482238.447,6220409.253,8384867.804,6858901.797,4135579.684,2962760.124,6600643.302,9390654.495,7957634.712,3974920.907,4322981.966,4185978.388
Com_29629_pos,822681.4315,676343.7222,646117.3677,520199.1771,1183119.63,465921.6955,587892.0548,417136.7237,457244.5142,339588.4555,521239.7098,760047.0068,379311.5703,419254.3764,474044.2399,573143.7001,731515.5675,643766.4049
Com_29797_pos,121718.3883,121131.9424,124475.4342,114552.6054,129007.6759,164172.3654,128788.506,2490611.803,644101.9374,1229195.931,109989.0773,1452330.827,151327.7162,205792.2469,122856.7316,96105.41836,115959.3258,135852.6692
Com_29940_pos,1465688.684,620148.7896,953247.5733,1756377.386,835068.8746,985579.7504,1266089.73,726310.9451,362959.1979,877342.9979,2816823.114,1548067.221,2390682.745,328963.1462,746647.3428,655347.9079,367449.3973,583279.1685
Com_30048_pos,1506291.069,1955225.823,3981723.916,2229174.928,2715572.619,4289123.489,942356.0746,2196888.532,2553638.407,2738322.919,844115.5161,416438.5391,4548331.657,2763318.303,3142010.925,2848546.826,3099547.7,1949600.981
Com_30332_pos,6803058.854,6508387.376,4446960.033,1542396.625,2405486.145,1613043.354,1097163.542,2144522.278,2280980.112,1309329.737,782860.9516,945820.0568,1205066.024,1440460.145,1323967.602,927409.2971,1297975.621,876719.8281
Com_30365_pos,473456.4972,466291.3732,7651182.201,7446271.46,12595060.33,3488263.039,528685.7244,18267382.91,9506594.253,5791605.529,482835.7019,725918.5708,10958307.79,12407828.48,11223717.86,481202.8543,503949.9133,564572.8238
Com_30430_pos,19337708.3,20273505.88,23077035.02,3440274.61,8935651.842,32782309.84,5530726.395,19469800.47,10780128.31,27811952.27,2920659.555,5573108.059,26969305.2,10125913.34,19111213.66,17853948.73,10826585.82,13271831.39
Com_30599_pos,4098924.72,9589757.979,2014211.201,1548071.719,1616691.177,5923330.324,9444478.586,1708225.722,1412401.59,2285392.656,7550338.692,1862354.72,2070859.568,1356789.214,809993.6023,1548013.93,978569.384,1202815.368
Com_30659_pos,1682127.032,837373.823,1175738.57,2366196.62,1082599.896,1543808.802,5316049.499,5602511.161,3266810.878,7282315.427,5286166.517,5030830.665,5183664.665,4524080.388,4085389.875,3362069.502,3592852.106,3225841.865
Com_30736_pos,195152578.9,158972987.9,97526165.29,38197371.35,29683923.46,79276192.6,175568997.1,36831872.98,44222123.81,11910444.84,149041697.9,29410512.31,4304564.19,5783953.454,6044633.898,96643976.83,77294516.32,102798468.6
Com_30837_pos,7154265.434,4592248.807,5419360.984,4271194.47,4203048.435,3025649.14,3036984.943,2651778.934,5022977.025,2845168.003,1453042.838,6122818.224,2582643.206,2561800.174,3221364.715,1715831.565,2204115.38,2092890.01
Com_30846_pos,28652696.44,23896904.7,18900368.07,12228891.23,14425013.4,3621730.359,19249468.07,13695756.84,15050741.81,11567881.46,16588994.92,18593619.43,10549628.42,13299399.75,11435455.09,15813895.41,16340339.83,17262002.84
Com_30911_pos,23630038.06,35767291.43,24816701.67,19828413.15,4815711.294,26653052.62,25853933.69,15118901.87,5053508.18,7146003.36,28767944.97,7965179.888,13372764.73,10158459.34,13679712.73,5117122.887,4390613.84,7235526.054
Com_31221_pos,7121142.534,11007553.01,33410839.57,16360608.09,5689018.798,15404768.01,9808647.184,6543802.643,5611396.813,13050475.95,12185649.96,3215033.915,22174301.45,4158820.568,21133714.76,10603945.39,7575582.903,9991619.243
Com_31513_pos,2457252.941,2621531.232,1857048.07,263996.8456,249901.8522,3082047.214,4615689.561,781798.6218,211882.7708,995250.0939,5788067.802,4208890.699,1057845.173,688723.8059,1250570.592,1037551.75,1414875.736,1416855.186
Com_31755_pos,339906.6585,408640.7173,531322.0228,430134.3969,332016.9194,778157.1541,550266.7697,486461.6418,376447.058,577893.4551,556455.2206,592658.2767,435518.3946,312473.7782,639695.0935,408602.7664,313460.5634,517994.9572
Com_31877_pos,1142403.625,1081172.156,1376881.425,1022508.102,979293.6303,2616749.36,3234095.516,2339832.09,995823.6771,2617582.96,3263211.014,1474897.762,4278423.397,4349538.297,1919552.721,1448578.49,1234303.623,1248255.685
Com_31880_pos,1285607.699,1310366.006,1040375.995,1319115.472,2986817.736,844920.888,915056.9498,2301181.37,3510841.387,3523234.912,760955.6034,764126.9508,3369844.44,3059281.808,2852609.839,673448.8133,737635.3583,705477.1351
Com_32020_pos,296914.1532,334848.3645,423622.548,643222.0198,141421.3654,450775.0865,286347.9407,458375.7221,158835.7889,483939.6095,1462917.094,1183463.29,2155065.738,176932.49,359322.7624,315544.9114,178428.6244,267341.4524
Com_32133_pos,12823022.76,11593004.23,12964478.71,12029313.16,9459992.41,9204367.195,14260927.55,11644675.85,10636798.67,11803149.78,15166129.16,34578975.91,16202447.36,15418929.99,14436231.09,13290216.96,15084252.51,14606472.5
Com_32205_pos,2096182.122,2945935.45,2159562.027,3787280.197,1256434.33,2793940.242,1377915.981,2822832.098,1738925.168,2184950.947,1487277.798,1766594.395,3135349.435,2201325.391,1544725.726,1253950.935,1135635.468,1867029.053
Com_32800_pos,6571419.242,7204338.122,4087147.717,6124424.772,7415693.29,4496071.862,3853997.133,6504821.382,5060617.027,4068828.948,3878497.913,10661051.43,9932219.143,11684548.93,8376888.627,6524966.562,6457874.117,10251912.27
Com_32916_pos,8437325.102,8382877.371,9284736.934,8687854.172,12193381.57,6331861.473,4025514.99,7614822.943,7833583.767,6604056.007,2390414.357,9308513.794,8525076.901,8785193.601,7745086.741,4038644.401,1320920.179,4437653.373
Com_32949_pos,4509421.546,4173880.979,4865725.252,4376069.019,7356504.494,4901120.24,22378206.07,34639601.73,30775323.32,11858109.04,22929104.88,77557601.99,3822560.615,4030212.306,3513066.482,9937026.1,8999111.417,7005638.614
Com_33172_pos,4777826.066,3391204.893,4075256.024,5979348.024,11281060.27,6681548.228,3978669.934,9458409.421,4964605.008,8410440.781,2389957.811,2929281.881,9966002.351,11233676.07,3731478.667,682061.7908,761637.9897,862366.0347
Com_33268_pos,3486574.086,1579507.319,897725.243,848556.2015,932588.3739,729069.8876,3114444.758,656370.7446,637146.1009,681873.5307,4613707.374,3091501.299,683557.8805,1337474.633,675788.2239,581109.1399,636494.7717,608745.9109
Com_33281_pos,274255.2309,280713.7768,231301.4413,211094.5561,251319.1426,294207.5805,591227.6936,257511.1942,350438.5718,239729.0702,557171.3947,1452631.55,717242.1685,860563.5298,286626.5716,1346150.457,5667648.363,5441579.088
Com_33285_pos,1955879.763,1640575.874,1052555.849,3089274.271,918653.1325,3348011.826,13869678.02,11385568.65,11927085.85,6189964.515,14730020.92,27048592.93,8744087.945,5368694.047,5456527.484,5718548.783,7897365.409,3392483.76
Com_33407_pos,193905.7568,193007.0115,251770.5584,194744.874,145291.0021,250586.0641,232518.3161,185973.1434,133318.0393,230033.8921,255229.1235,157516.9375,292923.74,203834.437,236755.8745,187833.9685,151158.4867,160646.4662
Com_33855_pos,3277465.209,4353505.361,3740118.996,2590579.339,5417014.161,3168284.427,1529244.556,3103054.067,3346262.994,2792438.69,1696561.737,1558365.624,2441903.94,3887195.829,3203240.71,1812082.128,2322287.703,1828301.668
Com_34062_pos,5457416.116,7952479.731,3436603.391,1906457.08,3688814.954,3394878.216,2415502.643,1627621.495,2547917.815,1388533.555,1946955.092,7666104.007,1418334.836,2204924.14,1426205.962,1866245.794,1863286.927,1405937.109
Com_34771_pos,885498.8018,1080378.514,1394844.139,919327.9714,2259348.693,700709.2605,1167609.239,660861.746,574743.6648,639834.5857,1008236.412,724809.5287,1069983.142,1781749.534,1289814.371,925563,1071890.074,901169.6048
Com_34874_pos,824771.4687,736842.0804,638159.8618,463948.7248,674566.7256,1437109.429,612045.9191,480030.8287,551924.596,503208.1702,686867.705,1770364.7,505778.5588,561651.8629,474897.2688,550345.9195,1355311.801,1097900.206
Com_35059_pos,1151463.608,1267636.267,1212128.833,1190431.595,1363394.293,1425374.648,63648537.35,1123120.946,1187249.106,1055570.612,57732012.63,1345153.39,1309796.379,1417485.615,1277607.767,1114036.573,1322581.271,1396226.954
Com_35115_pos,14562692.62,13028484.43,12653299.27,11571197.28,14060113.87,11645391.44,9878473.465,15457785.96,16558107.29,13778331.17,9009294.649,9759327.174,13637144.85,15419987.18,12980067.07,12639929.1,13426614.75,12371294.53
Com_35395_pos,58933908.62,47419721.14,34231473.88,17175026.87,17531161.99,18366568.68,20250428.93,12262459.01,13914966.48,13928028.08,14222908.79,6191288.513,16014200.95,17971438.25,16930575.32,18577225.06,19267162.53,23952297.38
Com_35432_pos,720296.2481,688981.4642,681743.8212,734959.8618,815465.9147,697614.6861,650620.8228,767616.6736,681617.3347,766570.7218,576126.6391,948602.9709,643707.6569,748205.2856,630291.1481,4519138.189,2509114.882,3504975.088
Com_35618_pos,3206084.413,2708464.532,7511085.241,9719074.984,7351131.294,4740210.178,2137889.796,5894372.807,9915159.567,6680941.931,1880618.461,375249.2712,7098013.258,7257175.651,8542378.632,1027499.717,4313253.603,1291032.423
Com_35697_pos,594307.4762,358876.7318,459086.8929,564403.922,614842.9114,527745.2845,482126.308,342043.3068,450116.1573,367786.0611,434904.7613,793026.8212,730439.6083,907302.8579,470208.3294,1265808.76,1173694.907,1117444.9
Com_35797_pos,1006176.748,1034484.056,1354077.188,1271091.907,2402138.042,1491085.542,907938.0785,1747043.998,3580965.782,1873024.573,860130.1788,988756.0481,1056010.596,1435423.467,974005.8358,1111595.241,1562206.082,1051573.328
Com_35961_pos,1120900.73,1022433.343,865885.2978,624014.8922,723329.7857,660007.2622,889088.7897,694672.6474,767606.7942,574675.4072,732924.8159,1052482.906,636775.5752,784877.1682,597896.0086,945108.7586,1228043.863,966281.1613
Com_36128_pos,187688.7068,181568.9264,167062.151,156826.7339,172071.0839,200104.7352,833970.1199,160868.7874,161778.7041,210615.3229,313720.1697,307520.5358,187244.3149,185782.8649,182896.4985,462392.0535,674806.5249,544926.5076
Com_36129_pos,806975.4028,719538.8312,589417.7697,553749.3706,434730.7839,632119.4748,853892.6532,517836.8074,571019.859,356969.5023,814912.9309,550959.1696,268579.3674,290365.5682,257202.1993,567570.4086,565450.223,608145.2749
Com_36289_pos,2036161.653,4140187.871,10331945.8,4739741.96,1546514.915,3853548.509,7851337.675,2604742.453,1231739.974,3150526.532,6657525.937,2335433.025,11821978.74,6258101.639,12710957.52,3499200.097,2201135.119,3091705.947
Com_36670_pos,4116022.848,4459844.755,2146622.913,1429068.663,1753843.219,2619477.483,1875296.832,7581462.335,1044162.988,2131967.613,3266979.19,2371790.054,4793812.662,8365558.969,4700156.197,1850539.075,5458136.495,1882807.46
Com_36694_pos,737145.2368,1474761.294,752754.6021,808979.8342,799395.3307,1717384.814,1696526.056,845451.348,845209.2117,1500274.711,1565716.364,664261.1433,910785.7548,1103006.178,776426.0779,1423728.666,1180911.6,1190971.012
Com_36770_pos,359404.9563,396135.7722,349019.1098,362166.6864,411917.8846,449907.359,299404.0555,328072.4254,314369.577,277387.7405,282867.563,455843.3263,398213.451,429393.3246,350571.4291,3435417.539,3836130.638,3221352.385
Com_36879_pos,854098.5138,878127.3239,1149415.664,1078973.164,2039067.725,1265715.938,752273.7844,1482987.642,3039721.957,1589926.927,711808.7983,839310.8598,3236487.693,1828203.469,5409638.466,943583.5654,1326086.988,892633.6443
Com_37006_pos,760496.8395,703802.3048,673409.715,678497.5816,1766472.609,918641.0728,783327.0887,733878.0739,732129.2923,691831.1636,757448.1999,1101134.909,794144.1594,853521.7665,799946.8835,1093777.972,1172443.549,1276338.013
Com_37043_pos,28120894.27,20100149.66,16209913.64,7696260.843,8111567.642,6963447.691,21897523.76,7678756.593,10985468.83,10041436.07,20121835.13,16930078.83,6476100.132,8615013.736,8355678.233,10331761.32,11062622.94,9126263.955
Com_37199_pos,548921.0148,662909.9988,747334.7417,476701.7229,2384667.942,7564772.504,1000716.935,997677.5651,1514863.098,1303817.537,1163793.036,721430.1905,513606.3501,332941.8152,510878.3169,962547.5919,805596.5817,796651.985
Com_37344_pos,358818.3586,1793717.677,1131739.312,878444.7042,978571.8065,480050.6724,795086.9283,591408.3122,636609.075,1384551.074,768391.1514,733609.2469,2405931.193,275738.2671,552444.3691,197998.4761,267313.6381,466316.9363
Com_37387_pos,5588611.554,2492191.306,17269782.12,7748953.08,1091641.302,3218624.548,26936633.75,3614272.223,891420.0946,2756716.581,21697301.19,2743624.697,30155951.57,11484520.06,28069634.69,3657728.814,1380571.618,1848010.354
Com_37525_pos,2364577.261,1231004.071,1104046.506,875744.5885,809945.379,2055897.3,2540926.671,1838332.15,782387.2016,2056552.233,2563801.798,1158780.575,7837407.032,1722793.117,811971.4991,1138102.354,969753.361,980715.0547
Com_37600_pos,12066470.23,10402286.12,10898746.12,12992260.55,22217750.56,10136417.97,8008014.442,10878558.18,11212005.65,8085859.368,7240097.147,6935477.47,12696027.12,15153769.73,10146198.84,11780339.16,14511621.52,13778032.95
Com_37608_pos,131236.1356,118108.7129,113660.0242,125621.8573,116918.0275,111444.2962,122842.1664,106108.185,119821.4512,85165.31622,116817.6427,154082.8595,135592.496,196920.17,357727.519,1650117.21,1497446.442,1359676.968
Com_37634_pos,187016.8394,174118.7217,170881.8132,162296.0557,176005.269,162735.9406,258690.3437,164546.8463,165477.567,127887.4838,210795.4649,222856.5587,141206.0094,147553.7177,144289.652,612139.6741,1046522.004,772115.8011
Com_37689_pos,298097.1084,612154.1273,379256.0324,405360.6361,383239.6637,422038.8795,1022849.885,413833.2686,213542.266,678382.4605,1328252.012,2003905.037,396759.276,567595.79,786889.7164,939788.4046,647809.8622,509488.9458
Com_37894_pos,302542.6778,423737.6813,284396.4951,262643.8169,301723.5023,287912.9125,670661.962,247498.4264,253787.8377,240872.2561,1013451.812,1595792.842,284848.0693,317792.9012,393833.1751,265929.5246,301939.6912,298688.9602
Com_38154_pos,5556047.998,6111080.965,727391.5935,258191.9193,373634.9002,228005.5612,2733584.366,406227.0504,1498393.984,367827.6464,2487748.103,4064865.808,263959.9846,309203.9645,256142.9784,1652790.367,1044008.634,1459538.347
Com_38205_pos,2195721.721,1364960.733,2911747.37,3379627.038,2172210.481,2023825.889,1729033.122,1528117.232,3019493.748,2361338.75,1826010.717,3451137.371,492607.3367,2815427.751,1911039.106,3187429.65,2991911.019,2634812.307
Com_38504_pos,1012909.503,2313358.551,1250096.06,855588.4299,2690114.271,4895475.616,959140.3818,955089.6258,568511.5721,1144687.092,903891.3265,982257.3186,1006311.98,1136116.035,2167335.72,620333.3459,606968.9425,603087.2481
Com_38586_pos,58148386.01,39300706.25,29151214.27,19618467.97,21898523.79,22363549.27,33842294.18,30551731,22747134.66,33023877.51,36038042.08,7211723.997,19118105.38,20080034.24,19917038.78,24092879.03,3052703.785,21604903.47
Com_38657_pos,593694.6491,569136.2375,564180.6953,570725.4578,647243.6872,470277.1058,494730.412,501320.5591,501110.8509,493560.2798,454941.6942,515491.9089,554386.6062,607560.905,515078.4267,1820357.452,451896.4815,1181447.191
Com_38781_pos,9169294.584,4794006.742,5690713.534,4949409.46,13665240.14,10140402.25,4971426.049,6612704.284,27612263.2,5651862.223,12862606.53,5517930.919,7111207.861,10537864.64,17298452.38,9332941.071,6066075.114,12812809.27
Com_38870_pos,1063225.834,2073096.924,2460864.441,1638268.294,1016344.801,3002939.62,2149819.265,1770964.225,1197016.743,2444063.77,2979456.407,1634202.726,2097820.944,709568.6695,2175069.417,2121437.249,1167130.695,1809109.448
Com_38906_pos,889318.8251,925419.1936,908150.6481,926107.3234,1022660.092,819441.0998,834431.4177,901784.0537,893135.3944,871538.5423,746089.4323,1055707.367,5709968.552,22040894.36,8219531.723,1850085.812,914824.1432,1600483.444
Com_39011_pos,882395.7265,759183.2586,969850.4671,942509.3463,768817.5404,945069.984,988671.6987,876881.6666,865886.9715,944178.8798,899576.8539,553134.2469,904197.9079,942056.3002,2402080.999,10102687.07,724720.5379,770445.3888
Com_39123_pos,1180365.821,1057698.972,1780538.631,3616656.909,6447339.167,2033004.216,1009168.832,4925562.141,3054239.936,4528349.833,600382.8614,449828.4269,4162078.205,6288515.292,2485140.008,1137431.911,1584456.325,2082397.217
Com_39191_pos,77537071.88,64935558.57,53533410.31,12484430.28,12998777.92,31306888.23,34136749.41,22239122.24,31420730.72,8319114.968,35653850.37,6573125.75,8443009.827,12386880.88,9288170.812,28519911.21,5526652.948,31711459.87
Com_39243_pos,1591445.793,949644.325,1497687.867,2445655.215,2469546.321,2380128.648,1946459.08,1420621.27,2232156.022,2159358.402,1930970.395,3437486.892,1945230.234,1958011.052,1287422.197,3015189.609,2822896.581,2593776.169
Com_39422_pos,2897006.739,2693692.936,2710939.337,2574052.146,3569695.922,1981236.158,2226845.276,890112.305,2019817.285,2677115.369,1890095.86,1979931.188,3484111.522,4772903.355,4410039.01,2211040.143,2451098.93,2086992.736
Com_39690_pos,722981.7823,705495.5472,740647.2226,820283.9159,841024.0215,691011.0222,680525.1015,765154.8159,728401.4505,706488.4131,610003.811,860987.9109,3218546.733,3671809.797,4024786.263,625884.9334,647732.362,890780.4319
Com_40222_pos,1533998.865,604278.3546,2094280.629,300463.0041,287815.5501,747939.8284,880834.8108,675722.5374,287584.9531,751837.2389,2518453.904,565785.5134,12304519.38,6715950.615,6113282.499,1254672.638,310433.817,360485.0545
Com_40324_pos,1534851.022,554745.7579,2253493.947,1393569.303,699271.2663,2447331.909,2423299.931,2177726.959,1061422.577,1452240.329,1036927.378,235542.9273,2391458.634,1723088.213,2675594.683,659682.7156,369098.1415,521722.7257
Com_40603_pos,4224818.731,5764818.632,520340.1314,437275.0866,1583354.484,959007.919,1129405.771,866410.9594,5203750.566,1196139.491,1201495.273,930996.0368,3122400.826,10620658,1422262.652,536390.7457,1375895.974,462213.6819
Com_40852_pos,9752805.601,10497269.14,7987288.02,9403053.571,15356838.28,11866431.16,5107605.422,10130830.32,10473461,4973848.185,4352383.678,5702392.628,8346379.899,10392098.08,3610461.857,1419070.699,2051956.897,2247024.832
Com_40871_pos,1753240.679,6998839.655,12611735.65,428928.2042,3495176.608,1458582.055,465329.4142,409268.7508,3430342.482,679875.1154,675678.8303,877472.7074,1018900.532,4606432.41,5197313.262,4836367.074,292062.3058,3688374.689
Com_40955_pos,1063319.463,1233171.331,775641.7563,383904.439,394340.2887,1030239.52,404837.2717,211785.5498,742749.3134,357728.644,381517.5604,1993059.404,586571.5874,1039492.21,688233.7781,293854.6003,241335.4891,487102.4008
Com_41009_pos,4803381.417,6918784.354,6803942.486,7960929.172,6970530.799,9697820.912,8454262.664,7807165.173,5839612.901,7736764.622,6640598.795,7060100.217,11008953.04,13028232,13580433.09,6786711.278,7883869.986,7211951.675
Com_41372_pos,704258.2919,672536.7329,774057.7303,752236.216,613609.1909,754279.9139,789079.3448,699857.4065,691082.3128,753568.7052,717970.9052,450709.8816,721659.0641,751874.6306,764681.4918,708360.6497,603996.6984,614908.4104
Com_41396_pos,7495289.923,9913071.51,6919631.682,6343847.242,17611230.92,11297129.02,21630304.52,4267682.338,5698537.337,4172759.756,19395043.03,64902260.47,4912171.391,7816787.503,4827020.207,5844559.247,9451404.415,8579976.718
Com_41477_pos,492214.558,540857.441,506753.9976,495222.036,582808.2751,609302.932,525983.0379,480098.9594,507511.7352,447354.2468,514048.7762,575010.8617,559896.849,605930.6179,536453.887,476215.6752,565361.989,596843.2074
Com_41524_pos,1860648.038,1612796.512,1389048.461,1326048.406,1094955.916,1313227.836,2000595.639,1214039.288,1307483.523,900070.8475,1782975.491,1036669.173,855136.1611,909372.4431,824337.7512,1496485.293,1292916.28,1493166.96
Com_41579_pos,2946571.603,2878334.091,1885640.509,1430573.636,6994140.746,3006234.435,2125043.481,2048226.247,1102611.506,3168133.109,3367751.591,1503697.465,1752817.301,1620483.748,2558549.507,2148239.423,1311635.628,2692869.163
Com_41585_pos,465958.6203,633370.1142,544067.822,534156.2877,336322.1645,467075.0423,1440326.222,923079.0297,506417.6646,847145.2875,2064905.678,887953.7403,761961.2795,469107.939,563580.1391,443160.6471,306296.8337,408460.5551
Com_42007_pos,232002.9976,255713.4647,225298.7285,233785.7488,265901.1299,282411.9341,821162.6603,213504.2758,202931.7708,431812.1871,769493.9233,1273607.8,257054.6473,277181.8715,345549.1975,608284.0005,1152057.464,842636.7251
Com_42020_pos,1946817.595,4209424.345,536096.4471,457748.4955,865063.3904,536973.1015,285437.4588,647281.4206,1289585.505,653862.1965,260515.9084,338774.6025,389880.1648,616981.7253,656271.6416,718533.5306,562585.1911,352979.3101
Com_42321_pos,1327606.634,2587138.327,7380134.913,6594179.592,1792214.498,4909457.84,2892788.033,1328201.865,1127630.961,3633659.262,3008492.173,1254070.035,4277936.721,2576924.512,5644482.057,2906635.412,1353158.796,1727913.05
Com_42455_pos,1268944.613,1303891.74,1458115.137,1860720.139,1617780.867,1563939.995,3123216.595,2084028.351,890565.4587,2275635.174,4267863.406,6020068.134,2070203.489,827411.3574,2387474.297,2283215.399,2632268.717,2745325.075
Com_42475_pos,7172242.599,7312824.952,5252457.637,2926174.775,5019262.369,1740013.31,417644.9642,5525384.153,4784125.658,4481421.211,1330225.056,1065227.152,8798014.471,12995774.87,14938548.94,4405619.282,4046703.032,4840962.189
Com_43267_pos,1051246.721,589759.0876,569473.7311,537590.2008,616886.4379,611440.1,587151.4019,520699.8161,563028.8601,531567.8741,558540.686,833723.9691,597248.5892,613815.1664,561725.7574,632064.0719,681540.3919,1051743.031
Com_43299_pos,179762.1042,191090.3081,186527.1616,175899.5493,209057.6021,225268.9749,192660.8203,162649.9731,170209.5341,154500.5162,181207.7603,206727.1013,202534.7966,212206.4739,180820.5725,171274.5702,193379.9012,220662.4168
Com_43384_pos,53283698.39,50290761.92,49366701.13,54388829.37,55420581.27,43876963.94,36871565.82,52698906.04,55635564.41,52358754.04,30337087.18,95659450.23,41224036.17,51219811.78,44264075.67,12106016.37,16281828.86,11004942.74
Com_43523_pos,353032.2603,292968.2437,325970.4652,334961.0183,279252.1615,247383.8496,447903.7099,309345.3307,353956.0388,291669.1455,404727.9114,580667.7034,346325.8031,375875.1262,1266566.411,474312.9468,731828.5493,426643.2072
Com_44036_pos,520296.2242,607343.6942,3862244.068,2653511.844,3034959.136,1257367.729,1554007.196,1097416.808,514865.7325,448309.8282,1614638.031,707798.5599,2191653.596,1780291.751,1568365.487,1708634.699,1005837.25,827637.9412
Com_44113_pos,1443171.126,375921.5424,666599.911,678456.159,1017362.44,416667.5129,389585.193,330607.9027,1237036.948,509935.7204,203738.0772,137729.4319,850680.7218,221646.6948,578389.6513,402275.2111,1368849.826,434274.5269
Com_44249_pos,3721667.78,5777747.664,4314617.851,2582422.693,5706279.946,4501497.815,5495490.769,1882405.423,4695432.904,3177711.181,4633387.294,1508793.247,4025925.945,3846701.619,4636984.393,2335108.863,1832684.944,1982164.381
Com_44299_pos,555889.8164,1455325.758,620612.2037,3314753.087,800094.2414,5216463.434,2980254.711,1855222.708,1213771.841,3219648.739,642313.8795,1085403.846,394399.2793,1379566.089,1217303.086,2899490.862,2225141.056,2165137.747
Com_44517_pos,187336.3011,179891.3471,183482.3971,168855.7005,190858.5583,241997.462,194692.4115,173530.0302,161822.0906,162879.367,162927.1961,228533.5004,244591.3157,191246.9974,267743.0153,2086915.039,170929.2698,200252.9542
Com_44971_pos,15882346.69,19066344.09,7601866.123,1930629.827,1312453.24,2849512.877,14710003.42,2914277.827,4535808.054,1959246.975,12323785.78,4222584.896,1056967.846,1207983.09,1033430.529,11691908.17,5439622.88,6689091.886
Com_45072_pos,39278530.34,32478400.03,31393117.27,27851402.69,26530698.67,21045238.75,26272654.11,25573188.89,30932584.62,24226560.75,21412602.75,28291881.63,23396191.34,27680612.84,25143484.67,16655827.27,20019699.82,21412916.79
Com_45093_pos,9073161.602,8854451.399,9867961.458,7524729.445,12702993.15,7123433.247,7596888.818,5399656.672,7188710.127,4535421.289,9026600.411,10670416.29,5908517.301,6357758.582,5418576.815,6934160.988,7051358.449,6989596.115
Com_45250_pos,3541948.888,4897206.946,5325465.226,7817382.716,7842556.542,10297667.88,3496461.541,7121568.074,7008036.471,5335470.153,3879387.593,6882977.332,9903149.722,11005709.43,7252112.91,8237335.106,9365190.696,14040345.86
Com_45397_pos,1101973.132,1053187.469,606686.0063,442019.4148,571250.5908,289132.4773,2219189.279,525204.1738,828793.1303,524704.9193,1740945.749,10884883.77,148210.8086,173614.8366,137734.9857,928024.7426,860491.686,819252.1244
Com_45503_pos,5561557.876,11853804.19,7913497.062,8063208.941,24185934.7,14235070.49,4850467.775,4449734.679,2021141.281,4911362.684,4615318.892,3458664.332,4938246.679,11151305.6,8903840.982,6003381.229,4204911.235,6404083.706
Com_45670_pos,547310.2359,520883.5772,538391.7315,596898.4967,601885.7024,753113.3192,736437.3402,615505.4029,519838.8264,559382.9182,596555.462,430209.0194,673693.0205,593471.9952,656281.1055,500848.4233,439197.8843,467258.5011
Com_46495_pos,2590894.968,2539225.065,1905550.556,2342506.265,2102890.611,1332155.884,1461481.88,3460165.47,3652016.044,2429324.661,1512610.039,2528887.851,1472545.282,2138059.565,1903754.094,2723485.154,1795036.441,1808171.645
Com_46603_pos,4414053.376,10482472.24,15117930.19,12724231,3979587.781,9548387.643,8928403.714,8867602.152,8253564.345,10523716.15,6409932.973,2014868.326,11982461.61,5568825.968,9889889.314,3760935.386,7433351.907,5697498.634
Com_46694_pos,3842063.645,4752876.482,3147422.124,1881611.748,1064238.541,6658065.506,2483011.613,3125049.886,1219473.142,2734557.72,2169403.186,5285773.951,2021199.158,2377579.422,3333906.536,1205521.38,888037.3835,1816133.76
Com_47088_pos,2875303.232,4382499.194,2137029.675,1535807.673,667520.4232,4469632.768,2596328.52,2194792.602,1250292.086,2326020.651,2229682.663,3247345.008,2047286.942,1919774.924,1958900.551,1425691.077,1536840.685,1750050.886
Com_47099_pos,1918316.337,1619814.441,1447947.175,3467907.974,1542656.843,1149250.23,1078932.128,2045546.855,3252893.173,919354.1933,942940.0297,2221233.157,1602038.567,2876169.352,1728680.366,867287.3714,908149.651,870527.0857
Com_47602_pos,4267831.566,3789866.577,8462928.806,10385773.68,5268965.9,2800306.287,1621286.741,9474967.426,2621395.764,4608409.893,6592292.788,9195712.9,2508749.075,2827860.376,2254057.176,8823052.754,1430118.563,10386982.05
Com_47628_pos,250648.081,276264.0563,243405.0186,252574.1043,287270.4604,313764.221,4824282.243,228796.8554,219240.5246,193449.4881,4093107.584,317903.9491,277713.0241,299457.7868,244487.6021,425481.4549,975266.1183,842991.8578
Com_47660_pos,742638.5071,416404.6273,483024.2217,147011.3578,167206.4544,174902.7227,121534.6369,133171.7536,127609.4685,112597.7344,114822.1139,185036.7493,161643.5258,174300.1166,139588.939,202413.4874,241178.0355,241414.1134
Com_48232_pos,752915.0967,638663.9815,519322.1954,949668.0221,752174.9684,840073.5926,1917110.378,2453985.19,1094767.768,808767.8561,1931320.337,2419886.388,830942.6746,1358732.47,1080387.332,460669.0045,834701.6784,517432.5895
Com_48373_pos,11298364.6,9468151.162,3650628.167,8097960.148,15215981.65,7769355.997,1400317.164,12814583.65,10980285.94,12158813.25,1105567.671,1811904.455,8759101.487,10543514.2,9053218.464,9830697.33,11319216.28,9981237.807
Com_48413_pos,136471.1906,131047.673,121618.1237,110586.3998,139037.0929,170653.7696,133968.1368,113602.5823,117884.5384,88187.15189,118689.5882,143430.545,125883.8647,130280.8062,121387.2123,96768.98083,124164.5467,142904.4391
Com_48656_pos,692978.3109,709297.5339,584444.2115,533386.1763,663954.4525,743393.1947,1493892.996,650670.0778,885475.6528,605738.8428,1407840.758,1529898.393,765211.5164,764368.7934,724237.7723,2314143.941,813057.3968,1186143.608
Com_48702_pos,16206940.25,31741212.44,37029413.01,17796063.04,7949058.824,21904040.37,21634821.38,9744401.046,15999901.05,11890671.81,22367510.7,6028650.691,16546357.62,13574929.63,17590734.96,11766567.8,5413342.733,6467479.4
Com_48765_pos,8207268.741,1890678.079,4899572.978,4269117.123,1367418.319,3892781.961,11729467.08,2839820.251,925350.0981,3381902.717,13046384.14,2244284.899,28446820.16,10676510.83,13358980.36,8933989.158,566611.7289,2318357.295
Com_48838_pos,112701.9278,124524.2242,116564.3562,110676.6183,137157.1932,136279.2311,141288.8757,108092.4639,135206.7425,113830.1386,107230.7832,203440.2116,152987.1677,153525.9805,155635.6548,104621.8023,126812.1965,126935.021
Com_48924_pos,4238286.056,4929146.521,3936134.669,4347915.058,7173445.155,2908947.873,2807464.769,3536675.71,3591774.537,5106289.087,1578071.305,1926533.183,4823457.496,5364772.02,5369059.72,2002387.445,2611820.839,1934199.705
Com_49538_pos,2383934.449,802657.5804,664130.8705,465560.4193,576522.7268,500604.9698,657756.6561,520026.4433,600728.7917,398720.9809,584170.3491,789163.5664,507535.5644,563602.9647,476546.9971,695431.2489,809735.4678,754100.7902
Com_49623_pos,2682858.949,1728610.62,967356.3756,277800.3047,349904.6224,1846278.537,1934489.56,889104.2821,239578.1989,941849.4822,2222629.9,1856436.04,756002.2539,300000.8773,538782.8223,546305.8283,692741.0818,572410.5235
Com_49650_pos,135607.2661,142683.4895,134976.317,120405.4452,149004.8916,169162.3559,151314.7939,100496.9641,101781.843,86833.55197,139790.2851,129983.8582,128436.3375,141848.5321,130598.0666,104306.2566,136175.6296,142781.9281
Com_49936_pos,1264276.727,950556.7323,904561.7115,959540.9925,998684.1152,783274.3838,710515.485,825665.7252,834460.3936,862680.484,651726.8709,857972.722,905545.6808,984711.3398,947743.8622,757156.6719,785416.8832,830448.2306
Com_49938_pos,421683.1907,459207.2523,434656.9081,354389.0668,232452.9067,514632.4122,457459.8343,390941.0001,225456.2074,448736.1654,529729.2829,247211.5659,414986.1058,293458.545,411987.4158,378319.3259,332122.5675,323744.8453
Com_50030_pos,1384883.646,607504.8595,643904.93,724947.0402,1299571.772,883639.8998,807445.4763,695433.0547,653698.1235,698886.7197,602313.3254,748330.4366,737651.7361,769079.1004,629216.1329,2233619.298,3785479.124,3924394.166
Com_50477_pos,113192.1523,220062.2984,2761959.24,498428.6442,93519.69002,201486.6824,3224907.216,141785.2322,83639.19175,162046.219,1599480.651,188227.6647,389227.0813,411727.5647,755394.6034,125539.6747,97654.37715,140088.3149
Com_50501_pos,9864652.024,6059632.934,5152365.448,3829081.506,2949518.819,4087868.577,2639779.012,1594434.709,2800708.321,1917714.102,2949569.281,3590833.956,9671107.802,8926815.949,4395661.428,3659873.892,4719991.999,6893410.519
Com_50900_pos,17336527.79,15911520.81,12955801.74,6751252.74,18505400.81,12902909.15,22670513.16,15206362.47,12210455.78,13146487.6,19437915.24,30624417.34,3661858.634,4263778.398,2791610.994,12814328.94,15009475.7,13188913.1
Com_50966_pos,12082195.28,12452690.22,11029424.35,3006533.661,2775130.62,2853141.745,3162894.512,2977321.34,3979961.028,3567109.408,3045467.918,1880691.154,1687921.204,3987640.606,3634615.042,2054368.339,2000914.349,2151995.98
Com_51397_pos,1767821.729,2180616.653,2149457.914,2259781.673,4328503.907,2628734.534,1252922.699,1884866.594,2082710.947,1544240.577,1688389.13,924215.3807,2539877.436,3134812.718,2730608.836,2953585.966,3381744.471,3443084.452
Com_52131_pos,269452.2025,288242.5566,268408.0107,262890.6251,297877.3703,343583.6522,293849.201,243424.8442,237204.0931,235646.5273,271113.1671,311722.4878,303397.5423,304136.7715,269355.4264,2112457.907,4302643.856,5856006.106
Com_52650_pos,190302.8062,201943.2372,177143.7099,194285.2806,422829.3672,241670.4491,406163.7916,185837.6886,212674.6496,200813.6328,374296.2263,361014.7155,192913.0598,234967.0755,235443.1934,3407575.542,3905821.886,2733209.863
Com_52790_pos,1949542.806,2566243.467,3740989.686,1935574.992,1446734.41,3964281.96,2882050.641,2578632.469,1415753.763,811361.9012,4165974.26,2147147.571,2972378.516,1618544.619,3349209.235,2499468.321,1618465.59,2181177.102
Com_52985_pos,286323.8448,468586.7773,278882.8053,272324.7733,768957.3104,313921.5429,296665.436,244454.9813,262142.4615,243755.8652,285974.1376,346947.3978,278425.076,311155.5528,276518.7921,279444.3998,290336.1181,338469.9706
Com_53014_pos,169399.8148,169078.5254,164504.6111,170701.5124,194150.949,203087.433,141119.3437,154631.7242,148173.1044,130742.3035,133325.1307,214854.5079,187691.582,202387.72,162083.0074,239318.248,388291.253,375562.2666
Com_53065_pos,600527.0761,787048.783,663467.0518,476081.3717,342865.0606,861225.4697,1023154.599,1558048.967,348040.4271,942228.587,1478595.843,412542.5608,3373329.866,463577.3414,845652.8062,802489.7223,418348.5402,794065.9548
Com_53344_pos,3416892.648,3300256.951,3264274.999,2549209.105,2934435.04,3475284.364,3161446.28,2593410.306,530312.016,2057081.393,2996782.918,10467921.11,3257494.268,2350479.914,2300236.749,4448071.348,4210085.18,4595713.493
Com_53349_pos,2702967.129,3118277.191,1598588.603,1102634.888,2867876.609,2581840.32,3082427.372,1411138.631,1249818.436,1411513.31,2434027.061,1398823.944,2160560.585,3688645.438,2787343.973,2393398.455,2844404.208,3941224.837
Com_53435_pos,3415039.239,2389104.039,3107146.944,2327575.508,1543885.383,1885304.352,1795020.241,3098933.532,1763541.91,2248751.143,1440411.241,1598772.006,3355019.361,4621246.336,3836880.486,2237334.831,3463038.394,3120570.047
Com_53639_pos,418971.1303,441620.9841,414015.5077,388202.6847,445275.7704,457856.071,439668.3076,394559.5834,421604.9646,390474.6767,422939.1762,484063.43,447869.0423,460195.3312,424607.4188,473299.6292,510348.2844,549476.2177
Com_53660_pos,774087.4055,1608590.054,1770253.055,1776576.916,2376161.727,4879342.836,318342.6127,1139392.794,1432490.39,459159.3555,297826.2479,1051823.933,3948429.291,3285533.798,1800725.097,1133785.188,1339479.278,4231472.174
Com_53969_pos,1655479.196,1971611.687,61803.16208,55802.39041,70346.58388,76249.98751,1007093.421,55057.31006,61884.25813,62739.56671,916049.1554,538293.9441,93349.72501,79120.44568,87218.81041,963465.6808,1028363.504,212210.4932
Com_54229_pos,18282449.57,24349423.69,13916620.75,13536194.4,16139949.63,12779442.89,11182040.96,12717256.5,7153538.882,12323615.7,14137265.4,15141674.15,16349187.26,18436316.49,16584233.08,14106388.13,14214550.13,13599867.16
Com_54485_pos,3879703.153,3614087.806,5749613.348,8942609.672,7358115.983,6468434.008,1870058.554,6089035.501,6747431.784,6988564.943,2318372.737,922098.4977,6421809.875,7301727.133,6129397.278,2327514.469,4103831.184,2590017.508
Com_54659_pos,4598417.292,4828497.133,4616412.122,4113480.797,5595372.462,3403313.396,4592073.519,5585969.901,6248864.789,5437265.042,3917731.399,7158624.305,8109228.76,11518753.86,10292128.89,5067211.383,5626119.995,4541948.566
Com_54720_pos,2470336.174,1939423.113,1588698.755,1492559.235,1171760.152,1703795.634,2409178.17,1395761.603,1539109.586,962164.755,2196491.564,1485038.612,749767.4947,789127.9675,693254.9966,1564813.286,1524097.358,1501326.387
Com_54762_pos,714030.1691,696774.8822,681098.1459,697292.995,769990.3679,629288.2968,2212471.221,678979.3016,672467.4759,656206.5811,2301161.17,8436740.711,959418.8786,753865.0777,662536.2905,1475176.929,1173034.307,1212456.194
Com_54779_pos,6943045.907,6815571.327,7156928.046,7266461.775,9010629.929,9321655.49,7180475.758,9301021.142,7367083.34,6044759.167,6700829.123,5986306,8173692.201,8588320.493,7488785.498,6844744.004,7328672.709,6736064
Com_54948_pos,432925.626,515766.0287,245100.5363,219450.8289,247142.7107,694329.0875,1309396.966,225525.7527,210309.7011,211683.7748,1940970.711,543004.9319,289901.6801,248551.3487,235359.2177,184111.1658,222145.7127,265271.5354
Com_54968_pos,5805520.685,7244141.387,4125835.496,3709326.571,8920274.81,6264262.887,3493069.173,2419969.845,3151454.396,2312376.575,3278949.08,3563228.937,3540396.279,5123992.287,2894787.572,8862464.757,10036245.5,7823706.358
Com_55034_pos,2244825.669,4203477.613,1207263.592,2057920.845,986405.9288,7947806.574,2653953.368,8156355.274,3134548.968,5381842.012,2839349.406,4015236.55,4332913.332,3684784.054,4104879.8,1163641.906,2554312.619,3206485.694
Com_55168_pos,4587337.14,5870100.693,3326265.637,2267524.449,5411349.484,3408172.086,4207665.64,1403412.04,1311436.809,1417115.792,3748302.278,2958445.55,2045735.732,2079165.025,1463481.437,2098710.516,2432172.793,2753905.619
Com_55374_pos,156643.007,156217.0459,151079.1759,140523.4091,316080.6893,153634.5335,158506.3769,133740.3741,137138.9744,128303.3907,153260.8314,173798.1018,146895.8979,163039.9921,145181.3136,140696.8107,151761.5624,155115.2519
Com_55655_pos,6599885.782,9594764.013,2223184.852,2277401.307,2426887.013,2042323.616,2071843.181,2314448.986,2156874.186,2162290.822,2106294.467,4030606.498,1982604.079,2155176.463,1919984.157,2746848.565,2758063.12,2931225.192
Com_56194_pos,855647.0722,549335.2618,671966.5431,486634.2871,691767.9648,527185.3688,1621498.407,693692.3827,736820.8705,640439.3245,535100.1739,1218431.629,432352.6411,458399.1322,400867.0271,687863.8796,872419.321,747866.7682
Com_56512_pos,1220959.818,872039.5143,857896.1842,850397.5627,796038.614,753866.3056,1138902.858,737864.5518,823944.1147,654356.1614,1026474.132,687692.0111,621688.4119,654833.222,599297.8087,941936.7311,848033.2057,936335.568
Com_56617_pos,390845.1985,350861.8432,546090.6032,903663.05,1224342.776,372018.8558,383765.1903,379787.2949,352713.944,423167.3413,379774.443,330671.883,369135.701,434833.3772,341208.0346,390809.1511,383258.3926,383055.6306
Com_56861_pos,912660.2107,1147474.954,645218.3363,4726365.809,1512187.546,2317458.777,4337196.834,1644750.75,1209772.59,4233624.549,2706833.202,1034982.154,13091038.66,9613922.057,3869080.302,4938600.637,4823574.912,1200667.938
Com_56999_pos,5499595.701,4187721.172,1546666.573,702857.9499,788510.2906,824356.2292,711628.602,649549.751,686637.8583,631409.7294,695482.1461,777960.7824,757512.2832,819793.6578,738896.2071,644295.8627,764906.3428,807498.8484
Com_57210_pos,14870236.52,15634864.12,14345837.71,12752567.57,20330108.29,11940108.33,11257932.66,7697114.273,9505587.486,8086422.165,9659654.271,9181947.216,10743347.07,13072186.45,11027296.45,10859849.99,11601860,11973361.44
Com_57764_pos,2829350.901,4725035.341,1505466.872,1106550.519,1544731.922,1667514.406,916597.2073,215222.1951,224587.2091,779436.958,774079.706,898115.4213,1054737.779,1130604.243,231847.0258,460791.7592,404193.4396,687080.2422
Com_57983_pos,1058664.677,2555952.161,5225138.833,1270345.159,1159050.353,2669527.289,2374221.185,1807485.888,979115.7566,2813292.832,2990553.455,1002280.398,7258106.422,3610851.122,6715208.011,1907630.255,1164728.559,2391259.854
Com_58726_pos,390096.4233,495102.6709,711859.532,486945.2399,404824.8337,1109058.358,404186.1257,333052.9943,357150.9621,332100.497,389619.9715,472691.8187,479596.7609,423927.9069,558346.9143,380723.6556,395562.8681,461141.9109
Com_58873_pos,547843.294,367229.0475,198057.4872,182268.9057,205268.9054,461901.5535,224511.9654,410885.4419,823611.8527,297361.0215,387532.2305,798390.103,240783.1507,268153.9257,224342.5454,164086.256,184507.1908,216160.2286
Com_58919_pos,207724.4778,594015.4856,149696.966,278902.7595,235349.7688,167942.5013,143632.4735,434311.6144,703793.6725,132122.7371,132519.1787,327616.8834,257753.8701,325468.1779,294521.2732,545803.3309,832341.9097,854726.5014
Com_59309_pos,3492444.395,4212582.285,3922613.175,3812372.503,6598346.691,6524225.17,3018870.678,2595146.161,2188175.578,4417656.897,2949516.159,2430843.156,4562985.7,5596550.057,4330948.949,2874831.87,4547247.623,4742552.628
Com_59592_pos,124045.8096,118230.5185,121493.925,111808.7736,125917.6078,160240.0119,125703.6875,114903.9079,107151.4284,107851.51,107354.5539,151324.7722,138779.1683,126635.2997,118200.2015,93803.44456,113181.7994,132598.6458
Com_60491_pos,10525321.26,10360443.43,129759.5821,110396.4978,145830.175,7982298.421,774747.2661,150276.2297,140725.1454,127756.082,467580.8378,182657.2042,119760.7673,140288.3248,116214.1288,633948.955,675430.6657,555812.7033
Com_60932_pos,289884.2699,359814.051,361092.9181,392859.6779,2490941.54,332665.265,348242.3692,1755122.904,1218771.933,2489071.527,301746.53,533049.3447,1815380.726,2057379.814,1043670.26,275578.4306,440402.8006,633164.0004
Com_61137_pos,418898.6262,384789.9899,381414.7291,363526.5946,369902.0405,364511.8918,365167.5398,368568.1357,370652.8551,271842.2507,330172.1826,499175.938,292271.1002,322526.088,279857.6428,3289997.407,3792965.507,3955873.976
Com_61316_pos,216725.5689,188087.4971,386720.0825,222995.3276,924900.1268,422026.4461,191453.1999,309005.1715,475708.9807,9975554.016,210552.5258,246476.7674,17068174.72,420751.2814,7306161.24,829034.322,736745.4098,440469.3729
Com_61621_pos,79200.62931,90413.44068,87151.06468,201533.7692,204380.8043,123486.4648,93530.77915,151735.5779,158953.9034,267474.3696,78545.94454,105425.7699,518475.3187,234384.8582,154985.5034,66856.18495,79743.93506,89215.50138
Com_61963_pos,2040917.115,1878513.767,633117.1469,347462.4749,1284729.784,365677.1806,348421.5166,312765.5813,1501373.263,312141.5746,343816.1975,356681.4719,529935.5342,388948.9283,365278.2256,3727654.857,1113076.253,724612.7147
Com_61980_pos,1516629.207,1227572.291,1940239.519,2533932.541,5517871.423,2005197.079,1652146.695,1482299.123,1977371.28,1366953.815,1582786.064,670445.905,1338443.738,1472774.749,1320161.528,2761067.359,4095566.663,3694152.093
Com_62602_pos,3100152.798,3095389.509,3623036.338,4134038.019,8464596.065,2580092.753,2880671.043,2049120.697,2363730.724,2628944.371,2623659.234,1386566.193,7024035.394,7732406.255,5926493.999,5887659.367,8772029.877,8188104.373
Com_62669_pos,4253632.636,5079766.495,3489816.888,2813004.503,5821402.029,4326043.446,6643940.838,1709642.38,1794291.487,1972602.027,3769056.079,2645199.612,4054971.822,3984091.07,3582046.244,2847454.85,3342475.453,3883775.967
Com_63262_pos,506225.9251,609617.3762,345140.0704,172557.0166,461888.1313,189859.4121,90349.17429,107064.1458,86403.11836,121682.4048,199437.5597,124885.1363,109441.9212,197024.3171,188000.2342,132186.6233,120992.9374,140072.0921
Com_63600_pos,872286.8396,1179736.803,484581.6924,233921.7745,398520.6022,1118585.32,999657.3185,469184.1935,278041.2885,374752.8999,1282192.815,903227.9099,325002.8094,300753.865,266527.8127,318864.9556,460161.4866,435377.0887
Com_63943_pos,2649954.015,4087272.288,1438268.406,260194.8675,557503.0283,340060.4447,290835.9852,240928.6945,234771.7328,233230.1387,268333.0932,308525.994,300286.415,301018.0639,266593.3769,252000.1094,283985.0973,333106.4991
Com_64071_pos,910610.1469,748199.2338,758333.531,1748824.745,1081542.477,600828.0328,680919.4826,1447081.502,1413019.364,1002602.303,573754.978,656025.4508,1306382.016,660801.0944,755921.3285,500266.4979,572574.1284,587310.8101
Com_65574_pos,549816.6601,208889.1253,639003.2086,1074074.629,1693065.213,297258.3321,233190.6249,1577837.196,877386.7904,890375.0018,198160.8899,262681.2634,797838.2607,818894.5726,482095.4369,174013.0642,209961.498,289831.8879
Com_65647_pos,408627.0608,345720.5022,297384.3705,253745.7983,314223.9192,233691.717,312887.6663,232376.2991,274552.5649,216307.0003,292173.6383,337914.0191,247796.0557,307182.2223,259733.8459,267533.27,284334.094,286748.5255
Com_65655_pos,117475.5022,140645.9673,123917.4387,116428.5724,146249.325,159737.2924,106301.8691,111277.3288,106844.4118,98485.08972,99675.96683,161844.827,141383.6364,152453.8901,124468.5817,124343.8222,159019.0243,196234.2337
Com_65773_pos,160473.0629,152950.0552,157171.7926,588585.9037,617614.572,483898.5042,162617.7927,812589.7622,138617.4829,1029823.486,138880.2582,195762.757,779177.532,649026.7739,479789.71,121349.7344,146418.7309,171537.5222
Com_65821_pos,1796355.51,2197491.409,1982362.155,1569447.371,1648819.786,1430217.116,1631526.453,1670011.992,2090133.351,1530737.645,2321578.952,3526640.547,707987.5217,1408438.949,501936.1334,1794690.482,2052640.254,2169647.04
Com_65874_pos,451074.5431,380130.9125,415065.232,450579.2693,368360.4469,1178255.742,519049.9662,391588.1281,382742.6684,854863.1978,438830.9841,264347.2919,1646781.713,443323.4213,2025222.756,410591.6864,376331.6299,692107.8852
Com_66036_pos,680976.8631,683528.9193,631001.4432,627319.1866,683669.3163,828893.2347,760413.5719,743851.5592,778148.1255,631805.4031,737007.9088,1044095.401,1672517.855,810508.1004,1762721.831,701559.0276,778596.594,816229.4772
Com_66142_pos,1552604.83,1609268.091,1462310.745,781949.3286,863887.333,2659424.649,756403.465,1838929.568,531633.5504,642842.791,787827.4566,3154770.125,999885.3393,1223485.662,835665.9683,956751.3536,1452790.343,1088488.649
Com_66229_pos,325343.362,291782.5108,347856.8557,355487.6769,332231.7661,354432.0282,340426.7313,395632.4699,297284.8343,381220.0276,301052.9168,291392.2343,321184.8206,352240.0288,316161.1937,321538.062,305714.3114,306732.1995
Com_66695_pos,1588022.418,1533729.655,1084680.339,1264345.812,1498582.335,1087136.329,1263806.885,1622470.679,1555748.33,1524869.426,1433601.844,1625025.295,1327908.141,1222273.395,989325.192,1371230.386,1422838.39,1497888.62
Com_66867_pos,581668.7981,604452.004,497689.3022,727409.294,497716.4542,116446.3258,462924.6658,370988.7767,268787.5737,164087.0413,628688.2213,593232.5215,607279.7238,646075.4605,1004581.096,532972.6795,601927.2586,306967.2838
Com_67196_pos,1526027.206,2334998.038,2505492.694,1017167.412,1189799.211,2301624.933,1541407.436,2270474.317,1332217.385,2577524.45,1488799.99,2451527.36,1181793.735,1170105.583,1068370.912,1650379.971,1526241.259,1516952.913
Com_67284_pos,118030.0356,97987.10115,134351.5836,101168.8043,139960.7613,314370.3203,75826.05436,68545.1512,72083.79807,67139.54318,67998.72981,81010.49249,156056.8771,152446.5572,112630.7942,152560.0697,67381.32775,249578.8179
Com_67943_pos,1474982.301,1203284.072,1038042.123,1016699.256,1057397.547,582282.2843,667052.6174,657331.5251,853455.4945,626233.0265,607868.3388,906124.3653,1369859.511,1506030.15,1534367.593,637215.6476,1125187.931,1364520.192
Com_68146_pos,915400.8316,491580.1388,321620.4779,295981.805,334549.9169,460004.149,519373.1326,304175.2892,283652.8131,285506.0794,308931.9531,400589.1287,391001.5879,335230.7996,317438.0631,382706.8946,300943.6827,351017.0557
Com_68622_pos,30689.65625,29325.38395,28848.92385,26642.3518,30422.03365,28840.58942,44121.97412,25106.01705,25676.42858,24433.86431,54934.65746,67862.28382,27422.53426,30606.20137,28158.20136,26695.35202,28122.61459,29271.00687
Com_69246_pos,613493.1572,677600.6559,794322.4212,521510.5416,592236.6672,593151.5441,715983.4312,511151.0822,546188.3147,515668.3465,547916.7828,1967280,580213.3701,596182.0507,550077.9876,613158.6402,661155.0925,711845.2449
Com_69337_pos,461917.1709,567217.8783,499125.0674,466242.7294,517969.9066,646967.3345,561526.3853,449112.5963,468654.9382,421859.568,481546.8218,615734.4547,499706.2587,547471.2395,462328.5143,467897.8851,516994.8188,620919.0432
Com_69381_pos,502039.6053,432510.5326,384247.3457,293052.6853,489610.0705,304943.2455,685681.5267,491569.7492,640156.5914,407472.8926,618522.897,614845.3564,337308.9871,437576.0738,400665.9919,1800237.134,1669232.528,1589233.593
Com_69450_pos,392646.3606,99364.93603,126124.1622,118858.3737,133205.5091,115205.0634,1722823.171,121741.9246,78681.02606,115660.4191,2649810.01,1770385.485,1078820.456,356452.5066,142635.0966,94272.52548,77504.87307,100726.7794
Com_70730_pos,84017.83875,82363.55703,81589.94685,84663.44639,87294.61085,94492.11955,69991.47122,339199.6498,223432.2331,98017.63836,66125.74723,94221.73635,93090.07269,87150.38496,79199.38865,106607.5162,120438.3684,139029.74
Com_13_pos,2039564008,832106206,351201435.8,923427572.7,331416863.1,95643675.61,3043528160,325130997.8,2381252597,186579104.5,2890876000,3498314943,1762070849,1335499082,3004809405,3072816432,2316205704,1783898446
Com_24_pos,20799764.79,25456800.83,21756706.49,29906196.65,15986120.1,27769445.67,87756873.69,46036820.13,31202057.18,59937835.51,96260431.68,60203804.8,117426571.2,184492524.5,157171725,23846259.6,24150050.36,39240674.11
Com_174_pos,719503158.1,551265889,364056895,272902406.2,511665667.7,872958475.6,1083268120,546273062.8,512228817.8,551289565.2,751835491,190344184.9,202040540.2,347133951.1,202478019.1,200522860.1,259115360.8,256220898.2
Com_358_pos,16854729.57,13945033.39,15811075.25,16685332.76,15419061.35,12952151.83,18889606.18,15680251.06,2244217.139,16240165.02,18939270.73,26290002.36,15874243.72,18748478.05,17909760.59,13089420.48,13893725.59,5017048.614
Com_483_pos,157055.1723,532771.4654,28625455.61,58163465.88,12008510.49,58085307.46,206472.488,37755649.61,10488726.28,30051822.05,226639.3161,497398.2855,460392134.1,319133451.6,517506929,56640723.89,16103189.59,46151652.16
Com_490_pos,92617512.53,4525093.318,5117590.022,5838281.163,34419223.32,4915060.429,39807003.59,8571764.874,40105185.88,6635225.786,6395685.436,5276685.416,6599996.256,8358600.633,7660863.153,4411442.174,5683460.062,37568679.42
Com_652_pos,12838957.19,12833155.15,12683524.73,11940760.76,13102291.32,10267094.38,19031891.39,8831931.571,5641090.272,12185707.96,15808582.92,27546518.66,10719647.1,11267854.87,9778857.197,13841608.18,12753576.98,10711394.92
Com_662_pos,380774.3204,1194998.519,5084400.961,3167755.622,1701528.758,8583133.259,1604440.928,3719926.928,1261578.82,5102528.009,3102716.387,2188784.782,9267585.185,2921930.989,5341113.562,3691531.048,2120273.415,984447.5464
Com_807_pos,590476.3506,538604.9748,456137.4412,328723.1657,381040.9975,623865.0113,27496603.55,365944.7789,404365.5665,324817.2556,23998273.99,8556042.075,335445.3323,372501.9429,314964.0676,497871.36,646918.0005,509024.7143
Com_847_pos,25604193.6,24479358.46,22548081.26,21058025.14,27637353.54,16652252.99,15387716.51,16909270.09,19998380.48,13667482.07,13386724.23,17150856.88,17792925.1,21993483.73,18661380.26,15608342.24,16946908.51,14572352.58
Com_957_pos,64283348.5,60066349.23,54283891.23,43456701.44,94319680.61,55160603.07,100422792.5,44004311.2,54056817.45,32787104.31,84933163.18,187280741.4,38177024.88,53513728.52,46219496.91,78994577.46,68297774.06,66414088.52
Com_963_pos,37885984.37,10800025.64,36281501.18,19320457.93,21666045.1,25068321.3,19900149.44,15801414.06,19786290.95,20637344.66,20733438.16,9149435.242,13839213.78,14154126.36,22475273.12,26245116.72,33198709.94,17477073.17
Com_1194_pos,117939579.8,248823361.3,69661480.22,122245484.7,431120485.8,88293062.5,115560174.4,169124820.6,180927626.6,114877848.5,123955932.3,227965175.4,67000217.06,73954060.54,73193166.53,127930366,163781258.6,99753716.66
Com_1353_pos,30529628.78,78421608.47,68951930.16,117314025.1,13790294.74,20702296.33,98118648.72,15952470.7,21104901.08,117122024.5,90805067.72,53990216.7,103151074.3,789112.6259,134340280.7,42967419.88,7251894.175,29524269.74
Com_1392_pos,12747143.99,8983243.938,11549626.96,15478070.7,8127598.448,8615044.628,24638064.74,12164410.56,11047662.69,11014044.19,12105765.03,20326671.04,15791350.15,15571145.52,40254198.86,13759537.41,15296778.19,16865206.34
Com_1473_pos,43678495.91,40417608.13,40776382.27,32817162.76,33805610.97,42117353.2,52440593.22,42071561.66,17932527.7,63963229.18,55336531.46,27483919.33,48258724.07,31469842.37,25197707.21,41741968.36,39924187.24,37829006.9
Com_1506_pos,270406.7219,488195.0147,617624.0889,399338.2438,1854120.431,5581469.368,2109207.673,10016211.38,1176692.797,8565883.486,2269825.199,629565.4835,535931.3393,257960.2253,523877.6708,460051.3815,914450.7823,502909.7374
Com_1517_pos,12690213.77,12697886.03,12333529.19,14938235.87,20988188.96,14438752.64,12566496.78,33642524.02,33137826.59,32600092.05,15272327.01,34162816.56,25983178.07,35211006.81,27293473.72,15657072.4,18405004.98,13900430.31
Com_1606_pos,40382468.17,9670437.83,42732233.54,19068008.39,31665321.43,34372564.83,21775827.71,48586133.29,17016695.21,46453947.85,33778648.19,98595072.43,26482071.48,23810696.17,17818923.83,56614923.42,104525873.9,84202183.82
Com_1756_pos,35409379.06,31390232.56,31510018.73,17981216.64,22027162.64,10079894.22,18517016.82,22693576.5,25437333.95,15134013.37,13762634.15,20243163.68,18723404.59,24124138.51,16707694.45,22145875.84,29662958.2,21136073.63
Com_1834_pos,11334720.13,12874472.19,7963664.67,8733678.134,9256816.716,8634285.327,21435759.43,9646628.621,5405644.52,8770676.028,13168872.5,61479736.41,8765244.407,9585071.544,8468306.528,13844824.39,11600172.36,12096195.17
Com_1995_pos,6811609.497,6277475.066,7416140.18,8143248.341,7335432.95,7998001.286,7508643.295,9905182.676,7467392.302,8244949.8,8032777.622,7454492.903,11268274.3,9821052.766,9180975.631,8885069.72,8480204.985,8716067.276
Com_2124_pos,1876504.51,2257684.199,3097938.616,2717787.223,2914160.471,4279387.033,3295858.122,5462570.756,3487662.181,8881561.743,2768770.486,2597185.522,4324124.575,4222771.645,7226613.201,2987740.277,3793085.894,4740458.705
Com_2136_pos,89385805.92,70963356.77,82975442.06,191098920.7,82535187.27,82168160.49,72672834.66,118875171.3,113309486.6,102479523.1,89900951.77,66644105.03,113929990.7,142319205.4,117103614.7,70172244.16,82214563.08,77055396.7
Com_2276_pos,104426104.4,98907533.7,102361471,128356047,126979088.2,117404691.5,77246569.38,153615534.6,121804102.5,113626802.1,71918938.14,20679108.08,166369009.9,182356521.4,153549076.2,90450040.27,111185026.6,97469073.6
Com_2347_pos,8329010.851,15418554.14,5352526.785,616533.458,1367282.346,622777.9453,8154064.446,803536.0862,1804007.966,3789133.045,8495934.518,48709383.86,529666.2446,576065.5703,543283.486,702381.3711,939579.8605,1013026.17
Com_2359_pos,3891574.378,3550553.698,2991791.734,2940338.922,3871674.772,609878.4115,1507800.091,1359559.454,1867958.555,1677262.197,1841363.715,6193379.435,2528303.31,3193158.726,2428314.096,3881989.824,5134449.924,5348228.613
Com_2394_pos,5642045.159,5677930.374,7788342.39,5953601.386,3945401.393,4899881.037,7337465.51,3959020.083,4154206.961,6030335.785,7118029.127,3929330.675,7429926.011,5369787.838,2534962.551,7416689.37,3930041.404,5936769.511
Com_2436_pos,15622472.66,16652180.96,18737085.83,15494353.49,12631265.92,17924044.96,24731016.38,16243823.08,7044488.544,32331068.55,24810771.79,30786198.38,19915130.83,10171044.65,9819630.975,8314915.102,9048732.625,11735026.94
Com_2482_pos,3816034.149,2763422.344,2860568.17,2320664.664,3111418.04,3829759.74,4073485.447,2854905.274,3852972.331,4061222.671,7041213.272,20986337.3,1388258.308,1445755.356,1839424.301,8297326.891,7375155.082,9874032.046
Com_2551_pos,150640907.8,210384622.2,183923593.9,347176760.2,93557764.06,206363269.3,120265360.3,233626025.6,118745812.1,168175295.8,119961204,80285014.56,359075130.2,282240130.1,279351241.8,252712946.3,77585310.51,123841786.9
Com_2590_pos,2164295,2101671.642,2257742.768,2312801.982,2435201.298,29392831.24,24047019.23,2350425.542,5668467.229,2923000.077,13339249.29,73049994.54,2013422.328,2234342.908,1926957.406,15249675.6,2849658.033,20029808.52
Com_2675_pos,5064613.005,1799222.208,3873601.211,3687240.502,4226344.346,4135387.669,6323086.868,4207872.189,3990908.627,3043099.403,5577975.475,10446480.57,2955065.483,3356793.473,2795142.542,12215464.95,18411554.88,21361714.35
Com_2721_pos,14415640.8,10793024.34,13511547.12,27626627.94,102665940.2,27141815.99,13536594.79,19184437.89,12361657.85,15329643.42,13384086.39,10488582.03,6846469.446,10486886.76,10250701.96,13927300.52,13230893.89,13019465.47
Com_2772_pos,7170673.54,225248.3705,223272.5603,11186803.03,216533.2624,213377.9771,10444797.38,215752.4212,5013075.529,2370587.572,5434214.017,4544663.084,170194.8765,188800.3266,163823.0715,1925898.736,2220326.21,2315689.572
Com_2944_pos,49024222.8,39711844.69,45682099.45,36479455.43,64819301.02,12735217.34,34159750.4,30391380.6,35643947.97,17531435.78,7283342.066,9029666.849,15157354.52,19129558.41,46712319.95,45100919.56,60530306.62,68846679.94
Com_2948_pos,9131022.705,7775250.742,8489046.36,8015835.24,9736678.819,7496532.696,11046416.92,6462462.229,7083608.068,6357110.2,9935772.025,14710054.89,7675312.353,8340720.363,7435904.24,7490834.627,8530785.405,7973369.098
Com_2988_pos,18584165.37,17721371.77,12124559.34,21175056.25,42719586.53,21093492.12,31903964.11,30103731.99,14453764.38,25820735.06,30835706.07,106684362.6,24898099.46,27644103.58,29481392.35,24038024.32,25201598.45,30578296.09
Com_3103_pos,6645761.086,5566095.265,2745579.043,4646038.309,5092168.775,11732141.69,54988296.32,20687189.75,14674733.71,20003855.33,59093668.67,59360156.39,14740367.74,8633708.658,8910860.166,14891644.17,15522731.51,13949071.66
Com_3145_pos,23760785.2,25879350.39,25783075.25,40882811.56,31708920.81,34310378.07,14257971.56,32933201.43,21918871.7,25014924.03,19587581.36,11182837.16,144568395.4,108721764.2,106074320.2,19745951.75,28923476.28,41666985.22
Com_3370_pos,17871349.37,11979232.19,6770959.072,23176657.65,8798498.186,11075696.47,26229718.12,38151738.63,52979900.71,25445189.01,24324658.72,79414979.06,15252879.22,9688373.739,13377553.2,8668210.26,10765436.68,15890764.33
Com_3584_pos,729908.1917,699715.2536,693622.7432,701669.0945,836457.2649,590646.7825,608238.2264,3105861.952,616082.5529,606799.6265,559320.637,633763.1097,681581.5602,2845474.212,2914058.422,15155065.27,4916272.288,801835.5212
Com_3741_pos,28541368.88,22952449.63,14833307.13,43367446.4,25857796.51,31966426.01,56605838.38,43407990.74,37296575.25,61527816.37,51555176.7,42491744.05,96138357.8,94844865.95,87857814.56,38382810.49,41273861.12,42073578.85
Com_3831_pos,285336178.1,315252463.4,321231339,374559896.9,351965050,239654892.8,146676689.3,319410466.7,380908949.1,291990378.8,133649368.4,77431046.49,476762122.6,468997357,496893611.9,185292708.2,204058626.1,198464493.7
Com_3972_pos,9105479.028,9667594.801,8458936.384,5935092.689,13670212.71,15519128.6,4044325.111,9441334.277,7056678.353,5104525.863,3505091.697,5489062.925,7936450.51,11693879.58,9972234.138,10540839.31,10149633.78,18396321.18
Com_3994_pos,13295630.84,12290418.22,9426554.852,17386822.63,11006108.25,8751687.212,9357783.049,11471674.58,11314121.29,9063713.444,65672475.53,250451350,12978181.72,14350587.3,11130034.55,12663736.87,12589708.48,10748956.74
Com_4381_pos,7938422.911,8966703.443,8644014.113,7218632.735,14338459.17,8867988.867,7052574.075,6756729.254,8824090.492,9310231.036,6338553.834,6938904.233,12774381.84,11128857.82,9941284.224,11127965.19,12112415.27,14255293.98
Com_4680_pos,10959293.09,5624231.827,16733512.24,13555703.48,7171415.344,18811171.54,7595132.729,21819386.55,6831324.18,17249078.27,12294323.71,17825334.11,18190080.65,9563129.439,6344072.007,4848557.506,5732476.021,6704161.835
Com_5004_pos,1729146.164,1732794.734,1668127.938,1718642.97,1897081.25,1431853.566,2000759.445,910403.4248,605833.9105,1430448.644,1929477.812,719384.9053,2038359.887,2261567.534,2337558.991,1376230.532,1863142.448,1727400.965
Com_5127_pos,59770006.15,28859083.51,80460801.2,66554936.24,87493641.86,33923103.69,50026324.59,68177162.75,40323831.87,28107692.56,48452829.17,29126368.78,92223897.89,67018844.27,29141817.96,18926898.57,32549384.54,29279891.49
Com_5258_pos,255397.6072,243424.5188,4154470.165,768568.5763,3072193.666,3169736.123,393155.6562,1107717.477,613539.6577,1366009.674,4207624.365,311562.195,1271133.826,1266261.386,1393909.415,2625941.36,1954234.862,4246576.5
Com_5496_pos,92020069.14,82217475.18,69586796.04,58644738.3,48272886.97,44333396.7,3188973.417,6403076.494,8556671.376,1344705.77,2790127.407,145905047.8,60769763.43,57578195.53,77775830.34,38786378.39,27398888.04,36610556.47
Com_5507_pos,2274820.054,2470146.124,2106507.335,2021456.657,3628835.967,2323415.304,2146666.81,1516302.805,2585894.337,2142455.305,1831634.417,1252920.736,3809352.97,4394487.244,3541121.182,2647586.824,2992184.964,3029704.821
Com_5558_pos,370298.2925,872739.8412,338350.5134,979454.4943,2285014.821,9061191.09,3211125.524,4081706.465,2524667.732,3242081.702,3723080.533,7655927.468,2046159.917,1146539.373,1857371.083,2908294.146,3352908.229,3496916.168
Com_5700_pos,667465.5431,626320.286,645984.4984,670943.4441,790137.5538,637356.4178,596592.7963,704295.7958,645825.5275,640837.9191,542605.2673,941194.8441,629482.3768,701674.9644,625101.8596,921260.9775,897960.7353,954338.249
Com_5818_pos,13791377.78,13255035.99,14783001.42,6996529.779,11948828.95,5841439.063,10068664.47,8672953.939,9241213.317,9332837.481,11384633.32,17665204.82,10416984.84,13913666.12,14212669.93,44955386.86,26164238.26,29857222.77
Com_6099_pos,2038961.775,2568519.254,2931152,3238697.364,3249542.687,2249751.2,1591748.529,1987974.754,1883554.906,2425848.85,1932851.684,1530843.212,3906817.895,3621198.722,4089847.162,2666211.955,3490344.2,3036797.18
Com_6144_pos,7266110.793,6998172.439,6804990.339,6548921.246,8721011.744,6502584.896,6757415.529,5597303.03,5784761.491,5487477.986,6086186.125,9690996.657,6121166.044,6643167.811,5982320.094,7596861.949,7062917.757,6915999.349
Com_6321_pos,23152056.09,2200083.742,5032201.847,2246772.255,475857.1766,8887091.212,4159618.129,3216793.115,878746.0858,7753175.815,4768197.241,2725455.167,9181680.998,1257221.308,6094813.023,451485.5508,8222227.771,1541399.735
Com_6349_pos,61755113.32,56507440.79,43316505.97,42412104.19,50959280.01,43049186.98,46456942.24,43910749.77,49584871.25,40868028.97,47810047.54,99166807.53,37057430.02,40887108.22,34885655.77,49241393.46,53029983.67,44636966.61
Com_6717_pos,15181425.42,16567626.38,18828112.44,82466735.37,11379774.47,14251581.15,17522554.57,13963120.77,17328799.67,21011536.86,11757376.53,26952427.16,18266860.41,14641280.38,22295514.46,10048783.98,8880302.21,9021073.931
Com_7082_pos,9730573.191,8204484.426,8408029.103,8952893.35,9289019.511,8136421.529,11528936.17,7370741.589,8020505.166,7856451.453,9914664.718,98042104.78,8707455.212,9085592.783,8188795.208,9284349.485,8895927.825,6409329.813
Com_7135_pos,17298991.62,13947405.36,20061561.65,26465946.3,13401990.37,23831803.94,34719605.57,33121223.74,19585539.01,39377749.28,42323237.52,26087354.13,34794372.17,45593272.39,38928681.2,77591916.6,25108697.18,24303973.16
Com_7241_pos,6823863.845,8416383.677,8271503.93,8316123.329,6997258.292,9622021.767,9387559.026,5456758.84,7712698.673,7443314.01,10089290.66,11065458.41,15461219.48,9153142.056,5211792.376,6934892.94,7328390.387,7530580.885
Com_7780_pos,18288089.93,16761187.67,19052723.16,18539034.58,28585428.99,20439720.25,20075540.77,13232062.84,12849323.5,13733814.34,18050661.62,15696436.3,17844213.46,22520191.74,16819277.84,916738.2939,13479940.21,13503763.99
Com_7831_pos,20707010.4,35087851.53,5227915.115,3567840.249,3733114.587,1511080.499,9438202.988,1664294.136,4863300.735,3732073.654,10001183.36,39325894.35,4166880.56,3263344.332,3831462.56,11591470.85,10536502.69,13047669.65
Com_8263_pos,51847079.76,34230157.99,31446201.9,27751011.99,54160517.71,27864982.25,22065048.02,27443616.62,69456744.89,35841097.05,25969798.01,34285971.94,40301713.55,37497339.98,43437996.51,24802314.28,34201162.01,18999142.02
Com_8458_pos,156460.9928,172811.8785,216091.7481,854831.9994,656498.3734,97057.00643,100844.8723,309943.6338,262455.4208,1288238.279,94469.22795,92546.12481,1663274.88,1548085.947,1163514.608,213851.361,265473.8561,435147.4542
Com_8588_pos,412925668.9,375009178.1,385639595.4,416950434.4,426628421.3,368099740.2,268070581.7,428803181.4,423940777.4,330019574.8,246302582.7,193970332.9,224969853.5,450948182.2,229893887.2,275272241.8,315301316.2,280320930.1
Com_8703_pos,143189120.2,132272530.8,118106831.5,110501733.1,124683242.3,91234515.75,111450795.5,114621388.5,121588660.1,105164632,69231071.73,99757180.4,103579767.1,135184475.2,108869447.9,78302208.04,78745902.65,65629945.66
Com_8734_pos,2047286.689,3398512.889,2650824.928,1921799.619,5226155.659,3827543.631,1693985.028,1212032.844,1275781.493,1879986.719,1654424.315,1545737.003,1960348.65,1668736.482,3489466.743,364275.4417,1233830.288,1611429.622
Com_9187_pos,35356821.55,32501830.31,25960503.61,19039722.3,20142263.1,16673200.28,22841354.51,19496322.73,22220833.48,16492424.49,19977325.6,31862902.74,14545531.74,16255465.88,12911965.35,18008381.54,20975515.34,20549833.69
Com_9479_pos,1198882.125,1246655.747,769612.4682,890328.3452,1863958.66,1179003.879,890599.5733,693899.5949,533237.4662,509984.3825,855414.0156,331496.2115,860501.7319,963912.0646,935493.2909,20082802.52,26545966,17060603.47
Com_9587_pos,13054931.61,16629167.97,17217847.29,6131418.923,12799581.08,15283741.52,4502835.707,8334179.459,6274284.254,3819193.225,3122667.563,1543003.353,3429527.756,4717248.529,3786383.455,24505760.16,13618969.58,14564638.67
Com_9649_pos,9227732.942,16658613.22,11975029.94,8300854.004,12912434.67,17100119.55,7352738.986,4996506.998,5778052.312,7581734.405,4542750.651,5649767.997,12205650.57,10752651.19,9753226.772,10686894.08,11695569.42,13733976.67
Com_9702_pos,4061213.153,7541024.4,909398.2624,650378.9063,571330.4484,969162.6184,2676971.701,588751.3317,463866.298,984369.8348,3137168.451,559456.9987,2517472.361,445305.0093,879910.2437,952945.134,671639.5945,746840.9951
Com_9825_pos,2929463.74,3772526.877,5251687.321,3153937.468,2493325.435,5544882.944,2763786.779,3873391.762,1663292.04,4515134.573,5745001.619,3839216.764,4275001.568,2526428.754,3127607.861,2035515.103,1586330.548,4402274.709
Com_9956_pos,44518017.21,37838147.96,40175169.61,43669440.74,48217438.88,47310933.42,38203788.57,38210709.38,46024543.65,71135650.8,37911196.81,43875295.18,39646816.18,53928424.13,42605093.52,31715256.32,41842777.23,30005193.02
Com_10253_pos,17138841.63,7545169.606,5529077.602,5325535.008,6722234.177,5135146.52,6301099.607,6019249.956,19078104.47,3968894.63,5305136.502,7001030.127,3938878.803,4463681.077,4063883.651,4328497.804,1120980.262,5182008.677
Com_10298_pos,5005818.022,4463432.759,3656267.692,3435010,2696715.643,3921154.285,5544537.804,3212237.713,3542142.042,2214347.998,5055055.98,7442499.948,1870891.866,1989551.587,1803510.205,3601297.128,3507592.557,3772437.879
Com_10318_pos,80446361.74,66240184.58,49588707.36,34662682.68,38708949.21,28850191.39,32106228.2,44854486.54,47271483.16,24894879.64,29995769.18,38958218.73,25814915.61,29583956.43,24489307.99,27411082.49,31007810.12,33822645.67
Com_10510_pos,634924.7742,545306.949,673412.9334,674688.8103,742422.4002,584586.8655,684047.5629,604275.0514,1184843.38,660917.0131,497243.5712,575556.0423,640210.0993,825655.2307,629023.1963,16239747.29,14903844.14,16691096.62
Com_10908_pos,3544615.624,4123300.781,6489158.597,4538483.544,1840323.827,5703099.72,5280479.23,5632131.272,1009388.475,10638130.38,7446258.138,5033433.166,10551956.94,1052683.009,7052908.384,3839472.139,2337785.279,3257200.366
Com_11008_pos,4846253.044,12933405.46,31146692.5,14418764.13,2790239.522,28310126.99,9935104.884,8303729.66,3355708.682,19682306.57,21892780.33,10322799.41,45363536.72,4685160.987,39884304.89,18000884.21,6321481.521,14549936.65
Com_11010_pos,6300331.191,11805123.58,9049807.068,7072210.857,11163865,15874101.34,8775956.284,11169359.74,7648967.464,8354481.317,8641529.267,16171476.79,11790331.39,13969187.88,7959273.578,8859461.101,10781556.97,9683582.124
Com_11424_pos,36127631.14,28417677.4,31389078.61,30474792.96,28371517.48,27628876.96,38475238.32,32459356.71,33705992.69,32871341.39,29235308.2,23487526.8,35646922,40683429.29,37256485.77,27951874.45,34816410.16,32266135.62
Com_11466_pos,15636436.43,13128484.87,8146095.616,8670171.38,22254959.05,7732921.945,13966876.17,7637218.732,7058760.375,6708886.062,12278457.71,7783722.412,9307165.004,12339586.91,9709536.866,12163715.06,4780609.338,11055676.53
Com_11477_pos,13957963.34,11758992.72,11306929.57,10681291.39,18920950.38,12596438.34,14596482.15,8324333.212,8563919.314,7642562.901,12666539.59,18125193.98,8931500.622,12003620.37,9039548.239,7130842.207,7546458.468,7385883.787
Com_11601_pos,19959985.24,21145209.26,16894354.09,18463901.27,21308987.91,21831765.01,9781144.329,21298736.13,20509490.85,11533728.94,11629314.71,8968847.34,20578684.33,19630922.29,18645542.37,9820315.605,11191646.89,12642287.87
Com_11613_pos,39840472.38,38033894.27,43135036.28,47687131.61,63933567.35,36398290.22,27136584,37604147.62,49886694.52,20901996.38,20505134.77,15590620.57,22965866.01,17814495.21,28521415.05,20236795.32,24176336.72,17727475.69
Com_11743_pos,468886.7733,2012764.852,3357850.685,1537434.874,458003.2139,3346387.397,1440633.751,2126399.71,519292.6997,3385318.078,4432701.21,1881253.578,7050454.196,431044.2821,4060307.656,2883414.016,1824179.399,3573897.073
Com_12001_pos,9455749.081,16399086.29,10246425.87,7644110.662,13036636.16,15032260.08,11605843.18,3431429.398,2850173.368,2855879.038,12825021.97,13833862.12,6830339.922,9115594.583,8516259.412,9285136.972,8393349.855,13721912.5
Com_12375_pos,298650.6724,1755683.196,466833.1009,377927.0681,2264647.292,683708.7522,1274113.917,1011412.726,2362465.335,507751.9508,2628269.289,1773264.546,382657.586,274547.4431,562052.449,359008.8275,275414.4578,455123.6006
Com_12451_pos,4606785.371,6597288.406,6407814.051,6613000.724,8239585.904,5870702.566,7872729.554,7571575.683,5914738.249,8015552.983,7418628.45,7327902.871,8657959.485,6888576.989,9642300.231,5127529.521,8386248.198,6903674.174
Com_12764_pos,10900010.09,16044674.52,13837463.29,7701176.347,11505314.74,6907467.017,15465275.45,9293594.492,8060339.784,6403856.722,10263758.84,13808189.86,9122792.152,11327508.86,8927341.6,10493748.63,11312564.72,15793131.48
Com_12890_pos,10197543.78,14752211.8,6715357.023,6632594.891,7709537.052,10993862.38,16721387.77,7815390.099,6112859.052,8547235.048,15298493.83,5787422.42,7484566.199,4044110.204,6194769.243,9116839.352,6410389.563,7010045.037
Com_13007_pos,840841.3048,1514672.967,4802164.386,2301370.105,3402220.522,7811987.24,1380006.264,7315773.197,8797998.466,6606884.918,1652996.21,923707.8081,1103322.069,667528.4954,1289228.361,2813612.604,849220.3742,1531622.519
Com_13025_pos,59427518.61,82319951.23,58479108.37,65610551.67,70355313.05,57698240.72,24367262.52,38897773.96,46372021.66,44349856.5,4871426.819,26190116.8,41819026.6,47980732.14,39223699.64,25118714.32,29453830.78,27939302.82
Com_13235_pos,30682697.17,29558787.89,30213692.34,30742268.12,30520274.86,36748539.66,32443567.02,26205131.38,28947358.72,28423318.24,30598199.06,27141410.14,33024837.21,35973614.82,32533251.21,29953117.74,30787666.8,35512192.76
Com_13257_pos,8195770.785,7913810.725,4696368.96,4928544.36,4792520.935,8100880.637,9972614.78,3392626.542,5113777.742,3735538.408,7817458.72,13551568.34,3938043.852,4739063.101,4002579.014,4049760.481,3621582.903,4272047.028
Com_13387_pos,2686335.415,3549678.249,1507314.651,587926.07,1086416.493,1486391.569,4304041.294,2155980.126,535191.1141,2202391.091,4284830.106,1086309.221,1515994.164,1540826.681,835567.2646,980396.8608,824626.1047,1930652.774
Com_13552_pos,67830482.35,56173807.02,42920879.49,18979993.09,23595680.84,13545753.95,50870232.13,5169254.844,32125540.32,3298071.565,5860761.563,5702798.38,22636947.17,17756757,5716486.578,19857406.48,28000756.58,27424841.25
Com_14573_pos,82817006.48,49241490.26,36216387.68,8943248.318,10964528.74,36676260.75,78947044.44,10234620.04,15370552.36,3469560.097,61132246.57,5044582.422,1579530.4,1679710.769,1522642.355,22194908.38,21967633.13,18413824.45
Com_14583_pos,13931874.47,11101772.28,11382538.45,10847192.51,10651952.38,10296981.78,17520105.69,14486081.43,14270227.71,14778299.5,16017802.05,12853521.37,16670693.02,20086958.48,18899071.95,11286924.45,15779209.23,13346374.28
Com_14717_pos,7641310.394,7763658.627,8594514.945,6938768.247,12032434.74,11253532.93,10570284.23,3291236.609,6079740.946,5843270.814,4310937.281,5604156.419,8993409.954,10394059.07,6888491.587,3093140.862,5098712.371,5530889.273
Com_14741_pos,105633573.5,98929889.26,119147028.5,143846476.3,183106197.1,123201597.9,100874114.8,120255431,138253376.2,105652187.8,66534972.36,67252933.94,167703845.3,142744562.3,117387102.8,63581711.2,81843646.06,60808247.07
Com_14980_pos,15256839.57,13759399.03,28602207.8,19059338.24,10353695.12,15533369.02,21700862.09,20820690.36,7082903.08,16489365.46,25613142.21,16666313.06,23921488.24,10714552.24,37047507.48,15084674.96,10441356.59,15492931.58
Com_15002_pos,19034460.1,20287831.28,17580346.42,11135790.52,20743797.22,18621087.53,13755419.75,22927117.33,30097652.25,20396358.72,13991060.81,16347897.33,15688895.81,19717314.97,20061562.71,13274762.29,15712107.81,13302146.16
Com_15268_pos,45346831.16,35167585.54,24615334.14,17797890.84,20019377.12,27411562.43,41768924.85,33522683.67,31623333.36,40658750.12,33068281.08,51734890.31,20948125.12,15112727.04,44505871.93,26306572.05,25740399.44,20395024.31
Com_15484_pos,109414333.7,50575749.93,18672297.47,37655714.16,38008676.92,31161360.52,37041259.99,36837857.17,38696025.73,33837342.18,29408353.27,25290389.59,33254896.73,36488732.04,36318595.7,29130602.52,31138770.09,30045114.52
Com_15597_pos,152163347,149333609.9,131655082.2,117047028.4,122532725,112228253.6,94399911.82,120312250.2,123415191.6,116067181,84407842.39,79136748.16,139458322.7,166387951.8,148306031.3,83478295.01,93463266.03,84548618.76
Com_15773_pos,14874281.03,15281139.91,6431678.219,9611994.746,32528429.43,24993184.83,7963883.445,14322155.81,13753769.39,12470005.46,8751942.038,6976853.216,9020151.827,12426314.58,8228238.596,9882854.698,9396813.193,12816499.04
Com_15809_pos,3416021.185,2399684.294,4420548.814,8720060.01,4721420.331,7566752.617,1693557.037,4963597.268,3738226.692,5797628.178,11454773.27,2673144.816,4626579.453,2066408.751,2560692.78,2795530.162,2446075.705,3211926.431
Com_15858_pos,2884981.929,3364220.004,1966719.072,929584.9311,3128940.986,1421984.065,3544557.258,3239666.43,2912176.144,8278575.46,2936625.543,1211922.05,2574445.45,2146805.163,2488184.702,2893054.337,1926366.103,1694497.755
Com_16108_pos,43617497.51,45023575.58,51494054.82,66803978.21,66263301.83,45397178.01,30677640.35,52829478.57,62866840.34,39839581.92,23762111.79,44913443.38,58231054.52,68772383.7,52607421.99,28440247.89,35137853.07,30641769.98
Com_16202_pos,777109.7551,958074.543,2088577.671,1001776.648,736383.1244,1461607.878,1141165.715,1497506.116,779133.2549,1470027.886,1298965.443,850406.0523,1011527.335,554888.8043,1367566.829,1007049.449,740285.8562,1086718.504
Com_17544_pos,7128740.741,8603737.662,6074347.513,3402632.355,5434233.104,19081619.55,4454500.103,9769652.601,5815583.91,27964949.2,10004460.27,3504048.245,1036621.434,400359.2894,1932806.959,19534701.16,12479295.84,14261903.35
Com_17748_pos,4670258.344,9901240.825,7299480.666,7711955.453,9510660.523,2915141.124,4972391.345,5670433.477,3634411.845,4596979.324,4533430.431,8934426.427,15031250,15754838.35,10539293.18,8504419.127,9403171.96,9955913.789
Com_17808_pos,4673380.562,4107220.961,2493321.394,2588560.648,2860081.289,2814089.044,12882319.81,6577119.929,4755269.947,6432141.063,13913598.12,5940989.288,5418238.794,3855053.055,5157014.126,1362777.077,1770035.665,2373972.016
Com_18756_pos,1790471.551,1158983.501,1727624.433,1695316.91,2843119.533,2012937.147,3409812.237,2423300.785,2809631.313,2227585.34,2910035.619,3072556.775,1695878.722,2006328.348,1929677.473,7382316.72,13294840.12,12434695.56
Com_18956_pos,8378018.726,9878561.752,6869164.28,11271651.76,17316908.73,23201704.55,3701390.635,27361213.94,4959690.354,26776587.55,3469295.101,3692114.817,8076445.342,6851216.788,4437134.614,5670542.416,7386551.108,6535832.358
Com_18992_pos,4768218.309,4321201.52,3164145.73,2822151.591,5042934.485,5528278.086,3868231.014,2018593.231,1393162.22,1427770.591,4381762.759,2418071.894,3278032.056,3062983.33,6846003.739,3412530.62,3204997.883,3370080.051
Com_19306_pos,12264047.85,8053274.74,9134410.21,14679357.63,15425653.71,8880311.2,3413691.672,8845393.471,9730542.543,9352581.278,3013050.828,7946761.347,21357004.09,25535600.75,8192223.604,7577566.418,589912.4021,8435182.263
Com_19551_pos,40691202.4,37253292.04,34403079.33,37555323.34,34811796.89,33625003.07,59685649.94,53310540.93,45307386.22,51432980.39,44610393.08,41235544.55,59023772.78,57651265.76,53384442.83,42401468.06,42529470.39,42687579.15
Com_19684_pos,11003977.49,482550.2967,520773.6699,546778.0819,601027.0037,515241.0692,8259537.168,527091.5974,527278.0523,536409.5976,6525241.649,482496.055,496222.2858,558717.9449,500828.2799,1217892.18,1088813.795,1355249.177
Com_20127_pos,553919.819,845682.9703,521125.3892,393005.9221,901552.8055,883328.299,208062.6201,386178.225,491322.0749,329824.791,289773.6848,630811.8966,267252.6781,213976.9849,216971.427,656176.0524,769581.7361,1035285.277
Com_20817_pos,1798185.448,1776197.484,1939631.899,1958593.067,2028357.397,2637953.598,2134095.619,2087342.522,2314327.192,1735806.877,2035006.015,3000588.694,2304159.366,2276362.832,2151240.958,1982926.584,1435383.307,1760034.878
Com_20841_pos,16474934.05,14734943.78,20150671.48,18916212.81,14502791.29,14269032.61,13759264.67,20108957.46,16109827.35,24280307.04,15954496.24,7422551.274,18340992.83,14389042.32,22761166.03,15545723.96,15881566.08,20641220.58
Com_20865_pos,101343711.8,88419392.12,112268110.6,99580346.98,79347681.73,105396114.7,84478287.72,80370484.88,82228215.48,67142688.67,114649364.3,51501451.53,60739847.65,61694512.58,54618422.37,77821769.3,58116578.95,50160388.63
Com_20958_pos,4982199.522,5643089.56,6954208.588,8732841.171,9811891.996,7859003.02,13980359.96,4611755.873,5212257.878,4930578.971,12179809.62,6256626.755,5537177.845,6615061.488,6405227.871,4936421.076,5421107,5353847.821
Com_21034_pos,1650081.576,3542435.244,2718548.65,2062593.251,1586678.117,2895549.536,2562932.221,2351631.052,1655096.706,3119011.599,3354882.484,1678179.489,7333320.425,15761321.12,5098184.855,2421424.044,3028234.334,2346643.971
Com_21202_pos,1593257.126,1420800.98,720001.3697,611528.8879,494564.5502,729799.2349,9497418.344,3289474.866,2088167.806,3181387.173,9245439.447,25154326.74,1454721.464,1469067.764,1384051.52,4817129.845,4818442.972,4228397.243
Com_21354_pos,21658744.05,17530849.39,21301041.55,19488970.23,13765794.35,24509114.77,21349684.18,19165821.96,12670536.06,856337.4534,6171663.528,510342.9827,1290820.78,554434.8694,971141.1061,9379283.273,3990052.624,8852087.569
Com_21435_pos,22665316.19,17108006.63,18633631.25,22132136.7,25609688.9,27146869.24,16451632.92,30851848.83,26821069.16,26120760.17,17160651.86,19517276.58,24792510.16,28112267.31,22400778.73,14086602.52,20099513.9,4619676.319
Com_22401_pos,1884750.098,1718267.411,2764104.848,2808627.016,5684242.214,3813063.51,520063.0197,5402225.516,2486399.225,4112999.797,2145907.73,981825.7489,2930203.663,3288890.107,2551844.649,2738635.121,3429839.605,3048097.907
Com_23309_pos,33592363.82,26625583.8,21148749,16622591.45,16053581.32,11134622.02,6733003.537,17030837.34,19289365.61,11281678.35,6473898.988,5085784.862,12844897.99,14921165.51,12595864.95,4826842.347,8258167.745,8900357.491
Com_23897_pos,23154839.19,5678674.131,13379732.98,13351708.61,13002418.47,11511354.74,14398689.01,12556778.15,12196302.62,2729516.934,7901758.902,23681708.57,10579239.89,11381300.14,10802582.41,8903235.014,9124310.029,10131245.52
Com_24740_pos,5388012.22,7818508.645,4346902.835,2524852.851,4916168.99,8458294.497,3515785.103,2198879.727,665906.3305,5369154.52,3156745.796,4332881.237,4582500.813,4540699.861,4710792.923,3944785.326,5662342.083,4475222.008
Com_24852_pos,9750613.757,11570646.12,8859976.537,8479418.67,15387662.28,12679620.2,16608417.18,7203775.83,7915142.097,5424029.335,15148914.84,9127091.071,7415597.934,9011883.628,7054693.443,13037169.77,15635956.46,16782110.79
Com_24861_pos,3049045.895,2715227,2184534.398,2059277.483,1782492.845,2427864.905,7871307.752,1929199.9,2199998.608,1375315.404,9635938.333,2122709.722,1094477.72,1230673.267,1087411.157,4106317.972,5291854.56,5213394.513
Com_25278_pos,5399288.037,4399094.245,4770856.522,4744458.224,5209766.069,4105157.891,5000794.268,4086256.567,4004208.625,4053096.192,5737734.754,6826289.996,3523656.036,3476111.669,3679508.284,8422862.497,8707862.26,7549580.858
Com_25399_pos,987249.6375,1923759.474,998251.9018,911682.6565,1547645.938,3133851.727,1199328.566,992442.2625,1119077.025,740466.0117,1029174.9,3153856.262,1918596.583,1955515.066,1371582.199,1022190.346,1005269.719,1702067.11
Com_25509_pos,2205680.329,1249516.987,1368184.329,1418264.117,2729906.599,1251330.293,3802762.182,1210004.262,1275770.392,1178248.813,3149310.515,4524575.877,1210973.438,1325144.484,1171258.621,7210536.678,8494984.903,8320330.142
Com_26287_pos,233700.7728,402101.0981,610808.6182,1002714.458,489621.0341,640728.6323,627332.6157,151543.6488,178115.596,331405.8662,439392.6825,857956.5696,957786.7714,1557174.856,2507953.42,886346.0509,1056463.931,1035928.802
Com_26744_pos,9535853.243,11383670.31,16912500.39,12710566.67,11917192.33,8240389.147,20486998.42,16009219.55,1009373.751,47397480.35,25073046.15,11916015.25,5995186.301,5018921.94,8391855.193,7282079.486,7543950.389,8501482.012
Com_27138_pos,7824978.853,6015859.158,6388361.456,6057947.566,7481946.694,5016358.78,8521801.153,7703807.307,7238930.38,5861350.871,8635514.419,10992313.83,11321392.52,14437985.2,7875464.605,5658438.883,6850185.652,5472871.435
Com_30673_pos,174080.1748,176896.883,146558.7856,143460.6671,170797.4498,920103.7845,734588.6877,320356.0117,226924.8748,418517.4953,591069.0517,484662.8941,205812.8979,205586.2373,194792.5135,231801.1394,239525.2393,249043.6503
Com_34581_pos,4988230.607,3075342.183,9419487.089,2962946.692,2882115.428,5554656.684,3653115.69,3610973.977,2786939.926,2531819.142,3307618.129,3684229.37,2400619.765,2332657.359,2206047.878,2491586.223,2545383.571,3108449.928
Com_35031_pos,568043.1311,1670709.306,2063457.113,1663802.11,588537.1677,3194096.753,1314321.585,2947774.588,2000647.676,4481911.488,1971416.15,1795585.131,4068566.612,480859.0994,4445950.351,629888.8859,475771.6282,1302807.212
Com_35296_pos,1554910.294,1236948.882,1061691.251,1134031.807,945495.379,1045125.159,1485053.246,1007802.404,1054584.915,777211.9542,1346724.483,895164.7261,738410.8136,777778.5833,711816.3601,1292216.343,1038703.226,1214188.097
Com_35329_pos,471842.5949,660264.5605,1026733.992,667017.5676,404304.492,1061643.042,701509.1706,669905.983,467905.0572,1017925.472,956938.1543,540208.5176,785100.4436,462252.6994,1004277.031,994797.8774,657246.1837,782903.0677
Com_35540_pos,3992115.472,3898734.896,5103208.654,4790456.022,9053111.41,5619561.949,3651444.498,6773966.948,13495844.79,7059003.203,3534605.338,3726396.445,4080196.443,5550450.34,3902054.014,37373256.63,33926216.6,35035953.87
Com_35550_pos,2832882.037,2122177.913,1735518.221,1418070.648,5662047.578,1565883.041,514981.7442,3349702.036,3232313.09,2058542.198,461877.662,516964.6808,1697703.532,1759840.38,1505432.161,1513647.303,1403498.053,1336234.597
Com_35806_pos,10947106.9,10387483.45,10779521.53,10974473.6,10369754.2,9297952.187,9078698.017,11588186.16,12276354.75,10756895.95,7244070.161,4748450.308,13860745.95,14558285.11,15581999.16,9182576.354,10575298.98,8742146.448
Com_36809_pos,2744010.714,2813216.82,2340558.13,2101189.559,1873706.687,748287.4329,2375963.447,1842873.644,2593040.461,1382508.423,808623.1882,1705831.242,1449196.956,1947302.885,2126756.625,2531030.244,2836485.158,2501617.211
Com_40461_pos,380171.9951,349216.6577,346153.4353,329919.0355,335705.0797,1687795.014,331408.2775,334494.4927,336386.4826,305369.4565,299648.1953,453027.7742,263863.7775,292708.9722,253985.1691,2985841.442,3442310.798,3590158.591
Com_40556_pos,31353559.74,28376254.55,20529906.78,20765532.97,32290264.14,21058144.33,21270241.16,26510565.15,27568656.87,26912099.77,22242050.42,32913722.03,15535093.9,21032041.46,19181869.49,29273842.7,28004733,27797319.55
Com_42506_pos,1399864.083,1314184.627,1454844.684,1038269.625,1692102.385,80960.86955,709282.574,542845.2103,1100124.797,168791.1748,1027127.957,1198346.639,988952.0489,1427384.179,1230149.767,1160934.386,1368028.315,1387306.239
Com_44029_pos,552242.9166,259124.113,453671.6343,351211.269,494828.7812,338520.2117,3167087.471,488644.4851,1411975.752,405048.0773,3659879.874,9074634.75,566742.1248,499966.134,535071.1495,1061543.451,1074979.398,1009151.885
Com_45323_pos,13509414.57,12153150.03,10271761.5,8213353.562,10833227.85,7712117.41,6584942.893,9799570.768,9707867.485,6792167.507,5965416.631,7505800.02,8074991.428,10425641.14,8287035.576,5176689.243,5531965.231,5821744.172
Com_46475_pos,653512.8526,1335817.649,1718551.703,2555989.914,2971200.094,1988846.117,1568486.753,1132705.31,652461.2847,1132080.87,1524788.952,541981.2722,3179049.223,2156769.499,2893524.69,1072142.948,1636876.09,2064821.276
Com_48700_pos,8306174.039,6029851.665,8747677.331,8441816.494,10087944.65,9728046.232,4792104.533,8887791.003,8580030.404,7111224.418,3942689.447,2975986.724,6816192.281,8560581.475,5982648.827,4842430.343,6360480.817,5192879.654
Com_51469_pos,14572985.68,15578046.06,17672891.58,17472403.91,14613705.85,18650569.47,18168445.69,18499565.07,16691886.9,19505085.18,19616596.81,15503793.56,20864710.15,14044673.71,15010153.45,16857439.99,15858630.45,16475262.41
Com_52049_pos,1532344.433,1544162.248,1078156.781,835981.0346,969453.9548,765246.4442,1366695.111,1716811.993,1274610.596,1972828.001,1494955.779,2279508.906,845919.0801,853275.2033,853059.2873,2542251.204,4353495.723,3410257.966
Com_53470_pos,520492.2776,2033837.782,1167828.266,1969053.094,2669654.269,513364.8496,1316097.014,3838445.454,2356609.28,10825242.69,2085739.823,1389509.789,1085567.254,681663.6132,1584579.044,1568840.116,1807866.719,1667766.847
Com_56421_pos,7140664.765,2233154.643,4791701.667,1626239.898,1627714.441,6267344.433,7224501.633,3962700.938,1764376.122,2159406.359,2055532.819,4230171.552,1709483.448,1038150.75,1199042.362,1349156.969,1842940.327,2100497.211
Com_56771_pos,15113604.86,13033188.72,6869416.015,6309461.088,6816881.109,6804495.921,5200596.713,3869491.318,4290442.45,4607874.487,4863857.828,3934540.832,6897345.131,8547954.33,6615474.893,3943707.037,3541706.059,4931713.786
Com_60476_pos,503244.7503,470549.5732,448739.1421,427800.7578,605065.7411,135593.7668,395550.4642,340889.7391,1184821.542,367082.855,357791.8416,378457.1693,444503.0583,551899.0649,536947.6788,475338.5059,532272.6682,562214.9032
Com_63397_pos,1045866.652,1182148.95,921136.1425,208945.2201,985085.7402,603170.2449,322653.6808,345911.436,76104.10295,136933.4333,772368.9117,1685845.052,255832.5142,480520.1477,215027.4366,742376.2975,1856094.842,990202.1159
Com_63654_pos,7714040.468,11287955.78,13060626.25,10483523.49,3102975.173,13385435.37,12179865.58,10994902.48,8134292.274,13651983.39,14792295.23,7133388.326,11947995.36,7130054.52,13213363.35,12004744.63,8163237.731,11232233.94
Com_67070_pos,2175014.346,2804164.292,1610213.885,1186593.92,2222162.551,1259524.059,609604.4583,1000685.01,1128845.684,1056675.342,561858.8144,1153057.454,955417.8595,1190912.282,1205733.578,2196625.413,2532441.031,2641209.774
Com_68259_pos,360183.6448,380328.2089,144568.6934,173701.9731,241653.3685,305106.5102,119497.1246,106447.2753,99265.35839,99913.91582,157623.2538,140187.6576,128565.3779,117315.2669,109500.9702,149554.3765,128364.8221,180582.3687
Com_69279_pos,651785.0125,836577.4169,774831.3315,618967.989,324139.1728,161116.1899,477336.8434,243311.3836,564583.0593,343390.3589,416100.6148,294995.132,447715.1196,519274.4706,645908.1218,1023840.568,1090834.382,897648.9184
Com_42_neg,16305637.3,8422808.466,12298212.88,32717951.68,19548530.17,28245625,14089454.15,34462406.57,45361511.03,33387817.65,12515512.66,12636669.01,46809468.43,27694834.82,39722956.08,17983749.53,19103812.9,14760663.76
Com_45_neg,657543081.1,687575687.9,670196534.9,741825853.1,775957880.5,920488952.2,707275603.8,1029620723,608811333.2,1212756304,653641448.1,465403498.5,1263741444,1503892352,1432107149,964070360.2,1234116382,1039271423
Com_91_neg,811852158.7,712864603.6,348008316.6,307207179.6,309718242.7,1189509927,657673651.5,206790176.8,142302224.2,397548477.4,801241250.4,362098559.3,251001421.5,143414521.5,152601397.7,677405124.1,582309947.7,632246262.9
Com_130_neg,15446271.62,14380668.09,45064947.24,44789698.29,89303803.37,33229443.9,9679521.89,35097079.98,31585320.95,34091310.13,11985843.92,20053100.74,58207430.12,41487080.42,18217670.83,28975104.39,41640749.61,22880417.27
Com_251_neg,47778840.98,79940684.35,23341733.47,21796574.12,16823155.69,31511178.06,72243755.7,21347094.76,8179518.182,41153438.67,69433510.76,104937223.1,40303338.64,40959585.28,40273025.18,32539157.52,30446999.87,34515405.97
Com_415_neg,48121487.17,59838985.95,24144568.14,39223588.84,21849605.39,108876237.1,400615439.3,184650756.8,150145557,160324588.5,428678012.1,204601562.1,219531443.8,91455488.47,125395820.2,41408895.35,42888854.09,50073773.39
Com_504_neg,74859451.1,39256590.61,32550601.69,35698692.8,31043931.17,49711144.81,65694209.61,44661192.99,38238818.67,32026974.02,62123974.23,31930864.02,23288515.76,39475801.77,25846323.52,62531752.44,55984480.95,59485634.29
Com_513_neg,93639371.28,110488759.3,128835885,185218634.4,194025176.8,170623560.7,103033767.9,174582045.1,104657377.3,230777436.6,88187742.15,49113297.09,245561590.3,292882104.9,194334487.1,130739273.9,151395726.8,133407864.6
Com_612_neg,4743969.06,5611217.308,3910551.028,4018344.788,4914814.257,7610986.746,8137880.993,5046082.57,6123283.326,5735437.556,10822269.3,4109037.477,3442894.052,4281927.419,3896567.068,4761021.216,5803290.561,6276587.034
Com_629_neg,80815340.1,21977475.5,103380366.2,112927034.9,166081007,57609506.08,99831595.36,69249717.06,7433553.94,3399140.682,100101820.8,32335441.85,117118232.9,55774071.57,33064417.99,22163936.42,23803940.39,29416373.35
Com_632_neg,64645944.4,61768314.35,113119262.8,65070696.04,85321119.49,88704269.67,61130221.59,85152891.31,20847858.12,150556369.9,61084611.59,23341186.65,69170725.39,51794262.93,90553651.24,80238767.75,87110215.77,49888142.8
Com_790_neg,29076169.23,37923613.83,15007990.27,27720051.91,20012643.4,44636160.95,54640534.08,9989152.948,9504161.649,19793818.76,71923217.99,17941146.73,25748558.45,23960706.15,24835974.96,35478425.08,34031304.91,40679723.08
Com_931_neg,26403806.96,33273277.6,11113411.62,8254707.065,6677577.474,10910412.19,23356920.55,5854385.843,2991624.735,4457390.558,14486792.11,5412639.748,8488561.268,7892857.264,10281926.39,13644801.95,13225511.89,18132235.43
Com_964_neg,61087980.26,54587891.59,45537982.23,46175950.67,35887270.87,43928480.52,54732848.25,62809965.82,59708716.05,97646453.76,99843199.27,61162965.83,38187267.88,40926191.87,40383891.45,71413382.98,61215236.21,61847031.51
Com_997_neg,7375896.992,7539984.425,7943073.567,9741848.356,8776042.062,11433447.41,10644543.76,32186459.97,23636906.94,15483992.3,10100690.69,10185226,11504317.61,9762592.982,11263403.45,7366303.511,8322121.988,7871138.643
Com_999_neg,16394806.72,15107660.6,17605808.78,10549162.76,19532283.82,48640066.77,4201785.112,19308763.72,40541019.08,64448506.29,10603973.37,14592474.53,19584985.4,2488379.383,15213048.55,9169151.283,14346214.34,14874453.73
Com_1017_neg,12492976.38,12253588.23,14398087.2,13349147.76,15442381.4,20277198.63,12127409.45,29392395.24,37507457.85,50444795.88,11683837.54,22504674.51,13916339.15,12846114.27,17485139.84,19504169.75,19156109.5,22522190.43
Com_1122_neg,7848868.684,4049264.541,24005230.49,24095283.81,32046075.61,8293354.586,7805752.329,25048622.1,35612556.55,29731358.8,7936643.306,6177158.85,15509220.6,26927615.88,8509131.112,15294615.29,16594824.94,17912564.75
Com_1179_neg,51972593.09,45284485.26,54740373.19,76603068.84,74508537.73,51068026.2,47278874.95,95633587.31,55332933.24,96498180.22,54072553.67,37701335.54,89669872.04,94995832.83,92088047.48,50528388.39,64318140.12,51297584.02
Com_1255_neg,15503598.88,19462654.94,15266975.26,4865643.786,3805740.568,6137637.79,43016614.23,31091259.95,45983987.23,105356494.6,47339003.95,68329304.71,72291376.04,57734766.51,55510714.72,68101159.72,23396861.37,43248125.56
Com_1274_neg,29327712.72,29874120.12,31367960.13,73270009.7,43592182.94,18735975.58,35118156.42,53845853.11,27234334.87,80188994.72,32844793.9,23267925.2,112013400.4,96663680.15,108373324.1,78421415.12,102990677.1,62031238.22
Com_1305_neg,25345018.82,16959440.15,19503984.21,19741955.42,17117011.23,36845735.67,18123694.51,54101830.2,52652356.62,40257706.01,18762214.62,24706698.62,30249501.59,31250158.11,32988351.44,12791045.96,20347900.51,13412975.79
Com_1310_neg,7126818.323,6151248.809,5776605.514,8107197.683,12738168.89,16724302.88,7648983.314,3006013.917,2171566.342,5161498.057,7674171.709,4322637.96,7955613.766,7379268.952,6198412.391,7346522.276,7521677.175,7829479.234
Com_1346_neg,91401536.83,112767606.4,137721357.9,204146255.1,141698743.3,264807931.7,81400558.6,194027528.7,187969217.9,160685230,77766836.17,193201198.3,264727778.3,286592128.7,209539421.2,154768408.3,182568571.9,271295760.7
Com_1661_neg,17874721.04,23412183.04,31246905.31,40921349.23,27290533.65,40184338.07,8151950.362,30442231.75,38566187.79,30540807.52,21500782.2,38516046.1,42609755.69,33101095.72,22787689.86,14281015.97,28462943.92,66225011.03
Com_1776_neg,45186912.45,29802976.91,49253495.47,55554429.56,41396040.1,43782719.74,58859105.48,37298225.21,37992398.65,45340513.34,62636045.67,81983401.06,30244069.65,37797618.73,34089709.51,23938988.72,43342690.14,43887788.51
Com_1779_neg,99100031.15,92284261.41,153459708.6,184633846.8,123135578.4,221595651.8,70603525.62,166545972.6,152949755.7,115401199.7,25862701.5,49409949.18,214785212.7,198102454.8,153500050.9,117335421.8,121679325.4,231128302.5
Com_1864_neg,10434649,12757255.56,9411072.059,9260194.834,14045086.03,10014069.04,18195978.47,10385138.98,8025976.02,12465705.6,14431251.83,8750276.511,14779862.34,13974071.61,13532354.56,14693739.82,14758852.5,12914602.63
Com_1914_neg,19772998.11,26949579.45,30695879.75,48675461.87,25310440.6,47049863.18,25819922.08,32882116.54,30643384.1,35947367.67,33970708.47,142280237.5,31154708.51,35685874.52,44684591.14,30217477.74,32745317.41,30865157.6
Com_2013_neg,41125812.95,57480264.21,24775398.86,16898390.71,18848503.89,26695245.2,35523960.56,25077660.75,20852867.54,17741196.73,37041975.71,24068682.26,13763072.25,12988426.95,12425111.75,45928575.31,29572736.21,27775630.84
Com_2221_neg,21324263.29,22285791.75,20524017.19,44531068.65,31005706.17,17847222.65,24744634.29,30726763.59,18677437.84,47244073.43,23950140.02,17278417.07,67459151.2,54287877.05,68094534.53,44720028.32,57653195.48,34908730.61
Com_2232_neg,5165455.311,5163617.56,2264713.196,9629136.449,3279035.509,7484848.966,4662954.161,11802408.19,15724164.84,14069134.23,4542272.277,5845349.629,8827182.023,10998965.42,9798081.529,2519832.818,3191951.387,3261677.462
Com_2728_neg,1756741.241,1677956.728,1902791.497,1771818.876,1796042.655,7622208.716,2088770.355,26642594.95,13520692.46,13065123.44,2044180.681,2781242.558,3868954.592,3163191.403,1767802.424,1497968.885,1594753.232,1437410.415
Com_3177_neg,3309900.555,7217176.77,3754291.371,4697289.326,4309929.312,10708249.08,8733538.299,4757334.136,3734572.987,9937647.062,8350812.079,5478961.79,7226658.745,6656806.823,5700723.628,8585606.742,5905566.484,6712725.326
Com_3365_neg,4954912.145,4951310.719,4748933.857,5858830.317,7097444.812,15658115.7,4974476.96,44664124.26,4028973.995,7303620.794,4369827.015,2904194.58,6590729.304,9521035.263,7432231.775,3861350.32,4158876.082,3789687.145
Com_3615_neg,1577575.565,2429694.383,1886176.171,2262641.342,1460605.546,1222067.402,1419214.926,795712.804,1422170.83,2367627.993,1407128.124,1162496,2258847.589,2978023.848,3140551.165,1705300.115,1304346.619,2971021.524
Com_4574_neg,7598168.897,6727425.921,3840176.015,4220691.766,4989315.586,9277925.473,4938822.12,4329306.347,2766477.323,4255168.065,4939941.602,3573704.939,3798635.5,5039657.768,3093824.277,4822902.713,4344812.216,4873518.418
Com_4712_neg,5963127.485,5629133.196,7838086.234,7874484.672,8365936.313,5190679.945,29101751.13,17489188.16,10773935.4,16667641.77,32466521.61,10478677.3,8625307.883,10057288.01,9432232.8,22724795.93,19382668.96,13676979.05
Com_5077_neg,484997.2928,483048.8118,1396018.164,1670449.714,1545059.83,1915409.976,1054521.616,2621249.911,1430946.704,4807295.201,1130113.108,886479.8265,2097988.058,1688871.654,2832126.912,1385125.412,1650356.213,2022679.069
Com_7233_neg,20197490.94,18536442.21,18477307.75,11845491.66,13653521.24,15923084.98,17156419.32,11744188.29,15923769.3,11584567.91,10677187.03,9692668.453,12964950.85,13023717.85,13700594.4,13073892.96,12077770.75,15821105.27
Com_10173_neg,2092400.164,3431587.994,1382826.53,1107094.006,1791598.879,2983348.964,4069809.016,779858.9836,249528.6776,6307315.76,4425510.445,1056725.052,3389151.54,1404238.128,1069953.465,4047908.519,2486427.975,2849882.138
Com_10476_neg,9811850.147,12600747.08,8717364.86,8273754.203,9299380.917,13545177.88,8743321.75,7135140.359,6192757.204,8664910.109,7927432.601,7432490.215,8832087.137,8425368.361,9120043.313,6306933.486,8173620.817,8912196.821
Com_10831_neg,3273141.003,4284521.926,6009166.511,7077948.234,9307075.826,9013341.956,2766136.524,4281292.708,6351889.834,5228113.466,5485783.218,4758684.637,14044284.94,11884955.9,5301833.597,15907098.92,10268459.25,8656262.183
Com_11113_neg,5233115.853,5372148.023,7254826.2,8970218.225,16049473.42,7465391.543,4510747.382,4364869.027,3995657.769,5792682.086,5075822.939,2094137.393,12170236.19,14555810.71,10217438.68,6703209.535,7984372.41,7533415.45
Com_11181_neg,13193644.64,14419432.47,29137070.24,14651004.99,16493679.85,15880222.85,14886350.56,13255750.87,14321018.98,14339967.77,13014357.68,12185370.25,21289279.52,22124210.76,21260034.7,14337798.78,13755353.51,14382641.35
Com_11626_neg,26373330.01,26912386.99,9497055.068,33850341.74,38189625.86,33862835.66,23645050.33,26311994.54,61253605.01,35601935.56,24162732.79,19798675.21,39940779.97,41162616.03,28404574.73,27416801.3,32409965.6,16668548.74
Com_11711_neg,7436538.648,8800312.945,8229003.116,9040085.294,8860402.412,6090234.857,5797886.536,11788473.09,10388843.18,9648480.1,6187603.289,10911043.97,11613914.77,10217784.06,10473014.33,7346722.159,7824514.346,9473842.61
Com_12224_neg,8603266.15,8547285.372,10396440.83,11376001.22,10757789.45,12937540.18,10040766.73,16975025.88,14846561.35,18714547.06,10284364.27,9770556.156,12732571.97,11605016.19,12035707.86,11526459.64,11045671.2,10517162.25
Com_12486_neg,1634654.723,1902714.046,3526957.227,2630976.064,2374056.352,5419241.876,3535605.285,4234805.504,3690603.186,4203426.662,4163576.861,5409367.368,6296989.099,5537449.22,5099973.433,2797221.559,2947266.137,2988082.054
Com_13087_neg,47043609.13,54165394.19,52185307.45,30873574.51,36533785.37,31438857.55,14849238.24,44748597.48,38070783.52,41597964.11,28482232.71,25042804.24,41285362.57,34805007.54,40414220.07,33391863.29,32615027.98,33402650.48
Com_13282_neg,20511216.09,21904902.46,22265131.75,22868649.56,33719148.59,22755963.64,10978623.61,7180083.501,7341828.947,10950569.71,8451280.977,8405974.954,12147168.22,16567388.42,10163263.62,13614765.87,12725789.59,14568385.11
Com_13812_neg,8806916.972,7079351.482,7293612.699,7126960.58,9589847.93,10668775.91,7971868.587,11519082.07,7548625.021,9951728.121,7533523.312,7719948.292,8351058.364,7819587.421,8356002.528,7249782.533,7442734.234,7148459.068
Com_14406_neg,3098534.727,1791248.631,1203160.958,1148068.636,1241414.233,2650294.322,1444509.825,959271.7437,487454.6051,1034264.924,1194767.658,1604314.883,1885480.721,1351478.667,1123777.691,2485724.223,1960841.349,2677338.272
Com_16648_neg,14898337.29,18203982.16,17075240.61,21138697.14,31518381.36,18511919.05,23823424.81,11643472.31,10742810.29,14183213.8,22518751.98,22233408.12,21328522.25,21166650.53,21999807.35,29441656.64,27820957.78,29746368.04
Com_16759_neg,17732474.3,31783146.06,17232157.14,16392977.36,30372472.63,33534557.76,7997440.354,23515352.5,26362399.42,33760253.62,18541017.46,39462072.78,45987501.86,15149767.26,51524821.12,6948719.275,37782293.13,34131992.95
Com_18553_neg,25281176.39,27184847.09,16182149.94,10854362.64,18344386.9,19037069.09,16933722.68,5512821.97,6138899.032,10943496.43,15234408.79,10372032.94,12893253.8,13151801.94,12891142.51,11304640.57,11042774.31,12579058.95
Com_19798_neg,1424262.882,1555210.971,5295015.534,6099744.894,1475336.388,2972261.729,4593030.956,5718961.5,7474016.792,16700651.86,2733173.262,6046303.996,2075999.779,8191065.276,7168155.974,8788865.37,2195032.683,4430150.333
Com_19824_neg,6323365.744,5328138.2,5402247.562,5739838.254,4843118.266,5264030.955,4919049.797,7830589.857,8506130.876,6414330.544,4318536.318,7430532.034,8336732.005,7922227.386,7401383.042,5340099.267,4813446.138,5190066.492
Com_21267_neg,633746.6584,980573.9726,394780.5508,475106.0243,491650.6038,1727016.135,1988453.394,1386675.912,922149.228,1420320.007,1956658.468,1464304.157,803415.736,619991.1629,569722.8432,878551.4615,910995.4499,965241.4441
Com_21696_neg,2283117.165,2458719.161,3174556.588,3457699.387,4223114.652,3843519.614,3174931.051,2887615.839,3142833.153,3748244.784,3104907.629,2924382.017,4136391.832,4560599.952,4596802.138,3860431.466,4150544.322,3891990.077
Com_26029_neg,8716123.567,7777658.461,7935898.423,8426875.71,9088109.101,12554926.79,7653629.068,8270344.326,7427349.363,10146389.53,8155697.897,6854627.719,10525270.4,10800853.46,11133772.4,8133073.106,8146253.978,8527676.143
Com_27077_neg,900485.9706,1063449.789,687683.6972,983904.0278,867614.6868,1524647.318,2398070.807,134144.311,117356.1435,4110084.047,3266685.723,191429.2104,1458558.79,613853.8698,495223.51,2799726.479,1493198.804,1901515.728
Com_27099_neg,167851.9983,211216.5645,150778.1217,157590.1586,790890.8942,590445.7703,195035.1323,745779.3875,406479.8254,1043385.001,255818.0861,125487.2931,801868.4565,620650.5532,499696.0727,345539.1971,336814.8345,567276.1281
Com_30127_neg,8228005.85,7535518.619,9743438.397,10692640.65,8827958.869,14112011.31,7982877.924,12578825.54,10149379.78,15394683.63,7692727.68,5952486.154,15751706.3,12648449.96,14611403.5,8310204.271,7990780.834,7867038.734
Com_41305_neg,994933.7459,1685939.827,190749.0505,291716.7489,375519.1556,746611.2951,1470400.128,155845.4772,134085.1758,1517842.7,1589228.495,207618.1202,528335.9487,201320.4241,200041.9524,1114964.742,598409.6057,756012.6193
Com_44843_neg,167993.4369,394321.9927,227073.0518,284539.9583,146236.6034,435241.8954,402103.8906,399392.5386,152113.7577,548014.2524,627756.3789,427896.5841,243250.4447,191971.6783,244365.5508,213610.8044,198510.7375,213854.8306
Com_50844_neg,255623.7625,266420.5905,379381.723,331155.2828,355132.2386,3197356.349,268179.5522,2478788.26,277841.1333,385532.2058,295157.5286,204398.9029,295602.6261,2921525.153,3298668.788,2433860.746,288544.2856,2144179.953
Com_2113_neg,13111816.35,11919104.64,1274057.67,12696561.07,15085492.28,7605362.669,23257974.14,9504125.212,20337383.39,9616045.597,24701842.82,23282853.04,14902764.09,14978344.35,39278971.45,26894064.7,25836002.02,25701963.09
Com_3122_neg,21117674.48,19303263.45,23641188.79,39886376.06,21218128.61,60454630.72,40490705.26,29793686.56,21297413.74,35379039.91,35391320.47,37651101.37,55630347.63,45139520.85,30524330.88,46192498.74,42247023.67,58589777.58
Com_78_neg,12258693.6,26101569.33,71724253.05,47466834.87,13586440.51,122176002.6,9425126.179,8510684.357,17705514.51,12439335.16,15300245.77,3591530.003,59578333.98,19142581.41,40415193.15,4904935.887,2599895.074,6722136.945
Com_2887_neg,2251803.751,2200925.588,5024742.64,6406451.062,5652760.058,9240309.404,4114360.513,36157569.29,18910447.13,23007993.88,4135359.666,3116111.475,7795631.415,7167396.118,6738318.945,6438322.983,5622423.263,5445512.787
Com_76_neg,850993514.8,1246641032,1496840186,1102809573,1732894631,1475404432,1080565580,1194302164,540083065.8,1557399830,874187288.8,723250936.2,1472470512,1680063120,1367731796,1085014587,1288484795,1142785459
Com_245_neg,298213271.8,69837210.45,408333038.3,274639994.7,444347693.7,134587374.7,281583419,174426233.6,2565635.587,11433391.56,333271764.2,54027921.86,314523315.9,93442275.19,70301818.8,25726829.87,28409474.01,63363303.63
Com_2832_neg,87070325.5,20857206.25,29024968.17,86937856,23396324.4,36241668.45,73434571.74,32513350.76,48494296.91,35169579.19,70977957.34,17028211.32,27772814.65,33242381.27,21475429.94,26721973.71,22590381.43,24785163.62
Com_724_neg,272183738.7,283414564.6,341205607.2,446202282.4,172105091.2,19454166.05,403905440.3,54389810.11,40666170.3,51360294.61,609694839.7,927814285.6,688400316.5,598836447.8,741751660.3,657178743.6,639154308.6,599955242.7
Com_595_neg,16529288.76,50538421.28,42077014.29,35576512.39,54799159.66,120387326.7,16136541.89,17343167.83,30062275.19,39791271.76,20173655.19,6332636.704,73053355.3,33107935.51,91360365.46,28558334.6,35284353.66,36980440.58
Com_1348_neg,104336782.6,147311119.6,162940223.9,144755340.6,200569918.2,168108189.9,137515979.5,144761999.6,87246142.96,164783902.4,160354930.8,342327863.9,294649897.8,234017209.6,238970924.2,246179172.8,273179677.3,267993165.1
Com_374_neg,8305465.619,18659172.18,8755902.156,10572925.35,12832882.09,11601468.08,7577390.513,4293948.918,5187451.92,9733392.301,9724072.565,4927832.468,9058045.843,17831457.43,10186346.47,184606842.3,185699022.3,208510553.4
Com_265_neg,27809435.46,32863290.35,20831133.77,19029739.3,21510142.24,69268257.87,58667497.73,50772061.81,42007429.41,46303529.2,65438943.16,66433498.6,30796793.62,30961275.61,28595064.21,27717271.88,24187469.98,26433063.11
Com_1244_neg,5699083.807,5689366.458,5115426.298,12228954.25,4306214.453,7743796.566,22926279.73,6376888.815,1496134.056,9761061.604,11494285.54,106694835.2,8703060.449,6464493.118,6479423.45,8355114.298,9702500.418,13835398.86
Com_2143_neg,1136100.716,2203746.727,1402123.882,1877806.384,2250703.265,6560865.053,1728030.174,839382.2548,786999.496,2206827.537,2214886.355,2648441.203,3247764.796,2765340.016,4880091.238,1993952.632,1606846.766,2224034.935
Com_10760_neg,88317395.54,98918778.96,169467690.6,89221881.34,78556354.25,74486237.92,80708766.36,143565790.2,178247057.3,105291500.2,91926299.96,209776505.7,133789754.9,128364398.2,120204571.9,109264712.9,91648359.97,103268647.1
Com_4747_neg,868963.2211,821690.3993,982454.3974,1666161.142,812192.197,900434.6815,1083197.212,2118402.638,1325723.187,3109629.722,1452343.423,1432439.001,4820135.871,6587951.497,5715323.949,35989754.68,19875967.4,26904317.35
Com_1835_neg,836599.4023,2998627.273,22968640.98,4137774.38,2876272.617,6473242.854,1668809.836,953926.0984,1129277.414,1200443.639,2606272.606,602853.9748,4236771.045,1308608.951,3645436.449,364948.8598,582962.3545,756395.4792
Com_6807_neg,3658774.921,3335192.81,4505122.048,6511382.998,8738806.291,6327507.507,2810607.451,2564739.409,2851900.661,3757906.803,2093151.531,2136835.309,3830214.105,7627352.217,4507776.013,3517003.506,3578363.785,3701667.632
Com_3839_neg,4300259.007,5502750.565,6915930.651,6089448.671,10805472.04,10462602.67,9418064.013,16783399.98,26992458.63,15247748.67,8013819.814,5362299.047,9588556.803,10134903.23,10741360.26,8123506.348,12178725.82,6918266.888
Com_826_neg,15450671.98,19316674.94,18458611.79,21269779.27,19167453.77,19836381.9,15153510.91,20131047.18,18500760.33,24530856.81,14768228.94,12698824.94,31581207.99,34522863.62,36530439.92,95454288.73,85676729.09,96445520.42
Com_7771_neg,9218573.754,1471227.763,12813987.79,4268701.913,6021453.158,1951144.155,10095862.3,6523681.766,605245.5147,535329.1432,9588193.109,853008.7573,11267433.97,1920924.476,1647978.158,994971.461,1309408.319,4340320.206
Com_821_neg,54661661.47,50699140.08,60704807.14,84824353.4,126313601.7,76054712.83,121546044.2,57557942.88,46666755.61,91015962.67,76775370.96,36291221.67,93447589.1,94569758.97,68621448.17,60689430.49,71283098.66,54965409.27
Com_6482_neg,8891610.792,52835122.29,3831756.09,2509580.2,2542770.952,9941741.296,12083084.91,3157513.632,1102685.201,6990883.181,16418930.7,5580772.318,2582628.694,1709939.135,1299874.494,4713106.961,3342458.827,4205893.331
Com_3_neg,178651118.2,120477219.3,137921612.2,182777167.4,203892065.9,456292333.5,575572288.3,243044368.7,291823328.2,452718925.5,517688600.6,467351158.2,9279694.677,159125205.4,35551573.36,42892978.5,26608032.78,24478913.29
Com_22_neg,484033409.8,1046672355,525826603.9,860106813,916321351,546374542.2,1923668938,1927922117,2429937451,2160789650,1732523087,3787872805,1372599159,1932301309,1314217150,1070634938,1352781774,923099011.5
Com_40_neg,1202440819,549426336.9,1463539337,771265570.5,892477883.4,2070846004,767261177,1711249821,1129625271,1269904734,924768156.6,1040454077,215682870.1,340220500.5,273695450.8,948748475.6,1347831772,1104401591
Com_63_neg,2136582.653,2103249.381,1813427.994,1785010.646,1414922.799,2052065.132,2748922.794,1696677.087,1808671.925,1001289.561,2791975.351,1218092.58,1378502.813,1866439.4,2320139.68,10776907.47,11754937.59,11519561.67
Com_70_neg,70675087.46,127745172.6,220445505.8,110064855.6,44180871.73,288350620.8,177487622.3,139154736.3,104070683.9,262095091.2,302784723.4,124916916,232909133.3,93656074.97,357699450.3,67246233.13,39261743.7,104872303.4
Com_97_neg,538349914.2,910831390,825165676.6,269411253.4,410362979.6,933713519,300324604.5,155940222.4,71928240.31,298147432.3,327676958.1,443994313.5,105870525.6,190536713.8,105119612,458861274.2,672589456.3,588670494
Com_105_neg,28052346.69,30647192.98,85307044.76,71406802.55,97676671.54,75771990.77,24489564.21,25438420.32,22546620.56,29717859.98,21976385.7,20529178.82,40688252.91,43192150.19,27188365.97,26926799.12,44430258.72,38924471.98
Com_134_neg,210643114.2,199387978.6,304589142.2,206420510.6,309851834.3,496254527.4,366333430.3,560992167,409437110.2,457489110.7,440093023.1,333647073.5,262641358.6,184395958.5,207434053.4,249223781.9,295236439.4,225787743
Com_139_neg,155349574.5,216989638.2,470257475.7,418535188.6,128731325.9,571999391.6,213116098.4,538390122.9,69944799.54,730570463.8,298722385,324094703,569434186.4,232255579.4,303962373.7,157572073.2,263706759.7,293496920
Com_190_neg,16020214.9,8485031.673,28587070.52,29054542.59,36814241.19,49365148.06,9505936.499,15484105.96,12463574.85,32789664.29,11102788.5,7719575.821,38701198.81,68286667.24,44409613.22,1671304.49,19198666.13,17633311.77
Com_211_neg,14420930,14604833.96,15656651.52,32612057.3,29675669.57,28932484.87,9648794.735,18131408,17674967.86,16960721.39,9861934.953,13489231.22,16749937.39,19175757.82,17958285.44,13165414.36,13526742.81,12431011.68
Com_313_neg,404424.5623,391362.0905,499916.5732,3660297.99,586173.5185,1070602.69,455150.8553,520683.0582,486404.912,554300.5581,452836.2766,377696.3434,9731189.7,10354048.07,20186667.5,23981022.13,545645.9649,5080598.165
Com_333_neg,75088110.47,65499567.68,90814271.55,53326952.01,24549671.41,43974820.24,69188624.89,38187218.47,35205697.34,55039942.14,55027075.3,51336439.93,73620428.42,50246840.54,45093411.23,85975781.64,43122409.02,48830153.53
Com_359_neg,19724276.93,27542619.25,10494442.73,6336314.743,13896944.93,19576648.24,26803734.2,88649368.59,3267331.494,20182374.13,25057477.27,13344420.32,9616975.325,12222321.11,7600294.466,18556793.01,22597459.4,39893278.73
Com_381_neg,22695722.01,50085717.57,83520886.94,57847655.14,15149853.77,217593405.4,75482402.61,49261341.73,16914812.93,153080689,91309016.26,48571047.16,53551908.56,20607728.96,87008637.57,60554143.95,20229970.55,41991363.86
Com_392_neg,46300889.19,41901759.34,55133610.27,65506684.92,64288198.62,44101718.94,36401274.38,22973402.6,16179492.74,26189778.28,41939821.09,35354811.08,57046728.31,54399222.8,58444796.46,55060416.16,75251677.76,65845894.98
Com_458_neg,393925359.7,410664492.1,332069021.1,438905624.4,882521084.2,451358691.4,530557350.9,433033718.5,470647957.3,274854902.5,437276373.3,306921433.9,1025629262,804594094,725025986.3,648590157.9,773700616.5,947757961.7
Com_501_neg,762978076.7,68622864.54,310686350.7,306712965.1,259994915.8,199691389.9,154359973.8,196849642.7,319324080.3,76545658.96,128549495,78435252.07,230677717.6,163818274,74886544.48,533949926,60934706.45,171138197.6
Com_512_neg,3548670.849,3133522.941,282543.9214,680199.4146,3988115.211,2371419.271,19022211.46,5871489.121,7090210.238,18295772.11,22369886.07,380819778.7,2780014.398,2808148.394,768920.2704,1572017.84,3044197.968,2299585.527
Com_538_neg,77125246.82,24338180.33,21696526.28,31683770.64,51922146.91,12520999.78,59396714.68,45602306.96,44583060.65,23152593.23,52005363.95,112989855.3,55192216.46,49052291.93,62135584.39,48238274.5,48784226.34,42287664.36
Com_581_neg,8841563.46,16161748.02,4037176.005,7886432.357,6226607.866,7088069.76,72852320.42,8378657.242,10628198.03,10515873.62,65818822.78,123645024.3,6873004.928,15887216.87,7915381.936,43291304.5,35266076.12,26449825.26
Com_658_neg,10185247.18,10691168.26,10648144.12,9231475.337,11168185.94,9102793.058,6868987.412,9832190.835,7251370.252,7855941.56,6113940.271,5789320.893,10036858.34,15249223.77,2641132.425,7963166.839,8521917.037,9030506.716
Com_701_neg,56485947.95,51151024.6,107234961.3,64272031.81,118987448.7,124226011.2,82952284.47,187543460.4,52421774.22,218044648.8,78852710.99,100617291.8,82735761.95,111815221.5,53148902.11,74556838.57,98040165.7,82752517.35
Com_722_neg,91057398.57,115184976.9,209323671.7,168580114.6,91729829.66,239685821.6,90878054.84,269064585.6,80114571.32,287086853.4,102962691.6,119426810.1,273058251.1,109918338.6,96256406.91,38098181.27,74529866.95,101908952.1
Com_738_neg,857747.9985,681194.4823,967508.709,665468.6219,892910.878,1770386.534,781868.0537,1419250.899,750635.8407,1396421.221,774499.8749,537633.4123,904420.706,1365860.874,1575755.798,235426.0415,954354.105,851396.2617
Com_819_neg,49619840.41,47149820.53,37325792.88,27646145.81,34290053.65,25771560.35,45000471.72,45101797.43,70202198.41,31494085.51,42311109.63,91113303.05,23734016.99,26800155.45,25004917.71,44575684.3,41785803.95,43738163.62
Com_842_neg,134763457.8,166773005,193643808.5,172575609.4,561969180.5,116836878.8,216616949.8,264376469.3,296780137.7,68178421.02,198793375.3,104232786.4,174620349.9,188580066.1,206885072.2,195641124.2,182808889.3,159872041.9
Com_958_neg,4725328.873,4398789.958,5580360.619,3974087.226,10162972.67,4077494.622,32447437.03,9581330.45,4261266.978,10004558.55,34462488.99,6508517.711,2505609.569,5868011.574,2346718.649,11609940.78,8517764.309,9273498.07
Com_983_neg,29012452.25,33056501.25,74266916.41,109259815.8,33810135.54,37007125.3,37679726.02,109074858,32896625.45,51301264.67,28610857.63,32435612.58,181845712.1,163536659.6,134402916.8,18280216.69,41296277.33,42230521.65
Com_1024_neg,267323.2661,273593.8305,334046.9937,384487.3922,309589.5474,395282.8406,1055074.152,371311.1364,300402.1732,526431.5045,379576.8752,10018643.33,419128.5642,411339.7894,448680.4242,307153.1381,294854.5129,296370.7115
Com_1029_neg,20467799.77,57616859.9,30708447.02,28478999.64,36676255.94,33311931.76,67298355.68,42714812.09,63344863.3,27416183.1,54707716.89,249674888,37839637.29,35565814.98,35214792.28,67690200.77,69069214.8,93974275.28
Com_1038_neg,12132747.7,9678104.641,16873419.02,19308261.32,15065940.51,16398640.44,13494525.02,26097265.6,41663383.94,26659439.46,12762684.62,29611256.25,19551315.38,19678515.44,18235597.03,15250185.3,10779216.05,12411841.98
Com_1075_neg,102340.5209,344241.7825,5020306.662,1458987.323,1162620.295,7914416.634,378042.3408,3046946.455,259262.5613,5094897.842,1457704.134,1925915.097,2122568.413,217763.347,249377.2428,2410975.523,1692994.193,3936374.056
Com_1121_neg,1767065.433,2993669.208,1665379.466,1760243.758,1814256.653,839798.4275,802737.8229,3222415.194,2401912.929,1841342.249,848736.4599,1640001.636,3494780.354,3779658.308,5795016.71,3119279.337,2892169.349,3214158.325
Com_1123_neg,3289472.303,4912537.636,8584848.057,13451044.12,6561841.9,18679848.47,7351219.374,7891892.924,4123303.56,13354302.59,11004800.7,4242638.23,9125233.587,8231139.303,11511390.29,10520845.2,11263764.36,11634320.1
Com_1136_neg,16031660.34,14780705.93,26086350.97,17771391.86,20209862.43,29929588.42,23476023.3,27408914.38,27627405.71,42126110.4,20930965.94,41210877.22,14346974.16,17539159.4,8053014.775,62707696.55,30081406.22,21367087.92
Com_1146_neg,1109215.047,2713193.26,2828909.542,1029873.968,2557585.506,2584531.849,1663566.327,3730709.325,1837216.055,3564130.395,1795231.716,2240192.211,1192304.918,2309125.118,1130511.804,916984.9407,2453514.479,3112719.986
Com_1217_neg,10306028.24,10463579.1,8648333.125,11470741.45,12444825.26,10350998.71,60323524.27,12347312.17,12764680.45,12347300.38,49638320.7,109302943.4,12368561.35,17131427.34,16757420.85,13782798.45,15630604.8,7613918.418
Com_1219_neg,2995323.029,3247471.723,55651881.68,4145063.876,24189529.87,9326956.985,2289588.004,1843362.323,2815545.176,1995221.276,2124298.424,1660701.071,1259543.773,1586473.123,3313681.602,42476643.75,111155831.6,140402021.7
Com_1241_neg,4236117.754,3693822.365,3913631.939,2877767.9,7720667.209,4306221.644,9102796.263,4158011.988,4494452.265,4025169.22,7609884.417,9247914.944,4798836.938,1749879.564,1771278.657,4344076.738,2854805.823,3034077.996
Com_1258_neg,17402107.11,16792355.59,14556438.59,30264980.84,39140226.14,27867858.88,19174322.2,38817119.58,22978530.88,31721676.28,19802594.4,18797379.65,49822691.57,27365357.32,39455151.24,35975347.03,18059382.12,23594860.15
Com_1286_neg,59153851.52,63626751.12,81295101.3,64772175.44,63961777.08,114647903.9,62812395.83,165383222.3,50841979.23,161251735.8,70516174.06,80302004.47,128390182.3,67885913.11,47150938.14,25812851.21,59606109.16,66147998.76
Com_1303_neg,1603035.295,1396290.94,1600623.69,916765.4626,4197493.735,1698406.52,969047.2957,2999623.121,1558184.903,3766776.331,725030.1346,718407.6834,975459.9553,2668880.352,2482745.807,2372346.404,6527708.372,2923364.67
Com_1443_neg,14546280.54,5895776.526,2070566.774,8234216.405,1475968.683,8680798.096,40124978.72,37481740.81,21401813.29,25348181.99,27707491.4,77745806.33,45471296.12,44255211.87,46188786.28,17874381.26,8293124.994,788558.5296
Com_1451_neg,787002.314,716347.9421,615150.4615,378465.7873,475334.1932,494439.0782,597439.8442,440761.7526,535664.7154,362807.9897,549186.345,606593.3394,418189.4916,413832.4238,409611.6121,500171.1652,418796.6206,469532.7125
Com_1465_neg,1377114.942,641214.4102,2093170.409,1819018.03,1188828.521,2005543.171,2539942.319,714845.1284,2700502.892,1041041.008,1356191.499,2242469.175,1330905.157,836446.4869,890810.1902,1390482.346,945916.0793,1078007.095
Com_1480_neg,117830539.4,224642407.2,114154865.1,24216885.11,100878334.4,117412219.1,76048629.78,20797089.48,31676902.35,114560248.5,80909063.21,52977822.42,133943176.2,144401357.6,73282904.53,71416754.22,62043761.97,225821858.1
Com_1485_neg,20090389.65,20227122.93,30257363.21,15968141.79,25811490.05,25512238.02,40786608.25,39512031.9,12714438.09,55383256.74,39847332.95,79538372.31,29693284.6,33490424.48,24178365.09,23493990.2,23062031.22,21590443.17
Com_1531_neg,11803412.04,12028430.48,51773907.58,33846009.12,56922828.68,53043357.68,23853081.87,63869535.32,54982610.36,106986755.6,55334594.54,80876688.97,29542818.29,8817396.305,16681406.69,54787012.74,81400453.73,70071239.07
Com_1558_neg,44172635.65,4792334.234,176587124.7,5610798.437,5991151.064,14574749.75,10364271.72,19434483.99,6444810.295,252001979.4,12026884.18,36675912.08,179160000.7,98606156.4,95506760.57,91890451.67,10743876.52,135054056
Com_1590_neg,45085247.37,38186236.27,30682773.27,20975054.04,25052268.65,23517890.48,30898057.28,25113194.14,18157240.35,23268780.76,36767930.63,38061613.48,22149337.77,25073238.92,20288853.29,12112190.98,9845889.981,17279784.37
Com_1606_neg,6927400.573,8119018.253,36668439.93,21867277.32,13646215.79,24986530.15,29844277.94,23590845.79,7202074.609,16270903.46,25925002.36,59083570.56,36392783.16,14470033.87,5988801.138,16091699.31,22504527.68,22318085.72
Com_1621_neg,1496512.159,2101645.309,2577551.186,7295648.991,14040347.45,2196799.678,1705472.047,9141190.709,1770625.883,7768761.387,1611364.333,1801155.462,10623972.5,10136725.16,9671951.318,2972376.262,2290200.818,1929339.595
Com_1630_neg,98200017.89,97601972.02,41581263.67,4303675.436,11195282.03,31144372.75,9902529.825,2007056.868,2967441.068,4946325.985,8764984.216,2581537.077,3900726.254,3808101.308,2042591.198,10340898.16,29498106.86,10106452.77
Com_1740_neg,1365919.412,2913702.929,590536.5283,833409.0195,720809.4381,632177.689,646219.0792,777031.0319,736644.0066,809078.8937,702673.1287,1035480.428,848881.9772,888054.7387,835163.6454,861800.0739,801133.2097,1092993.614
Com_1789_neg,22800276.29,18834400.7,23122170.64,21138313.29,20100506.6,17426900.97,17037142.87,26060285.92,25955498.57,34619003.37,15786732.7,19377184.99,18816716.79,19010729.47,18905193.03,22106615.3,22074111.08,20039799.18
Com_1823_neg,10021063.1,17009399.97,20478423.82,12758315.15,15698568.71,37435339.29,25179111.9,11148608.38,6717281.47,20847233.48,27776596.78,4732599.635,23955767.12,16005662.65,14013964.36,7489444.111,9509601.643,14696633.68
Com_1830_neg,11106981.04,15287571.83,21626649.67,38549250.86,50049216.07,42612223.75,6166388.618,26999304.85,17584722.33,55156274.5,4778672.466,5539414.269,61060934.05,94637915.6,73611106.31,12831254.92,14948062.27,13976416.76
Com_1856_neg,9190980.743,5273508.898,14175261.07,27855892.22,23663402.89,20822204.13,13175778.73,19979619.36,13385449.51,32273303.93,17104094.64,8727648.887,36019044.05,35450113.7,35648368.67,28853142.86,31088381.43,27929161.94
Com_1857_neg,32465709.33,44185619.4,61506174.98,49007806.64,39257415.66,81629201.9,62371211.87,61592492.52,16143383.19,101649460.3,79822688.5,59857868.25,48363425.83,40032417.17,36211736.58,47858599.88,50448239.49,63277385.05
Com_1918_neg,2376438.978,3069184.543,2500730.012,2114669.713,2309432.186,2148351.301,1693897.887,2300280.602,2373982.339,2499544.114,1731953.218,1379806.554,3190973.936,3988170.165,4504474.042,2167722.16,3014279.041,3123689.218
Com_1929_neg,147635688,158351145.4,57946599.84,8862495.934,104981919.8,83375852.61,97055351.32,42962856.17,41602120.33,8711058.085,69991305.87,162866168,43855591.48,33755744.16,26125432.06,51096925.92,53361810.03,79689177.67
Com_1941_neg,6783959.239,6750743.528,5524657.545,5411598.313,16540917.15,6377329.545,9428080.171,4761566.438,5659349.43,3440297.859,8346609.891,185856776.2,3563456.545,3065028.105,3225344.53,6759669.431,5962508.28,6519268.661
Com_2076_neg,3777331.458,1566952.295,1662432.781,1556036.7,1597598.318,1833499.219,2700519.707,1390499.902,1410400.448,1844640.88,3023174.702,11400232.87,15099197.77,1353661.515,1541688.988,1342531.488,1428401.035,1300253.441
Com_2079_neg,98265386.87,87223439.82,146039465.5,340865620.5,172576575.5,202402039.4,142289248.7,364141840.2,118862551,319017554.7,90174553.12,42891543.2,447058904.8,397117670.1,421913406.3,190862389,213873333.4,193552075
Com_2220_neg,3179900.39,5712976.609,5496727.966,5532530.138,5067261.97,7306425.179,1624209.313,1630705.562,2477633.424,3897115.778,2540969.693,935254.8874,8998906.255,8509796.02,15768918.05,6714179.03,4693513.891,8423202.091
Com_2291_neg,5421612.777,4580166.366,3739037.094,4071103.889,8677779.963,6149578.682,8147561.126,15583425.83,11152660.27,12535770.9,9611105.4,13007555.36,4773025.431,4000529.337,4352225.698,8383902.781,6621803.498,5815594.032
Com_2298_neg,13611996.73,19058660.61,20875010.45,1147864.879,794939.7342,31750289.54,26266361.04,2693096.953,113440.8158,3190997.027,33206232.13,27877373.25,1195588.427,595397.6509,798329.6679,4242713.492,5172402.999,5887664.578
Com_2300_neg,3443000.451,4981560.011,6230609.742,5915084.569,5993218.575,7540376.856,1931721.441,1516317.214,2048200.606,3786897.999,2009967.527,1008382.201,7599089.479,7128563.502,13331971.16,7018804.794,4563662.432,8059410.314
Com_2378_neg,108835062.6,131589649.3,84448053.01,20719333.46,131795914.5,80261377.98,51362003.85,34845301.49,60898815.49,60908118.1,68365150.47,200091397.5,72388000.8,73097206.94,60103342.07,62841769.6,67368805.84,103406613.2
Com_2422_neg,304037508.3,268227406.4,254214970.2,157056649,143188703.2,155885061.8,315968023.7,227857288.5,297431167.8,125108099.5,286179473.2,255042737.1,80708082.08,86548449.34,79000695.16,247071861,239319209,252027760.8
Com_2441_neg,356828.8855,347923.7632,362865.4744,365616.9919,574278.4342,1815694.141,329747.594,3454741.689,543625.5134,5384678.381,336096.3388,900742.9063,394160.5039,363916.5919,436387.577,434995.6015,331837.3852,368934.8553
Com_2528_neg,313793.2157,310562.1354,353469.3651,348883.2792,431997.591,382877.0142,301220.8162,412512.5693,365499.9518,403154.1351,299960.984,418479.5446,403169.7787,436359.2675,445316.3795,334979.6333,362876.8699,357245.8944
Com_2586_neg,2952375.981,20253360.64,8071919.216,3282139.236,20257694.93,6002135.556,2748314.147,3074348.453,2553394.305,12080324.69,2573918.616,3147107.999,14069209.76,19700128.57,41517845.34,2430524.082,2585982.635,2353983.747
Com_2608_neg,18608864.63,16742716.77,50319885.49,43601225.43,54944365.52,43545917.77,16732863.35,12637711.75,10718760.77,14539468.27,14187690.96,13076939.33,27856765.48,23210014.95,19975535.12,19839189.54,31156855.39,26788681.93
Com_2811_neg,397716.2595,93555.78969,115227.6151,112599.5985,161932.4177,829678.5896,1298084.037,497352.5477,216747.9437,415394.5172,955187.9458,523731.1445,879469.4792,96386.07595,113622.6199,14412950.9,138361.4895,191841.2399
Com_2817_neg,13908266.7,14317230.05,36579985.84,61917974.57,51269987.99,25253802.34,12659096.31,21113546.49,36678959.26,27353294.08,11332350.75,7927782.554,89188172.53,103917746.5,86922521.73,41791248.49,57572665.57,38824150.33
Com_2840_neg,135752.9273,339327.0814,8361155.767,2177542.855,1261822.897,4118451.516,407177.0837,2670637.813,297562.9012,2359877.407,511391.9218,649922.9988,1892311.703,1669751.17,600729.1134,1568346.369,854357.0071,1977220.383
Com_2843_neg,11292247.08,21355534.2,1933438.44,1800356.334,8028295.26,1814817.382,23325516.59,2967753.745,2014542.924,1810309.688,16354365.08,41750310.92,1646408.884,1435863.671,1593555.072,4510361.491,7986929.699,10934267.29
Com_2878_neg,1093220.303,995074.7287,854501.9013,525724.6073,660283.9424,686822.4262,829900.1866,612259.5677,744088.7172,503974.4525,762871.5337,842615.2532,580904.5722,574852.1949,568989.0901,694784.8346,581747.9315,652225.1395
Com_2906_neg,6360694.678,5211442.683,4836161.072,3978245.374,3702081.512,15390537.09,7664799.426,9059422.714,8745640.068,10247892.63,6471761.74,4648274.138,4105199.008,4217842.432,6286381.839,7266047.037,3728355.014,7617800.71
Com_2907_neg,11726517.38,13805011.63,16611244.46,15929544.51,20572722.29,17418004.04,22140429.8,18336617.36,52774166.74,24776429.42,21099082.75,19575672.71,25536553.97,26207041.44,26807006.46,26441370.72,33666082.29,15977897.49
Com_2920_neg,14231845.32,3535938.544,4435439.974,12554602.25,12835375.49,10488667.07,8701447.418,11718558.5,14465589.59,10379621.74,6210518.384,19052636.98,14159248.3,36911948.28,21041282.99,12046008.32,13510558.11,3920696.606
Com_2927_neg,7065451.975,6863783.006,10540103.25,7005938.146,6078340.853,14037471.57,14415809.4,8742965.688,6111797.177,13009114.29,21149384.73,16819181.23,8047898.482,5400342.833,9665429.594,9636098.684,8826804.442,6662214.217
Com_3003_neg,20735817.77,21904758.63,20017746.03,46232771.45,39474324.19,53534693.93,23033364.69,48957332.82,30331625.39,57402054.16,22244839.16,27921364.88,35035499.18,41871917.33,19625899.83,17025724.83,34116791.66,33796809.6
Com_3041_neg,18242812.59,17598611.86,11606870.34,12017917.65,12290056.23,14962502.77,11838838.95,13738400.19,13719732.05,14486858.29,3481675.934,10545814.08,16675933.32,15018591.79,15433319.5,20400308.21,11971083.33,11912433.79
Com_3107_neg,2917144.5,2099382.704,3974708.479,3995380.885,1083717.866,14608338.59,1627397.69,1657075.94,7102478.966,8623408.914,2258615.34,2330764.831,1689967.167,1378230.193,2303017.294,2528055.369,2309464.478,2198121.194
Com_3131_neg,15042111.48,15412175.21,18034779.61,22170254.31,22983436.61,16207560.96,19958139.16,30613490.24,11010836.38,13229504.81,24034618.55,19729686.49,8331093.518,13150600.04,13664518.05,9662814.759,9263321.447,12695445.2
Com_3169_neg,227324767.5,24729621.37,86732559.22,14568414.06,151273304.7,12699374.46,186295028.2,47866800.04,124855717.7,3828917.037,150041036.2,30447817.53,3001975.017,94159628.68,3193869.346,95838307.37,44621681.31,46432596.99
Com_3176_neg,123604584.5,115574269,90227904.37,22531575.73,115767023.9,87001671.2,76268631.51,64984766.76,127131669.4,64701562,116628551.6,211774006.2,67457380.3,62045549.3,65705866.06,104745697.7,109075302.9,110862500.9
Com_3207_neg,2066022.62,3602900.761,6292089.618,2616767.338,1355849.337,12078798.78,4017342.801,2162801.142,1564500.737,6018803.253,8848810.243,3434003.325,4698651.44,1619871.147,7812839.936,4587087.659,3712344.126,3905111.027
Com_3254_neg,749505.9501,740356.3364,1525797.578,1209087.437,255458.9482,1560155.232,8417001.438,1590963.249,2121656.159,2308567.421,26354925.28,16369856.89,6774651.706,4476768.681,11976165.3,247506.413,244485.9944,2133449.165
Com_3256_neg,34632951.19,36397891.74,25784871.5,15485665.75,90165117.86,19859452.55,27780494.63,31363865.83,38321682.61,10989337.54,22774271.62,35381287.76,14863735.45,16632969.01,14533788.49,25404710.99,29865578.33,40488457.92
Com_3346_neg,5754802.527,4491636.03,3975633.663,4120347.9,6696798.217,5130445.52,20134554.41,4659179.606,4908159.72,6828104.97,26214074.84,52793896.85,7591450.912,7388132.339,6074414.879,16711216.4,21214182.72,15817895.58
Com_3361_neg,127510.4027,218252.1754,2788002.854,437869.3385,367268.228,615172.5464,230294.9521,837892.2411,729119.6769,3471470.759,304417.7035,122256.282,910662.574,440669.3068,1229597.976,541348.7379,1139233.336,1053728.275
Com_3397_neg,690888.7648,2721919.348,10712628.6,8800341.505,712235.6083,24119528.15,2149964.882,4279609.448,1152400.864,14961670.46,3645889.563,5181422.107,81694836.99,1935704.591,5369494.717,3969197.414,2180944.257,3550508.507
Com_3462_neg,2009897.351,4268739.354,13897775.8,32092705.81,1009940.865,2839124.891,6991612.101,4114820.962,742835.7011,1202610.293,3180739.873,2671340.363,50814069.17,33882243.58,25413588.66,718486.1292,303359.8863,1110013.393
Com_3563_neg,19447987.23,33604995.78,21345617.43,21322222.35,21664248.2,18848941.49,21943576.01,22770674.63,12881059.29,49120363.59,22192633.21,27818861.74,29037176.26,21936588.56,12807414.19,17282827.08,19103208.32,23498760.52
Com_3581_neg,1425763.941,1330808.683,950112.0967,978867.1924,963577.7562,55936234.15,1046338.609,1074753.463,71769145.55,1488794.002,1528517.472,1195310.153,1469421.676,809156.7245,50617234.63,17055629.96,735676.4668,56621776.9
Com_3582_neg,22475593.67,30163243.91,2043169.555,33881710.3,51936210.98,29575375.76,52621322.77,39591298,28749727.32,23198716.99,33524280.31,96006016.43,63487986.42,38589227.46,37816230.48,54753574.94,33713892.42,78833735.27
Com_3614_neg,1075004.25,987641.2494,785773.1365,675917.7175,790479.1173,749309.8345,868683.6876,3337669.053,626722.3643,3156016.705,772767.7822,1007326.645,32169258.96,53338552.5,49484785.11,4630003.451,3605753.408,2311536.35
Com_3621_neg,1293629.007,1558896.037,2896014.324,8332072.37,4004769.261,1571952.618,1514534.098,2955216.259,1437768.996,2226896.461,3385775.497,11461681.04,1254238.156,2538930.557,2081669.601,2312144.868,38709077.79,1475664.732
Com_3622_neg,5581715.27,10165406.06,8519426.739,10834726.9,2807574.157,3087670.279,9567567.362,3028092.191,1633682.667,3220087.225,9075259.96,12841851.85,17781374.41,11613975.98,12134783.29,12730348.06,13413138.58,16661918.97
Com_3649_neg,1142881.809,3126483.878,4620081.376,5131561.552,2004462.219,5445965.104,5617895.969,5239544.673,6047165.339,9413447.204,8575753.893,4982307.149,823672.5256,3059816.688,10403340.97,2205268.457,2229495.477,2573070.202
Com_3657_neg,2674925.155,3430115.847,2744306.423,2614832.925,3171869.734,5220771.704,3585858.924,10576389.17,2782018.434,11355204.28,5168357.924,13895794.59,2561203.879,3130306.643,1388013.929,3848976.294,7353690.878,6639414.801
Com_3659_neg,16796985.61,23306476.33,17877604.48,28936366.42,45754969.38,18735646.19,35780974.36,24745638.76,22943553.52,24851019.34,29183288.59,19683113.86,14767338.99,16238913.09,12695863.25,17120574.88,23124726.53,20331770.46
Com_3677_neg,7679302.886,6168116.728,8622327.746,6156887.55,12208338.62,7086649.834,15733139.84,18263035.74,4296812.432,16863037.75,13182759.04,20019144.12,8634894.872,10819711.13,4859569.061,8176493.317,9740614.873,11444181.68
Com_3732_neg,9327905.388,27660919.87,2237550.048,4289790.462,791223.4446,658774.6803,556398.0336,1125335.903,576704.2229,666039.4506,555910.2283,722274.1411,3042180.824,2725710.778,2435622.984,569106.9096,619395.6309,558186.0236
Com_3754_neg,866128.3356,1641259.198,4214849.906,591433.0164,7874152.104,7945241.447,4120899.152,1035864.316,2032679.909,2267683.333,5901626.649,7955886.391,1302459.66,6138532.107,17341691.16,8131301.165,1355283.234,11169345.49
Com_3763_neg,869895.4343,835309.1788,660564.5634,426553.4885,547586.8028,1433139.598,676846.3533,502530.3279,622550.9931,423058.1623,612357.9652,707328.0377,487636.6641,482556.0343,477634.2881,564928.5072,771053.4353,479151.8921
Com_3778_neg,27411873.82,21177287.35,6921750.573,2556102.379,6381442.187,2275385.858,6338733.605,5351203.615,7845905.132,1508251.708,5378108.593,5521148.996,5907909.714,4832609.349,5952791.473,5213627.751,6675745.055,9339400.431
Com_3827_neg,12292749.58,10901098.26,4595345.373,5749540.829,4740296.35,6950505.25,12454895.89,4769457.18,3721384.889,5290409.267,18571678.27,25656189.79,2408072.99,1647877.865,1649849.985,16363257.86,14078801.59,13438109.49
Com_3889_neg,619601.8474,305110.5958,268772.2511,763720.6326,250551.6614,228841.4485,1397959.614,586794.2299,179420.591,531536.0069,3526902.002,918757.9601,2180135.904,857427.7294,207972.2602,192691.2494,786603.1492,278740.9156
Com_3909_neg,35615224.24,25049948.54,6517846.935,21850481.52,13049032.71,57049708.13,12552639.11,31307772.1,19559216.26,11402628.12,13273736.28,8923656.777,25540842.18,5567028.346,8220344.307,53206319.03,7957000.44,9945381.776
Com_3958_neg,7304956.89,7144573.251,8692981.041,4281549.052,2785295.628,3745608.799,13353662.02,5095267.212,7508578.88,6419559.488,11463399.18,27958756.96,2235087.499,2227461.13,1767738.913,5292049.123,7595499.684,9749713.161
Com_3964_neg,2858622.051,8662713.068,2327978.003,20959731.06,11101917.76,61203149.8,3972800.68,7077407.278,2384734.416,12357349.94,4832813.062,1515395.376,11382367.13,31666421.71,23036112.98,9549163.008,8205356.692,19044743.55
Com_4038_neg,1783065.406,1912094.185,1536006.982,2017577.875,2924323.444,2060321.406,4265968.898,3234846.41,2512425.823,3272605.593,4031517.939,21887019.99,2658881.963,3340385.471,3118310.749,2730205.383,2931190.52,2918055.934
Com_4074_neg,44792965.74,50011585.68,54056092.16,54887612.63,61923025.1,43830147.49,38591124.31,34444703.28,30928845.55,63654229.59,33861177.2,37247420.37,68345027.45,50608436.66,74684399.72,46161176.89,56580535.86,66414947.71
Com_4097_neg,2063648.59,1862805.605,2061446.959,2030212.814,2661026.011,2160603.165,1914607.563,2369276.408,2047043.274,2343897.984,1873212.799,2352012.051,2262232.743,2351592.942,2328885.125,2110955.253,2016998.678,1911972.332
Com_4169_neg,65243.93499,77172.58429,719799.8559,436365.3353,63899.77201,106437.895,1040386.805,404557.3476,63231.13261,146609.4894,1997205.603,524378.6444,2941417.548,1092846.154,1006849.643,63526.90145,58503.41116,423194.9615
Com_4189_neg,8278034.334,9590993.211,15384021.45,16202500.81,6939660.79,25288719.61,14612620.74,24469565.35,7110705.519,33028296.32,16991485.08,36593521.78,35322922.99,16381140.11,12623513.98,11067636.82,17022621.26,24839482.84
Com_4190_neg,5401318.98,3939756.113,5421851.779,9863163.466,10215172.69,8647780.95,3678126.899,6433864.945,5918392.931,10554123.58,4545726.017,4563237.233,6934440.252,21726401.58,8507974.324,7194118.439,4942838.382,7042646.422
Com_4226_neg,296874.8936,475119.7422,339159.1045,390473.7376,276762.8378,271793.7021,262786.2883,415868.6225,224905.8151,322104.6288,285743.441,2013318.225,345199.5633,432738.4708,339620.9761,458854.6514,333492.4879,610480.1364
Com_4237_neg,31431496.11,30288007.69,4574122.975,3620689.406,84565165.97,18849931.89,29490346.48,5131463.835,11411471.04,12313313.87,21605013.71,24782605.26,49842603.85,57949048.56,28789465.07,14654881.14,14044123.27,52048437.58
Com_4250_neg,552124.1907,528887.7911,363724.1512,325484.7617,350893.9281,359368.7308,385791.0503,283199.9947,258379.5276,298649.3944,355150.0258,482882.3423,264511.4117,270476.1283,269213.4508,272299.3209,252368.2542,254212.9335
Com_4304_neg,1361544.024,1207495.692,1314659.166,1420804.013,1323801.848,2268192.061,620191.5221,817287.5864,672138.3684,1315152.126,489356.052,689783.9798,1257205.879,1630359.027,1130758.292,849749.0176,691454.0635,800369.7871
Com_4376_neg,8260018.391,1355234.889,4114318.151,2140202.96,6137319.765,5449225.47,4134058.115,6942257.545,5685272.993,7280177.008,7349302.046,1696826.483,6079052.065,2821173.167,4949223.201,868235.7615,480126.8532,1420614.82
Com_4499_neg,917871.7716,2260818.431,8377882.484,1954562.049,410789.4113,3961563.567,2682192.65,28985264.14,12842119.8,21035342.17,4197526.309,5407259.759,5281481.469,1343758.258,4707649.464,1220947.406,964528.5699,769993.9345
Com_4523_neg,2020455.371,2499844.896,3826447.073,2085259.581,1903976.554,3488234.602,13843011.88,2536054.915,2960451.084,2044219.047,17575401.22,3476640.367,5534872.464,1784083.072,1649693.487,5807585.624,3513759.793,4980766.206
Com_4538_neg,134246218.2,124687568.3,131732288,94844308.35,116512272.8,74704148.18,30592053.09,73963403.58,79831419.86,76517506.9,29073933.81,43733567.02,71928148.45,83594711.9,74558977.25,53624840.91,59792441.88,58622139.68
Com_4566_neg,469705.6527,468207.6579,551332.2809,583940.4847,745335.7317,609138.3631,429712.3527,594914.5093,707343.5268,652191.2148,427417.3097,586176.8579,692917.0584,715517.6161,678555.8994,533322.9631,587009.7974,496713.4095
Com_4568_neg,13069971.85,12053048.42,169530.3781,16810155.13,14494977.04,8068544.059,2558477.751,11809387.52,121105.056,3256875.089,25665685.99,7225653.184,4962163.818,61052426.07,37889779.19,142369.8953,18276345.43,16279318.25
Com_4615_neg,5869056.574,2861867.601,8337076.246,10947940.38,4257766.185,4665164.365,9964551.7,5443322.579,5466969.861,5230897.213,2478041.479,1785274.216,5640956.655,10081319.8,4197151.645,5320707.872,9339856.054,9106160.551
Com_4630_neg,1985377.443,1945733.681,1770540.675,1037080.81,1333738.565,1229124.674,1993216.844,1061212.758,1101108.103,1115983.329,1750940.427,1534714.829,966694.3013,917850.64,910348.5536,1547199.547,1558943.999,1518484.921
Com_4652_neg,16664071.31,19800191,13365411.41,11811453.74,11357463.42,12682817.2,34636109.61,12978261.27,13280441.5,9218355.343,38075843.09,37568588.81,6034303.138,7114802.702,5878910.75,23017042.34,18502937.41,18606043.3
Com_4749_neg,2093711.009,2198068.298,4184363.857,11340991.6,29288293.75,8461594.067,49526883.69,7680106.82,7245968.514,12872502.76,6744662.595,21173230.92,7393043.609,5652085.611,8715246.716,2458660.781,23123417.05,2086094.194
Com_4754_neg,22197675.01,28278185.88,6630778.231,4268721.332,2696149.682,5247604.437,21738107.54,3082479.58,872083.5325,1450945.378,14509887.51,7268468.014,6646411.167,4581528.35,5556930.469,11248236.99,9119385.077,12238711.32
Com_4789_neg,16793455.52,12071937.24,21941725.97,10465685.46,17660809.6,32524707.27,5198330.483,19499446.68,16065709.46,14736598.43,5108805.6,2148739.208,6694906.687,10208972.4,3649521.391,3536637.761,8778469.503,4191247.149
Com_4822_neg,386173.0463,384917.0302,413027.0321,506031.5798,502599.3595,434576.705,378793.7097,496993.9929,465629.6971,524118.122,356181.4775,376690.7091,18900173.56,27311197.64,30886166.99,315885.8369,443028.1335,391445.4201
Com_4912_neg,5685627.662,1460456.046,20415002.3,17253133.17,29048163.52,7938397.003,10666178.71,9015314.719,7057473.002,14612832.5,11228646.71,7571666.896,14807838.42,24607836.09,22806186.45,12456595.88,19639417.02,13043654.54
Com_4962_neg,3135538.985,3568811.578,14287814.47,9928258.943,8659746.313,14219409.83,4715845.593,31140605.11,14914745.36,18692270.69,7057056.863,10202577.92,6259469.949,3251376.579,3923886.247,5478440.417,11453690.13,9129883.35
Com_4982_neg,4971622.319,4361943.653,3106922.268,2981118.938,8058047.487,2655832.433,1502114.295,2363770.811,3388480.459,1886592.896,1449062.853,1333119.811,4967513.717,3515785.005,4687293.478,3784776.358,3114475.508,4342978.283
Com_5015_neg,3207681.33,3389740.666,3248487.042,5700693.203,1497829.983,3049184.617,5026999.011,4196370.014,3309302.656,8386274.204,4742187.872,2194670.392,42753687.51,46266069.5,44807027.72,19952252.78,11174608.31,11400109.36
Com_5110_neg,4930571.918,6361796.17,1801158.125,888413.3542,7758170.528,2600192.608,2523004.74,1565617.536,1299176.79,1063830.864,2253271.598,35517240.02,2647159.656,1812031.033,1363001.907,1692404.865,1340274.753,2264312.139
Com_5199_neg,845013.9853,748647.3966,550323.9854,499664.6112,526459.087,607963.139,570970.1146,418624.0976,417656.8719,455501.0279,519256.1228,1049845.364,358557.3744,402047.8713,400956.7937,416574.9738,375093.5609,403613.3117
Com_5201_neg,28104257.54,23334815.71,19790927.49,15254057.32,31787661.5,14341334.36,21784183.8,10482024.13,15504921.5,10466057.96,17142860.54,51977692.93,31900457.11,35226103.83,14881153.84,15866080.25,17466848.23,22199301.83
Com_5284_neg,2609972.321,1970000.772,1966233.244,1908434.348,1266966.415,1457971.48,5773978.743,4434168.253,3288357.54,3415815.329,7807205.008,9650985.282,1927829.244,847798.5549,342478.7847,697997.837,951397.3264,915148.0772
Com_5294_neg,4626821.887,7096196.295,7420253.76,7718085.915,7180870.325,8645500.455,3633039.678,6102824.69,6121514.701,9561646.953,3438460.503,2649219.51,22034837.43,19736770.75,14409636.91,5858069.236,6814584.433,6148200.186
Com_5389_neg,2736893.421,482270.4851,470229.8349,297285.8419,271328.0482,213413.1404,213149.3277,440459.1844,533068.6159,204127.2098,184196.8172,339937.2373,551397.9001,199485.5828,207359.396,777620.0856,164612.8729,250688.9678
Com_5525_neg,15491132.65,45154056.59,15302074.65,16590928.13,18978951.73,13399240.21,41463789.41,26515201.43,19769625.84,18734011.58,22078436.59,78065721.64,20388813.61,17905091.7,18979597.74,18109532.86,19680944.3,15789662.67
Com_5625_neg,415168.8979,528808.9479,3122786.798,4254053.616,4848416.911,2958781.177,258585.8437,9329850.252,4083963.04,11746239.32,935207.5422,692437.9707,9617247.874,5122823.45,4233874.026,1858007.958,5304715.7,4897809.716
Com_5707_neg,6310696.662,3919875.439,10148157.21,9257563.637,18764508.79,11460474.45,5339435.438,18414931.64,11859833.21,23729244,6420281.823,7509195.833,21995572.18,21725412.4,28785807.75,8593057.111,9758801.243,7849323.021
Com_5838_neg,967961.7827,1436795.215,4431539.717,4836945.319,569125.3946,5173612.406,2523141.756,3168090.343,653347.9924,8568878.96,4140497.212,3419031.034,7724396.97,1459019.78,6986694.281,3374853.157,1167152.843,2255051.357
Com_5855_neg,506387.71,615094.0023,675851.184,723114.9455,1180586.352,761021.2834,678779.4368,1139395.653,1740308.942,1233260.776,647058.4945,1026491.405,778533.1629,980610.5709,750696.2312,616852.4115,798228.3915,630928.6809
Com_5939_neg,26754137.87,25316430.93,34141834.76,37547004.55,40994710.19,36012776.18,49660481.67,27666675.7,14593791.19,49424715.89,51822380.65,23885076.46,44613401.75,47395640.39,51140118.96,33012667.5,41852240.5,47907729.55
Com_6146_neg,12087153.35,11933869.98,11211085.33,10159240.22,10407607.19,8491202.211,13535314.59,8488493.294,11335647.13,8412005.944,9150524.61,18428413.68,10478983.24,10864723.71,23473279.51,9332786.348,10176688.32,10009144.26
Com_6252_neg,7038094.669,12739634.71,16286188.68,5974009.659,8922119.596,9798857.306,5613985.643,28297085.37,12936330.32,9163295.64,8003968.951,4636145.98,4938863.364,5334779.018,5407063.341,9503913.528,7468745.011,8528630.478
Com_6322_neg,87476.91889,2457300.418,4666310.465,2232110.234,344660.9481,6153346.069,3892026.47,2964171.549,1461264.046,5230510.896,7541714.739,2629505.293,5393429.863,1781898.384,9864756.413,406142.8464,221129.0867,1751560.98
Com_6328_neg,18550106.06,19275834.22,13758414.88,3871031.014,20066801.17,7684121.819,13630474.81,3655954.546,7021677.348,3579479.614,12747803.67,26101176.6,11058620.06,6841231.597,8095779.574,13719005.5,3971838.819,10620658.71
Com_6453_neg,11682337.07,8324376.504,5175131.174,17871658.9,8522909.749,9080475.492,13326736.05,9116626.316,8907102.665,9615083.853,16045181.46,8803862.835,5395581.601,11311805.23,8969066.997,11230301.18,11002504.15,16439940.2
Com_6477_neg,461162.8953,461455.6973,537727.5395,663019.9492,665642.5007,587821.869,537306.4751,619564.0966,578776.3115,656286.4596,521549.4668,449423.2914,785067.0748,736154.8085,694457.026,614882.1056,649267.6187,630071.0865
Com_6493_neg,5079832.944,5931981.021,10682428.6,11931474.58,15309148.38,14876705.5,10001126.22,16992255.78,14708232.2,29063070.82,10479139.27,15987624.01,24077699.14,20371586.99,11747961.27,14029261.72,19211532.03,16098907.78
Com_6508_neg,4621901.063,15911535.01,1904730.06,960821.8724,1057505.439,1445537.258,622131.7695,2508323.739,1131046.201,2256101.33,1175818.916,704001.1112,3496063.905,673934.8139,2027122.174,1126403.095,442175.5141,1106187.103
Com_6567_neg,217433.0365,511473.4453,1859503.355,637865.5445,2403880.965,1953249.101,164179.6033,146965.1037,152673.6937,171060.7055,140495.4652,279740.9406,170862.0381,472981.2983,176314.5404,161141.9691,162736.501,283046.9411
Com_6568_neg,344526.072,220962.2427,241907.3881,295540.532,514508.7599,315789.4403,578981.394,739547.2975,686662.4504,455005.0013,308302.5809,9427386.227,386704.3769,567521.3934,340964.248,318819.9262,580167.4777,718422.8507
Com_6620_neg,5636228.236,7784665.842,7816022.252,10516740.01,11792224.88,11181029.79,5061733.642,14559951.81,11809050.9,22796616.94,3807468.647,3794007.229,26824607.76,19438902.83,19623130.07,21896576.62,7275224.379,11538906.24
Com_6639_neg,99937476.29,81059335.5,100907651.9,122415190,132279351.5,106989989.1,66704854.47,121040623.5,106945494.5,122672254.2,65058293.7,94992918.51,125067479.2,138856946,138134483.3,122266731,89973172.38,84089167.25
Com_6667_neg,3604116.244,6705511.925,7395724.307,3417057.708,10318054.35,12668369.76,1972244.209,1129757.491,1050310.247,2280981.878,2061886.31,1150236.82,5768901.751,2546939.625,4435073.491,5817005.768,8801650.581,9834164.914
Com_6674_neg,542702.233,1001534.13,2672605.109,2573784.96,3338797.45,17212287.81,746458.4817,93489784.79,42455195.15,56011455.74,731911.2992,592249.9013,4410893.886,5618158.994,1691015.573,650311.9019,2757950.31,1071306.982
Com_6876_neg,262644663.3,34463404.2,72624784.13,275376328.2,65179659.33,269325901.5,186862021.7,196830333.2,238637546.3,188322673.8,131539581.7,166447443.9,138088199.6,274251488.1,219545977.3,115631306.8,101471500,78340276.94
Com_6945_neg,58123104.19,78534430.33,28453297.14,19269722.45,41787577.54,25688147.07,40737601.08,12020358.32,16615170.87,2497953.183,7670115.771,41565531.06,14123575.65,10423697.97,3909173.689,26176699.45,12302838.69,39846266.49
Com_6997_neg,42985868.69,79577033.72,24590449.3,7525964.868,45130728.78,1487685.95,13546584.9,5755388.261,12051817.02,4951518.453,13341141.21,33867481.7,6497148.528,7984544.285,6572876.665,2076462.591,15694746.53,22532702.47
Com_7168_neg,3810712.473,4595128.83,3023018.313,4068126.655,4246247.16,3881077.482,1904260.633,4820254.58,4084042.05,3693283.798,1954606.643,5187523.826,3839392.677,5829597.212,4404581.566,2600906.82,3324431.906,3251863.271
Com_7202_neg,420620.6558,420887.7167,490454.2681,604731.8391,607123.8341,536144.652,490070.2208,565096.3233,527894.3171,598590.3112,475698.4592,409913.1163,716049.4289,671437.1894,633405.1864,560825.9405,592188.518,574679.6117
Com_7221_neg,3555289.853,393547.6314,6553824.619,6745794.141,883005.4362,1060145.884,9864600.873,4017090.605,4522395.757,977378.2143,6642569.954,4759702.097,19315547.79,6660684.35,808776.4468,10478412.66,6317053.983,1168602.231
Com_7328_neg,9341184.253,3625686.232,17905046.29,23325890.32,23826675.41,24402396.56,8321135.187,10845759.98,5985989.75,24495425.16,8308899.204,5524982.12,37284253.54,44171272.89,40463241.74,14821891.5,20282092.12,20548704.63
Com_7432_neg,4188488.007,6037720.834,4991297.153,1866725.349,1403142.394,2246553.408,4078663.893,3258441.175,3060895.777,5188028.677,4310314.453,8041139.049,2553444.108,3262890.559,3542817.607,4805158.691,5026467.97,4748219.906
Com_7444_neg,23750367.16,55721249.99,14938763.66,4223245.557,16991524.64,3802046.717,12554815.22,3187693.604,7075775.325,426364.0594,13675503.96,11573309.37,6879914.283,2019996.441,1616358.722,11080682.94,12464429.82,15327692.17
Com_7449_neg,6787118.894,19239358.06,26813276.65,22126778.36,28593759.33,20038618.59,13681251.29,14883113.17,19471653.84,17835964.8,12393228.06,1943799.956,21888919.93,22715228.7,20296585.82,17817939.46,8715754.522,21582475.3
Com_7539_neg,437144.4598,583809.0405,773594.2679,929897.5055,367396.7166,249664.5591,2088707.598,362751.8262,675366.3891,448616.5887,3349480.453,3319494.017,4481804.634,1786888.296,1164801.368,2554963.081,3436564.574,1320188.925
Com_7624_neg,147583490.1,152618497.9,181727836.4,207018633.6,312076047.3,175314716.4,116885368,205119276.1,203995788,190999549.7,109387433.8,130671395.5,189776516.8,218947108.3,216037237.2,141854627.1,150586965.1,132396486.5
Com_7626_neg,29667386.51,32591250.71,28968414.34,28517751.2,48026299.84,58413580.72,30628313.46,41962140.52,38654019.06,37063031.77,32309093.51,52133235.22,33556698.16,35431105.66,36528290.38,30792512.95,37022992.2,30004170.65
Com_7655_neg,23404558.71,25471560.69,23633757.77,24860522.58,15565837.71,32989536.26,47601360.15,29384937.15,23765060.05,36358863.32,19013340.99,34958266.13,33387441.45,30487111.31,27524553.23,14973805.94,22482944.57,11157738.46
Com_7658_neg,5909898.04,4353918.396,15822881.2,2972153.158,2957807.061,2775623.763,4494571.566,2730987.859,3174684.254,885351.8861,5093200.889,5533170.619,1937525.674,2594085.467,2532079.503,5478344.603,2492829.77,11027777.34
Com_7677_neg,22434901.64,22970610.25,28361723.41,35146648.25,38267257.39,34066860.22,17597363.92,42063716.86,39707810.59,38512125.73,16238435.36,14333563.79,41056127.91,44382120.88,50457313.16,28721184.9,27440553.71,24000956.02
Com_7705_neg,1247493.22,541537.1102,1164354.248,1344697.75,2468289.962,423557.2274,1669570.21,998421.1953,1174499.169,1396041.13,2604364.592,2732724.813,694648.7657,660838.7203,1715295.82,2516315.714,4511616.309,1623572.298
Com_7766_neg,3433211.402,3331587.143,4665561.726,7034357.933,8505168.401,6399144.937,3159655.76,7308854.63,10779379.94,7178877.901,2270624.355,2918338.186,6003805.403,6924341.475,4575728.589,5442927.349,5615723.095,6824940.108
Com_7770_neg,902364.2481,722679.208,1366109.648,1405273.382,823929.2926,964020.1797,1106051.725,1565170.927,1482050.298,2045608.106,1368218.388,724860.6175,1490717.885,1194829.704,1668593,1193241.935,910069.4539,1037394.504
Com_7797_neg,2683485.368,3185384.445,6386447.907,8814889.086,6813044.207,5042848.342,3657996.888,9205446.022,9466721.41,7618458.184,4127311.031,1547872.707,6037004.943,4616836.475,7624738.185,4900232.659,4464454.357,4469527.094
Com_7855_neg,10670238.55,7617167.516,13120367.71,17897665.22,17966514.32,12040705.68,7252371.238,5579060.936,7398192.576,8785972.199,7723822.25,7008973.401,15980819.64,17811839,18544513.39,10951206.52,14401899.71,14153274.19
Com_7871_neg,2162235.567,2871503.593,35418701.81,34562682.18,53992219.2,20951841.19,7579219.171,17865037.61,17351928.35,59727630.8,2393448.67,3609223.12,75623868.76,90417033.38,87787904.43,24194036.84,28613087.95,27420143.33
Com_7887_neg,51192268.87,41620457.87,52142783.22,20210343.57,24422458.37,20149038.65,18754886.14,19887186.4,24265048.47,2613925.729,16012013.28,2070461.548,17252496,18838440.01,17860046.41,18829993.27,23306956.41,16792377.4
Com_7936_neg,959623.5682,1301805.698,566822.5772,2368448.905,1062253.232,2468204.598,639105.6696,3482008.181,891744.6659,3330853.411,738933.4716,544521.6189,3225545.773,4783139.013,2532839.894,308471.9302,319114.013,291662.9446
Com_7943_neg,905469.5813,306136.083,538290.4403,472650.1736,202556.8709,682183.2691,969121.2439,331199.2959,182597.6192,496156.5339,426998.0043,171485.3894,677721.5018,2926896.165,693976.5035,271760.9634,1221194.352,293574.5437
Com_7988_neg,9222452.358,8248223.61,10132992.8,11304969.24,11935585.95,7509936.362,6212395.429,6960833.878,10771437.95,5180339.847,5627450.075,5769587.794,22988078.58,17340249.69,13295945.51,13896626.01,9313757.119,10742367.07
Com_8034_neg,31138676.63,73872412.81,69819131.81,150827583.7,113876740.3,92269380.53,25575355.15,73179740.65,114106974.3,206004694.9,27231030.41,21590850.43,283405533.8,287680680.1,137533986.9,130467544.1,88202361.16,74961743.11
Com_8107_neg,686573.3675,712669.805,2944327.479,2015523.107,6164361.793,7631211.205,2072726.126,15577237.81,3751535.908,18499333.75,2452289.272,5727611.569,1299509.952,3032694.561,662886.6449,1338571.19,2449186.978,2095260.844
Com_8115_neg,1568507.872,2420975.417,1886240.53,2835368.574,1198267.905,2656810.616,2930391.406,2809118.806,618766.3045,4391572.9,3577292.894,2769923.831,4156686.932,2539065.484,2071177.128,2916464.127,3209993.193,3121449.112
Com_8158_neg,604970.0074,580586.5948,509505.9617,304893.7277,357157.1834,1328416.161,457622.3373,359006.0314,433364.0509,372423.1094,410907.8127,467197.5807,307159.1981,299993.5647,274465.0709,374491.8243,337617.886,345462.7551
Com_8210_neg,49150311.3,46275073.81,75050384.65,117273508.4,97526377.62,73597376.28,29095754.2,61504528.35,86866472.26,94092472.75,27220864.32,42245093.29,85361945,113732886.7,38617053.56,58127164.35,70435957.04,72677968.14
Com_8281_neg,4886868.217,5107072.8,7034912.358,5224388.018,12320877.16,4568467.244,18282520.51,2575060.764,6726915.906,2107413.6,27240312.51,2062905.016,6095245.996,4664962.522,3371184.288,4399084.979,4108136.5,5260347.961
Com_8324_neg,67175518.43,67559433.69,66144075.99,88496949.42,80965466.66,74495512.5,77365811.15,62144814.03,128915302.5,118510946.8,73107601.71,130006247.9,91980162.82,93922808.17,81664421.04,88040975.2,99769528.22,85776585.38
Com_8383_neg,14923863.69,17917866.62,15004981.86,17918531.03,11587441.46,13948637.97,12074516.93,10725926.41,7723509.977,13052154.54,6393606.546,5411936.923,17590784.08,13057308.05,45349695.16,10829637.71,11844839.58,12113209.84
Com_8469_neg,648911.5863,623264.8282,710387.8612,706371.6302,828188.7725,759036.2006,677435.3951,838308.4508,724294.4173,787592.8511,662788.9065,832199.8951,734409.0329,750781.9222,713412.8984,671679.9302,713663.8982,653719.1462
Com_8520_neg,5753959.759,7859599.439,13544236.9,12013195.86,50756810.05,8578552.058,25843472.44,13436430.98,27592316.34,22736338.57,23187489.72,261270360.6,14571723.16,15240800.09,15853552.91,5340541.822,5749561.388,3142421.697
Com_8536_neg,9823816.492,8036356.914,6232058.237,5713699.567,15620771.79,5232395.836,1516512.416,4408059.713,1882221.76,2580629.93,1351058.85,3918362.343,3124347.732,3258572.956,3205124.691,2550832.253,3532909.092,4651621.056
Com_8539_neg,8930890.971,8709199.804,9205017.565,7564530.354,9436410.521,5510276.03,5479348.188,13194994.23,6644517.857,7424541.067,5106040.243,5390871.597,8498309.999,10157587.04,10776469.7,7293146.211,7541115.262,7510444.824
Com_8558_neg,226008.6867,242351.519,1000209.444,1321701.222,605377.1124,345919.6399,5686369.233,588698.6954,264221.959,417474.0002,5968438.316,11525542.34,1556281.951,4126440.689,1459624.57,1410820.791,5348405.155,1638411.017
Com_8638_neg,88269.96703,124242.7794,1720033.075,1359326.747,87530.94905,122070.5566,300363.0805,258666.8643,84755.68976,127783.1888,226166.9939,302519.4737,2161199.589,3108105.33,4143599.115,126262.3233,86944.16007,99421.43278
Com_8648_neg,98343.86122,168329.4946,1353825.531,3237144.785,459254.869,7429211.426,177617.6244,2445092.039,454649.1457,2207688.25,234785.6469,94291.56035,2993838.469,1905754.441,936096.6444,149428.2712,101261.5786,161422.5089
Com_8761_neg,284805.4347,294659.5543,353496.6672,406937.5592,405697.6718,369379.4784,294159.551,401682.621,398904.9632,425055.5517,327463.4168,322844.5847,428702.949,415935.4221,411542.1053,369666.4727,363368.023,365806.0229
Com_8816_neg,624018.1753,2084670.545,3655078.283,2189940.025,295798.5457,9400214.775,3167161.678,1826237.804,411652.7664,8358001.625,4240141.727,1905154.319,2000066.064,426037.3824,4459683.788,2687622.3,468687.3922,1402908.522
Com_8852_neg,431516.0396,227368.8959,265132.198,216924.4537,398816.4775,230033.1083,195931.052,228906.0834,158865.9655,308332.6653,231832.7339,132819.6469,235361.1245,1631589.909,291417.8692,191931.1425,182583.983,200699.0973
Com_8886_neg,75958.55365,85213.80528,118490.0373,137581.03,84687.08879,125828.6166,99618.70315,116972.2265,83296.73501,153247.5743,91743.82261,74327.96856,165837.8015,113331.9761,158189.6529,91330.00307,83048.22459,94804.16849
Com_8888_neg,73269.16335,81884.00252,466258.2979,100767.8811,75069.47434,99611.41566,564663.1196,99025.58117,73797.98105,129447.5225,676063.8999,88448.90101,519259.4689,101862.2777,129426.7595,81352.15997,84815.70785,163653.6472
Com_8936_neg,15648154.72,16846766.08,39872887.12,87722287.43,67004891.97,52311753.99,15179240.55,59490773.59,59549613.01,58362139.29,849306.0583,9817054.446,85451250.87,84043625.78,135691457.4,32057448.84,50561320.7,30982201.89
Com_9094_neg,96201.34002,423088.5445,5502896.45,2334601.758,105308.8361,3814249.329,2449307.953,887201.2001,87660.88084,751474.0221,3581904.434,1564476.772,4480589.698,218860.7887,170933.5513,648793.798,202601.4632,813556.8049
Com_9241_neg,140545.4727,188601.5178,1011258.907,4224965.589,1412067.371,893279.0686,851418.9906,479775.7742,679638.506,687923.566,1023224.326,133386.1282,1829835.188,1790613.092,3797064.237,872007.6532,888163.6162,1358244.067
Com_9275_neg,7745161.657,6267963.583,6082665.766,7280504.036,5405885.207,4683145.178,6346790.358,8454801.789,9344603.634,8267928.415,3991597.927,7762049.787,8818075.993,9131100.893,9298437.857,5619931.826,5119025.211,5602667.91
Com_9328_neg,9493105.843,10640825.32,14828628.32,19043345.63,12200884.64,24755935.36,9079467.195,16321672.73,16312084.89,20611226.75,9656424.419,13986135.4,26018581.08,19809559.72,24685819.84,19691083.73,18458003.48,21319992.89
Com_9329_neg,388841.3812,902498.4976,4974485.68,10190347.46,159863.7125,1179158.161,2828380.886,2606090.7,360871.4448,250382.4837,1660651.748,601841.236,24993792.03,20725565,13421223.05,419975.5642,295147.7191,1145218.679
Com_9351_neg,1591988.497,1915893.392,2115155.995,4253422.484,1687594.778,2776712.167,1694112.54,4066674.406,8566784.565,5034392.548,2204070.45,1729871.297,3802274.357,4031764.899,4633974.203,1946588.408,2631655.968,2333485.618
Com_9374_neg,45248420.68,48166748.81,25872329.62,38479672.41,29424591.64,33151789.24,30918122.07,22199142.13,10968082.18,19680302.17,41924973.5,16756728.41,29767882.19,21151933.15,20925866.62,16678178.09,20357577.54,26627241.01
Com_9488_neg,5809782.35,5690680.539,6152500.697,6945005.844,6307479.01,9497598.927,6808317.478,7062612.585,6692389.238,8084082.16,6558886.162,10136541.15,9568722.449,9524346.102,9459672.74,5765256.017,6483912.759,6442882.158
Com_9573_neg,9064237.229,7154284.232,1254075.422,1858966.43,12787734.92,1810361.396,955964.8121,10215241.48,1414354.251,1253311.853,1690248.447,801661.5779,1612266.023,18085325.75,18113967.16,1069048.95,10958422.29,3446888.634
Com_9802_neg,845872.181,102966.0968,127214.2199,332053.6633,94397.08029,125257.6614,606278.892,124520.9963,92798.22462,162775.4594,579134.9873,204049.3848,1001859.791,521136.2473,162749.3507,112112.5549,106652.6075,117234.1719
Com_9837_neg,466959.8307,497210.4684,566677.8277,652394.5055,1017447.536,680634.0429,510070.3161,896781.9742,1511891.014,1160703.146,506622.3915,955974.6892,686226.6956,1739103.191,2445397.115,558410.0583,638600.7894,495328.0604
Com_9860_neg,7905825.571,9748863.278,9944790.783,7998705.05,11366176.71,11534077.36,5814560.063,5168168.202,4685220.841,8087711.78,6167462.262,5564558.252,7654293.277,7810423.523,5242036.459,6806776.88,7195446.446,7765916.557
Com_10096_neg,2002208.688,1951392.244,3752163.202,2403243.452,2720822.782,3845874.042,3431775.729,3664310.34,825665.7621,7002711.856,3484045.705,6238659.284,2012295.6,3086047.71,2133650.919,1569571.539,3186855.29,3461061.587
Com_10267_neg,336547.8984,350073.177,2096962.768,1773247.424,4937959.71,1378617.041,466971.2987,1406306.127,809200.3807,1395384.109,376551.404,1066934.078,638095.7567,899332.6852,724208.2995,790859.1486,718288.4538,1123405.053
Com_10383_neg,2476430.26,3534986.08,1027755.816,1045826.982,1576879.207,3857487.31,2176710.794,666265.8748,705699.9208,1475842.727,1725475.292,1060141.555,1577691.044,1586187.723,1160151.467,2314454.882,2441482.737,2675930.155
Com_10437_neg,3033264.925,3382478.818,2989977.727,2796824.786,3553714.837,2765326.192,3745334.012,3109739.948,3155863.765,3036988.095,3344602.541,6372182.474,2821432.128,3798401.508,2238928.879,5241840.423,5204672.781,4788385.456
Com_10442_neg,355414.361,447533.4296,439762.0704,533692.6869,479092.2811,459767.01,1196427.664,512309.9837,529819.5261,1836928.943,952577.9175,781556.3015,626240.3847,593998.1841,1074527.422,489544.1126,457079.6509,613944.2071
Com_10471_neg,421350.881,772761.6895,1028388.721,810221.3971,814846.1078,1254557.368,5821611.228,769496.9885,814871.1975,743752.5233,6816006.785,1510278.851,1425566.459,495862.725,1058616.033,4016902.102,1661436.573,1220038.392
Com_10581_neg,251245.878,321420.1072,533597.2028,239656.2271,185975.002,345899.5206,450903.0472,490709.1632,592343.1599,918795.756,1499774.234,632897.8784,282107.4957,168133.064,366995.8485,1389136.99,1053991.683,1098632.014
Com_10628_neg,1266752.863,1081287.374,709397.4289,1020513.357,618108.1665,1149335.412,1633315.624,610293.6039,1136236.285,2560871.987,1529294.132,1767498.554,5801334.585,1167870.415,2490142.078,2060953.636,1865479.131,2482123.294
Com_10642_neg,3621684.945,3334898.208,4386970.138,10088039.38,3653501.574,3358844.451,10745507.74,8888393.99,5618294.908,10011280.35,11488127.05,14627381.6,14277106.65,16161081.92,7416785.702,5775931.799,7986928.197,5969470.459
Com_10770_neg,1030183.343,1690995.258,2414100.174,4547335.018,2563934.462,3587598.812,2151202.802,5109121.559,4097905.622,6389576.611,3367985.105,796341.098,10447962.67,8549121.693,4825309.942,6965054.636,6066836.267,9132942.46
Com_10987_neg,1544008.409,1564474.638,483123.5749,877122.2433,691142.0929,564906.5029,670549.9619,1715759.418,471171.6645,1751945.566,685367.002,566131.2487,1323070.447,819172.4522,645442.296,369618.5311,439871.1834,591941.1696
Com_11026_neg,2175277.822,1633831.395,3902795.084,2579290.243,2758840.608,4501341.468,1309337.104,5801004.729,4146476.068,3065420.558,1096894.453,657265.9234,3047860.686,2909213.615,15400589.18,5741350.994,6129300.185,5664907.13
Com_11148_neg,56366015.54,35141641.41,48795153.76,55415308.51,64164110.38,51304175.63,19931335.51,57741998.29,63759642.54,52489055.75,25596867.8,34562719.35,32550936.27,47040142.37,38713574.37,35669645.45,37259585.54,36456643.51
Com_11227_neg,569722.6551,1881330.722,5384986.476,12244038.58,901660.7019,2807360.96,1658608.109,2870307.948,1616927.126,3485231.279,2811885.523,2881871.216,13665359.48,7182853.501,11552004.63,2348461.785,907444.3542,1272496.964
Com_11246_neg,1264879.577,1780671.672,2237199.862,2738408.073,707108.4956,1617058.119,954813.849,3384564.747,236696.5677,6097372.117,1547336.471,610850.9241,2244870.513,719744.6926,1401532.853,354318.1,649818.0429,933090.8471
Com_11249_neg,2774669.352,2516914.554,6237765.807,7500784.035,6601632.195,7002955.879,7427568.207,18084606.92,7518739.306,20821744.54,6595131.956,9459976.591,9379033.725,6857048.079,2759449.885,11421610.27,8985106.784,8949519.622
Com_11273_neg,46559579.28,6105405.287,1245181.349,7303612.764,24342415.77,5435941.264,1598470.766,25964399.83,2363996.045,4482071.529,7505221.161,3072364.488,2098806.025,39218980.48,20589234.54,1833653.852,7305439.024,19827731.25
Com_11346_neg,4597887.596,3264005.323,5504380.891,5453448.122,10403829.17,5679518.872,3928186.686,4068032.224,4109229.689,4981773.486,3860544.707,4713771.565,5648665.787,6623450.698,6419142.213,4967630.523,5550973.258,4269780.879
Com_11478_neg,1073124.584,941909.5471,1083805.595,1253264.878,1534659.833,1661130.938,1759979.951,1561736.411,1639350.222,2010356.801,2146666.338,2540934.11,1813026.692,2181876.817,1705420.046,1384913.6,1215974.853,899122.3611
Com_11606_neg,8167994.727,14785819.43,12730899.76,12743610.23,18280555.97,15606452.72,7249468.725,9276538.622,7982582.198,4827719.427,6279317.983,5046801.302,28314666.23,19830704.34,28844363.16,12592774.11,13641209.85,18376022.36
Com_11611_neg,18025496.06,19554801.58,10588469.13,12291018.41,39882540.57,4141547.602,12753801.51,13625340.99,23540655.05,6053321.753,9616532.338,28732154.88,18099950.28,15997257.78,15949517.45,29878151.28,31924829.71,30393807.69
Com_11679_neg,1025985.544,1409331.938,1854339.308,999381.3342,2089447.57,1561472.08,2267940.077,6600789.441,1861591.773,6446907.312,3061466.035,2696459.761,6093160.089,1741153.525,2522488.624,431040.9353,1333959.295,2162091.396
Com_11759_neg,117855.9183,152165.4865,292358.5173,2000351.042,130429.7165,629058.5494,559314.8438,1010788.648,857445.432,1133792.64,589886.9494,668323.8373,1114365.545,388734.4624,1373667.662,166652.9268,229178.0895,146210.1259
Com_11799_neg,2605548.839,2197266.025,6117321.605,6775292.477,5181137.892,7235213.21,13111656.48,2586778.196,2915171.259,7278022.995,15176785.13,2748057.891,3695202.03,4339681.892,9470484.061,5166078.053,5560148.365,5889661.219
Com_11807_neg,16811244.96,18868377.13,13180260.74,11723720.63,16488642.75,20825209.1,6289790.327,14292714.8,10355213.57,22047290.72,6033185.617,6274609.364,10777331.97,12367475.02,11471030.94,14363619.82,9034263.141,17127543.87
Com_11820_neg,1830844.432,1874033.973,3401437.95,1362346.454,2227122.412,2024380.545,2714185.08,3478244.244,3912447.706,3177259.745,2974072.451,1659960.549,2244388.932,1792220.223,3568450.014,846640.8986,977942.3204,1011899.951
Com_11926_neg,7861840.069,166626.1958,206494.8857,223308.4641,295294.7309,220907.7969,227443.5377,221622.2899,194361.8347,254779.911,224594.6625,143275.3742,11443051.97,253991.2297,289751.5037,211613.4695,217136.6944,198576.4125
Com_11971_neg,2279982.767,1131677.469,4184120.362,8189726.298,7756477.249,4601096.061,1279978.537,6036879.873,11963774.97,7002859.553,2779348.779,10506762.55,5008836.611,5876621.095,4542128.933,2796344.274,3678199.538,3358628.579
Com_12087_neg,7423816.63,2069128.619,4698842.843,741085.1623,688096.8239,1912229.011,2929203.026,2777696.902,5372134.49,1140951.642,4618613.717,4797286.251,11162074.87,740847.4971,893472.112,9216356.358,3387259.968,7502301.205
Com_12142_neg,475065.9819,312048.0066,241388.7714,270246.1285,341499.591,256593.6505,1089218.042,241257.6986,231567.7491,231973.2893,643740.7199,705272.9213,301134.9785,257481.6288,269934.3369,1081094.356,1133176.596,1103965.537
Com_12190_neg,5713307.873,2143404.577,3480069.363,8617489.563,3976010.539,9862976.955,4753861.438,3878420.84,1616992.988,8256018.27,4916653.54,2068070.911,11707400.18,5090171.542,3507721.741,2661001.646,3918457.833,2635478.198
Com_12235_neg,17208357.07,52135966.47,58435330.07,49496129.6,39348261.51,28690056.27,9977840.389,5498607.908,21320928.21,28206118.68,23595099.18,11093072.73,44862932.2,28994176.64,64084023.98,36734475.82,46577777.79,45401094.13
Com_12289_neg,546086.4767,529866.7281,435192.5167,1363647.843,1458962.687,845380.2447,1457065.517,1419602.337,1461812.346,713729.2494,1137028.322,1354832.228,1419420.268,1377183.389,1472254.324,739763.5853,1037164.397,898474.8225
Com_12334_neg,34184403.47,32215144.39,21060435.69,12069871.56,21146420.37,17243998,22958292.32,9951312.535,14049292.33,11393664.51,19994233.84,31365001.61,9026256.541,9622858.11,8463525.568,15524102.37,14695094.01,16345262.63
Com_12374_neg,28851589.97,25910029.01,23177455.47,12846708.56,12227463.3,10530165.76,19395180.01,12919947.61,18920138.57,10004140.56,16691369.92,20740736.1,11617360.3,12115491.89,9728916.592,18936380.58,24901173.74,22905238.75
Com_12586_neg,5132012.261,5982955.622,6620983.865,9330907.002,8966888.018,3347511.575,5647547.91,6905548.195,6818182.993,10374988.52,5596604.173,7209559.254,10167413.08,10540400.84,11030070.79,11523179.66,11029620.86,15230839.15
Com_12682_neg,627681.0179,1072177.113,411169.2187,577573.8737,292051.8988,796842.7538,1864822.942,1755099.644,732854.2893,1213119.577,1728597.287,3010366.588,1495117.045,1826807.825,949640.1516,1904506.241,1680246.455,1938568.834
Com_12800_neg,1371717.668,2259713.549,1954566.659,1067683.179,1809838.044,1147452.597,1387312.307,1445017.389,711044.2343,1954917.637,799576.9451,1102366.095,900241.5893,933744.9109,1263875.923,1048729.681,761212.2692,888271.4089
Com_12863_neg,589621.5063,586308.7309,775951.9479,805082.9611,799203.5651,763207.3617,671524.5699,1317093.9,748905.9492,4491362.44,777010.8226,679158.1861,831578.7443,789542.1771,798097.8692,780974.2518,768974.0385,796414.3114
Com_12876_neg,367957.5594,383669.2382,447223.2155,527694.4499,566246.2823,405324.7287,686915.3447,488657.9646,830677.838,538017.0147,1115415.676,1528378.384,499310.466,568719.5803,461840.5467,925450.2523,496982.4817,1145330.176
Com_12944_neg,1009542.695,6255197.905,420846.1135,545617.8964,526642.0713,433749.6733,370158.9217,479726.5927,754148.8864,561535.482,388299.9831,435117.2152,586410.9143,600384.3603,558190.4015,458408.6521,456151.641,395573.2174
Com_13000_neg,2893688.94,3399454.765,5474385.639,5051295.78,2262903.157,9007879.213,4025589.051,13548286.55,6493021.772,22717884.64,5475324.194,3283090.489,6380147.134,5875732.234,7670408.615,1359169.005,1268881.013,1152487.825
Com_13049_neg,451540.1085,482556.9302,538502.9193,525809.0712,640743.6952,587210.6244,432586.2261,600972.318,529860.8824,610886.5884,445082.2099,575472.7544,4664221.197,9512796.45,550407.4588,469506.2787,464954.6437,494195.1485
Com_13193_neg,1236286.132,1818050.592,3802392.232,2487179.445,4200626.04,3662627.692,814056.2628,516354.6713,2238053.672,1190118.449,624078.3953,826952.0056,176867.9416,1351096.621,195360.9245,2255368.224,2133401.804,3613493.928
Com_13295_neg,381355.398,419161.5672,310500.1447,312757.5671,363324.5834,447791.7513,435246.7266,1097160.354,655950.839,639784.3815,307724.7861,473286.3528,930176.7081,547723.4803,954690.9962,686354.7137,2120439.373,673163.3785
Com_13425_neg,13920452.66,16039668.37,111956.6912,110973.4756,198249.0769,132097.9536,1118953.578,90094.60686,83799.87466,109658.3855,225572.8118,98915.20639,384958.536,108091.6075,106702.9603,91918.43337,771111.1867,104294.8331
Com_13548_neg,366581.2174,500582.3107,360231.1681,425068.3921,870128.7461,2384360.118,355530.1251,1854217.664,646530.8514,2493765.562,326268.5173,621782.9608,435269.8431,436196.7028,455668.244,421584.6812,416213.0601,350855.5845
Com_13577_neg,966429.0258,2190284.217,2580526.273,1468565.629,1139125.896,6281969.328,2053989.718,5601249.311,1022410.228,4613663.521,2591643.12,584088.098,4195316.322,2230444.708,5492115.191,1374214.214,933707.5601,1206669.938
Com_13611_neg,247000.259,1555750.908,3578225.865,1121645.294,77392.43307,8304887.659,2730349.63,509691.0875,579994.2058,3583712.25,3818684.793,2277481.368,1732690.114,107826.7345,2799428.354,3290462.271,554399.1407,1427420.619
Com_13684_neg,32326714.55,23873972.1,52295447.34,56145102.93,63156584.22,55433111.37,9060806.036,40409804.31,42064694.98,46528119.66,9939076.056,3932324.399,25920932.34,28184208.45,26249268.28,27978888.22,23556456.5,22608631.05
Com_13785_neg,7897414.25,7659816.3,2583553.937,4991691.555,5926685.036,6473128.317,6828494.813,6171480.72,5117828.463,5538984.078,6457438.108,7633556.493,8145725.801,6926451.969,8668987.435,7903469.607,7470922.614,8159836.756
Com_13832_neg,780767.2463,397425.5386,3776675.314,5093487.467,718482.0821,1213056.709,7146369.073,6363769.74,740162.9011,39742707.15,13193799.97,3369185.783,1243433.116,1939999.781,2128778.599,2262056.701,930705.5003,844880.3341
Com_13864_neg,7649067.211,7120092.336,7250520.684,6610093.117,6454484.118,7740173.375,3081229.848,3706520.254,2634555.33,5115629.054,2967273.012,2237988.872,4116477.004,4749855.098,3631191.223,3544526.746,3661931.4,3670643.995
Com_14065_neg,6364897.896,5505893.889,1166223.11,2566305.339,13760891.91,3122777.587,638743.1891,11957466.6,395603.4648,2784862.986,13411936.17,3161788.143,1468304.875,10201763.4,12855369.94,513699.4566,8140239.142,12896300.36
Com_14070_neg,308335.0757,307193.9833,1249232.824,2331169.139,6134835.806,1611495.868,539261.0182,951043.9994,1404006.383,1253295.671,726299.8287,646732.1526,2452509.003,3141019.404,2322371.483,1178721.357,770595.9702,809658.9474
Com_14075_neg,204611.0302,350220.8566,1876038.249,540713.6168,231725.8395,780420.2841,2787943.827,378893.2686,208892.3788,567604.9834,488487.3595,196179.9452,775316.0052,379342.6869,793911.7897,310895.5876,210681.5379,335850.4074
Com_14149_neg,154311.9078,1075225.413,139746.1861,138955.2896,184597.8412,144465.3816,112442.9041,119273.345,119107.2945,132081.2898,104467.4399,168015.9664,134053.4667,149970.9067,134809.7472,119504.8962,129656.0875,123690.0652
Com_14252_neg,104335.4113,113993.9395,136879.8512,185699.082,111071.3983,177174.364,209543.0669,126807.2483,120610.3316,185524.5677,422054.7558,285563.7659,234070.8026,183351.9106,253860.4453,137577.6393,99223.02147,419388.7474
Com_14266_neg,2192397.458,2262282.601,1987535.11,1192133.772,2023724.167,1462842.43,3020154.944,1171145.51,1512619.859,603238.5574,3000427.005,3979019.982,342496.1747,748285.0046,326959.2469,6584574.429,6012093.26,9770291.121
Com_14310_neg,1234866.584,1113580.273,913442.3593,746014.6222,826821.405,857034.0038,872397.6997,652257.3197,672516.2728,685170.6307,815991.4145,1170992.981,652233.7578,13815073.26,695454.848,666139.6186,673047.2566,682446.2396
Com_14444_neg,286133.8097,1160751.421,557354.2417,524681.8632,1839155.406,838781.6774,130231.1828,365426.6758,442759.3441,757841.4289,138030.2953,273762.0178,560494.5298,578814.5087,591770.598,675668.3893,972312.5689,1304741.347
Com_14635_neg,76511.53146,231497.0715,3145258.362,1002715.317,220102.348,1556143.385,728527.3655,279297.8642,77368.99179,362782.4574,1669548.787,794234.8917,2859437.288,149133.1162,152646.994,540658.095,284931.7344,604317.3871
Com_14751_neg,1990093.887,2109007.417,4017096.483,8919884.872,2578133.575,2382708.229,3345330.455,3877917.451,3594985.446,5769717.444,2684118.33,3557909.628,6511563.647,6680570.631,5172099.174,4652961.979,4835525.572,5185421.488
Com_14767_neg,15963539.06,19554633.15,28564001.99,29874201.81,50117253.55,30379346.28,15015146.55,22516410.79,25030523.44,22974564.43,14886187.7,15774595.96,30223577.57,41177642.34,38682963.3,10565747.95,21959034.66,23455333.57
Com_14769_neg,80653.04611,98333.36408,128833.3587,139401.8476,86227.08712,160961.8926,137853.488,116004.8708,102318.6454,131427.8086,251309.4339,106031.216,165180.4908,119370.1205,177435.5363,90083.84492,80694.21819,109074.652
Com_14777_neg,368198.6659,718586.7905,1027573.409,406892.1936,429193.2422,1796876.971,588000.9619,1129584.977,436342.2393,2281245.858,502685.2172,344952.3188,650064.706,391993.4948,425941.0099,309365.8511,286013.4643,291360.2953
Com_14847_neg,214076.4995,302833.034,165554.2737,218744.761,176047.1488,278125.5178,209799.0444,229201.2704,124750.8802,321400.1786,420778.236,252442.6229,222551.2857,184620.3618,219160.541,175662.6882,142579.4904,159300.8434
Com_14891_neg,1492913.417,1525789.268,1340349.413,2636495.748,1184224.451,2573953.981,1289021.673,2497011.965,1395605.445,3960122.228,1681901.243,1169792.429,2997156.876,4868330.842,2345524.449,1319911.397,1330064.641,1809283.835
Com_14946_neg,3739860.424,3409031.128,4958582.436,3276350.972,8022857.489,5816480.31,4131596.899,11773159.53,6323991.078,12354085.5,4578955.454,4410941.533,4880817.463,5114869.066,5432263.796,4482275.404,5171342.108,4155694.823
Com_15105_neg,189461.3627,596603.1925,559672.4289,1747283.865,1080252.985,1247643.114,222034.193,1895234.556,1120029.486,2456497.923,206916.7813,171318.9312,11349656.85,8781154.614,6784030.588,845797.9619,838903.2486,684047.6544
Com_15137_neg,1572255.599,1795118.593,1848884.538,3347358.292,452914.1927,3748579.601,1080561.545,2241076.563,1472598.27,2756162.941,1007485.74,1455293.873,2957163.919,1679318.784,1202143.173,1986569.868,848801.5458,743034.9923
Com_15171_neg,214494.332,244161.6548,426952.8856,447083.6752,373650.6105,398660.8801,325460.4371,394258.0666,232278.0871,426692.9265,369465.2763,272927.5431,548899.7063,383358.3958,238735.5245,357935.1772,389021.5008,366754.7635
Com_15175_neg,14394710.19,20681828.29,13850960.19,9301592.561,22305063.59,9376194.178,19203610.93,748127.7096,9502821.606,27693333.83,17114024.52,2375714.132,21545288.5,17871686.92,9917076.862,15270867.22,18177791.16,20276834.95
Com_15235_neg,114378.19,346443.8243,702218.2544,412779.7588,100554.8124,2263866.254,342416.5793,597136.7827,110754.1527,1809464.755,1078977.058,561351.0866,1485157.654,107356.5365,1209937.287,320719.6753,237552.0736,443566.0767
Com_15331_neg,13353485.49,21132983.67,13490878.12,10125643.26,16823122.02,9590718.443,15365944.39,7334683.288,8510964.75,8110911.066,13680455.01,11624665.1,4029418.108,8341644.832,6340896.119,27166016.8,18810057.18,12816042.51
Com_15579_neg,2360061.172,2570891.708,392714.1729,344825.7819,284646.0234,2058217.812,2128338.25,581667.7101,133215.5796,361975.0385,600683.7172,125108.5619,494437.2389,241915.7472,506296.2077,198265.4232,134356.5684,214179.6983
Com_15702_neg,427817.9973,445138.6691,452777.1652,613942.8572,544843.3802,465244.8781,729187.304,557513.0561,670972.7331,637186.6668,730356.536,1008155.445,729734.9051,799374.3223,901798.9395,761086.1052,716661.0581,651109.9457
Com_15726_neg,243611.3598,238999.0016,266925.3339,270853.3065,335378.5719,297244.1257,233850.8577,320251.4997,268992.2759,312986.139,232872.795,331806.3628,312998.2839,338764.7316,345718.5283,260059.2998,281717.1414,277345.5695
Com_15769_neg,9875705.852,11031545.36,23673568.13,37782323.23,48007436.2,34743235.94,3360903.179,25133431.32,43697970.17,34709492.16,1604910.916,3842002.307,18838001.64,20332904.71,19501919.28,13710827.06,15981525.51,12990058.6
Com_15845_neg,43586847.24,44142585.12,63512289.48,72791950.7,67202395.12,63041109.81,26598834.38,69628485.88,59247101.51,84300275.99,32490560.68,20007884.74,82045595.74,91568987.37,86403180.16,60161269.97,58465701.1,51243767.45
Com_15880_neg,4001841.312,3549998.43,2963280.551,645346.3397,3548738.608,1771821.807,4953387.87,2752010.111,2320257.686,2384159.987,4950355.398,4901667.583,4414627.162,3001457.573,2456483.543,4948756.249,4763080.825,3758810.252
Com_16011_neg,11981660.19,5374747.803,5403786.155,3793919.786,11489363.87,4082824.094,3354559.941,3672834.182,5574880.004,2732269.858,2837276.564,30310966.67,7104293.405,5847416.061,4707784.305,4448978.902,4763978.195,7414323.468
Com_16094_neg,414036.029,407618.9632,520682.7135,580349.2465,610522.7044,514527.4727,474057.463,542311.822,506609.7886,554645.5433,471646.7386,393385.5517,687178.5471,644365.0587,614371.2858,5790227.61,4722106.313,4406089.897
Com_16316_neg,2426653.9,1528250.857,399224.9081,1388609.136,2179856.803,3563792.071,3672095.871,3780041.13,289870.5951,3560496.809,2896784.568,2306494.346,2858989.772,9323494.869,3055199.248,272963.9276,240986.0465,317311.3609
Com_16509_neg,122981.5662,175651.5876,96124.59822,117299.216,86232.06724,159236.8327,121808.2541,127943.5728,71315.26174,185737.9833,146594.4136,71722.50168,105300.5488,97376.14464,119414.2962,103773.923,91455.80366,104914.3665
Com_16748_neg,45066272.36,100675343.6,140731475.7,91279696,139855206.3,68698264.31,78344720.03,104945144.9,49372307.18,101982979.6,31695169.71,88623487.42,186565261.8,169653940.2,190715845.4,142675524.3,204819827.9,175514295
Com_16819_neg,138554.3267,165735.905,156167.2459,162707.1783,119714.8794,184897.9604,183364.2549,165528.8908,110206.8924,201668.0472,320262.0628,183643.1053,205070.7891,174163.0429,651960.0534,116856.8657,115000.8978,135026.5144
Com_16850_neg,347016.5359,336034.7875,325279.3202,323438.3952,1142349.629,347655.0661,8543892.514,277625.8421,277239.3357,1239870.173,6641946.861,332094.3446,312971.8071,349078.826,313789.0496,996462.9201,1044468,1017543.674
Com_16851_neg,1134373.392,1226862.851,1746005.035,2457517.399,1424393.79,1996988.066,3100262.872,2692170.642,1560771.778,3108163.474,2441561.284,4315232.11,3575772.82,3140403.511,5019883.605,2370908.364,2230037.973,2364821.978
Com_16943_neg,35610496.37,40149991.1,36048915.28,67478066.34,46204272.52,48041544.16,33967345.68,56384812.34,61595807.7,56979274.81,33850068.19,50603570.51,80693594.36,80262170.81,69071540.81,37108218.31,42839013.63,34700362.99
Com_17063_neg,133729.5151,148398.7763,845427.4982,1151768.375,140907.0285,194598.3685,159369.1553,186069.7899,149475.3123,232124.7555,177881.751,118365.8407,4582396.147,5775058.125,5744704.36,141417.9554,145544.2604,148549.1405
Com_17084_neg,128648.354,220199.9408,387185.731,339971.4899,145696.6802,490686.0831,232350.1918,238227.6033,131340.2345,356879.3274,546201.7057,123347.3435,1531123.968,238510.1733,499168.8124,195474.3377,132465.1611,211164.5792
Com_17101_neg,1399557.246,2105917.412,12330777.24,11343599.34,6786931.558,7680183.606,6750965.522,8646065.948,1055354.861,5078133.334,9701518.372,7580522.746,22505811.36,10793819.77,226964.9809,6520486.633,7806654.712,8849086.106
Com_17107_neg,4449287.807,4759007.213,10326024.04,8076378.609,11351415.32,5557642.109,2311317.43,4170614.393,3932537.885,4837609.34,1854781.019,2198382.208,6383421.167,5372281.124,4297053.826,5867560.555,4585222.909,5450342.781
Com_17221_neg,125725.0705,1797627.444,2722198.132,29000247.8,13992503.65,4967252.854,1500860.582,8587473.413,2658349.861,16287643.98,3222072.256,1282183.857,12183709.52,13084706.14,7035749.088,686664.4753,1117000.832,916847.502
Com_17263_neg,928700.5359,1196871.194,823404.9168,1130115.264,678542.8514,526968.8963,1943284.011,717898.5776,1844787.453,809560.7325,1888519.948,2122640.639,1609300.812,1578841.941,2670970.074,2966690.653,2151182.663,1893411.104
Com_17346_neg,231064.2748,519800.2277,882915.7592,685779.2919,220352.874,1794292.371,1329216.353,943663.8975,402543.3687,1771544.449,1691706.854,683587.6471,1178813.907,233440.8918,1420085.452,861870.6459,491295.3847,854338.4182
Com_17446_neg,336348.2119,335616.3223,337576.7893,516502.902,401549.4861,372898.9998,567465.4892,439803.0391,478291.466,492257.7745,535336.4032,818127.2969,613917.3894,613891.2611,710431.1495,622914.7091,508821.6633,442149.4881
Com_17636_neg,935542.6299,2198597.247,4462926.421,135313.5038,692741.3155,2520616.094,2056204.615,137921.0176,3140578.532,178021.0189,580541.2066,3377258.299,5717675.452,3828010.18,8754113.407,4711375.797,486558.0741,3570124.287
Com_17683_neg,1646857.636,1145239.443,1275489.981,2113213.031,1902326.323,2332051.363,1105599.793,2977386.672,2859768.374,7865504.666,1254061.06,1144176.606,4042380.088,2863337.038,3777222.723,4239567.554,1717061.551,2111236.48
Com_17797_neg,3053925.364,2736016.255,4611812.395,5360245.875,4672964.782,4055581.184,3999386.155,4955091.611,5279121.098,4933601.908,4008274.975,4106033.285,5228460.166,5707685.595,4344367.246,4833997.594,5705211.85,9117232.385
Com_17879_neg,5842639.898,12485865.11,6280299.06,16105283.51,11825969.82,5813478.958,12463115.75,23740368.9,24128294.98,28670016.18,13132429.05,37495519.38,17290592.1,24431207.17,21820793.11,17782305.91,20057216.94,15497280.01
Com_18124_neg,11624053.81,10913414.03,8374839.115,8436816.442,10288726.43,12144380.15,6770167.635,16105038.98,15720066.31,11296034.69,6284115.81,21166556.82,12905236.52,11830696.77,12638292.6,9165649.045,7608090.456,8157659.638
Com_18169_neg,362661.1288,415647.9129,466901.0374,490161.3977,675074.7355,427724.2128,2160849.777,1263856.551,421606.5528,1122737.158,1789780.831,3175399.407,829645.9338,5081801.181,657810.9874,2497137.494,1505416.145,2337642.617
Com_18277_neg,3695504.001,3009162.724,3958993.327,3884268.558,3931512.066,6312102.199,4073462.437,5410762.618,16641565.21,6515288.162,5509546.317,6299237.677,5389037.388,4823044.663,5786928.154,4900666.754,6198702.992,13147216.18
Com_18288_neg,3033149.106,2601622.03,4514589.234,3733889.275,4596501.965,3105835.273,880229.3263,851757.1532,1381844.501,1396548.456,624736.1286,858947.5911,1888246.973,2196620.327,1447188.027,967697.745,1990328.511,2178832.061
Com_18322_neg,395793.6855,385169.5931,477860.2244,590292.9416,591112.0689,495074.039,454251.8486,555951.8693,516835.424,550717.0544,445858.8981,418288.8989,564413.6679,539847.2157,552745.2029,486695.3531,470792.5033,499458.973
Com_18365_neg,599670.9561,1529251.114,3368062.397,1476737.151,969811.082,1502996.355,834748.7075,1633440.964,298790.0655,1568582.834,700327.0798,407360.1672,3118946.361,1625701.452,2484394.387,2370623.884,1140441.598,3799480.955
Com_18369_neg,13387.89352,12740.59797,216058.4761,16822.97831,550378.368,10820405.65,14682.18334,9861478.483,14414.838,19995.80098,15477.43132,12378.9012,18272.21097,29713612.85,31413792.43,8355341.561,15164.87214,9314375.414
Com_18703_neg,2135912.937,3007760.281,1918518.836,2053005.592,2126301.943,4158788.584,2112644.95,1491679.314,1102022.528,1586340.511,2056550.324,2327069.447,1972755.191,1932137.658,1845815.56,2492460.285,2192030.606,2484981.779
Com_18761_neg,204209.8439,349534.1691,614598.9063,539653.4251,231271.4885,778890.093,368820.8586,378150.3623,208482.7979,566492.0651,5646611.591,195795.2899,773795.8222,378598.8995,1853998.422,310286.0063,210268.4489,335191.8965
Com_18980_neg,4825486.492,252039.4306,1308795.461,5214567.234,1357090.068,393519.0769,3563575.044,845561.6427,664206.3571,1249265.112,4537988.637,3077872.484,9167018.849,3516766.844,381558.358,1058941.122,3659622.387,427389.946
Com_18996_neg,10350577.14,8412562.657,7773294.012,2700353.902,4372543.026,2966548.42,2855971.95,3092751.7,4409769.812,2109578.523,2362670.293,2621313.728,1619677.637,1763781.29,1523074.596,3264036.927,3208932.791,3665574.787
Com_19215_neg,1684081.839,1519964.508,1230977.709,1058880.235,1238350.012,1154960.402,1310805.837,914424.6391,906299.7051,995592.9073,1118669.743,1578059.352,878966.482,995890.0647,1008199.546,10512623.69,907015.2722,919681.5761
Com_19227_neg,216687.0949,370890.7575,652150.9886,572626.3275,245402.2099,826480.3906,391355.8665,401255.4043,221221.127,601104.8123,517317.6965,207758.4105,821074.8591,401731.3471,840768.1596,329244.5262,223115.8816,355672.1699
Com_19345_neg,575388.4135,997197.9121,1031351.775,982445.4266,452340.9914,1158587.814,3568641.138,1046035.935,1596263.176,1154598.523,5743339.722,887615.9993,4438571.725,584706.944,1271217.318,1787839.691,815734.9783,881840.9342
Com_19585_neg,42910644.58,1356764.502,51467668.98,59750382.24,69147380.32,58183503.34,31362695.25,70241373.58,64602302.53,70851288.72,33745504.77,32648317.91,62565124.72,64524591.35,59333600.01,42607173.29,47025263.06,38307801.28
Com_19642_neg,208932.5786,197957.5487,205313.3746,242267.2822,182573.1631,235843.499,202634.0201,240370.4073,236118.0503,328538.07,185956.3976,203283.5262,247016.1584,246398.7351,259707.6355,240281.7448,197962.7266,199969.7707
Com_19844_neg,419870.3472,464724.7962,516371.4687,609799.3924,506346.0769,586435.1401,556074.3902,541842.0808,475193.2713,950997.5032,17951364.89,365835.9873,652572.2316,638937.1774,9589698.452,517371.6176,530875.2941,1695148.827
Com_19894_neg,9494327.174,5107293.189,34363633.93,42684910.65,46082386.58,4835444.305,14245556.28,7913204.701,37400408.64,42245636.95,13574498.25,8626960.601,54821574.59,8330084.032,8488103.687,10462796.52,6225684.749,5264662.86
Com_19983_neg,1806916.813,1485985.847,2663173.943,2120847.078,2089233.057,3279915.22,1856937.078,15595447.38,2003610.218,3853066.02,3630340.522,3503106.453,3013861.739,1511207.247,2041723.464,2893688.178,2111256.586,2110456.286
Com_20032_neg,431966.0894,379520.6867,526676.9636,547195.5547,504004.4866,541488.661,785691.5571,377358.7908,824885.7933,1224123.732,804809.5422,626008.7945,664499.2659,598408.8451,663912.459,4226696.507,4019490.727,4554128.245
Com_20195_neg,1843329.396,2153652.789,2899982.764,2039160.455,2837647.503,1619786.872,759372.7949,930962.123,1137670.238,785812.5158,495825.6469,622527.6649,834268.4386,868168.5912,367766.5595,2063575.3,1806230.237,922836.5575
Com_20291_neg,4361506.542,4135151.989,4120193.141,5279928.026,2697264.077,2319694.842,3552525.356,11906811.24,3574295.877,4347822.318,3964978.552,9932097.527,19776428.38,4716124.254,5483422.73,4450703.391,4397746.341,3748713.56
Com_20322_neg,269176.6564,248077.6904,361931.038,745079.6236,303804.3402,523004.081,338798.3528,468734.9722,170423.6648,418381.1435,288143.5498,162870.163,373925.8003,427238.3102,329597.0402,215177.7605,285311.6508,222759.7121
Com_20374_neg,427950.354,467566.5351,568031.4094,761678.0041,455579.2095,2803672.41,859478.3736,560316.983,576001.0387,760962.2026,1191549.091,634434.6037,960083.2691,752050.6608,1111784.862,2071724.618,3947776.858,7368518.03
Com_20483_neg,191450.7337,223318.7921,294335.8255,428788.7364,225649.8101,247217.4048,232390.4283,268479.1308,206582.2601,328371.9449,249395.9167,221868.2811,357464.8273,293734.3365,306261.2989,201695.7576,233256.8231,226599.9439
Com_20732_neg,746161.9061,899618.3168,1933711.86,963812.7996,1911530.81,1466719.727,328893.9765,841090.3719,693842.8279,837185.8801,341520.9453,298694.5378,768489.249,3773487.401,2818394.124,1002856.142,1155978.822,1666736.16
Com_20863_neg,309558.9455,185972.2091,259702.115,290401.0971,202863.9917,254613.0273,300856.6441,270085.6962,206017.6015,700007.7969,323023.8629,248988.7725,286716.2731,257345.7237,432131.6301,203162.3936,203143.9884,204502.9683
Com_21017_neg,222246.3065,279185.0747,266055.1626,319975.2022,305212.6876,359703.1647,225795.0627,464790.8674,319748.3795,522670.9122,236695.0767,224063.3366,356182.5949,348013.1997,402715.7602,3352197.326,2522920.339,4832024.972
Com_21028_neg,9168545.494,9867268.001,9571685.728,15045614.74,19786498.73,13564457.79,16425056.99,23605780.6,25893849.77,16791655.34,17754752.03,31380602.78,27714589.38,23678005.47,23871583.52,17767418.43,19473286.05,16501677.27
Com_21060_neg,197271.4763,386501.6993,268853.8622,320244.4622,227704.8525,302038.2355,592590.2899,450937.5574,229539.2893,354834.3735,720377.2823,507302.9922,341861.9615,329609.4268,367029.9092,278700.5715,678519.0138,736701.439
Com_21084_neg,159717.5339,191069.7108,171302.3909,220583.9246,203047.7572,250253.1206,183273.3695,2194435.63,4799942.881,1265855.903,171975.2268,463824.7444,2208686.99,1963537.412,1450772.556,798672.71,688179.4629,843065.9759
Com_21098_neg,239180.8619,265184.4892,338772.2841,1756425.397,230310.8336,369166.2477,295675.5727,335591.3758,231827.3025,397091.4015,285942.3876,194822.9212,2060385.795,1225395.075,1572260.52,4508792.726,301532.6209,322398.1687
Com_21219_neg,1056128.67,1720107.52,2213671.052,551959.5784,1122300.015,566380.4189,1178013.05,647472.7337,584856.5026,853444.8923,1596259.627,2238864.858,530289.4556,576945.3078,564665.9086,1080957.377,1531298.715,2553817.949
Com_21503_neg,10770582.14,10204595.42,9868946.232,8278420.025,9836415.662,7392112.388,7422862.794,6418427.654,7483644.976,6795598.111,6693247.4,8336451.516,7667979.085,8408236.409,7653041.024,14117358.91,7473038.584,8133585.158
Com_21717_neg,1267246.119,1389981.782,534156.085,804983.964,1069621.062,1598197.66,1733611.54,1406526.166,1551700.865,1964313.296,2489941.643,1559925.417,1494196.6,738391.0146,1521243.008,1628297.195,1908901.841,1382612.559
Com_21963_neg,572896.8956,592891.1494,750874.5189,675696.0211,529570.0435,972919.3811,655352.4709,743824.1695,513835.4653,880136.3899,633779.2754,431816.8105,832414.7694,790998.2397,990538.0814,728961.1398,675220.7744,787414.7631
Com_22021_neg,524823.0061,759110.2224,1020882.659,906029.1428,1362433.803,742581.1225,920425.8264,784128.7631,776656.1409,850347.4779,954229.3014,683983.0755,1177817.432,1336777.903,1243018.023,945146.8035,1470276.576,1255444.642
Com_22033_neg,2552002.447,2921700.271,4012477.106,10913738.22,7721770.977,2895126.829,2230151.04,6719048.395,1705062.192,3225514.959,3447272.557,7489448.684,995872.8045,4129911.423,2343265.571,1125950.765,25557232.82,1431972.628
Com_22088_neg,319130.3343,376438.9732,573024.6939,421354.1455,340930.2098,687231.0151,7941918.588,426851.208,328990.5939,569874.2181,4478147.073,1486122.442,1891390.374,419699.4332,553385.7714,449655.5041,338767.5462,410888.9871
Com_22154_neg,1526731.429,1390014.57,1415218.141,1681644.417,783389.8618,1839406.856,1623113.028,1162832.096,1524000.828,913944.787,1189347.305,1576754.715,3021566.68,3222642.373,729562.8563,2761576.721,475407.0319,241093.7464
Com_22523_neg,922652.4561,324388.3786,126723.7299,339451.8455,148282.85,651691.8731,237510.2268,116499.0808,102421.0538,396378.223,579958.3835,98997.66576,164456.5171,118808.4442,153802.4664,808865.5234,438679.7372,488633.9117
Com_22618_neg,158453.4488,206318.0443,174353.7768,143636.3945,233612.7628,238353.3683,133302.9515,474910.0883,98429.44705,197650.3336,772437.8505,275798.2039,344973.4509,2047748.276,191931.6208,141144.007,206131.4738,137526.825
Com_22635_neg,3347410.233,4343618.147,1037486.159,910972.9182,4327550.289,1314821.232,622595.5369,2483199.177,351933.6188,956278.4293,822984.1853,1382191.392,1306221.744,7856913.146,2504391.092,523784.5911,1976002.197,820298.5184
Com_22640_neg,144584.3082,175217.6149,240970.7563,351046.4481,163738.0074,200428.3208,190256.4772,219802.0547,140474.6159,267946.3523,222808.5709,224933.697,353534.9743,240595.8512,276534.4036,165126.9571,171936.0759,185515.8466
Com_22670_neg,58566.00265,58066.23772,94583.62818,78079.7761,61084.43839,112484.7489,60039.2185,240787.4714,57755.17336,259139.6155,88367.62712,46197.90499,94978.0705,70483.73171,88505.67328,69794.23847,57711.48883,63555.63341
Com_22710_neg,530049.3968,503402.346,592932.562,638390.8219,1890136.79,682130.0584,525498.4683,848410.4951,598586.0516,982846.633,570839.2856,505893.6137,2565589.065,638186.0907,769661.0659,767206.025,585264.8633,1009646.107
Com_22801_neg,15828775.02,4422765.221,4742310.744,6869352.2,84289620.72,5512602.088,3301462.494,7040881.845,5485833.356,5875301.517,3588388.374,2148419.205,4969065.715,6107181.956,6638677.589,4542364.037,4408139.816,3730908.842
Com_22915_neg,175057.8989,193377.7086,377505.853,334843.9974,213538.2206,299998.7825,251665.786,289048.113,174702.1546,357181.1415,324984.56,295858.1252,465009.0052,318981.7434,411560.5579,254478.8156,221881.1983,261286.022
Com_23024_neg,1344902.903,1226936.301,2236017.154,961965.7488,942212.6353,2112370.362,754907.3935,4271065.942,1200707.808,1891296.333,2087937.328,2272992.272,3566959.351,859933.5727,1329548.778,1383768.004,1109422.419,1173421.891
Com_23275_neg,73073.98669,80721.17966,148591.546,131400.2589,89136.73243,124882.4667,103210.4044,116081.6513,72925.48921,139572.9872,135657.5028,86715.41157,162736.8952,126299.6324,171796.7079,95050.31272,89412.78081,109067.9793
Com_23369_neg,2227948.981,1881461.536,2078040.101,2606414.131,2271222.582,2235805.114,3651994.11,2613934.744,2763254.898,2714964.426,2813862.274,1922145.832,2086834.091,2452796.358,2320184.367,1337488.426,2095650.383,1508062.787
Com_23392_neg,4317995.856,3623510.155,5182681.258,6553010.264,3943445.202,1939739.419,6187329.407,5803354.212,579190.4339,5987303.198,4544685.584,9833701.06,8733571.947,9277635.711,12552609.92,6028556.276,6652801.424,7514614.311
Com_23412_neg,1896.063513,1715.470362,2049653.757,2359.861736,438236.3822,2212550.453,2067.570543,1977759.565,1935.498283,2746.315272,2191.994788,18105.28087,2538.727239,2556028.281,2768848.333,1912968.18,2137.93341,1770027.923
Com_23667_neg,75622.99581,88872.95906,167622.2866,108333.7754,77939.52368,103447.3873,91132.37099,106863.1227,68404.32018,135443.8961,105250.5277,69290.48916,595977.1311,106408.1443,722079.3241,97211.41367,92054.89105,100736.7174
Com_23719_neg,48215247.28,47095281.41,34282881.84,29130373.71,38137752.83,36325220.57,27430126.2,25372122.76,25614601.69,27949644.5,31996042.05,33137433.45,46797911.97,30520385.65,28822629,23343518.57,24583203.39,25048767.17
Com_23793_neg,2904951.87,3578921.476,1454966.662,3638297.155,1780249.111,2828821.314,1651154.981,2659887.56,1543418.259,3400392.72,2108611.952,1183831.321,2729312.583,4458022.783,6734019.794,5173915.959,3983028.571,4261839.879
Com_24261_neg,1114083.096,993888.0877,2513785.812,1923173.833,2556506.758,1086196.043,588303.4225,467756.5647,160882.2726,3340761.686,900012.8906,155504.8387,301715.7873,662987.0984,1166628.247,2437481.367,2210631.344,1827379.066
Com_24410_neg,1063843.598,976258.3245,1293017.475,1495792.05,1637138.487,1171880.035,1062819.442,1371191.221,2401666.38,1555521.668,1001674.927,1122446.623,1512730.197,1635744.599,1493186.925,1182530.191,1405511.339,1088293.913
Com_24446_neg,914510.7619,1078045.219,1944395.859,1189145.202,913854.0372,2031846.915,1682669.91,1566138.806,1288232.403,2519286.773,1921233.678,1211711.941,1419987.488,735093.4947,1428175.804,1449959.125,1177449.676,1384200.457
Com_24519_neg,585410.6921,761022.6707,770410.4446,760589.6916,793496.0091,757756.8745,666728.8404,783882.8385,1601336.944,1262658.257,771461.7572,788153.4475,7451652.9,7225292.943,5440387.542,6587059.02,4542310.837,6668641.599
Com_24848_neg,102899.4597,121712.7267,138358.9561,154328.163,109717.0247,162868.3472,410094.533,148352.2153,95945.39788,189468.5402,278818.0519,159878.4833,178533.2844,151625.2032,238004.3001,101144.5895,111601.8234,125432.6334
Com_24887_neg,1069424.435,1246299.016,2647443.414,1257788.876,1777950.069,1169790.768,420674.4062,1108290.263,469149.7224,1793980.896,486755.9298,425456.4606,1928780.258,3539126.852,4959599.474,1168529.117,616512.7009,498911.183
Com_25393_neg,298632.7563,289750.911,359079.6811,670145.1333,348836.399,384142.6919,395507.8727,385385.1437,1526179.754,565474.777,390553.8848,260200.8214,1044255.066,1389159.202,3413318.502,1078189.153,377585.0173,561345.0583
Com_25430_neg,305611.1204,430556.0488,329542.654,328179.6104,222779.5675,403284.9787,308104.9342,304064.5478,189667.6147,461390.4405,538132.8101,308573.4834,344578.1841,292644.2392,437849.516,244378.4252,215397.1108,284081.6783
Com_25453_neg,87544.82688,118406.8973,161808.8229,148572.5444,99275.281,365357.4449,125707.6187,142301.147,85028.97666,186043.5992,155540.552,96515.90152,150478.2436,127888.665,233190.4067,102933.8519,97673.43605,114797.0659
Com_25472_neg,256723.4768,255554.1214,280082.7971,447074.8221,335342.7861,312218.7754,357495.9941,337772.3205,343668.8944,366171.5326,342590.3308,472490.7455,451938.7448,448184.7686,513571.3705,447830.2393,346421.8819,310879.4687
Com_25756_neg,37439.87648,35860.07902,46287.18082,47803.59122,45223.35413,44061.34935,51094.65627,45374.13402,41358.33618,54995.67912,49797.20097,30676.97716,49714.85157,52010.50399,63688.98874,43927.93055,44795.30969,40294.07251
Com_25926_neg,1311959.329,2036180.849,506962.7374,445142.6366,197777.0149,642481.2177,304228.384,590847.71,327340.5505,467280.9617,402147.3557,161505.1949,638279.1186,785277.7365,815149.5234,255944.8796,173443.6351,276488.942
Com_26001_neg,96974.3333,114704.3003,130392.0114,145441.6841,103399.3312,153490.11,150443.6211,139809.8417,83903.41445,178558.6184,249475.9045,150672.4075,168253.0333,142894.3654,213796.2082,95320.51148,105175.6,118210.0084
Com_26022_neg,9255813.992,3350893,3970420.126,5964184.572,6262621.151,11760134.3,5095205.111,6501312.289,5254571.819,6880800.126,5116700.118,6461038.678,7714417.781,7197200.329,7044376.88,6010023.151,5931562.107,6812176.653
Com_26039_neg,44867.59144,43959.02014,57231.69636,51850.59324,48833.96646,50030.96587,47172.91946,52849.76282,44618.22757,62941.7578,46376.08743,33787.6569,68619.86669,64269.74524,135509.068,50195.25504,52509.54781,42122.65264
Com_26049_neg,62987.4723,54245.32658,965410.4022,69988.48363,62684.8313,1192228.181,969505.9451,71118.46881,266631.6778,100055.9324,71461.99071,46203.92148,1339504.959,73417.04225,89631.32436,1607639.639,60483.43773,76660.37331
Com_26280_neg,388628.8492,479444.2832,239202.3222,191579.0391,220795.6829,2160548.665,171401.9666,2987598.514,273006.4872,4970170.753,271897.9425,284670.9583,912191.0101,193304.4665,667154.2678,1913678.08,516764.4158,1750219.774
Com_26542_neg,1834910.931,1925581.031,2709336.713,2186457.657,2377210.215,2911300.136,1332064.193,1502783.886,3391904.816,1395005.773,902704.3324,1227731.889,1249002.686,1599439.437,999211.5579,1944766.278,2120237.989,2156067.032
Com_26552_neg,286762.8229,952330.7808,890762.1471,1212129.022,76925.32919,1154704.943,259240.2783,2683588.861,334185.7421,3487925.941,873619.1124,913808.3219,7291320.588,115807.5365,1656203.522,1191742.301,89505.00653,881087.4678
Com_26826_neg,2756162.932,2492834.11,1331942.837,1564668.488,3186158.942,2393701.859,1363240.498,964946.987,811899.1868,1696461.229,1051348.916,1682782.618,1794740.435,1614526.72,2018273.381,1591640.659,1947013.797,1656021.735
Com_26841_neg,1232670.317,1201907.448,1346997.069,1300972.965,1331327.953,1743768.101,1139117.621,1941694.648,1267951.65,2151480.37,8571494.22,1148362.309,1808674.439,1620615.873,7464772.395,1502698.317,1337613.172,2216565.625
Com_27016_neg,547019.9637,496598.5633,415081.3303,400724.1963,493865.7103,394483.9809,412911.1072,317659.3588,342032.5865,391370.3716,385593.4025,637464.0671,406123.6365,413105.2915,378731.1373,315065.4979,304279.0208,319288.4595
Com_27065_neg,746729.0211,79800.80738,273665.861,77697.7806,64064.23843,192084.2615,141561.0821,88935.47192,57349.0778,122183.8086,104778.9544,70700.51047,561938.6314,75245.29248,463740.2797,81856.29106,64580.99653,71815.23209
Com_27128_neg,2032788.392,1495917.406,2413789.941,2694395.659,2475466.775,2597648.693,1735914.908,2258351.565,2956204.486,3119418.535,1240776.333,4795084.729,2273480.057,2824386,2772425.788,3804632.352,2737669.023,2397598.986
Com_27296_neg,107043.7603,1179670.931,172779.5663,142339.526,110266.5085,236201.3164,132099.3819,141451.1707,97540.74438,195865.7825,134829.4845,93717.50444,196020.3539,267752.0047,190198.703,154546.6076,114359.0501,136285.1188
Com_27380_neg,4825682.385,4532445.732,1541440.931,1999948.189,5597833.244,2563695.062,1952189.118,4450181.28,2709581.184,1539007.578,1997138.573,3219378.808,3028332.938,3741643.006,3959141.735,1307320.119,1370300.894,1334977.239
Com_27917_neg,97604.3337,142357.6008,392369.7186,167050.6527,110682.6982,212428.7757,156921.2725,160989.9694,97323.87063,223575.5941,197125.8897,107606.2469,200303.4278,142583.9582,203739.4447,126303.9693,112072.1688,127988.0437
Com_27922_neg,5413443.208,3334213.001,10844512.83,14214233.93,9268621.213,8701073.856,5307417.678,8750004.797,9898200.722,10561188.71,5447738.44,11024217.5,8441675.613,8715388.345,7412957.08,9482067.459,9786441.685,8637906.647
Com_27954_neg,196750.083,217714.9254,261424.3065,326331.952,1877987.781,338382.0544,400202.4438,469780.3875,230351.4507,354329.9546,554825.8952,295414.3893,447047.5143,336968.0516,484843.3885,203113.941,189504.2211,858248.6516
Com_28075_neg,2759320.66,1913758.5,4776375.766,5077870.236,7395872.964,6002750.716,2216380.7,4984129.466,642592.8335,2236579.72,1000413.909,2395142.029,2860877.489,2691742.171,1827385.065,3040463.305,1549171.57,2262548.516
Com_28080_neg,283091.8049,200901.6003,291765.7289,358578.643,271986.3669,248418.8443,259281.963,285255.1452,166437.9605,362848.8291,292620.8261,191854.6005,296331.3722,295852.7393,687788.3098,209175.9942,227013.5243,232517.4015
Com_28121_neg,278628.6244,467691.0578,865226.3107,607582.1162,297199.7768,977966.1633,2682940.794,394040.1494,293500.0375,730091.504,647054.0633,253801.2569,1089342.167,564228.2144,894208.8498,760662.4306,4041050.477,388623.1248
Com_28131_neg,94733.0548,183272.3967,302907.3213,271801.6149,71573.55971,595079.6698,904181.2703,323813.5814,85015.46775,557661.2474,1221730.69,628420.2526,325178.6995,216186.3881,887535.4744,307967.0951,101005.8939,383339.1497
Com_28163_neg,154171.8995,112813.7032,345576.5391,526565.5224,163072.6208,2010771.058,215331.1812,838860.6432,222148.9903,3040324.702,575169.5411,222632.3081,203744.7196,209737.0997,642482.7167,750786.3096,250280.8959,450619.8207
Com_28176_neg,477608.849,1665464.515,628541.3825,652138.2655,647375.8009,618217.9341,543952.4737,639532.8704,606633.4158,810360.1947,629399.0987,550135.9026,673600.5432,639549.8238,646480.1583,632609.5801,622889.0933,645116.4324
Com_28255_neg,24778082.92,31179832.98,24140723.26,25090923.66,33786737.8,28681672,8867993.631,11092123.04,11474138.53,17842370.09,7016116.5,11998062.3,20091860.49,23862642.09,19403920.66,13775210.88,13728870.62,16520275.19
Com_28425_neg,435521.7223,437435.0701,580875.4365,805715.3752,470937.8551,533799.1604,514126.6103,517726.0664,410022.9453,636737.0935,565280.2071,416901.5419,671694.2005,640421.3563,2234431.009,713533.9593,457728.6398,429904.519
Com_28691_neg,1976591.383,1792834.603,2347376.591,3408540.935,2045980.842,2786370.727,2924803.424,4167765.708,2644300.243,5117239.348,2257840.03,2749757.419,3866308.397,3637357.205,4446477.091,2799729.444,3676055.553,2857507.536
Com_28715_neg,1105684.573,1303055.546,305385.7957,406443.8961,329835.4585,1644233.275,2291850.578,873046.8558,152320.7312,884442.3489,1836582.128,2660978.094,556360.9973,298377.8969,534427.1944,455105.0544,495514.9876,429706.1049
Com_28748_neg,247365.1864,288540.5219,380298.5496,554019.322,291552.3292,319418.8825,300261.5895,346890.2362,266915.9751,424275.1426,351635.1015,354988.9623,557946.6986,379706.8766,436424.8767,260602.3372,301381.0206,292779.9558
Com_28822_neg,3780912.408,3362532.196,1676272.344,276717.5712,675446.0926,829195.9061,1485877.669,987295.975,1883607.813,320044.9887,1244886.529,324772.3503,311208.0877,315120.6133,326623.4789,992859.7416,960762.7823,645642.4679
Com_29125_neg,3497555.185,4133377.049,4732208.536,4666469.774,3255682.89,2541994.735,3224629.291,3328534.649,4736027.267,3155588.776,3520322.961,2171002.247,2434587.248,2213274.677,2098207.57,3526876.695,5552523.369,5221229.8
Com_29203_neg,60932.16088,77979.39824,116335.0983,83477.37763,68829.69607,125375.524,75007.24406,93825.22337,61615.0241,131272.5261,112573.0011,62312.85897,96237.89188,80842.45968,121564.8285,87945.22144,69384.89353,77157.25215
Com_29278_neg,1719010.206,739810.9317,1561815.313,1226523.621,799448.0198,2084831.728,1220260.123,1434050.66,836564.9953,2411467.42,824684.0574,548935.3162,1371432.433,959812.3682,1739846.441,1550111.875,1170354.757,1397891.338
Com_29302_neg,1375629.535,278873.6599,484794.6634,3217472.087,3063764.805,667000.0302,7812758.221,1521807.984,3722480.48,1912660.261,3777456.888,523919.3468,4476668.12,5683702.764,1396889.998,5350601.945,4107456.059,2455440.047
Com_29427_neg,11504310.14,10951255.64,36286042.62,4447123.281,15973245.57,28281931.27,10206143.94,14483328.11,9688839.191,15722843.38,9918522.622,11148126.46,15889623.39,13466635.81,14557547.18,15581084.22,11298029.41,9944211.017
Com_29441_neg,204265.7413,79549.45041,117571.3301,147928.3011,79735.93665,160727.9353,179203.0998,96241.05935,63285.0202,133280.8101,91747.43383,116089.0292,257164.9383,188179.4951,129424.5319,191167.5602,77817.91515,92737.9495
Com_29802_neg,1401656.234,1672452.462,1478105.604,2657905.685,706934.1884,2046018.681,1283947.599,4321187.121,658878.2334,3468056.709,1589044.346,1610761.094,4902181.924,2081809.943,3928346.729,1209617.362,1321030.21,2506893.3
Com_29919_neg,3150040.176,3388987.49,4579222.193,4795759.003,5735004.276,4980461.211,2110517.292,2763412.619,2734210.811,3092292.478,2038692.1,2362523.553,3431765.373,5144371.997,3690814.797,2744795.221,3110343.943,3176998.913
Com_29949_neg,124805.0568,161137.6201,233449.1225,167513.6811,138120.2439,251590.5045,155840.6773,188278.657,123642.5939,263423.9923,225899.739,125042.936,202399.7361,162226.203,243943.5987,176479.2834,144103.6604,154831.1135
Com_30154_neg,243505.6516,259822.2355,506755.8231,590652.0224,286649.1629,402711.9812,378309.9233,388012.0354,234516.4543,479472.363,436252.3571,397153.6509,624218.1924,428194.3039,612709.8906,10203635.67,297848.5986,350744.7953
Com_30213_neg,486982.035,453935.4295,7364087.95,645329.8088,2777615.214,2363713.059,477438.7116,814473.5497,635096.5355,965895.6808,518185.7954,546869.1326,644587.2724,623209.7713,677890.7153,3375245.797,5208866.707,20971077.92
Com_30342_neg,425523.0988,564049.9289,2824648.687,921571.0925,634869.7708,1314553.396,1005590.406,1040335.819,679886.017,4115940.387,1339006.008,1283762.963,1175077.105,730632.7858,1566261.89,604322.6052,592569.0179,714425.5075
Com_30611_neg,252540.4292,245564.0275,440492.4893,318433.8672,295639.0052,593907.2529,1933652.058,353976.4735,2872155.54,8205041.518,330994.5932,249015.9483,1407585.955,364748.4613,1705797.31,786494.0183,320003.4722,556249.2814
Com_30801_neg,145157.6281,142875.6282,135187.8402,134422.7419,178576.4905,144487.3209,105044.5195,115382.7977,115222.1635,127772.9633,93821.84988,151323.8293,130072.7714,145079.0432,130412.4218,152707.7941,174799.8891,149596.4819
Com_31014_neg,310283.193,291124.8973,270510.0285,270432.5853,354595.4976,321823.8999,205368.3185,250620.5568,232653.3084,257433.5125,189273.4552,277377.9846,3754644.449,295150.2664,3425485.126,1217776.909,4190848.732,2242044.802
Com_31121_neg,472597.0825,668536.755,365479.0083,482902.7759,388643.1676,613992.2344,463154.1365,505986.6539,275401.0934,709525.7399,556342.3328,254197.2651,491306.0918,407569.4648,483820.6553,387794.4293,326422.1455,380660.1131
Com_31496_neg,1488.637828,1346.850491,1325154.875,1852.775197,295927.1318,1423812.609,1623.291467,1082732.193,1519.598864,2156.187687,1720.979459,12339.482,1993.206122,1540860.895,1524678.358,1156206.017,1659.652857,1105335.627
Com_32029_neg,542776.2233,867768.3344,2214567.604,2354816.33,3475252.387,2390539.063,1018999.621,4050276.806,7384353.718,2773415.271,620193.0968,1504836.234,4727609.018,2651820.085,5760470.756,2757198.998,3665354.59,2228830.388
Com_32128_neg,2595083.34,138912.3281,1216300.168,1020526.941,551155.2984,191711.1199,2181772.216,174275.4081,120389.8571,206212.8859,1147453.744,1587521.859,1885024.742,794209.8551,197384.7886,339754.9677,982271.8141,184488.5322
Com_32712_neg,144350.2475,123783.3053,221942.8306,207206.5354,123821.5162,190112.2212,244492.1277,370684.544,277393.4491,480625.3546,279654.7491,582696.0174,184672.9181,126203.7155,162797.8611,204400.1083,183049.9976,112268.7165
Com_32779_neg,179181.1711,218460.2837,286219.9657,312399.7672,192295.6007,357597.6581,306259.3493,265604.1776,227314.1014,347973.1656,558316.404,235562.0571,376561.2932,265196.1583,394195.9878,207379.4017,188574.2971,224547.3314
Com_32825_neg,1775359.243,282313.9019,518112.5599,324823.6268,202493.4033,478104.3362,345099.3307,261574.5019,194729.8327,405187.7045,468935.3017,202652.2086,811472.7305,296384.8687,417608.4727,379861.5161,182863.4065,227828.7626
Com_32857_neg,1358681.522,1479482.157,2334417.991,2410870.71,3294215.679,8136334.552,1490854.749,1844995.399,1574559.337,1616157.207,1183263.753,1544459.799,1664549.438,1991947.982,1463492.499,1963246.36,1600098.225,1976650.083
Com_33186_neg,25254099.23,22441474.97,17896086.64,13345932.91,18657604.03,15178794.55,8182447.986,9894535.643,11916865.09,10276381.2,8922517.135,11782185.34,11485591.13,12921554.79,11569592.57,11655053.42,12511597.73,13748342.12
Com_33272_neg,474845.0011,600137.6397,1030378.449,1254151.008,1298838.199,1435296.572,489140.5401,420464.3209,433236.1839,701569.1673,485845.5501,405435.4848,879843.7998,1196232.502,591605.7441,789393.7929,777357.7238,826123.964
Com_33462_neg,184779.7908,274142.2559,161059.6642,218406.1428,178542.2032,280283.4851,212772.4525,229796.7105,126518.9306,325955.2704,347213.1806,230688.1638,225705.4269,187236.9213,222266.6264,172279.7832,149957.9405,174874.7975
Com_33521_neg,2175954.022,623026.1238,222528.2612,2673382.466,2107344.217,782930.1964,319205.8433,2079872.048,2735998.555,1987641.449,255664.6868,695873.3393,308641.769,211337.3857,2166226.232,798999.1488,950981.7916,1454970.744
Com_33545_neg,1929837.846,2089980.098,4103994.179,3244815.154,5529578.027,2993180.518,1507794.374,1899804.026,2204103.465,2252320.07,1077863.314,1338256.6,2063502.756,3144198.546,2205656.039,2035125.13,2768597.849,2190408.262
Com_33676_neg,107681.3127,130152.6835,173808.6409,143187.2998,110923.2555,237608.1308,206529.6998,147582.5675,302732.0762,197032.3586,135632.5285,94611.08952,304019.4739,140141.617,191331.5259,378847.9614,115040.1723,137096.8326
Com_33702_neg,1161726.07,339308.6844,313844.317,262185.1312,376374.1069,303545.2304,277064.7382,236687.7335,247127.3412,253212.5657,253919.24,468463.2868,2509401.657,277338.2266,281772.0206,220296.052,234134.8444,245684.2196
Com_33897_neg,94152.1528,655820.6234,828298.2569,171478.0446,183992.2344,1840101.037,376931.0547,102367.2829,75964.41683,538110.6541,1199070.831,296215.6204,124351.7904,99669.68924,819047.8399,108426.5982,85543.79474,298890.7638
Com_34197_neg,365190.8789,524640.6765,374125.9266,480288.6725,4881772.319,612046.52,437130.1632,1504545.515,276792.9788,642543.0145,509805.9579,240978.5783,506370.9336,2223301.43,1147561.685,978316.3354,6086548.931,392332.2346
Com_34252_neg,328308.0712,539836.6043,949214.7433,833465.5042,357186.2954,1202953.588,569623.8523,740156.4628,462008.9766,874916.3309,752963.0302,302395.227,1195085.763,584725.5071,1223749.633,474956.796,324748.2378,517685.7405
Com_34362_neg,111091.6311,107787.5773,133577.9369,146099.7561,129158.5749,142901.3975,147129.2541,143363.5906,1684009.891,179661.974,134787.9423,96794.91969,159632.8223,164302.4927,187435.1897,220664.4785,140461.9371,128455.6148
Com_34544_neg,236117.6737,380245.7543,697840.5946,437501.6752,272736.3278,643953.9206,464810.8168,352312.065,262279.6527,545743.2429,631604.2402,324077.4186,683971.4237,399197.798,562472.6507,331704.2877,347571.0791,306860.2683
Com_34642_neg,133670.5542,159909.7702,145227.3365,146283.1796,169934.4185,209441.459,153384.8682,128556.9455,1349158.747,164461.9759,143929.2439,113452.8421,188469.6888,136156.2978,176259.9834,136376.8721,163166.3855,156746.9156
Com_34643_neg,500606.368,493437.1217,834848.5802,1582784.802,406831.2039,926444.2485,784183.2641,698810.2841,1063694.926,1676130.71,785700.544,336007.6424,1068883.901,1407816.276,1398866.093,933230.5589,633043.5209,583540.1638
Com_34813_neg,6197644.647,5342922.865,9383122.807,8624831.88,17876284.27,17789945.73,5823323.454,18456052.73,16534432.63,8833816.379,5522472.938,5615668.41,7836616.257,7831903.699,8440709.557,6446662.366,6727613.634,6933155.215
Com_34860_neg,701359.5098,1305956.085,229547.5303,320219.2475,676930.6535,1180015.719,457067.7457,559335.117,334026.8429,936414.1256,365897.5591,385136.5582,455162.3856,584662.884,471571.235,465930.9194,477477.8323,560911.5439
Com_35090_neg,1571699.003,1249033.886,1927363.775,2937263.192,2345240.816,982059.4558,1241799.926,1933402.005,1195450.317,1810800.101,1077906.317,3956437.546,3891558.025,3514168.846,5121101.489,2358299.851,3843446.03,2926818.353
Com_35100_neg,2012107.538,1181897.113,550443.1898,488237.7229,554508.4176,437429.7391,547302.6536,1006116.297,770916.1972,520807.6254,612297.3118,431392.2257,678031.9777,8844174.259,648920.4527,371056.8456,323526.0953,380982.4675
Com_35127_neg,177177.8505,172283.3318,213505.6061,391113.1007,207415.041,228407.8509,235165.487,584424.9699,200960.6251,458906.9254,232219.8895,148139.7251,887633.3755,262614.5013,485463.5582,218797.9712,224508.7155,205318.2923
Com_35187_neg,259088.8691,278083.9266,311841.145,355379.5126,1341170.294,333275.8832,343136.1273,336906.1438,293226.9165,419009.2199,338838.1288,225745.9543,374517.5014,394268.1635,437137.981,319253.8559,2088795.984,408174.7686
Com_35220_neg,432590.5181,882459.546,856634.5154,889656.2187,355743.5191,562016.2051,423946.9419,680876.7206,357351.8007,649462.5524,655097.8601,375643.0102,449715.7615,373067.6563,533017.641,354966.6287,312707.0298,358724.7461
Com_35228_neg,168911.1446,289115.4289,1105937.569,1534611.293,191295.0478,644255.0206,459255.7903,312785.1691,172445.497,468571.0607,403257.6296,161951.0887,1768914.726,313156.1743,886275.9725,1120084.763,173922.4893,277252.2902
Com_35413_neg,190984.6903,664195.0207,1554929.226,273162.6889,196734.6338,421424.2394,235688.2781,261753.9688,174029.6567,349458.6299,265388.3062,174715.3764,349734.4122,1290266.101,4363187.398,275738.0337,224894.0391,254006.7721
Com_35437_neg,5890970.041,6786418.03,8747310.452,8284142.421,10220839.63,7267992.357,9372795.722,7678697.677,8540437.21,7607573.638,8235654.331,8815950.047,6225607.483,6813204.453,6744329.35,8331533.44,10078605.33,9293423.945
Com_35527_neg,499577.4241,855097.759,6026682.629,1320204.075,565780.8276,1905470.858,902280.5709,925104.1985,869755.56,1385861.922,1192688.666,478992.1226,2707251.461,5415596.024,4022397.328,759081.3489,514399.1499,820010.9311
Com_35732_neg,404527.4922,476497.912,370183.2634,366821.261,238439.2866,805216.8151,181079.7478,728857.2459,574470.5033,448800.842,179691.7452,203538.1743,289065.9239,242459.798,210227.5218,895800.7608,938956.3929,914751.9484
Com_35750_neg,364655.5408,1013689.17,952847.1133,816712.4019,856488.6411,4282316.582,529193.7072,511371.2587,5671087.317,717834.7269,574828.5313,1425963.303,423820.6185,1337472.036,7170156.17,6863153.434,444283.4526,5003665.731
Com_35865_neg,6961160.013,5566732.696,6942672.797,11694582.64,12060810.47,8077797.132,4870603.586,9043230.41,9122013.115,9053028.667,4280099.93,3797954.841,8905350.089,8487460.939,9591975.074,7011185.053,6805499.595,5493862.063
Com_36257_neg,6938277.799,5716485.64,3156652.764,2545110.594,6987477.891,2125630.185,2050712.345,1142862.681,2220089.266,1325146.195,1894028.575,3316429.993,3965100.936,3569422.911,2232445.56,3611043.356,1985529.36,3977210.787
Com_36419_neg,50544.20245,58383.87344,88096.71017,76273.78631,52312.27908,76999.57031,60137.00041,72538.39493,50915.76884,100436.2759,78341.7118,51575.37594,94794.15165,68745.22187,82161.13987,72357.91328,61323.90937,74379.3769
Com_37079_neg,199825.4192,219991.0055,214716.9895,222023.2426,241637.3844,254167.7547,199298.3537,583944.2819,324863.0868,222845.3562,188316.8498,770498.3997,228347.7093,218273.8647,228927.3818,192156.626,198831.3264,312521.6412
Com_37209_neg,1452761.493,1588129.874,1746390.334,3091908.657,1232871.719,1374023.749,3443649.154,3060449.12,1205952.081,3576109.009,3355720.097,4531899.858,4310849.739,3464009.551,5057075.089,2778597.631,3743353.653,2797216.898
Com_37406_neg,160322.4491,179172.8366,238612.6393,220493.2163,652070.7351,234891.4766,199154.4389,420646.9526,161479.571,283247.9981,212190.9273,139693.4863,270744.6549,222887.8983,283202.5659,214202.5286,663662.4868,204000.9263
Com_37411_neg,914589.0283,450732.8277,1735862.021,2346408.345,1255187.367,231774.0304,1602894.922,1131255.371,129891.8144,3903981.871,1153682.871,112786.2357,704967.0916,829649.2301,1108743.259,1291710.398,1030774.066,963280.969
Com_37815_neg,150861.7513,160895.6618,141852.5736,137302.8861,153152.4102,236377.4541,149913.5247,173069.5237,129232.4317,250140.2412,162439.7977,100750.3241,212708.5317,334603.0165,192681.3377,149041.5637,230249.6598,152059.037
Com_38067_neg,1114106.54,526461.7129,287808.7155,3128405.588,2282532.972,483508.7989,364726.2745,2701579.59,216873.8372,558739.8652,2343676.356,210978.0856,386895.4769,946350.1694,2137930.516,305381.743,1648277.27,1210087.152
Com_38078_neg,529576.0334,397102.3651,1451096.536,585002.4142,439892.4877,576169.4452,2175575.543,1141564.761,648498.3877,710884.2342,1308351.866,2573402.122,1151028.872,799427.873,2218225.067,2819812.426,1405514.856,954064.9918
Com_38095_neg,451654.0182,673597.8208,229784.5405,265833.6154,547172.4928,262665.6365,237998.3027,1008738.265,325845.8532,296014.4684,229871.4421,313104.8403,3768060.302,5321892.826,1887672.971,220606.438,220933.5494,206495.4459
Com_38217_neg,5044525.573,3331789.625,3250528.516,12167644.66,9342295.321,6984620.36,284868.8036,8019882.894,3771644.944,6034188.129,265275.8182,323009.5004,7842485.585,8771516.869,6960879.969,5607154.73,7883399.949,4574487.206
Com_38557_neg,938967.3963,242174.1828,976414.1924,599596.5015,889657.9306,782001.3265,4210610.227,2875065.836,405309.4302,3007686.938,3227166.254,6419774.412,2555448.587,1353506.198,2145475.646,1361045.726,851140.151,588723.23
Com_38649_neg,1564305.926,1458895.388,2119441.581,1756870.285,2922970.55,1869285.186,1585764.476,1243886.217,1329128.78,1272440.123,1119783.181,1821366.594,1497040.926,1591532.407,1485505.7,1630572.305,1887772.729,1883903.727
Com_38673_neg,612561.5096,556098.837,464814.5647,448737.2215,553038.5454,441749.3307,462384.3149,355719.9175,383013.439,438262.6623,431793.522,713842.2309,454783.599,462601.7655,424109.0501,352815.2715,340736.4058,1181837.301
Com_38906_neg,1680260.964,1590232.455,2024487.192,2436675.658,2563280.05,3999964.4,2298201.111,2212053.75,3760307.126,2435491.983,2245961.698,3096477.508,2528722.396,2622831.133,3550148.526,2924683.251,2249737.121,1948205.472
Com_38960_neg,1878.316655,1699.413828,835148.5317,2337.7738,215956.7413,883173.4927,2048.218406,769000.9826,1917.382322,2720.610191,2171.47806,5443.080738,2514.965149,982575.9103,1026828.712,762861.2287,2117.922687,752469.4626
Com_40031_neg,909803.0565,904691.3481,1197316.323,1269080.628,1233194.242,1177651.057,1105467.658,1218254.145,1495648.382,1543665.247,1198950.197,1093751.586,1632513.86,1680366.032,1771864.217,1534257.553,1414559.463,1290896.54
Com_40437_neg,268118.8434,327222.6941,474065.8994,368746.7755,731593.1248,2295578.285,769205.7525,382338.0869,2606299.338,534935.966,458735.3416,858915.527,464611.7679,654759.1431,1924253.974,2762588.314,836557.6754,4305081.477
Com_40823_neg,59494.7394,50940.91468,62306.63328,68616.01545,65970.13858,64548.98637,60897.90179,55649.1237,54313.37327,84889.93719,63245.39778,46258.96264,88128.01504,76696.94447,72504.24584,64017.00113,54738.72398,50750.01176
Com_41026_neg,59819.04636,130107.194,81216.83842,79364.51162,76792.23628,569093.1627,124559.7069,81250.2259,61142.95918,71441.95321,210999.9662,53737.7733,73054.10818,67936.59964,138264.8401,56009.90501,76799.1099,76398.29272
Com_41255_neg,16610532.28,19130673.5,12497541.95,8039638.211,16314608.94,13961332.75,6963703.642,6550999.978,6288386.384,8274478.613,6129391.075,7036212.81,10664508.68,11332248.66,9800337.629,10292898.34,8903524.762,10206256.05
Com_41324_neg,1462957.003,126554.048,151625.9209,1053951.432,150782.6277,160360.9902,131267.2401,140933.1194,129518.5802,210894.6267,145302.2649,1838713.61,1264554.244,190540.5283,161578.9775,1016227.79,128561.2913,126079.7821
Com_41342_neg,315851.1927,176289.9575,118749.7759,138576.6517,595180.8396,247519.165,102805.3465,436230.1206,100460.2736,165167.6013,277168.9691,149699.5247,168523.2179,518983.1081,514468.3829,125571.4298,588901.9844,93727.62615
Com_41353_neg,745878.3888,1014107.365,343900.2362,468280.6205,246589.6633,398544.9322,643286.7602,1047301.376,640799.871,1441301.162,954808.2259,521109.2725,1225359.713,658165.637,706560.9664,224036.9675,192994.8322,195414.5189
Com_41403_neg,2507711.611,2779009.463,2318140.517,1695748.596,1971126.872,2635026.571,1352073.277,2013702.463,1680000.562,2116010.027,1359901.384,1378128.753,1966745.101,1857219.638,1735454.113,1665124.332,1511924.012,1838587.559
Com_42065_neg,481.1393111,459.0461646,139861.8474,592.2148566,541.9460277,494310.1187,525.2600581,375831.2114,516.3548601,728.8840787,551.4506954,394.0453645,676.7231573,543262.1864,647632.3602,449741.8572,550.5089431,397181.2236
Com_42373_neg,288857.2164,319806.5156,450594.608,356917.8018,290186.0193,583842.1948,333310.8297,396511.4199,301848.4073,528163.7632,378673.7984,259130.2828,484522.9289,380940.8578,484909.1457,423880.6671,393916.7031,424364.9028
Com_42385_neg,1478252.447,1531832.428,1750268.275,1709033.043,16824352.19,1049567.289,1271322.662,1407089.708,1321663.245,1777419.499,1277395.474,1057433.954,1629473.245,1764421.153,1856512.518,1433411.593,1480650.575,1556838.337
Com_42471_neg,108204.2138,153065.892,83678.82543,110563.7702,83962.69844,140577.5649,104176.6218,115848.9761,62765.99753,158852.5818,127378.2403,61340.73584,103149.7155,88272.52553,103348.4501,88788.088,78217.66059,89728.10892
Com_42608_neg,98495.29296,138635.2501,155880.4793,135212.8305,100389.4697,149735.4396,120543.2091,117252.2715,99122.70815,164364.6839,134782.7501,84677.13721,152583.5295,121283.6832,152598.7237,202646.9358,128336.0676,191508.6228
Com_42880_neg,125608.997,140250.2287,138063.1472,139509.7477,152908.9456,143578.359,130369.7356,122432.7004,94637.47135,133261.6381,121403.0384,147824.7623,145232.361,156792.5709,141545.1927,151993.3553,134223.8582,145269.5154
Com_43270_neg,1724380.329,430231.5161,581346.0091,700858.2905,419201.3742,668684.6298,790849.3359,536272.4754,4515568.467,700199.6456,1096404.326,583775.2297,1126758.771,3128037.411,958110.2708,429576.1391,397155.8682,462099.6567
Com_43429_neg,347401.1262,353540.1339,370423.2428,405193.8519,386499.6527,530633.4386,285930.8177,786676.1176,404906.6198,933824.7865,315022.7263,303579.9988,451044.3204,440699.179,509970.6134,396917.9698,703867.0031,613408.3388
Com_43631_neg,262205.6564,268971.1523,390621.8973,480072.3868,364140.8848,332588.2058,732541.5256,381905.3953,222830.5296,427931.0817,391766.7188,256858.8447,396734.4735,396093.67,309299.0441,280049.0792,303930.3277,311299.0305
Com_43997_neg,86535.83544,72722.0586,109752.4253,119935.7058,139921.8432,105080.7757,86201.97189,92991.73492,74976.09939,133920.3641,208900.2575,60414.44495,701954.3894,121234.2584,117198.4225,98828.69691,82872.6929,100238.113
Com_44039_neg,93075.02159,131006.0462,127894.0654,154860.9643,92295.7745,128510.6743,527431.1221,105690.6787,88475.92937,136734.7255,695510.2486,683315.5978,136259.2954,141986.1278,135219.7686,97010.25893,99265.55705,104833.5273
Com_44417_neg,3187408.046,4793456.387,6334111.447,5903464.255,4525328.184,9236001.599,4384892.143,4810553.672,3916185.44,5550102.525,4313604.253,3113284.534,3534859.132,3567869.103,3832212.978,2979722.951,3590510.884,3686226.288
Com_44880_neg,85848.06294,101457.3159,121826.3212,152073.9282,89397.06916,157689.3955,167905.5232,112861.4652,107346.0621,161611.3133,258554.3733,134533.8662,208328.5782,148825.5277,225941.8307,94038.19369,88310.84768,108972.4696
Com_44882_neg,69305.63885,86666.1009,115244.4873,97006.74873,67142.91401,111311.0927,81141.60096,98272.31635,63177.0013,127737.1565,99636.78375,65594.74463,130320.0933,87431.74801,104494.4199,100581.3552,77993.15277,94597.39545
Com_44970_neg,240654.8325,468997.5832,644438.3875,362071.7436,343417.6182,804239.3918,961057.7716,429820.0715,366729.1749,544820.1431,1222545.824,1013814.709,509338.6132,192245.9478,466652.0277,637118.6009,1086309.798,481545.7736
Com_45112_neg,276012.0363,352273.7952,284969.2837,266495.3771,330659.7547,305860.0853,236511.545,783283.5083,769800.1557,740482.8132,226616.503,255552.5873,407546.2593,341609.9222,527605.6429,285139.904,282545.9917,376081.9147
Com_45522_neg,182649.0598,220765.0026,294814.2446,2623545.052,188148.0438,403030.9496,492762.5227,250329.5747,166434.0378,334206.3182,253805.2894,167089.8289,443155.7592,2123797.526,1475983.075,3526202.489,350362.8018,240968.4298
Com_45547_neg,309600.6633,301047.9789,370963.0561,390382.3907,362437.1448,400441.4969,410928.2878,400410.8846,4307214.316,456936.8259,405781.1493,258859.4286,422258.0999,447161.5333,523501.7469,382327.6826,392306.64,342976.9106
Com_45565_neg,237468.8954,283566.0181,259113.6695,262585.0502,317533.5109,301964.1136,211431.8753,244428.4033,225790.0762,279500.801,229875.7107,266181.2035,275331.3244,264633.9601,264185.0757,278913.0621,270882.2837,379435.3966
Com_45859_neg,227339.5713,206655.1352,277545.1767,253083.2457,368146.73,258378.5751,236309.2513,255680.0059,203360.5172,344058.0544,243497.5036,188553.5916,321750.0516,991957.3585,372949.0169,340118.9241,347341.9794,275603.8625
Com_45980_neg,96365.08421,126995.574,285602.8308,132020.6671,108855.1491,321880.4067,372603.1234,3324210.641,1388075.735,2361852.048,600840.3198,776802.9746,332923.9179,127853.5066,195360.0678,320265.8174,113570.7916,126038.8178
Com_46309_neg,85554.13154,95613.41229,118130.0062,117663.5321,87656.2989,116313.1633,250803.3625,115629.1025,86171.61558,151151.8606,111963.2416,68728.07217,126462.5563,118941.4251,151127.6163,94992.39622,99036.67374,108862.6214
Com_46347_neg,473322.9874,606852.3416,529223.4657,303557.0952,738767.9306,806240.7482,312788.9392,240633.7155,259096.9534,385767.5289,292095.1974,482892.5787,430985.534,434708.0091,580315.4628,238668.8107,230497.8251,241867.7939
Com_46453_neg,264719.6265,529307.5788,1440909.69,1390644.012,384784.6545,2452850.061,620203.947,2180443.707,560145.7497,3581273.146,800965.7222,845532.1965,1261639.905,625381.089,923511.6758,501879.1657,595054.9334,1112772.01
Com_47111_neg,5831225.013,5384128.39,6845624.882,6916284.755,6100980.456,7903521.765,6061832.82,6999474.308,5516142.697,7234500.457,5881400.246,3902895.705,7542875.1,8221482.057,8709412.55,6957845.947,5463952.577,6662252.918
Com_47254_neg,73478.35807,83439.52608,118789.2679,613377.2964,74424.99011,116936.75,86026.93386,104189.0468,68654.62848,135939.5188,105635.6654,69544.04018,134785.6486,450519.6217,116946.5658,595335.3264,186638.0228,101105.3379
Com_47406_neg,323398.3228,222794.7009,188882.4504,157410.5811,252776.8658,217555.3282,147267.6908,390336.1363,112496.062,419094.7517,155718.0417,101754.4035,197144.459,964719.6563,910514.9319,138350.7147,873201.3184,204820.3076
Com_47615_neg,1832.537147,1657.994651,485240.1434,2280.796115,131415.7748,562716.9429,2009.699759,532556.0635,1973.105483,2656.984008,2055.092276,1694.426107,2453.668846,627903.4776,698125.5732,493178.6784,2066.303351,482446.0474
Com_48084_neg,16306.72754,15558.40505,347865.2901,20671.91414,64997.97144,3628124.387,17894.90405,2736729.675,17557.56688,24598.47091,18851.82724,15077.75431,22255.92588,4108942.31,3396780.414,2440088.573,18907.99376,2392733.942
Com_48270_neg,247255.1712,301759.8548,502041.4839,340052.7391,258655.581,471149.5308,307143.2925,352586.4423,249039.727,493309.915,423038.8434,234165.9148,379030.7623,343745.9056,456829.2922,330489.9433,269860.6297,314617.7234
Com_48317_neg,185616.3263,168288.1921,161012.8859,184718.193,307647.9197,178162.6249,415962.7372,342612.8625,233636.6494,660034.1839,583084.8021,443603.2031,239898.5542,211428.4676,307926.4643,320147.9341,383721.2846,237664.913
Com_48580_neg,81744.02385,131559.5706,207454.2921,140148.308,92828.0072,194843.5369,149470.1689,133326.3747,86800.61388,187640.2818,184440.8359,97578.02659,186233.0582,111459.3406,191699.3655,107514.2671,88249.22898,106251.1545
Com_48593_neg,45151.16094,47424.57263,78857.71722,66346.31965,49442.4221,74327.13573,53282.8237,62350.81126,47332.64421,84125.03274,58469.88133,325621.6413,79441.70603,67163.488,74110.07182,54445.7473,49302.84601,50365.79467
Com_48626_neg,478357.4015,709673.9791,693694.1383,522323.186,556116.3439,839170.9417,551168.5535,690935.2006,594040.8374,1057983.599,430485.7979,1532119.477,1147875.373,1322418.132,1054117.22,866507.0243,1113947.51,851413.2549
Com_48862_neg,352997.0167,335425.4127,387838.1336,365874.4646,340120.2543,388528.5233,541109.1089,396500.3158,368719.6174,446451.4919,886005.8273,526213.1698,423625.6912,378886.6456,466420.0794,464932.3071,424675.0897,557273.2117
Com_48981_neg,104546.4298,126799.5803,168612.0925,137710.4281,98235.56413,171854.9582,118716.7859,143780.4209,95593.80285,186889.8873,135714.8813,95970.46594,448580.3079,127511.8814,158922.7814,151461.8125,106644.4734,117515.3844
Com_49159_neg,313759.7981,323101.2365,366471.8924,423964.7622,380324.7614,418912.3109,2893084.468,355836.1251,307400.3396,1097667.571,366610.4874,271496.2705,471048.8037,518080.9496,437524.2964,754466.4073,427557.4542,329329.278
Com_49199_neg,1670.171661,1534.64941,390203.3333,2047.670927,66923.05782,940338.9112,1810.069875,652562.6957,1721.115274,2494.523885,1930.846489,3187.137199,2236.270178,837203.7432,969184.6986,673832.2871,1862.041336,620596.3036
Com_49219_neg,1671560.457,2249774.816,2391710.257,2949862.954,5204371.424,2354989.057,1320049.294,1208424.71,1432532.541,1793077.797,1114842.088,1023333.049,1384484.369,2794286.129,718366.6048,1892619.682,2049303.022,2336408.671
Com_49540_neg,233475.2536,255088.5035,306301.1643,415545.7836,248548.6237,396469.7033,913303.6075,283761.3239,269894.2516,415155.2665,650068.9241,346126.0836,523788.9925,410293.4304,568073.0166,254699.924,222035.0675,273983.4379
Com_49563_neg,69189.55945,84356.9148,110521.8434,119588.1977,106271.9825,138083.8415,118259.9116,143034.0379,182793.5104,236379.9992,215589.9852,111893.9823,141702.8363,102403.6468,152216.0312,539184.2188,134029.43,200813.5179
Com_49835_neg,264160.2816,284421.28,319303.4347,366721.0671,406300.03,376894.1453,285231.0509,397246.3308,353495.6136,420791.6332,287064.0039,266529.487,400946.0326,431399.3599,415027.0454,343643.4614,343229.2657,382618.0717
Com_49978_neg,258113.9982,218494.9687,264767.8549,1084660.771,263295.3037,259647.2807,210273.5648,246096.1784,215700.8167,313934.1531,236752.3155,188574.5561,359895.8763,591463.3269,342081.7905,1915331.197,224492.6006,202486.6979
Com_50003_neg,2462.752992,2349.736236,296558.1518,3009.888477,44620.85225,769195.3155,2669.040018,553773.9133,2580.054235,3715.028517,2847.131273,2065.876347,3297.494025,673831.005,750633.1083,585750.4666,2834.800649,438177.2884
Com_50004_neg,215477.3747,292690.8574,344915.9786,362264.1168,222989.2698,348074.2089,294363.6172,307999.1502,241785.4986,403515.6385,493672.3922,255730.8836,436666.9206,306927.0375,416528.6078,252046.9769,220271.3344,265464.1255
Com_50006_neg,67892.04973,72634.80846,110083.8184,90889.20079,70811.52104,136861.402,72823.53472,73445.99848,67259.68761,130588.2534,122886.0169,56255.90269,212785.1746,81707.55732,114444.4253,96002.04183,66901.46318,75299.31267
Com_50069_neg,111821.9594,151242.4176,206680.1693,712049.0408,126805.3961,283051.9826,161050.7185,181762.8027,108608.4366,237635.5125,238023.0196,150285.4231,1490766.512,341820.2138,263741.5581,131478.5285,124759.3421,146631.5408
Com_50372_neg,2072818.627,1886728.071,1620192.612,996808.9288,1251942.405,1302261.141,1573546.12,1160884.987,1410841.849,955569.1842,1446455.322,1597654.735,1101433.824,1089958.113,1078841.275,1317358.399,1103032.889,1236662.377
Com_50405_neg,2020944.93,667066.6137,1374830.185,1112213.415,535208.3562,1443050.811,1199015.472,1769505.291,635391.6557,1132792.795,1109841.582,1116295.027,2123611.51,1062241.725,877371.8171,1083286.559,633826.2919,811723.2197
Com_50657_neg,8123502.235,10469236.79,7202463.468,9885311.271,5935330.235,5967087.293,16998237.21,6339557.463,16136670.99,7518170.693,16519206.6,18567100.28,14076829.12,13810400.17,23363431.52,25950149.94,18816762.24,16561990.38
Com_50823_neg,920578.7943,719270.8134,860082.6828,924392.9244,1564101.396,2325569.452,246654.1731,731725.8666,344280.0488,994447.9583,382593.0784,305967.9338,1394043.582,1786748.823,1140596.696,1599392.951,360143.8357,621027.9034
Com_50889_neg,13310210.62,14115191.71,13633302.32,11302433.03,19805156.89,10785495.91,6030912.912,6551200.823,7633135.817,8199640.005,5735954.896,9788810.63,9577734.819,11619973.21,10062836.35,8745067.334,9924813.517,9951031.313
Com_50991_neg,548909.5797,776488.5625,552097.4687,560879.3824,451399.2272,713136.4789,537941.8363,587690.724,759933.4776,824096.2336,831246.8165,476649.483,797122.2748,473381.6435,676340.5046,1396740.897,396790.6764,455182.0749
Com_51150_neg,85434.92076,132479.8627,175592.3479,155459.5428,103002.7802,197689.0232,146033.0079,149819.391,90570.8789,208062.3996,183447.9555,95308.4891,186405.0143,131851.8612,189602.617,117540.1413,104295.8399,119107.3632
Com_51613_neg,48066.50466,58329.74065,77564.13393,62188.27359,45189.85762,77651.35168,54611.53197,66141.1863,42520.64028,82305.50072,60643.89094,42401.27952,88372.48588,58657.41006,64976.02895,69674.74359,48328.59834,54058.86897
Com_51842_neg,131622.8808,147098.8314,195898.2235,181022.3864,213766.1182,178944.8779,163503.4963,225462.6,132572.8645,232543.3381,174206.3029,114686.7404,210791.1394,446921.2028,398260.4633,160900.2952,517377.1887,216797.3474
Com_52305_neg,135721.3019,149612.7848,184269.9896,180067.3113,174231.1675,198630.2298,381964.1427,146162.651,138725.0805,162092.1009,510575.7325,135810.2748,165749.8619,154138.9292,181703.3092,127078.8769,174246.7628,173337.363
Com_52737_neg,2569.746612,2451.819875,254978.7476,3140.652246,41069.84565,889465.5345,2784.99572,628408.7863,2692.143975,3876.426899,2970.824101,2199.518316,3440.752737,788699.1016,831351.5466,678154.9287,2957.957776,525303.9689
Com_53460_neg,147336.3724,168492.2772,162376.4223,167175.5991,187884.6778,616866.0617,132496.1031,330277.8146,353711.8694,216802.7601,128251.8767,177380.9799,460290.5597,427904.5166,289590.1797,155605.0974,151058.5736,225551.9639
Com_53716_neg,156818.342,982168.5224,824008.8975,405596.9341,163561.7921,316125.0577,168209.1794,169646.958,155357.7,301635.2203,283844.4486,129940.9492,254316.5466,188729.663,611188.0828,441920.1575,154530.2664,173927.7782
Com_53720_neg,116780.8572,251421.8127,164264.0427,268152.7132,229640.3203,533345.1994,150220.2634,149263.0275,72112.13226,189132.742,151505.8709,188426.9139,258203.2502,141716.956,177636.3934,175577.1106,137456.4239,184369.7204
Com_53822_neg,78789.49742,91525.44101,131846.1826,110927.7479,92057.25342,142602.1424,96967.93193,106156.1981,79137.82787,146626.5214,103527.9351,71706.65871,132822.5829,113326.3524,135314.8026,96182.28425,84250.9041,97329.04711
Com_53826_neg,230047.4404,275205.2128,249936.6987,257741.5344,292457.6638,360449.4037,263975.8362,221246.9039,769103.0828,283039.5731,247702.6773,195252.6948,324356.9219,282252.49,501552.6417,594512.2635,280809.8579,453893.631
Com_54042_neg,227488.9293,252401.0971,252590.4531,254529.5337,299055.7479,283058.6972,477818.8925,372630.0776,652507.1706,263376.8236,399048.4818,424304.2289,523707.4178,534179.9153,678944.1442,280633.1428,365464.8248,397898.1956
Com_1637_neg,7010918.116,15114876.61,29825877.28,16204022.94,6225111.512,56386667.89,22257730.73,16242507.7,6075610.702,32020661.48,41861976.15,14522133.9,16295519.38,6403566.533,28268792.77,26174568.7,16693792.17,19342941.93
Com_197_neg,142767357.8,95070373.87,156006690.6,239298395.9,155163053.7,163250179.7,355628615.8,255526872.6,365023115.1,358805781.1,383486579.4,518974889.2,276144245.2,242779147.1,656131595.7,289251851.3,287962857.3,264794055.7
Com_163_neg,11149493.35,24297109.08,67312520.51,22624037.32,9064075.608,39938164.88,14061781.43,14618910.65,17281049.93,14041119.13,20683187.8,6289776.218,64340190.92,21527168.6,48151673.37,4446367.022,4241017.991,7962538.047
Com_33833_neg,539993.7801,940607.5312,1015292.53,983018.9753,909383.6344,1865133.763,365531.752,359672.7883,431298.3575,726546.0628,486986.9275,213182.3098,1239769.448,1322144.314,1665938.266,926754.9067,1000268.828,1497393.203
Com_4102_neg,43518702.5,59456452.09,14601860.34,28061649.8,16496744.38,18073110.81,38021786.71,14798105.23,6221802.338,24985281.15,34404976.1,12980462.54,47249479.01,15854025.13,36139729.71,9933326.375,5396905.175,8729680.429
Com_186_neg,60403479.2,29501914.99,47170480.61,41350736.64,38252385.54,73913349.88,201486624.2,151911200.3,103453864.1,117705375.6,223872940.5,300659295.5,37442931.72,58203466.06,32225677.94,65103071.48,95446158.85,93426594.58
Com_1023_neg,38543600.89,71133042.32,49143380.82,35270232.52,53440216.12,75082461.41,83073825.92,42827998.46,29964241.5,57710819.31,86538529.66,79414080.61,27613796.77,48904956.36,33847441.94,38581616.48,62561877.08,56901878.41
Com_6011_neg,25880693.04,18064631.98,24404030.23,19057880.96,21605062.61,13165984.3,6800458.198,28519418.96,38513342.94,55489542.74,6020395.523,8245168.015,18026069.08,19355346.62,19181203.12,21079244.23,20967571.48,21534883.33
Com_525_neg,28231806.9,17110447.05,28693010.32,64153324.3,37840699.98,39375781.35,68333969.25,91472602.02,104761807.4,169169377.5,64364287.53,24211472.94,149411494.4,87455156.91,136646543.6,166239225.9,133712503.9,132282617.1
Com_1761_neg,170677295.5,160756664.4,225041113,224129903.5,192821388.9,413961333.4,215724567.6,281708790.9,212222339.5,335713237.9,226840296.3,211669526.1,361798566,263259946.2,295679281,263111942.1,274693890.2,283651472.1
Com_12686_neg,867388.4211,686630.4654,3798508.312,1031420.304,1106772.892,794096.5315,1014810.509,955120.4232,1623625.165,1051596.569,674347.0112,1564326.575,975941.575,1111607.148,971596.5764,871324.6768,1424531.364,2349357.335
Com_4209_neg,594299.7963,575357.5645,668005.9517,3831256.769,763965.2626,822236.8565,577142.8409,739951.7836,663338.479,754364.5262,587611.4753,691243.9364,5498267.051,5825298.542,6923011.705,559797.1393,644854.9222,584039.5192
Com_331_neg,98396843.8,90013556.15,136059788.8,196431334.9,124340538.5,185212340.1,76240387.77,180425930.2,176825137.5,142583634.9,84203954.17,222454220.6,300682784.7,243656817.7,259310198.4,162687777.4,148278782.2,203933813.6
Com_38790_neg,1245866.554,1234886.452,1077851.577,2778159.37,796486.2913,766880.7294,1120803.623,628402.2082,696743.2815,2036425.346,1111258.253,918063.7158,1642055.537,3463511.589,2094698.82,899504.3437,829869.5921,875539.5214
Com_1332_neg,486183.9331,562658.2901,648886.1801,694264.2196,105945187.6,730658.1763,651697.6019,1093936.225,1670874.371,1184056.332,621242.2568,985536.613,747471.3696,941486.3251,720745.0714,57147350.9,12413443.59,2448250.09
Com_12468_neg,3010046.843,3245451.587,3620023.276,3997213.342,4229874.974,4254836.016,2865522.661,3227905.742,2889549.136,4316587.01,2842672.815,2753835.215,4652149.821,4679616.585,5067346.9,13251205.41,17556516.92,16895983.3
Com_3103_neg,19028289.11,18630545.25,17703124.38,18483931.92,35847689.77,16569382.57,13929814.59,23536606.73,22012746.9,19139472.67,14396612.93,18610868.68,18339918.52,18748195.44,21508659.24,14484939.29,14430781.16,10867045.86
Com_131_neg,67295318.86,64540469.43,72618617.11,75517094.14,199940247.3,157197060.1,172695739.2,191527771.7,231431084.3,276047612.3,151230627.1,268641609.4,62669361.21,63920455.26,80003299.04,130814966.9,84001141.11,85682312.96
Com_1355_neg,15618947.79,23854263.94,10446726.36,5323835.295,9451493.79,9565379.785,17121003.08,14401612.91,7645984.393,25800062.91,17562714.77,7233035.982,22838245.45,12919802.7,7217342.731,12380288.56,8747857.272,15016675.78
Com_11545_neg,41475167.99,33870224.05,17828987.88,49945101.5,22464601.41,35119791.3,8068519.091,39985799.18,13812960.18,36630621.79,5964311.399,6418587.695,41592912.86,13350194.42,18652522.57,40448437.92,48065499.15,42157685.6
Com_1426_neg,28473347.33,47891685.18,36662864.04,34760458.12,49173744.27,43433178.19,50368108.54,75952871.58,29327151.99,60929396.36,39864986.3,43068366.96,32865618.08,47166083.49,38125277.47,49873252.85,51280135.69,69857001.31
Com_48764_neg,2764.568326,2637.701139,485915.0094,3389.427757,74942.59945,240203.6584,2996.136241,271896.4062,2896.245072,4129.08558,3196.052938,2311.269004,3701.608551,285965.4065,209453.2722,204273.1082,3182.211171,117908.8746
Com_8488_neg,1976648.929,2288715.756,2382358.885,1905743.225,2133582.569,2743284.789,2287328.964,1712537.35,1123558.707,3043029.303,1455442.7,1506025.616,2289789.949,2874601.521,2541188.39,3586910.112,5016926.869,2946042.069
Com_3115_neg,14214305.7,13379746.06,16423601.81,46019948.18,21531324.15,26539759.64,13025029.5,29479850.9,19343432.34,49560594.03,13300803.37,9511740.34,46656746.46,44078385.01,55465743.53,36760522.9,34234736.04,30972217.32
Com_483_neg,1930599.11,1913584.306,1670242.522,1001822.066,1234237.905,1891160.805,1736801.161,375888532.2,2757882.595,1924433.979,1722009.622,2368063.082,909857.5568,1723071.455,973234.4056,1393875.034,1285968.783,1356739.063
Com_90_neg,30542559.82,65970182.55,147403622.9,90165526.27,33404239.95,212417773.3,59903828.5,64617572.69,73987225.87,82009989.31,91606484.85,26179366.6,176801502.1,81379405.8,209952008.1,31927232.47,22387424.16,41098958.64
Com_11036_neg,4616957.129,3285441.581,3002966.194,3813381.901,5786816.428,6980887.325,4886408.37,6372869.53,2711641.193,5184737.496,2661450.116,7553967.911,3923652.294,3305261.869,4174595.355,4675025.47,4656951.578,4881602.102
Com_3848_neg,77005910.27,105702404.4,114747758.9,145494956.1,112205626.8,120094524.3,85618093.58,146668798.4,168186037.9,169414798.6,79670844.72,57709135.12,168117682.7,73276649.65,188103726.7,89050239.44,101627851.3,94385633.07
Com_1128_neg,103607411.5,90134341.54,88491674.83,121694826.1,60178179.39,84981291.73,224571019,77592215,67910471.63,50050659.96,234474807.7,81712925.64,28580231.65,69327797.11,34675640.9,147955112.3,108601016.7,119406728.5
Com_520_neg,199488.7403,256674.4504,419749.394,1081716.405,477167.3637,739396.0196,24848749.27,605318.3105,616433.5297,810168.3625,24947279.59,73653289.13,528475.2773,232693.7928,615015.3177,1296812.691,1177054.699,1461403.848
Com_4497_neg,1352672.117,1592159.409,1484670.464,1712792.284,3947366.265,1715596.202,1487608.417,1376424.259,1364039.227,1556366.091,1417501.428,1145742.084,1784569.235,2019590.714,1854176.991,9772237.995,10430129.94,7158678.451
Com_715_neg,154617993,109657318.7,123129198.7,59463943.76,220543201.1,254779761.3,195136672.6,292416443.4,491204097.8,862873425.8,801616555.2,1015608766,66642857.95,167102608.9,80807652.39,39075543.8,305812308.4,49853226.34
Com_29821_neg,8012480.571,9933167.348,8679288.86,39205075.04,14190431.51,15948101.96,8551963.921,21232664.98,23121024.5,29525065.96,9986687.023,16094177.45,61201279.12,60552092.85,41251708.97,7299426.938,15039585.65,10630542.55
Com_42634_neg,451583.085,867725.5221,612819.7138,436693.3677,1144811.391,2001916.715,1338491.436,925527.2908,562180.2915,1027394.279,1378927.473,1767513.216,733586.7389,719455.5862,669072.9096,937227.7279,1235498.983,1259348.551
Com_1651_neg,22689658.68,4031917.216,45456990.87,44774046.95,39770912.82,33235855.28,2754214.032,35256188.32,38440223.99,31660073.91,2312485.174,33607716.79,45054385.21,42449694.78,46145818.53,34802326.17,38823692.75,32970260.83
Com_2823_neg,14789541.16,11955910.47,7482323.326,13701073.26,10041913.25,13681832.64,10758717.02,12119579.82,9268979.864,12364310.25,12012263.3,19776525.42,9562977.805,9027890.394,12492856.29,10287223.68,9602303.531,10612670.29
Com_25975_neg,684563.5664,821346.887,719702.0799,907157.2329,816342.2574,1059041.505,671148.2634,1144927.077,892772.0492,1357785.184,728427.5202,768748.4482,935268.513,6007391.169,2026292.606,819865.7244,823395.1964,751558.0345
Com_8480_neg,5535270.714,4438996.156,25153799.53,2768445.272,17007001.06,10803842.63,9070648.849,4140104.76,6323581.558,4481172.802,9306593.134,8400786.753,2828875.858,3563143.745,2976012.632,9461302.481,18624264.97,24287175.21
Com_31232_neg,2950182.027,3685162.747,3208337.288,3644146.297,6258702.239,4314657.072,2427087.77,4329034.617,3622068.416,3192232.564,2308322.099,3646696.406,3273989.404,4480688.251,3249053.125,3436532.304,3523234.547,3205078.425
Com_1834_neg,12981934.44,15067714.87,31213688.07,19944987.21,12640176.95,16729863.32,15152110.97,14240411.97,10942602.34,20199360.63,15341661.9,6095210.407,34408711.27,10666402.52,33540836.24,7546620.452,12600930.14,19482845.6
Com_8984_neg,14294586.03,14848282.08,22163192.01,20463046.18,20871052.03,16852515.32,9813754.596,1715626.887,15165365.93,11606647.95,9564795.884,7129950.968,10387991.22,12514896.13,12739813.86,12385600.62,16909135.23,14442838.75
Com_16419_neg,3221704.685,1080290.145,1943249.255,5021690.579,2131803.269,1303147.925,6975788.537,1554734.104,1203033.069,784705.6735,3706664.925,1631774.589,4013055.564,6774337.343,2418425.178,2754822.886,2676077.213,2188581.826
Com_19583_neg,179563.2745,200472.0226,743847.4945,451930.5062,548913.732,1269051.781,1035950.694,979053.7711,788389.1635,870096.5686,1432000.153,1640569.688,690176.1541,832657.1918,1139509.296,1072238.986,1285097.529,616794.7206
Com_6495_neg,5761044.832,5662589.746,4231806.261,3333580.696,4162801.163,3425286.929,4627573.799,2879327.808,5161871.126,3278498.26,3877179.299,3814366.661,4218732.123,3874570.445,2624965.828,21698387.85,21923036.86,15653437.16
Com_19822_neg,829133.3029,2213711.724,2565366.737,4730973.083,4304544.78,2612824.71,832395.5383,3609071.289,1122305.52,4512948.053,809715.2472,667165.6794,6129551.393,6398011.089,5399780.814,1986038.825,3288935.077,1742802.224
Com_2761_neg,1807807.614,2502813.103,5468971.881,4625044.882,2179406.254,7534288.805,37573704.92,6565776.986,2130823.856,7256679.894,78234504.91,42279646.13,25441638.4,3812848.643,6857326.182,3466180.876,2892564.61,4373588.594
Com_4818_neg,14975223.25,19368338.33,12565987.69,22145348.18,7006008.906,28770774.78,17701801.43,30480274.55,18938455.35,7514754.579,18411403.72,12332320.78,24460450.23,21218644.19,37169926.75,29599109.71,19018785.98,22080890.24
Com_1044_neg,4367727.137,6171255.396,8263671.427,10415568.78,7402855.915,16661985.71,9504473.156,13419601.71,12349894.65,14422934.53,9192273.388,14922996.71,14909174.07,15308752.98,20667044.43,7991060.5,8096099.399,12731159.79
Com_803_neg,5756847.607,6141929.497,5757636.188,7049045.156,6834834.043,5829877.803,11642042.88,17564588.09,17254044.92,107912147.7,12963688.54,8016726.751,88452420.44,26724561.31,47120140.85,9443274.161,10312049.39,8964171.109
Com_5551_neg,3884617.822,728426.5153,7504417.574,7311277.013,3814290.476,9230923.3,4043049.177,8508993.9,2683905.948,1443611.379,6391384.356,4427512.196,349536.9708,3771211.358,9951542.084,5335614.505,4379561.639,5562095.097
Com_3033_neg,24694884.96,21884331.11,21821082.16,17356513.94,15562699.55,16871772.52,32314903.49,19572078.32,9935762.105,28396063.78,34199414.16,36219129.79,20293135.68,11492708.84,22716218.09,14790953.85,13577297.56,16555850.48
Com_2429_neg,13521948.93,9490761.864,14005409.79,12416392.67,12640850.72,10489343.02,26130284.25,11417027.24,4845014.071,21701377.88,19886322.06,21538083.43,17815848.36,13307409.56,13580718.94,11605621.46,11717768.86,11125037.94
Com_1568_neg,47297038.4,35708544.69,45856562.1,49628034.88,18046094.56,31122457.97,55651130.66,37760926.23,41285092.79,114280420,54443208.28,47980067.54,30925438.43,33296807.68,27283665.71,45858833.78,95275108.18,45819275.41
Com_3071_neg,55983545.13,21769456.01,68030835.6,39973128.24,30381373.69,40922707.9,51412300.06,33013702.99,32955978.41,24381091,53804350.73,21351343.82,66456804.73,65562963.37,69480237.17,33750593.74,11290435.82,14068062.03
Com_2810_neg,1273441.422,1554350.683,1420437.548,3846915.962,831838.5704,1667315.715,7330522.459,3920074.514,2782269.182,3809905.394,8446670.706,8050581.03,6303259.92,5749368.575,8158419.623,6716597.056,5413823.418,5892359.874
Com_578_neg,7330178.386,2013667.814,19456444.69,16144714.45,22445333.88,4241741.178,12439628.37,10132835.87,8291023.749,17532820.34,9306338.543,6513272.062,19910327.13,34283421.73,20404899.04,14339118.68,13223942.73,4810913.655
Com_2643_neg,15446271.62,14380668.09,45064947.24,44789698.29,89303803.37,33229443.9,9679521.89,35097079.98,31585320.95,34091310.13,11985843.92,20053100.74,58207430.12,41487080.42,18217670.83,28975104.39,41640749.61,22880417.27
Com_833_neg,14447507.4,9739344.491,5949207.735,6361894.337,5660317.165,10628301.34,102408199.7,5410008.113,4652299.172,15585913.17,50404105.82,144405931.5,2629288.646,1942480.167,4260863.229,6910346.977,6738820.998,5299555.312
Com_35988_neg,1268707.08,1656942.019,897242.7015,849060.4707,1263776.421,901151.362,1520110.841,788852.9327,1203439.565,432662.8213,2017474.067,5280092.368,992228.2336,1440935.506,1117847.461,1614308.683,1583306.407,1461198.76
Com_7390_neg,6000856.599,6136873.291,8243920.446,9453241.715,10874364.55,11132225.65,7266180.999,8572436.585,5318483.359,9589730.212,6760574.162,7100767.818,15353032.41,15437791.11,14968261.74,8283192.212,4131970.205,4296758.202
Com_11740_neg,94518451.56,104455167.8,130512100.4,143847300.6,164742424.6,124050414.8,103462252.1,135611997.3,150553707.8,130808366.8,95086101.58,91397053.04,152732398.7,164045547.6,156035536.7,104548204.5,120917351.1,102930619.5
Com_7382_neg,38437884.21,27200483.12,32692697.03,43193452.2,47264509.98,47979042.66,20181426.49,58964583.26,56391123.62,54108838.96,36470064.08,114834136.8,55853115.2,56697561.8,57963669.84,39364504.24,43698976.42,38618542.72
Com_5019_neg,34619192.68,29095997.21,34313314.27,45421202.3,40272640.21,42323921.57,34703471.69,29837959.15,29720178.19,45990323.75,34172373.41,26568191.27,48782069.44,37781265.78,48776689.71,89855247.52,85838246.65,62968263.19
Com_122_neg,2890712.095,3443069.645,2340234.862,2635978.909,3442654.652,2558045.322,4609287.737,2223415.239,1990474.871,2581034.451,5353240.04,1955772.598,3868724.335,3245660.633,3530817.485,1385563041,1430915679,1436419952
Com_853_neg,318437538.9,164821404.4,200211131.4,94718959.11,76063855.31,55380226.4,25020436.91,83766572.06,59313052.37,46827808.1,27962384.26,19828806.35,45796635.37,46030957.16,42071329.52,29992725.69,45792619.53,45002735.68
Com_4214_neg,13615534.33,32787435.19,14429125.12,34383406.81,29043356.5,16960873.06,43752110.66,52243782.78,54601581.75,63259104.03,43703715.72,124983076.1,45017891.66,71784212.18,52169210.49,41863329.69,46139976.59,36078161.03
Com_2856_neg,3889502.631,2796229.402,4235111.294,5213278.613,6919082.004,14903084.26,5175208.843,29028583.19,21784448.1,32682854.51,13506460.49,16147731.86,4423162.258,6078989.268,7078428.437,6449008.445,8243500.54,8742317.301
Com_3141_neg,146453.2907,151580.784,113902.0923,741662.9013,1304860.952,306375.2319,116728.6309,991581.6835,8395406.465,376137.7944,115833.8889,344968.1608,121642.6871,4071154.221,119068.6109,577456.0523,605275.2751,589672.472
Com_9979_neg,926366.2913,834094.7839,642533.0966,956444.7501,620260.9161,1255480.253,1157601.248,1248036.207,1446870.715,1503903.403,1557146.323,792576.5375,1625325.138,817417.144,1352562.023,592136.1677,733618.4864,890302.1002
Com_5200_neg,138238943.1,165802398.2,70223290.33,64830228.03,225905931.6,118526498.3,202122536.6,74198552.06,50849761.46,75369632.33,162158900.3,164677581.9,180550429,104728748.2,82414496.58,90532847.68,89858761.92,221941818
Com_4646_neg,3822956.223,5123832.442,4816757.928,4045074.995,1948145.043,9985294.592,6028807.912,8197715.817,2252789.213,8065494.817,6332397.933,4579320.979,5091418.623,1440118.406,3020581.647,4262025.179,2552830.595,3700302.569
Com_4550_neg,699676.0731,696922.4782,747431.5952,760899.7362,909082.3536,681493.5281,679463.3044,766184.7475,752926.3993,835700.254,686340.2746,1255526.043,839064.5466,902070.8796,935112.9095,792685.5647,916365.8246,804307.8253
Com_66_neg,179119901.4,222997564.4,455543334.8,319874744.4,373486580.6,363656734.2,294582797.5,249594798.5,185284969.1,327402324.2,294215546.2,433504389.6,235141556.8,271804445.2,291437349.3,399123560.6,431596097.8,384725213.8
Com_2405_neg,13917914.9,3769268.948,17029221.31,17476650.62,20053218,1444077.996,13226392.87,12423733.96,15088746.57,17940021.54,12982784.43,8738633.93,20307942.05,22557838.34,21472902.46,13901458.74,16377557.94,15202683.96
Com_9747_neg,6156752.189,3919875.439,17813998.11,8779589.945,8286829.956,11299738.84,5102157.516,17447681.27,11162496.45,23105427.63,5263297.507,7402802.577,16777660.66,17156227.7,16362372.98,7434678.917,9319152.582,7217878.45
Com_10585_neg,10228283.17,12955362.71,15906377.9,18489691.07,22662837.55,8024009.729,10753173.86,12298004.33,13755251.1,15556930.72,9659899.065,8520417.289,21012136.65,23052375.72,19579555.97,13268540.05,15909329.9,14544394.13
Com_23925_neg,24604175.25,20270678.37,19665988.3,11099256.4,16730633.18,11632656.22,9087613.668,8158408.169,8988653.865,8245954.1,8068199.125,8358299.031,9445211.021,11338060.7,9514714.506,8629790.78,9091626.031,10315373.9
Com_12989_neg,4232391.039,3693822.365,3688049.287,2877767.9,7720667.209,4306221.644,9102796.263,4151749.565,4494452.265,4025169.22,7609884.417,9247914.944,4685077.506,1749879.564,1771278.657,4344076.738,2826307.49,2977378.334
Com_3005_neg,103701738,88024595.35,82561279.03,41654929.35,2161475.934,31870941.57,24957802.58,3919562.195,1212587.382,42373679.34,23823316.5,21455453.44,30510976.27,29552801.86,31130924.68,31951764.3,32259142.93,32587680.05
Com_40913_neg,2755.885036,2629.416328,770293.811,3430.005166,162251.7323,1762757.949,3005.166589,1498245.189,2887.148195,4116.116448,3186.014389,4674.231854,3689.982091,1768894.077,1935485.315,1672525.258,3172.216098,1205900.754
Com_11865_neg,12481527.3,13078179.63,17043101.56,12959654.61,16963721.54,11035678.77,15104094.81,11182031.41,10082862.26,14443122.25,14839415.79,15721439.62,12841985.95,13148727.86,14459909.63,19126387.69,19022767.64,16463351.89
Com_44538_neg,3172719.199,5588717.078,4232149.231,4202736.62,9039604.809,9924075.916,3037954.502,3108943.226,2144030.972,5913719.424,2792015.779,1881737.56,5484403.657,6594348.393,5371727.727,4646533.686,5052278.255,4984514.02
Com_4220_neg,219687.555,216233.882,204598.8659,203440.9344,270265.0429,218673.0844,150689.7817,174625.0958,272502.7488,193376.8846,141993.8661,446123.4319,196857.5093,219568.6214,197371.5502,117741.146,431353.4602,360648.4175
Com_6775_neg,5043485.964,16280672.84,4006503.148,2011303.695,6570664.189,6694087.421,9473485.802,12620359.12,28662070.18,5880181.634,7748216.606,8413748.807,15409720.41,12999105.64,15251256.89,6120700.26,5587358.185,4402837.98
Com_3633_neg,22727885.59,27291127.7,21500559.68,22348622.59,29136067.4,23001871.55,12086125.41,14537164,16235849.84,16320245.82,10730537.54,4092943.754,24430843.72,28027724.16,27993270.52,16781058.44,16107649.12,21976890.69
Com_33543_neg,966456.6417,912015.8351,730545.3563,592283.8337,1697252.163,1457207.216,761198.1332,2447533.644,1599052.285,4429824.568,677150.2696,882686.2677,2911017.568,2652336.633,3641754.627,2294724.622,4784830.572,2705990.764
Com_2693_neg,1086085.929,2370567.733,7576265.54,3482376.802,1096812.176,7069236.153,1163497.242,1242371.992,1511410.044,1145185.504,1670809.846,502212.0503,6437523.237,2109781.322,4856326.024,333557.1299,313565.6592,686419.2545
Com_16233_neg,5420640.509,13099697.81,5085574.63,12425609.86,9594893.714,8235313.842,8530682.434,12135217.65,18936161.33,6143353.149,5405615.965,5113044.812,20044803.3,17653549.51,15906628.2,7195440.634,5618240.781,696415.8275
Com_22158_neg,206707.3997,208777.5318,201945.3573,278656.0929,244596.7911,284908.7165,2698590.915,326875.7881,295264.0633,430860.5711,3147396.718,1947294.673,267715.9589,266285.8814,285070.8676,1949701.107,1054616.127,1203590.627
Com_8235_neg,879708.0878,857753.8447,3222254.053,5351450.439,11459922.3,29809203.58,23452058.17,7203493.731,35520041.67,2279131.772,828595.1041,819540.7949,1192828.614,1642172.591,1075848.107,1072416.4,818095.2929,909553.5402
Com_18931_neg,4811751.405,7308694.567,6767147.682,5289795.631,6785565.637,8385752.242,3110350.867,5384092.13,3923894.888,4613630.346,4312954.726,3551484.666,1518212.522,2466136.086,2422197.192,3509306.667,3024076.991,3544859.474
Com_543_neg,30872065.82,35168965.82,43093075.45,59705851.48,32147526.24,179551017.3,59138061.87,253775383.3,229277085.2,186736126.3,62022040.21,38043588.71,96864217.89,82881678.33,75861584.88,38801184.04,48700069.53,39434160.45
Com_16996_neg,2406602.914,1535830.048,1799078.084,2315713.781,3401807.643,3028084.373,2274551.158,4983686.003,3322768.152,4492359.407,2464237.078,3679154.414,6123053.025,3631443.117,4586155.918,3692199.023,3354788.205,4609047.483
Com_28410_neg,780578.4552,966995.2799,875652.0888,848453.4088,1917116.697,1205092.422,770047.0272,780560.9467,813598.9814,865339.5084,457294.4637,429014.5162,826992.7718,1107446.672,658349.8507,855364.6016,961090.154,721899.7198
Com_1375_neg,5961601.28,18951293.88,7656553.359,17496472.04,5835010.317,3838817.35,14186087.9,116573017.3,49605233.82,81655626.16,12757224.15,16393400.6,40651190.35,98599479.21,44491681.85,14484831.54,25746066.2,21838658.56
Com_5519_neg,409100.1889,409359.9352,477021.1138,588168.7126,590495.1928,521460.0743,476647.5853,2777064.786,513435.7095,1636978.496,462669.4549,398685.9204,9394547.24,17474764.05,23642678.05,1044367.483,665124.9206,761077.2078
Com_6209_neg,5774152.871,4216303.087,5474408.288,4975313.658,15746491.44,4260527.128,4400985.348,2891888.599,2301551.047,6018751.743,3893275.33,1726332.889,6068529.56,5223695.996,7161976.92,18886278.14,5678772.285,6297809.277
Com_16301_neg,11467045.04,1795273.314,3016251.225,4830471.783,1231437.349,7149836.37,9100430.479,5811085.463,5522041.851,5265290.082,4671660.991,2504950.152,4423692.597,4735241.396,2938818.146,2838809.831,3019699.304,5161742.962
Com_6906_neg,4755576.585,4732292.268,7739548.11,12041072.57,10726687.86,9616936.2,6609113.605,27991527.65,15471998.14,17689233.83,5850999.566,11344723.18,22015546.29,15144890.21,19776005.13,7416902.979,8713048.49,6280780.217
Com_33645_neg,7033417.161,6916080.895,7268933.496,4965141.599,5487962.001,5624880.149,4191431.052,5569945.502,4654046.418,5787710.694,4397286.811,5051006.481,6694064.662,6028706.38,6136209.194,5047982.599,5216601.883,5323859.555
Com_28203_neg,686890.577,715894.187,899213.3584,955037.9643,2379055.956,1252179.133,419698.8142,685673.629,548698.4445,1039004.96,516824.5988,510099.3612,863052.3569,1155467.429,1171024.452,1605471.314,860671.2888,897543.8489
Com_18508_neg,7069208.171,9692404.654,13355748.92,15916811.81,24238305.33,17029898.36,9857027.46,5700888.056,10301683.58,8064413.779,8596732.261,6634751.679,17062978.38,20733018.22,16336470.89,12064785.72,16784646.48,13111596.5
Com_1027_neg,1183085.133,2093596.963,7240665.937,4309692.837,2116667.938,5674118.811,6708704.551,7096465.597,4364475.935,7662467.589,6533688.76,9423648.033,10227960.47,2127632.94,9054883.636,2039092.458,1114284.044,1608290.046
Com_1518_neg,898917.9376,1584995.231,4366092.874,5558304.392,4586931.31,3597619.639,971417.525,1225407.866,975173.6486,2373461.372,1168992.395,4668924.489,7027913.371,3506571.971,4897183.231,2089471.087,7114996.818,8301798.746
Com_4909_neg,1220627.377,1675493.699,5429824.324,5928219.538,6735110.412,11099760.39,1322252.24,1463444.223,890931.0446,2559220.044,1459827.735,1191785.804,2690192.195,3273901.33,1072984.199,1426253.304,2330028.537,2295203.7
Com_30176_neg,1200261.684,1414038.965,1778259.585,2230934.396,1930412.621,2666220.535,1638304.251,2468176.866,1972268.388,2389410.765,993164.6853,1911672.203,2491662.596,2258821.342,2681357.802,2045657.742,2354105.031,2043919
Com_35558_neg,46936430.78,42846675.98,32992160.96,15518519.14,19947805.23,18589339.49,18181597.24,14697448.37,18360073.23,12404174.3,16020272.09,9393546.515,12406641.08,11794023.63,11914344.1,18528315.86,18617678.82,20948031.43
Com_18230_neg,2007675.774,2447326.796,3830157.76,3739619.175,2715754.678,3680545.571,1973544.306,4620733.728,2345931.729,6030879.17,2928731.59,3073664.305,7248662.891,4334007.762,5194846.762,3300854.007,4143963.571,2925429.586
Com_25647_neg,949417.9099,331890.9699,1111637.301,1291684.061,1185461.11,1205181.458,3783787.327,1472188.302,1522287.184,1685295.017,2091065.028,5357317.377,1661590.356,1710294.817,1803422.664,499322.585,1439754,1313888.533
Com_12043_neg,413276.1896,590100.9738,2193408.162,5079307.643,2126596.965,1772981.88,772351.8801,862837.7821,324381.0218,797894.7516,1378428.069,3199566.534,1167919.482,2228191.308,754362.1975,445137.5914,703277.9745,652490.4265
Com_15599_neg,14849919.41,14594916.01,11414523.76,9084926.409,11776820,16610762.47,22439827.77,5439614.558,11978852.88,12731082.23,26488967.35,16665293.26,6817406.612,6616185.618,4208303.035,14078207.54,6102806.35,6981706.842
Com_28616_neg,1416487.494,988699.9673,1517503.48,2151254.268,2130442.364,514554.1535,1614827.985,2193677.166,1284130.031,2006299.351,1365807.003,2309455.967,2850420.288,3425883.611,2138164.778,2144101.795,1904148.843,2272892.896
Com_11875_neg,11176832.59,12497330.7,7078482.606,2795027.09,3357299.915,4710438.808,2555784.603,2446391.984,2381392.934,3191374.172,2906235.119,2639120.277,3388187.052,3527934.491,3158095.278,4107330.217,3764951.854,4591538.57
Com_4410_neg,10314312.6,14402696.02,14843022.18,19361462.93,20879966.66,5491383.581,8807191.473,47077177.07,29825598.99,39002309.54,8946349.168,10518574.31,37101098.78,43711954.2,55294569.94,40959477.28,33333288.6,29492659
Com_2889_neg,21337993.39,17658114.75,14905265.26,1111784.541,40180058.25,7261198.103,57207829.82,13644694.56,31176267.08,34844268.97,38270164.01,973703615.5,13224079.6,6377779.915,4065139.162,10520510.41,19962058.83,24410825.19
Com_3920_neg,6958410.408,7016300.871,8366915.083,5996663.912,6384489.096,5499200.161,5997550.386,5686823.603,7650970.72,16563713.75,5667426.004,11016916.66,7468957.92,6603061.108,7323549.845,6752508.46,7236171.708,7113599.636
Com_20079_neg,4229513.036,15151771.97,9799320.763,10361264.05,11497581.21,11225530.54,3871909.175,5730552.412,4177990.741,13736705.63,3854781.504,890900.4093,15453485.63,21636719.91,18230503.79,5224458.332,7700978.332,5764958.926
Com_22747_neg,472842.0528,479371.5607,556563.5622,535955.1527,636514.1312,553333.2139,469470.2995,604283.3432,526363.2584,628515.0706,442144.212,571674.0455,595212.6652,570543.9034,543301.1464,1045091.924,2247359.357,3911875.764
Com_46402_neg,674061.7429,588665.1162,941990.9085,316523.9467,353285.2814,392111.3403,924869.0332,825852.5588,531633.3936,266860.7648,461452.8655,1063502.11,458903.4433,475132.3697,387680.605,401852.7032,469135.5771,818884.0365
Com_44114_neg,3157090.757,3163941.564,3168432.173,3196534.391,3963992.186,3779652.93,6186771.876,2482291.373,2196622.692,3227943.052,6151734.321,3498529.138,3364437.976,3933483.142,3739379.303,2853938.185,3179131.263,3266644.843
