Level3	CW1	CW2	CW3	CW4	CW5	CW6	OW1	OW2	OW3	OW4	OW5	OW6	PW7	PW8	PW9	PW10	PW11	PW12	CS1	CS2	CS3	CS5	CS7	CS8	OS1	OS2	OS3	OS4	OS8	OS9	PS7	PS8	PS9	PS10	PS11	PS12
ko04610	0	0	0	0	0	0	0	0	18.17356441	0	0	0	0	19.46747802	0	0	0	0	0	0	0	0	0	0	0	0	0	6.35874117	0	0	0	0	0	0	0	0
ko01056	1.96566865	0	0	0	0	0	0	0	0	0	0	0	0	0	0	8.86242471	1.73565013	6.13611714	0	0	0	0	0	0	0	0	0	0	0	0	0	0	0	0	0	0
ko03240	3.29364547	1.90442232	5.04135208	1.21061974	16.44147092	2.49004797	0	0	0	6.01569232	4.9363077	0	0	0	0	0.98998323	0	0	0	0	0	0	0	0	0	0	0	0.98890122	0	0	0	0	0	0	0	0
ko00624	29.65773329	523.3013122	333.6195188	372.7146291	11.7147567	30.22085955	11.97994215	20.57960209	71.51601063	16.76231626	201.3315763	1487.616391	34.54695968	89.58948626	28.01524773	45.27802267	59.24180474	18.42886824	11.6633373	3.84387269	8.45201619	9.73265042	15.01330315	10.8835001	0	73.38326186	25.71844186	3436.027545	36.21295724	0	10.29703281	17.03763057	7.51029655	37.03703602	41.8386537	52.49838513
ko03266	0	2.90521568	3.27820192	5.43945457	0	0	0	0	3.86367037	0	3.80943245	5.23522219	0	0	0	0	0	0	2.17207429	0	0	0	28.78400653	56.29858761	0	0	2.8431256	4.19164426	0	3.42827044	0	0	0	0	0	0
ko04215	1.76487454	8.23797619	15.92879847	7.052908	2.23454537	6.76840313	10.51408013	6.43962543	19.38060008	9.04155339	6.88297727	5.14368451	0	8.83115594	0	1.59142465	7.31009009	0	0	0	0	1.01057213	20.08605746	9.10053763	0	0	1.10028807	14.63769625	0	0	3.3268938	1.78325118	0	1.50536283	5.1277126	0
ko00571	13.20424421	996.0566419	466.2548904	717.7186056	12.454953	5.21896967	46.29472618	104.324629	112.3099563	22.01409712	342.4706478	2577.99948	25.97262846	106.4191879	23.94688154	14.32213384	46.59068603	8.11612118	15.71552162	1.99140392	11.61166577	20.91499142	22.49516361	17.64089278	7.78915427	34.20610303	67.73677532	6417.666597	51.22795087	49.22080061	29.99096754	15.66749131	29.46532685	10.37519476	13.24164979	9.46360591
ko04744	0	0	0	3.23192235	0	0	4.25000157	0	0	3.21195001	11.02455174	9.58094895	0	0	0	0	0	0	3.87470807	0	0	0	48.54779487	82.37719019	0	0	17.47993358	1.72913137	3.0363706	0	0	0	0	0	0	0
ko00073	0	0	0	1.99986356	0	0	0	0	0	1.98750498	2.92848413	4.89789171	0	0	0	2.79249986	0	0	0	2.62359565	1.9751335	0	24.75720417	8.16972374	0	0	2.55860638	28.81815824	0	8.92644	0	0	0	0	0	0
ko04670	0	13.13268239	11.28953913	7.67990778	0	5.31803103	2.59553667	0	7.65731286	4.90630753	7.21918106	10.13579826	1.23934358	0	1.54285172	3.51632095	2.07038266	0	4.77530538	0	2.38332776	1.49544259	97.47417927	111.1741261	0	0	14.51962013	33.70792571	0	22.80006362	0	0	0	0	0	0
ko04624	0	0	1.90323772	1.8281581	0	0	0	0	1.70721363	0	0	1.83761587	0	0	0	1.49497467	0	0	0	0	0	1.49544259	26.63364768	12.06710244	0	0	3.25640812	3.11243647	0	0	0	0	0	0	0	0
ko04658	0	10.52129242	10.79649368	5.83935205	0	0	123.394203	1.48976409	1.70721363	8.51144894	20.18878986	24.02461752	0	1.10732444	0.85936041	1.49497467	0	0	0.85323882	0	2.33659584	7.94929137	113.0807988	104.0344048	3.4174637	0	31.59419683	13.45314552	3.17691178	0	0	0	0	0	2.19075361	2.10807261
ko00232	0	394.7247981	195.8749874	204.4587762	0	0	3.04743661	10.01321005	41.44720098	9.0765435	112.4910128	1024.979547	2.22446283	48.57961636	2.07450356	0	15.76445212	0.81717031	15.09023353	0	0	9.30704356	56.67696456	44.32029689	0	4.63638471	26.61421716	1301.103441	9.48816031	0	0	1.56455056	1.89940377	0	0	0
ko05416	1.76487454	15.19391751	27.22977403	8.32251681	2.23454537	12.08643416	13.10961681	6.43962543	19.38060008	11.40662889	9.93445346	12.52258599	1.23934358	8.83115594	0	2.64858531	9.38047274	0	6.56138308	0	0	0	46.65630432	41.18437076	0	0	6.32255401	29.40488105	0	38.11078596	3.3268938	1.78325118	0	1.50536283	5.1277126	2.20914459
ko05130	11489.24288	12964.36559	13013.7241	13497.01143	12571.54268	12861.48337	12993.73436	12724.15455	13188.62027	12351.60028	13066.59594	14113.55074	12443.49527	12996.0825	12995.53946	11142.94411	11714.1144	12352.83936	13264.82967	13391.58633	11970.03956	11739.27477	9518.410082	9961.190123	8068.645894	12021.74112	12746.66565	13062.17964	12844.33462	6681.284853	12931.88573	12777.73649	12847.54304	13082.80959	13047.51914	13066.06548
ko00524	10372.54731	11059.54859	10513.38916	9901.689961	10500.07183	10059.12304	10570.4968	11181.4947	10528.02404	10136.61554	9788.48022	8786.672909	10237.99268	10737.01325	9464.587733	10562.23852	9854.915712	9481.418219	11335.29704	10513.10973	10487.53918	10129.7593	8452.904575	8355.968609	10194.44518	8918.060529	10126.35604	8286.25899	10524.22465	7424.911153	10857.10763	10381.76634	10085.67125	10837.15743	10176.84664	10704.02705
ko05133	4904.38696	7138.159997	6846.198135	4554.360752	3470.824862	3710.00559	7753.238444	7585.372188	7130.337831	9082.14846	7603.470677	2464.295741	9460.078641	8526.12713	6759.392396	5473.787323	8343.19526	6847.442095	6924.168772	5256.879454	6553.135447	5737.146933	3678.390646	3469.268796	8912.127121	6627.117176	9138.516953	3877.459641	2973.923462	572.7736715	5418.25819	5052.303811	8071.174409	7853.724227	6418.577766	7138.105475
ko05012	11851.63008	12103.21994	11652.5587	11250.87529	11609.76159	11889.76615	11672.85894	11381.02286	11588.23105	11164.44718	11515.60537	12661.41482	10743.6334	10457.22222	11436.31215	11630.04174	10554.06582	10314.68233	10872.09452	11960.44775	12041.64639	11951.27082	14611.86137	15834.33664	16794.32255	11645.37196	12132.14665	12930.76108	12256.33212	9062.219269	10712.43792	10579.69612	10546.6499	10192.0802	11742.9499	11568.9737
ko00405	554.2748201	843.3859048	785.5181378	850.1135839	585.239687	720.1700245	702.1426006	675.4688178	648.4481415	590.6836271	591.5970706	2017.691451	491.7379873	649.4416865	823.1536498	1164.72152	513.5072228	932.2188704	1169.255465	1195.247687	540.469516	1339.874548	3780.144151	3560.526399	3197.369372	2092.882381	852.0644311	3444.576227	1305.878262	5446.22333	547.9147222	677.4648604	550.866981	580.1408544	622.9761279	554.0964683
ko04630	0	4.41338064	23.38018781	10.02439387	0	0	0	1.38151134	3.43681057	4.35018244	17.4269123	16.96872347	0	1.29783187	2.2070287	0	1.00295354	4.58050115	8.82718173	1.56669693	5.8038256	5.07127889	208.0618361	173.7078795	4.33190952	2.30158567	22.37703663	22.98462092	2.54826216	0	0	0	0	0	1.17608878	0
ko02025	4372.016984	6055.445559	6003.4999	5158.940819	3961.746267	4706.496404	5651.219261	5680.620955	5573.598215	5488.563728	5691.192014	7520.763585	5252.861144	5290.969396	5473.767118	4728.227396	5575.770899	5014.290845	5437.017699	5972.412206	5250.576967	5294.2955	7356.783244	7225.981523	8417.295422	5897.115148	5802.948881	12660.8352	5030.484866	9075.551825	4287.37248	4210.158444	4906.459785	5538.590617	4878.487078	4710.556409
ko00030	141006.9453	149818.3174	139376.174	154031.308	148102.2968	148931.0892	145162.1722	147195.946	146273.1365	131273.3597	137650.2218	158616.347	129068.5621	138990.0422	140425.3389	135498.8805	132047.2935	141591.5204	146204.361	147206.7009	137548.9347	143448.0763	124960.1288	126477.6667	110909.5345	131068.8773	132024.6309	138591.0709	146891.2487	117349.5595	145157.0045	145126.9387	137313.6354	141950.397	148411.0695	148085.6567
ko01524	6539.24195	6508.863914	5996.540456	7429.835607	7398.398885	6843.366057	7047.906936	7909.894559	7921.709903	5657.219952	6880.786351	8015.740202	5348.390682	6371.031536	6080.533584	6681.576091	5635.542875	5935.945374	5380.739033	5597.160489	5440.872525	4892.206995	5691.280345	5636.641622	1884.093069	5592.693064	5583.563277	6651.307203	6195.96984	3594.914782	5993.506238	5775.765589	5311.314989	5381.325459	6411.716709	6522.167846
ko00600	55502.45057	61094.74705	56928.88128	54399.19276	54338.39407	53470.80975	58743.72706	62770.50076	57122.21395	57735.29892	54657.58558	44445.59774	62168.00657	61588.20398	55606.92484	53027.62093	54316.41852	54380.50814	53522.4323	53115.46233	53354.41044	53645.95533	39062.97308	38677.33872	56685.56114	38928.93806	53000.90244	37932.38918	51026.25831	29062.00776	55352.62756	54134.80109	54387.58889	57331.38222	57807.36242	59127.28203
ko04341	0	3.51469649	10.44633103	3.20960525	0	0	0	2.53496366	3.9377523	6.55235051	1.25081017	9.51303628	0	0	0	0	1.71510989	0	0	0	2.64974495	0	61.3570713	50.73808151	0	1.39717305	11.44884826	1.36889567	2.83051497	28.91778824	0	0	0	0	0	0
ko04923	0	12.86438706	3.07475548	4.63706746	1.99837391	6.41831331	0	0	1.10106937	2.07941272	11.41256344	7.07721614	0	0	1.54285172	0.96418562	1.66582513	0	0.80723085	0	2.90649727	6.94947237	94.36897885	113.4023484	19.84184562	0	19.02915077	15.00372026	10.86181354	10.25693919	2.97527088	16.92035669	1.86665543	0	0	0
ko04914	9310.832751	10559.68849	10796.92338	10972.21961	9574.206439	10240.51652	11238.58222	11011.25491	10794.54707	10787.3858	10369.00593	9598.010491	10797.77973	10949.698	10536.73765	9049.093165	10612.99216	10536.66903	10906.19067	10226.63215	10491.84609	10146.4156	8947.980452	8623.599337	7691.899416	9111.576872	10465.21189	6913.319756	9749.942771	6245.632623	10651.20315	10374.82641	10387.15344	10668.13387	10992.77228	10852.61264
ko04011	1489.192117	3219.360924	2528.527056	2414.680125	1232.462331	930.3182576	1660.308311	1503.44256	1712.778852	1768.359614	2342.284121	5444.216915	2286.827349	2342.39827	1836.058001	1557.758806	1747.981463	1588.396244	1766.152396	1331.771754	2557.660924	1522.349463	1942.866078	2019.353772	2451.584663	1306.90391	2344.055437	9419.312627	910.462773	231.6359127	1508.794971	1504.026371	1943.715336	1952.644871	1521.455425	1604.34421
ko05014	4362.158242	7116.256164	6565.380036	5738.212896	4194.203592	4021.63958	5243.97462	4881.934104	5057.463077	5538.236297	6125.343433	10348.05819	5472.837236	5439.165225	5889.605318	5347.188168	5038.547681	4691.185888	5245.486115	4887.180312	6264.552103	6205.467895	10233.33992	10900.66508	7024.435675	5436.834141	6071.632849	15386.71161	5310.39792	6680.006222	4375.271193	4312.640911	4523.315388	4814.873119	4754.465808	4691.567409
ko05412	0	7.14004466	6.81771902	1.32107775	0	5.31803103	2.59553667	0	0	4.76051334	1.31781786	14.13873664	1.23934358	0	0	1.05716066	2.07038266	0	3.96807453	0	0	3.24194489	22.7434946	9.6963374	0	0	3.11482516	14.85344582	0	23.95116172	0	0	3.13814537	0	1.61925267	0
ko04142	30569.28515	35530.58984	36019.94889	28896.53423	28533.20956	25680.54346	32467.59914	33072.19806	34015.80863	34510.6992	30140.30176	21011.22583	43268.63713	40001.08378	30149.05241	30287.16671	32238.56744	31048.42004	30947.52953	27190.68148	28704.74875	27933.38628	21330.51548	21378.66557	37183.49626	20859.85914	30977.63599	21288.4667	22633.20718	9849.626764	31870.41192	30305.27287	33877.40572	32285.4282	32432.91255	33716.51038
ko00310	16130.24805	24117.93393	23168.25675	23047.57841	17254.17907	16452.23992	17751.99029	17951.99958	21200.61073	18847.49106	20687.86173	34988.49835	18592.07945	21257.1483	17922.99546	16666.2904	17732.24206	18331.5773	18787.47739	17006.64611	17064.93895	15963.59014	13785.91197	14036.65268	17428.20749	16580.48646	15955.74136	52240.89881	16261.75509	18500.61794	18805.52377	18368.37015	18540.22909	19146.03812	18652.415	19448.84459
ko04930	5977.035647	6774.055804	6366.4275	7265.993413	6585.935759	7302.483317	7079.173569	6832.798588	7118.58046	6732.600282	6949.023617	7981.984712	6055.069964	6014.101421	6969.425685	6301.098975	6092.223871	7072.819236	7251.696386	7893.924461	8028.924284	6987.065956	7533.081496	7748.099694	6863.653965	7143.97318	6338.52978	6056.18865	8583.324034	5770.804384	6801.048275	7159.024903	7303.74354	7158.663995	7393.743142	7035.40279
ko04626	34040.79788	37832.82903	38091.29657	38383.40599	34768.72681	35806.32023	41419.57454	41222.62607	38900.93184	39310.38655	39200.702	34819.033	36896.17022	38471.04467	37297.76618	32929.07622	38109.32298	36220.03186	39624.02794	37812.36071	36092.52935	34287.97054	27808.34561	27394.96468	28496.23146	33413.19966	37157.34259	28577.64348	35737.13691	21673.50654	36380.97253	35648.041	36818.30679	38419.21783	36908.66392	37361.65143
ko00740	18827.59114	21128.07701	20570.49651	20100.62126	19548.54178	18114.73422	21209.64909	20672.47634	21669.77452	19247.01939	19763.26428	20735.06939	21540.63866	20315.72093	19702.48365	20458.99774	20533.97903	19640.41273	19149.41836	18595.09064	19784.02119	19186.47403	23869.28468	23545.00417	23247.24743	21043.49141	18610.33576	24204.47374	17745.43762	21021.94282	17136.45847	16849.73944	17935.06185	18592.95812	17373.47929	17753.76573
ko04922	34685.39041	37686.69012	36657.53182	42853.62568	38287.78577	40552.71695	38676.06685	40754.26001	39593.30999	35414.39609	36453.32168	44280.0967	33500.33664	36301.98369	37870.45384	36263.4269	35230.32565	38300.65541	37785.71254	39195.02795	37378.96761	34419.57035	33198.9782	33882.39693	22557.74948	35534.83591	34550.64762	36481.29654	41384.19429	24062.58909	37888.37273	38168.02766	37267.52925	38423.75773	40828.96225	39974.71446
ko04066	36801.89733	39734.49557	38436.72592	41624.60606	39187.46729	40253.67407	39945.49848	40050.62891	40972.34048	38254.54827	39668.42873	41195.84567	37503.08759	39705.10225	40506.14234	37164.30607	37102.15017	39876.65739	41847.22648	41466.47718	39984.83627	39784.1998	33655.16352	34090.21318	28339.29201	39105.07904	40265.08114	35686.826	41360.01032	24407.5329	40732.43419	40852.40594	40890.23728	41255.45357	41034.91477	41137.9749
ko01054	1326.165544	991.7262779	1178.464297	1396.223422	1483.379237	1902.364518	1227.684924	1571.706881	1214.874303	1150.26103	1247.47296	1538.982959	929.4622819	1205.429493	1304.388079	919.6496258	1061.121569	1273.239357	1303.083487	1139.713125	1175.873093	1164.436223	1023.163215	985.593098	1114.584434	1016.213488	1191.861714	863.1694643	1268.150951	852.4647123	1573.513759	1531.387044	1100.309211	1281.958055	1284.211238	1281.022082
ko04141	11405.24139	14168.79213	14258.32164	13673.86599	11677.48749	12285.70902	14184.43715	14002.08875	13457.16134	13970.05862	13729.63706	13996.20905	13520.68921	14230.40271	14124.80971	12067.59165	13556.92159	13753.72823	14213.64482	13278.3004	12976.85485	13673.49529	16365.76749	16371.73013	12165.16831	12629.0536	14432.51024	12675.50743	13184.59558	12647.45416	13404.05562	13066.65013	13146.12318	13724.59402	13557.86849	13482.53908
ko00604	9305.401088	12589.45429	11757.57121	8551.061765	8101.913088	7212.588162	10926.10526	10298.57018	11859.71399	11941.95106	10730.40326	5510.713482	16181.24296	14282.89535	9591.498889	8847.40719	10297.05338	9564.154456	10160.06994	8475.784135	9800.05787	9623.714728	6317.417908	6391.097852	16101.4503	6375.890827	10733.73951	6643.539868	6193.62675	2046.4335	9878.008946	9320.807388	12748.39018	11505.70405	11142.30692	11729.69873
ko04724	17395.02009	19672.56829	18395.56964	19481.02333	17799.92271	17842.48961	19373.54936	20180.29352	19765.65718	18043.29894	18574.95793	20690.03914	17204.26273	19256.42695	17630.6059	18284.76669	17882.00575	18104.84033	18548.91624	18220.41451	15613.57592	17317.02994	16516.60519	17029.334	11846.87418	15457.40737	16710.53945	20505.40613	17644.33207	15283.28221	18064.7346	17835.4605	17179.23294	18558.25412	18404.2437	18642.32094
ko05215	9310.832751	10548.05108	10788.57182	10967.70934	9574.206439	10240.51652	11238.58222	11012.63642	10785.7612	10780.39894	10366.65192	9554.436421	10796.95936	10950.99583	10534.25763	9046.634004	10613.99511	10538.3436	10907.0065	10228.19885	10491.02008	10142.99984	8846.514554	8488.490638	7696.231326	9113.098947	10435.13922	6902.457949	9747.680781	6219.416577	10651.20315	10374.82641	10387.15344	10668.13387	10992.98242	10850.85015
ko00680	145339.3645	159629.0906	153021.3563	165796.045	156208.8637	163565.5843	155796.9326	159105.7968	162241.3484	148765.8397	149918.7372	173384.494	145827.3633	159173.4106	162864.8982	155619.5019	145964.5961	163689.4161	162711.1909	158289.8472	146882.8241	170998.5091	197314.0461	201284.8076	103295.0903	158116.5032	150887.0433	138461.5711	163445.9409	163954.9294	164292.4607	163060.9333	153229.7427	159912.2095	166220.3157	167611.4696
ko00625	11271.067	13276.18759	11511.27766	13296.13221	11947.937	13160.11114	11982.77323	11688.37892	11936.0618	10740.38374	12444.55418	17974.40126	10502.44274	10442.05253	11356.44166	10450.7063	11055.48188	12153.03646	12420.94863	13172.23752	11297.80445	12170.5128	9991.01313	9751.767894	8411.69276	11087.38101	10720.61683	22724.76064	13361.53066	8339.810932	13129.33493	13725.52834	11756.33427	11960.72368	13178.2109	12833.74427
ko00998	8397.98085	7813.027474	8761.838509	7920.276318	7970.454751	7941.659756	8617.071163	8179.366273	9122.03966	9354.595908	8110.945982	6946.196841	8250.172752	7235.020265	7899.411035	7202.523429	8625.956972	8643.10248	7799.820278	8869.196512	7685.164199	7115.338897	7910.655717	8007.57107	10025.66446	7530.281843	7779.752731	6188.358672	7453.887631	8233.255533	7083.754249	7060.339316	7212.671006	7557.657959	7110.515471	7500.284083
ko05208	4703.57335	7458.913311	6422.853695	6113.975592	4681.747774	4164.668506	5512.848841	4915.85724	5529.233674	5747.229369	6018.794747	9770.956738	6923.174513	6088.682032	5765.455635	5306.168575	5749.118253	5160.118285	5494.710544	4824.487421	7137.444845	6092.841628	5869.515257	5761.722106	8706.567293	4840.551481	6283.76189	16150.89429	4573.090841	4036.200741	4880.85108	4782.507896	5438.967199	5097.730362	5320.607193	5275.87152
ko00121	4882.331375	4980.043347	4609.091255	4376.439534	4685.205949	4563.111715	4384.25225	4707.663664	4598.135957	4587.240907	4641.450689	3438.453649	4738.551085	4610.981508	4581.815459	4801.209888	4526.913363	4400.619447	4835.180119	4724.266	5040.587555	5468.527693	3501.549724	3671.48503	3875.094368	3966.228782	5017.591643	3385.729045	4421.064508	1084.714408	4729.393249	4823.83521	4495.852472	4613.93584	4920.429132	4961.592713
ko05214	30.42856151	46.68191828	43.27818295	101.9930985	20.64260281	30.09812007	65.18131999	55.0629823	91.31757702	102.5483283	59.09845599	41.81445226	184.3917098	81.95903414	72.82658866	27.75843181	68.63655151	89.39626709	64.14123246	58.30008117	30.3756529	15.28795128	332.4071869	343.501235	4.33190952	5.35466752	115.6733126	54.85505937	11.59558878	0	3.60723631	11.12357289	127.2708008	106.9202114	30.28741818	24.76534953
ko00965	0	4.4921193	0	3.06758732	0	0	0	0	22.84086618	2.11610824	18.00725983	5.08878241	0	1.81957332	0	0	0	0	0	1.94454736	2.10293626	0	29.50356315	43.36852871	3.89457714	7.4939282	10.37000236	55.1893047	0	717.9857433	0	0	0	0	0	0
ko04213	13641.11776	18530.38251	16971.92478	17104.70621	13687.94767	13450.16835	17329.57554	16601.94886	16959.48386	16673.75312	18315.03458	19975.89645	17682.27802	17211.00848	15743.27766	15007.32406	16099.24475	14945.18186	16988.57593	16046.52698	18694.13185	16687.77489	13453.49771	13371.67833	17091.09357	14800.43537	17624.58726	26063.29512	14536.40641	11820.75512	15589.20504	15573.93122	16428.8442	16467.25552	17239.43838	17092.46788
ko05016	4194.923104	5596.700671	5634.728678	4677.379456	4134.775287	3955.954105	5558.492296	5009.648835	5199.762035	5997.940141	5705.8354	6130.290365	5648.508504	4916.384437	5394.026234	4801.063969	5198.955593	4643.886926	5444.531463	4862.011665	6172.176886	5975.849053	8415.928938	8539.98533	7800.588126	5675.276377	6271.529166	8356.7571	5404.837641	6087.592483	4291.43606	4113.513322	4437.931963	4145.878047	4615.657785	4371.256161
ko00642	284.0087938	628.3129222	358.4314247	532.0171485	327.6757328	165.5241507	81.78539739	101.4384158	159.895896	139.8703261	222.897362	1381.096262	57.20416247	161.8799437	106.2318725	63.04752178	137.8159609	100.1466463	119.1442525	147.0388803	176.5109098	142.8329665	74.30083229	65.75006352	60.06691047	112.3524053	123.3256557	4013.103162	85.19411572	154.8089635	248.3014455	229.2538495	128.3412494	158.7223017	95.45021233	145.9208268
ko00550	162274.1649	158756.3184	152227.0453	169159.3489	167642.4312	166893.6381	171152.4851	167951.0285	169461.8403	156601.3149	164934.4126	164913.4001	151919.5113	159737.0404	164966.8583	161292.5478	158113.3967	170092.6162	173582.6703	173774.4911	172054.7061	160512.4692	145082.4843	143159.2353	115778.5497	169423.3598	167193.2159	135368.9994	173755.6677	107920.7209	170676.5692	175350.3567	177072.1778	171113.494	172709.5593	171891.8583
ko00830	2810.295817	4495.657374	3759.142713	3842.507526	2654.665958	2805.983836	3911.440643	3352.272798	3422.050901	3629.152168	4430.405171	5974.585445	3755.29429	3760.535434	3266.12112	2632.164572	3491.367871	3371.910474	4019.900748	3750.584139	3040.831405	3694.246414	2460.590442	2389.480917	1853.63714	3087.003688	3359.483124	9239.09639	2483.92314	1395.325185	3455.372141	3554.995545	3560.470397	3581.758861	3010.989468	3085.237599
ko00362	24878.65595	32944.24885	29011.07585	33039.32315	26529.93832	24984.20566	24989.94323	25602.16238	27734.8532	23024.78552	26551.78703	48328.04048	21951.29529	25912.35076	25063.67905	22679.8642	24130.91561	23959.92917	24775.71433	24600.87258	22615.09896	23358.13643	23191.32502	23252.72005	23479.69424	21269.96251	21753.45326	72035.91221	26069.97963	22037.98072	24392.9563	24019.5109	22313.46878	25111.99591	25537.83452	25554.86675
ko05230	17871.11602	21196.20226	20223.45464	22467.20685	19012.54249	20785.92785	20391.46321	20948.61098	20877.10778	19358.43791	19729.33879	26398.75742	17461.52273	18512.27428	19461.87809	19479.82256	18860.92008	20641.34683	21084.70958	21516.70962	22111.26946	19791.93238	19460.38451	19839.98004	21172.15396	20716.07567	19160.68461	28355.29493	22489.3461	19446.43056	19895.08171	20287.69082	19431.44798	20481.2669	21009.11043	20334.26812
ko05415	16703.39487	18685.16807	18923.79208	20566.54313	18436.47754	19132.75729	19503.01091	19010.86957	19571.76044	18076.85336	18901.78974	23387.72095	16655.80077	18078.52048	19384.02864	17592.13046	17612.75935	18820.26394	19678.81628	19386.42409	17551.09509	18265.35799	19057.24504	19513.51157	12930.72187	20305.01676	18360.76021	24328.86955	19988.85869	16214.56259	18844.04798	18915.19109	18402.91062	18244.01039	19192.96372	18990.95055
ko00525	14828.92648	14099.75651	13635.94706	13084.99801	14671.72774	13895.9355	14509.30889	14031.38554	13242.70192	13857.82549	14488.07524	13256.96477	14587.44085	14003.13057	14760.02765	13508.25125	14078.73009	14138.78851	14989.42778	14398.98289	14128.60813	16045.52857	15049.15033	15495.99696	17375.64063	13242.71967	13579.57755	11803.65885	13788.8956	14175.62001	14495.0742	14026.91961	14669.41684	15343.02641	13664.9057	13221.14106
ko05168	43.53808038	105.9934096	169.4253356	149.2530279	131.4444177	116.6464654	69.785204	62.46248785	114.9118517	89.58638962	118.4148537	269.6543616	137.9176136	192.0800714	264.1269187	274.0588097	51.94158649	209.1255447	110.0750902	118.9903406	106.9530945	433.1469766	1549.288275	1865.454795	33.4166802	248.3234062	197.5780229	126.3303837	180.3532567	650.1604597	94.44751213	130.2992294	71.63885116	147.8421252	103.8348884	149.9148902
ko04151	14136.03331	15754.10599	16013.47678	16875.09975	14903.72124	15060.92733	15600.06395	16149.56309	15794.07562	15152.65946	14675.05351	16855.14628	15403.01666	16213.80078	15114.64034	14190.94816	15401.45081	15208.38283	15647.25972	14323.09867	14214.07818	13548.66065	13099.88145	13038.0312	8479.505	14041.79304	14285.42995	14150.70237	14478.92975	7140.99134	15810.78063	15405.59733	15019.24616	15458.83542	15636.61253	15695.20904
ko02040	24729.61342	25691.52217	31609.30969	27990.9624	23953.62693	30476.22125	33962.78612	32981.84947	29991.99336	32100.69218	29965.56975	27771.6759	21709.89735	23054.19009	29161.6416	20156.32822	32083.53473	22256.26554	22626.45395	27882.83676	24949.80398	17578.10977	15983.25716	15757.45975	15225.32563	19475.15917	26687.75738	40351.91625	28942.68161	9853.565853	22049.7139	20104.26227	22553.4603	27535.24448	21957.63696	21048.33776
ko04214	4178.96179	3050.29609	2957.230665	3147.981796	4100.481012	3933.66578	3360.86888	3026.519656	3188.358539	3062.462594	2959.771057	2991.64959	3031.176411	2730.347016	2925.724197	3681.448478	3093.349627	3517.084492	3400.982641	3947.207475	4624.562589	4137.712541	4292.500579	3922.422414	4713.885218	3499.636199	3103.922517	2035.990328	4014.866022	1465.472464	4082.94549	4222.811625	3841.264681	3242.800057	3888.670648	3571.488934
ko01522	30.42856151	47.53236489	42.36059763	98.89970789	20.64260281	30.09812007	184.181364	55.0629823	87.99776494	95.69929121	50.16902883	34.76068957	184.3917098	79.84151899	72.82658866	29.25340648	68.63655151	89.39626709	61.23392515	58.30008117	28.42210556	16.46506433	269.2359783	223.8388682	4.33190952	5.35466752	95.14275357	40.85989519	5.72517394	0.54192591	3.60723631	11.12357289	127.2708008	106.9202114	30.28741818	24.76534953
ko05152	36901.55312	39850.49452	38138.40004	41787.69822	39733.50718	41740.39011	39521.86231	39728.59089	40460.424	37231.19855	39046.8146	43544.01077	38168.6763	41183.9549	40129.75116	36581.62235	37665.99728	40183.46783	39168.52643	38502.0639	37769.15492	38834.59223	28017.55797	27868.0911	19986.87109	34991.20481	36814.01939	36698.40137	38273.88316	21359.85627	40552.52886	39557.62067	39080.31688	40910.26229	41777.4454	42226.1091
ko04370	30.42856151	44.07170585	27.1481434	97.3685325	20.64260281	30.09812007	65.18131999	53.68147096	91.06777759	99.08935071	42.49709263	25.81548042	184.3917098	78.54368712	71.47892037	29.25340648	67.63359797	84.81576595	54.7045006	56.73338425	30.87177325	10.88502662	172.2619763	161.9660417	1.50317012	3.05308186	92.4008451	41.36517953	4.64182743	0	3.60723631	11.12357289	127.2708008	106.9202114	31.30208301	26.87342215
ko04130	0	1.66986004	1.18131996	12.19432514	0	0	2.20227354	5.62356783	9.2112947	5.58641543	16.77678037	23.96470229	0	2.96703695	0	0	0	0	2.06489145	0	3.28734863	6.67890249	106.8978816	137.5959535	0	0	34.68067515	6.65655239	2.09404869	1.9231761	0	1.08393699	0	0	1.09537681	1.01108185
ko00903	2483.355149	5477.304258	4648.587844	3966.231624	2456.965913	2238.473938	2826.349108	3044.909649	3076.399316	3082.084273	3742.358727	8080.793163	3354.25071	3282.751143	2739.149257	2799.460184	3216.274342	2731.303261	3198.186643	2845.502404	2776.952428	3134.032617	2081.013893	2037.113571	2562.170189	2240.989089	2738.193948	15317.6786	2413.519764	3843.30837	2824.082068	2789.819687	3103.005214	2955.867306	2643.534029	2964.941305
ko00430	23838.42658	26506.5611	24952.9709	26879.21334	24617.40061	25530.75071	25715.61456	24980.05971	26418.44586	24931.47913	25608.1876	29991.42459	24928.42339	26584.45742	25985.18907	22592.09439	23114.22626	25523.70791	27404.44328	26954.98865	24433.92105	25290.3291	20625.57068	20364.09961	19610.03985	25548.36726	26485.56259	30844.17018	25222.62677	19085.3453	26834.65658	26159.17803	26043.69934	25941.25662	26462.17248	26737.97108
ko04062	30.42856151	53.69074731	43.07780762	104.6556606	20.64260281	30.09812007	69.43132156	53.68147096	93.5904177	92.38881513	42.70870068	38.31874635	184.3917098	79.84151899	74.36944037	32.9212697	67.63359797	89.39626709	61.61607074	58.30008117	32.59806592	12.66140422	290.7185321	299.4096725	5.01881964	4.00606695	94.27299862	49.50694163	8.55568891	0	3.60723631	13.47594678	127.2708008	106.9202114	30.28741818	26.52783647
ko05206	16403.65073	14867.52036	16495.3688	14585.93359	14909.83572	16038.17303	15161.82921	14734.8008	14857.47553	16285.31439	14042.79747	14510.06771	15869.23157	15914.51365	15420.08358	15663.17351	16781.78513	14228.39486	14836.69396	14370.02273	14395.63186	13117.79095	16561.97173	17777.84357	12666.95045	19899.13496	14498.62471	17057.05583	14157.09657	12688.30218	16448.60575	15356.59893	15957.06453	15179.45604	13915.62251	13990.82955
ko00542	2715.159141	2597.84358	2892.80504	3531.203599	2640.76904	3207.408742	3204.400728	2627.236508	2888.254527	2618.005986	2697.129748	2820.671009	2865.148046	3008.262623	3017.354845	2977.843459	2567.04699	3780.837642	3732.579382	3302.878853	3824.608056	3010.308035	2708.002754	2572.188547	1092.752002	3430.482024	3285.02954	1657.193835	2747.55114	1564.100539	2984.086982	3246.024211	3576.773538	3322.425861	3405.536982	3344.255937
ko00520	217374.632	227549.787	216102.8268	225691.6151	221329.9405	215277.4798	223440.6139	227124.183	224801.6741	215140.1902	221446.3299	223028.2424	210623.3236	221311.7209	217986.9993	212339.9352	214316.5216	212388.1643	222750.2974	218433.5416	210169.6422	211849.4609	192326.6719	194380.1193	201377.7218	199266.7567	211203.8215	206421.0873	217585.6559	155483.9915	216529.0452	216002.6506	212830.3047	220892.9635	224931.897	224116.5555
ko00983	65108.62915	69743.59924	65011.89022	67187.21514	64893.98917	64156.22651	67495.9837	65881.04587	67001.95026	62631.34372	66177.38196	68804.17733	62789.25987	65803.17844	65247.96173	60952.18502	63961.04791	64268.90814	68863.36011	68980.70284	67597.15123	68221.31143	61437.00305	60796.15	65832.14482	65323.95151	69947.72537	67132.71083	65861.00404	50762.11654	66146.81791	66636.62107	66947.67385	68000.98762	67904.49361	67473.15017
ko00997	695.9148147	837.0028516	950.6897968	974.0242867	808.2578923	856.8805101	935.9386057	826.6221846	1023.185402	761.827241	831.8927857	1226.970215	587.5677362	826.664277	837.5442916	731.0222398	786.5038628	1002.496896	788.0901961	887.7537038	506.2088636	541.6733349	474.3282856	421.9815642	210.0810034	889.2738978	649.6219845	762.5502326	819.7066331	1755.711929	649.417019	681.3618632	750.2233282	781.4999865	854.7944344	826.8658325
ko04150	92.94556541	129.3912107	178.8493254	194.2155054	96.91703597	126.3167982	132.5815501	106.3118159	195.8180242	181.23393	121.5701926	329.6121102	238.4699406	161.2461466	213.627255	168.6315846	144.1124219	235.8960872	143.9941055	132.1766385	86.90793779	350.3784488	1681.896723	1802.723766	41.69032275	256.1160672	290.2643032	162.346797	148.5697981	527.1863564	94.00696242	141.2931258	185.1352119	155.2089598	138.7699705	114.7583485
ko00290	49066.21744	50441.17951	48622.57687	49050.05245	50363.16871	44919.72436	49227.78483	50642.51083	48143.42637	43759.58294	45529.71573	52032.50522	44763.45155	48577.57609	46907.20358	45373.12136	46785.71108	45454.6626	45323.75809	44234.22897	48497.85863	45419.56663	47719.37268	48689.85511	41822.43315	37585.47625	40548.38627	57003.41948	43477.83768	54795.80341	45455.29402	44504.93751	44432.39475	46622.34132	47572.09986	48006.86631
ko05160	73.9666419	147.3002811	166.7347547	224.8251121	152.0870205	146.7445855	169.9683183	176.9059025	187.9071665	174.4811622	132.4616589	250.579542	321.5516461	275.0360534	329.2381299	301.8172415	118.5722309	298.5218118	157.6369572	175.6292507	129.8431546	429.6402381	1532.214651	1816.127674	63.93703806	244.9745606	230.6444533	137.3333379	186.1886988	647.398239	98.05474844	141.4228023	198.9096519	254.7623367	134.1223066	173.8489637
ko05202	0	8.96479034	15.45778589	12.61643674	0	0	2.6917004	3.89960907	23.38046975	13.57496368	19.97121106	30.80641102	0	2.11751515	4.96852029	1.59142465	0	0	11.10263104	0	6.69858493	14.15812459	218.6459971	265.9589525	9.40208501	0	46.0482454	21.86612851	5.72179271	69.73684708	2.45609609	1.19741776	1.0213775	0	1.80649921	1.01426135
ko00785	3751.528412	4639.730386	4560.62228	4068.960127	3268.3566	3311.970033	3770.274187	4127.996295	4141.967492	3772.064345	4028.722281	4457.667579	4948.005766	4608.585923	3706.587661	4014.857097	4173.794662	4210.372197	4619.013187	3560.569959	6756.905487	4017.667356	3056.259978	3212.995887	7801.619383	4258.540576	4596.71915	6925.935719	3541.889	2189.148831	4412.262709	4288.110311	4595.778038	4330.150628	4121.465791	4516.030359
ko04977	0	3.17596106	2.42121045	5.65868352	0	0	0.62009409	0	4.85239491	10.30994524	1.88659963	13.4579704	0	0	1.34296809	1.24371843	0	1.96308729	2.90923977	0	2.24248311	7.02623992	92.96350002	106.9478046	0	1.33495077	31.26164593	15.73137159	8.5325227	0	0	0	0	0	0	0
ko01040	1897.516723	1841.777684	1324.517545	1450.586835	1943.956338	1073.381974	1148.751725	1194.751034	1270.617445	945.184122	1205.397656	2919.886329	989.6843806	1143.359205	1045.798669	1352.042596	1199.736088	1188.318195	1186.855246	1230.87131	1240.21359	1032.025121	1525.153194	1671.244453	393.4653774	1404.720381	1158.924302	5137.549539	1274.604372	268.2532517	1448.620253	1407.521475	1035.565706	1155.021857	1317.42674	1514.402141
ko03450	669.1870228	1327.152414	951.4451924	1162.162872	657.1596246	839.9539063	627.9716098	318.5589363	468.496672	388.0000243	738.8453074	3636.114568	538.0837848	528.0328277	656.2026994	659.3227464	604.3462584	582.0599079	477.2283266	535.7771326	527.1448297	734.5899355	1287.944334	1204.62243	1479.468874	961.7899132	844.3251371	6264.845746	711.1498761	1181.944187	720.3968499	779.2476572	496.4161356	441.3040941	478.8890076	440.5168855
ko05164	73.9666419	147.5260798	170.9253548	225.0718859	152.0870205	152.0626165	172.9928312	176.9059025	192.8899162	162.0494294	117.3344662	252.5078406	322.7909897	272.1570202	327.0311012	302.2405585	120.6426136	293.9413106	162.0854877	174.0625537	125.4028874	430.8077946	1431.557346	1711.650418	60.79102053	243.0254038	206.5218051	132.52062	173.9627076	670.1983026	98.87161969	141.4228023	198.9096519	254.7623367	132.8259828	175.1138073
ko04713	0	13.03127179	5.74544621	10.72901433	0	0	5.90170673	1.48976409	3.83742237	10.99230297	16.92591494	19.23677292	0	0	1.54285172	0.96418562	0	0	4.68193892	0	0	1.34589833	164.8194121	217.6276159	0	0	38.72977755	18.1427386	6.21328239	0	0	0	0	0	0	0
ko04068	7717.981875	10170.95441	9275.736278	9752.901225	7856.513124	6772.738166	8041.708888	8551.768984	8599.735453	8388.112158	8673.189787	13814.63953	9695.098822	9649.004375	8100.574924	8142.167233	8626.023298	7939.339071	8561.225987	6905.806001	8833.120825	6406.9535	5350.290346	5438.666999	6500.209825	8073.479248	8540.136415	19000.8015	6859.590805	1146.961893	8158.397503	7998.274258	8615.143849	8292.507349	7700.616248	7969.423464
ko00071	30249.20977	40424.78589	36254.68107	38643.07729	30422.45298	31927.09121	35470.55047	33528.61937	35623.46826	33562.47955	37493.89174	54807.41245	35035.55081	35675.83677	34378.52185	29976.22699	32684.52311	34764.57222	36979.08688	34658.40086	32260.52442	32243.19296	27929.47169	27033.37065	22435.66433	34942.82596	34586.50393	82045.16469	32429.3795	24410.86744	35688.48267	35927.82627	34849.94095	35942.66312	34102.02728	34205.42036
ko00311	1962.383291	2270.725514	2149.947419	2505.377214	2102.089745	1769.874581	1944.239597	2173.968289	2312.502685	1773.486065	1977.727081	3189.909859	1832.937797	1922.676132	1809.898606	2453.171657	1893.81194	2576.74289	1999.170343	2178.502896	2218.755814	2129.450209	1706.714941	1807.899498	2035.284655	1500.314084	1845.217927	5103.959253	2343.407827	1637.008088	2061.917509	2033.486806	2160.432656	2437.737222	2505.426805	2439.81418
ko04659	9280.40419	10509.99005	10760.91781	10876.58682	9553.563836	10210.4184	11175.05261	10960.44471	10704.02583	10692.78811	10332.43271	9535.072357	10612.56765	10871.15431	10462.2904	9020.370547	10546.36151	10448.94733	10850.92561	10169.89877	10466.17159	10133.17977	8725.87143	8395.235717	7693.085308	9109.09288	10366.78296	6876.908153	9745.132519	6219.416577	10647.59591	10363.70284	10259.88264	10561.21366	10964.88575	10828.19287
ko03260	0	0	0	0	0	0	0	0	0	0	0	0	0	0	0	0	0	0	0	0	0	0	0	0	0	0	0	0	0	0	3.4201712	0	0	7.73784633	0	0
ko00780	26256.31473	30647.62015	29679.95302	27593.42365	26000.2972	26660.77844	29947.50789	28728.88909	28458.85582	28792.60264	28954.7756	27612.39416	29612.67175	30300.93246	27856.97256	27116.96775	29619.67177	28088.72255	28115.51004	25943.00495	28729.4665	25444.30101	22878.82456	22943.12364	33407.85622	25333.02518	28364.06723	32658.9515	23677.42351	31149.97019	25538.81704	25375.74838	28441.53517	29192.78156	26622.03682	27163.61452
ko00350	22703.39907	26844.14271	23773.34425	26793.78807	23460.73253	23210.91881	24187.13547	23335.12662	24943.44922	22828.59708	24904.67102	36529.30241	22615.34685	22991.18873	23106.22109	22151.92999	21443.41337	24028.703	23795.01563	23888.11446	22584.48523	23534.37913	22115.68528	22711.8031	15813.4488	20849.37642	21951.86607	47751.57784	23806.42995	18779.77336	23934.04714	23479.33832	23182.34447	23180.80903	24613.66789	24242.70269
ko00960	14991.8702	16328.76025	16008.78876	16258.39267	15106.95366	14694.76853	16292.73849	15965.71108	16622.52831	15740.2713	15813.90951	17959.13981	15214.74974	15496.60237	15133.32014	15257.67557	14146.39832	15515.06475	15564.73715	15725.38888	15207.33073	15916.98802	15817.01095	16397.49667	11633.44103	13270.04022	14403.83221	17244.72924	15380.72665	14792.1064	15319.32188	14658.15537	15043.75187	14985.26422	15649.21526	15930.58779
ko05120	17759.99032	17964.11805	16265.77039	19284.70934	19138.66349	19053.67878	18334.39311	18825.17817	18903.33987	16715.34275	18079.50647	19622.06632	16788.35678	17919.85364	18151.79065	17808.27166	16342.35898	18329.41237	19070.29023	19187.45979	18965.81561	18577.67917	16604.24916	15980.35357	9896.616106	17880.72192	17579.02186	14454.16772	19318.13716	11707.89948	19574.81432	20294.53062	18564.58233	18847.87309	19314.51394	19567.44269
ko04915	9310.832751	10569.48027	10791.03877	10984.19626	9574.206439	10240.51652	11238.58222	11012.59022	10782.25581	10789.14003	10366.18032	9574.215963	10796.95936	10950.99583	10535.80048	9047.59819	10616.74026	10541.21399	10905.23828	10228.19885	10489.78306	10145.77152	8929.15104	8615.010614	7695.045434	9111.750346	10469.5695	6912.092888	9750.717152	6219.416577	10651.20315	10374.82641	10387.15344	10668.13387	10994.15031	10850.85015
ko04212	43263.57372	47609.86313	45017.75734	49515.09681	45969.66187	47050.70252	47399.1674	47462.32361	48042.99442	45095.11903	48202.97585	53466.24803	45046.16341	48569.52933	46236.4516	41280.09574	43535.67136	45359.12967	47130.47138	45630.2444	46465.20708	44536.76586	34838.03922	34327.05981	29840.7271	43048.02586	45966.98167	51218.82267	45944.13008	26720.41116	46749.93538	45922.46519	46003.53375	47249.0949	47560.74761	47691.63859
ko05022	4653.823703	7343.148819	6846.288462	6150.009514	4602.371708	4407.494525	5665.720065	5305.708599	5404.647095	5739.782426	6243.968454	10605.56155	5945.20023	5841.854575	6092.291882	5735.767915	5314.146588	5115.311863	5530.918444	5346.713608	6595.259575	6595.378573	10539.71122	11309.76134	7550.365859	6011.092389	6271.782747	15481.40783	5597.939469	7029.276022	4670.266304	4690.426762	4842.191984	5086.525993	4964.027112	4868.143644
ko04612	9280.40419	10506.82832	10755.86878	10876.81884	9553.563836	10210.4184	11173.4009	10957.57344	10704.03891	10697.71075	10333.79874	9548.427167	10612.56765	10872.73551	10462.67808	9018.875572	10549.10667	10451.81773	10849.40068	10169.89877	10462.59797	10136.31019	8738.659128	8409.817522	7692.957203	9107.74428	10369.89627	6885.567043	9743.931943	6219.416577	10647.59591	10366.84584	10261.0385	10561.21366	10963.86289	10826.0848
ko00982	1347.848289	2346.703677	1589.678596	2328.916238	1517.010397	1715.585976	1870.842904	1503.206203	1575.016556	1283.810636	2221.063622	5107.549079	1336.949243	1301.951561	1417.752108	1070.080783	1370.047782	1322.543912	1512.806149	1767.118192	1422.554869	1603.465348	1123.916907	1146.650038	1425.491712	1500.179929	1387.067859	8140.691938	1587.954191	578.3763615	1624.625926	1750.245641	1589.245346	1215.964349	1415.629844	1408.919112
ko00340	57492.4237	60472.11081	59323.57077	57195.34582	56605.50982	55665.11443	57652.82824	59609.46136	57488.7421	53950.52842	56389.39251	61109.47423	53787.11582	57248.59266	55725.68635	56952.03054	56241.36196	56955.9251	55828.47197	54550.50156	56884.73523	55254.78004	59394.17887	60968.08624	45864.46543	50838.1121	52864.96441	64381.33298	56142.68866	59542.04523	57064.72644	56023.1609	55516.42239	59004.03946	60278.88293	60168.72947
ko00460	47734.69403	56975.25606	51123.77341	54435.52018	48519.48162	50818.374	52824.01514	56222.43791	49937.65782	50205.5107	51730.32555	58622.69723	45049.42612	50909.59009	50683.05526	44307.76359	48385.42987	46835.54964	52467.63671	53934.07002	46823.9399	51505.54783	39811.63174	39474.66598	34283.41765	41622.38549	46133.01454	54198.66201	50425.92135	34372.73433	49433.65904	49597.54834	44753.90438	50161.59896	48285.27998	47387.90349
ko00620	218033.9391	242134.9547	230964.1907	253594.0274	229374.4217	236273.7708	233715.9819	238279.0585	243676.8045	220759.2076	230145.2829	262922.5411	220627.6254	239406.9754	233396.0709	215824.2349	220177.4297	230179.5839	238847.535	230998.8781	212910.9586	223333.3685	190977.732	190555.9335	158313.7755	213638.5674	221423.1051	247134.6295	239069.2453	160025.1386	241861.9888	239146.4783	227521.2321	240515.8136	246775.8921	248038.0262
ko00920	37746.11306	39946.18794	35925.79812	38938.2159	40955.27314	38885.05809	37485.62086	37819.68244	37534.49425	33120.58896	35275.57191	46490.19291	32529.76713	33396.05427	34207.80316	36593.29138	32114.50534	35246.00949	36227.65509	38551.78433	35001.6447	41616.16634	41635.53737	41704.33953	35140.97043	36859.814	33220.99412	47678.92802	40165.58928	48692.88267	37365.02992	37394.85657	34428.36064	35067.83296	36785.83094	36671.37654
ko00650	113605.8162	129379.6449	122220.2292	131003.6801	117311.7223	117136.9472	123712.3694	125524.9784	131623.5662	121554.4203	126214.3668	139824.3877	121465.5908	131448.8956	123893.7863	111516.7314	117397.6597	121228.8708	124931.2811	118932.7418	116151.4661	114331.8574	96874.81918	97589.39857	85804.93725	107387.5285	119487.8507	140294.2525	117900.2263	81214.33074	122132.958	121029.4268	118700.1092	125839.1463	124411.3122	125200.9968
ko00450	47768.46058	55112.30878	51141.86176	54073.39354	50790.60784	51269.70028	53074.28049	55904.74122	54789.46069	48459.15799	52370.77897	57909.52177	47262.18971	51189.60316	49460.04781	48044.88716	47487.2813	49374.7718	51335.89155	50583.79049	49957.53735	52665.83841	44381.52116	43828.44489	41353.81697	46512.46935	48367.95037	51575.28357	51174.71294	46230.92013	50907.80869	51624.18598	47803.40095	50402.25677	49212.28519	50023.43792
ko00633	8982.696447	9506.119428	8210.684128	11354.52922	9976.782076	12399.71936	10485.13004	9919.527826	10139.76831	8683.826457	9080.054758	12368.26334	7669.978171	8834.336018	10160.65599	8432.505895	8483.272259	10509.83747	10804.69212	11655.20135	12701.09415	12401.69036	12177.17913	12588.83597	4680.943958	9283.879243	9443.734534	10969.0629	11936.75657	14135.50518	11530.02167	11313.77545	9630.706795	9249.226521	11668.74997	11336.67083
ko00361	3104.840139	4388.646692	3721.366932	4169.369577	3195.488014	3402.337972	2949.965799	3123.401526	3290.065852	2580.083968	3052.114515	6425.163962	2595.212956	2775.750764	2927.116184	3215.68604	2641.703541	2908.08631	2915.1463	3136.876332	2775.991761	3381.030996	2865.536156	2949.176933	2044.229851	2225.675707	2547.850086	10337.93335	3487.794825	755.1412926	3341.545233	3536.70288	2754.955119	2879.432965	3355.924414	3432.753824
ko00999	39229.37179	45312.97974	40755.87206	44222.07872	40545.13483	42131.4143	42561.37148	46553.20149	39795.83818	40237.72893	42306.54336	46544.61724	36164.66893	41712.75349	40867.89997	36433.95783	39569.24754	38597.1041	42530.78683	44742.73953	39331.33827	41829.38708	33478.75656	32849.86752	24040.72461	34188.74169	36340.39849	41213.52142	40931.98022	29148.6457	40411.23632	41165.32791	35436.43125	40375.15878	38907.61789	37853.27009
ko02060	16639.85406	19743.73936	17535.284	18685.65434	18068.06865	20766.23017	18806.01275	19330.03356	17970.43472	15717.96567	15258.9589	25086.58944	13668.48269	14288.88305	16735.52603	17291.46057	15987.27786	17783.72051	23439.9013	25385.20525	18438.23323	20101.46323	23717.79966	23426.23225	22817.14613	21612.6531	15574.24628	26274.39634	23408.53236	41615.13456	16600.61538	17203.59319	15417.28792	15489.26791	19413.51571	18593.51313
ko04917	5185.372553	5429.987871	4319.008448	4891.82685	5506.899966	5411.208303	4442.387144	4472.863587	4391.951781	3834.178042	3605.175569	5377.165924	3694.710066	3956.56224	4170.748664	4579.582158	4056.797773	4245.566647	4311.329868	4867.07914	4165.936042	4807.442128	4060.619998	4218.342859	5255.976124	3907.085951	4009.218953	5085.414293	5884.923133	5107.278457	4946.450138	4704.234048	4448.848882	4159.005152	5180.545557	5121.973497
ko00627	2864.765486	5977.058356	4576.731734	5312.827942	3232.008671	3252.652162	3179.11044	2952.617221	4293.495692	3192.495733	4509.384733	12149.45583	3195.602603	3841.766099	3303.883279	3151.644621	2969.31871	3422.207973	3203.330276	3626.961713	3357.945413	3575.322031	3829.397872	4019.881653	3530.336016	2810.410954	2566.690473	21564.97681	3471.611596	5214.234332	3141.04767	3078.44386	3303.491468	3317.536096	3764.574615	3790.656287
ko00440	4346.466331	3931.094356	4208.528742	4198.933834	4129.936381	3705.852788	4821.286363	5039.557132	5031.343399	4751.110768	4939.600076	3517.955333	4736.139139	4553.774266	3987.810614	4086.567107	4788.75601	4260.165026	4492.75554	4321.925396	4932.350221	4165.03678	3815.851206	3683.055005	8943.140426	3770.313477	5048.002811	3082.368193	4186.338431	6751.485016	3876.935633	3768.633738	4049.088738	4106.015515	3782.531377	3888.517356
ko04512	23.28132376	26.50695558	13.36315845	49.01289881	43.15063979	26.40157248	15.06448816	14.15804171	14.3841829	38.50290443	10.46777306	5.16096372	12.30553904	17.97635204	25.87832844	37.26893591	10.27849546	16.95773272	21.0223523	58.1859723	63.56722722	27.29978176	49.56519587	47.2776157	2.43065807	23.38530786	13.71848527	6.29109499	68.25504568	0	31.47571866	23.92183296	23.03532237	36.02687218	72.65589865	44.10683222
ko00730	77020.38462	72927.29211	73484.30861	73585.61775	78464.74151	78503.59262	76943.9678	76717.18828	76546.47728	73616.31327	72561.72003	70509.15387	71193.161	71594.94992	72370.1461	70025.01292	72115.59189	71720.83263	72236.02751	69059.46905	70938.13101	67465.39509	65047.1309	65374.3977	70302.52712	70883.95743	70014.77733	60165.0888	67831.96564	59888.55855	69928.311	69232.67497	70465.93463	70129.19914	71846.55585	71601.47299
ko00946	43596.27622	48908.97417	42728.2159	46538.45066	44071.40565	44876.72629	43268.3168	47998.37257	41318.54893	41051.44222	43622.14775	47454.14982	36782.24378	43559.05823	41568.64121	37274.19926	39690.63703	38667.23904	43898.78194	47385.44101	37838.04172	44817.16323	32596.36115	32564.77191	23775.20398	32967.94051	36702.73633	39946.04322	41843.38684	27952.53237	42211.39067	42300.87731	37052.67082	40373.94291	40863.89877	40445.62056
ko04024	33.72772398	372.9092202	208.493054	387.9564491	22.61591675	30.09812007	79.09263839	53.68147096	154.9881625	131.3024738	163.7458981	1160.626725	214.1363374	144.2569361	100.2743058	39.0221783	81.25896202	93.41231381	71.67940612	56.73338425	30.64068384	34.08927537	437.2294813	488.6620495	23.40963395	9.24986769	157.1496453	2416.898216	28.84108551	2.1685203	6.52689839	18.90097816	131.3843156	110.79457	31.21079024	26.52783647
ko04621	21267.20261	22579.32249	23278.32383	22092.60342	20701.55509	22872.80119	24393.59294	24110.5921	22818.0167	23392.67432	22887.66893	21050.82668	21080.57788	21410.2092	22429.66175	19857.04056	22560.48338	20208.63649	21425.11473	22558.77196	21879.34674	20412.97079	19784.05944	20079.33952	21688.30586	20079.42129	22716.72497	19254.58991	22441.59052	13471.06989	20963.59513	20391.2721	21080.91277	21679.42736	22066.28419	21782.53729
ko04623	10.42116397	12.27998346	14.23016169	20.30210265	2.72959876	1.96964112	5.48521119	3.75369619	12.57395459	32.85996326	13.24481077	27.85993905	10.67019567	5.60308146	4.26224991	0	7.88717203	3.2996723	15.44734515	0	3.42037282	8.00627563	179.2092857	242.0709731	15.86102998	4.22110287	61.29514771	17.12643531	5.19933116	0	4.61717701	12.88223358	14.09804731	3.67977581	0	6.58234918
ko05340	3928.136425	5063.892563	5029.973548	4696.507621	3669.274016	3633.223719	4874.827153	4739.798997	4539.163065	4795.53996	4942.594819	5485.320041	4634.07352	4528.202436	4880.022167	4619.1595	4776.088632	5143.385747	5545.754515	4873.910828	4914.282248	4753.08691	5339.564845	5262.673105	6703.100096	5584.250299	5662.374905	6281.367626	4808.677538	6035.616617	4248.478706	4496.462345	5614.467169	5340.450562	4832.141781	5040.792428
ko04940	14848.06379	17134.34196	16232.27961	17474.74304	15809.70798	16563.85141	16346.80864	16847.89047	17168.98741	15626.04778	16809.8707	18386.63787	16404.62134	17714.20033	16028.12568	14432.47672	14613.25753	15407.28153	16177.24232	15056.66188	15787.24529	15357.35101	11196.50301	10901.15212	8424.877137	13930.79285	15111.71946	16950.70472	15554.67697	8480.448489	16251.45672	15668.81893	15562.58755	16097.59854	16131.24669	16355.24961
ko04964	5914.324062	7318.945733	6824.721184	7377.16385	6140.40974	5682.254305	6022.754613	6471.927125	6462.703408	5964.433159	6017.785736	10043.26	6119.478067	6962.091553	5780.025164	6257.633226	6417.193494	6058.730079	6503.018183	5174.519195	4903.085632	4768.218712	4137.888124	4154.314489	2492.152291	6627.973773	5290.247167	12176.44977	5400.773951	1631.580586	6524.667434	6339.879197	5991.662393	6307.029139	5702.212814	6047.994508
ko00940	1581.968795	2380.908003	1987.279136	1570.851884	1121.532933	1406.357884	2196.742388	1914.710279	1949.058544	2310.503477	2097.741041	1028.095708	2737.654886	2740.428961	2033.986521	1477.728433	2086.022522	1845.336676	2372.817684	1711.705693	2437.866543	2345.25581	2026.987578	1860.83504	3764.297166	2001.506708	3034.380835	1699.166981	1363.840975	715.9342376	1772.432698	1705.637495	2422.496095	2339.427577	2015.822618	2284.578866
ko00500	180443.455	203134.1624	189718.44	201358.7995	185355.5262	198513.0736	201364.9306	211349.0357	190678.6978	186273.5271	193351.2693	207576.2255	170067.2038	186071.2395	190586.6796	172212.8827	182847.5021	176650.4736	200298.7105	201747.6982	181772.6517	192462.2297	160393.5494	158858.6626	132095.8722	166983.6255	178997.1416	195488.6182	200442.3479	160663.6317	185382.4727	186337.8606	172688.3972	190269.8528	192339.0085	189973.1142
ko00052	131064.6906	141983.4504	130678.768	137001.3487	134659.6014	134105.7004	135702.5181	144325.9341	132780.2882	127981.0507	129863.7968	135974.4676	124560.8465	131913.6225	129596.2224	126823.3379	125069.5688	126929.8025	132215.9972	134716.4504	129161.6843	131561.5975	112408.4117	112039.418	121130.7048	109544.7456	125171.2181	124466.7822	137159.4916	108726.8804	127847.5887	127178.9951	121880.8344	128670.6584	134717.6403	135505.0228
ko00945	1158.115627	1916.51161	1506.473918	1211.725894	814.4243057	952.3928593	1850.228112	1508.562042	1444.850487	1921.590446	1754.526371	564.0608742	2164.488098	2206.554732	1607.809272	1125.765382	1708.143181	1319.174524	2021.714178	1347.453915	1731.690808	1420.676951	950.4618117	863.9912924	2802.887096	1645.182018	2414.273019	935.0763357	890.4138624	127.0365465	1405.512748	1392.886433	1835.602954	1882.227379	1487.290454	1632.910397
ko04912	30.42856151	49.46797322	39.42806887	105.4245946	20.64260281	30.09812007	68.12970612	53.68147096	89.71639297	106.241593	48.84748173	43.20894553	184.3917098	80.98377479	72.82658866	29.25340648	67.63359797	89.39626709	56.93413182	58.30008117	31.02759225	19.20714359	332.8953786	302.8636574	3.14601752	7.17771777	119.9721431	52.31010198	8.76154454	0	3.60723631	11.12357289	127.2708008	106.9202114	30.28741818	24.76534953
ko04924	55.63129431	52.52089119	19.18255071	39.06788633	63.24430259	33.03363698	47.90343868	35.89506896	23.96201865	38.24331798	39.18113413	35.20094924	22.54243103	27.36883036	24.00168496	28.56054075	20.0754403	16.02664313	37.59249197	30.43643959	30.20645962	3.6814981	114.7130506	163.0931454	0	47.96437169	37.00782266	17.85820389	12.40271878	0	50.33500424	56.11017994	31.18366912	19.6298313	31.78559747	35.68628758
ko00363	0	66.79984475	19.85042723	32.61177792	0	0	5.04611222	2.91428304	2.88069709	0.54341148	18.78037833	144.4311668	0.52419366	5.54682859	0	0	4.45480087	0	0	0	0	1.85612995	2.68486078	0	0	1.14335561	10.22830377	787.6625812	1.66268761	0	0	0	0	0	0	0
ko04728	0	42.24605711	28.44609623	37.81861967	0	0	4.25000157	0	21.62021247	21.26481333	53.33382826	111.8240309	0.80701442	1.81957332	5.9310751	2.45916029	1.34815615	0	12.00181333	1.94454736	2.10293626	5.30424331	300.3571201	409.8360377	0	1.01769395	64.38208358	174.0035012	11.02024606	717.9857433	0	2.25635863	0	0	0	0
ko00190	89033.4151	107319.5042	97845.69183	96856.41247	89398.17542	89171.9039	101299.4358	97354.63182	98249.07782	92695.8303	98139.78965	104058.5795	100047.5652	99389.65608	94727.48953	87487.14827	93655.4874	85433.04712	98347.51824	90510.96985	102794.0607	97372.83247	82482.36712	81197.03435	102824.8967	92110.18185	93528.04887	124410.9593	89183.4218	96171.14878	91477.49442	90626.80535	92098.70429	95170.04617	95085.41913	95928.54056
ko04210	1529.878824	2785.868815	2197.508142	2092.887294	1326.23604	1368.091902	2708.023472	2483.135739	2163.954094	3415.135489	2715.603741	977.943122	3640.845753	3091.508887	2510.878836	2180.504076	2681.553579	2124.147691	2290.57854	1528.358441	1848.150011	3070.032282	2469.055457	2736.264455	3258.736742	2037.666307	2916.564938	1499.913371	1751.824265	1266.420247	1943.427779	1828.53218	2437.436459	2719.882525	2124.340193	2374.462201
ko04973	3073.585387	3127.465377	2509.097889	3423.890031	3534.890283	4312.425626	3687.103535	3550.341868	2885.018879	2553.72252	3348.991494	2876.598399	2783.830634	2789.201853	2962.276788	2939.547968	3053.733714	2840.51378	4336.095413	4242.898661	4109.514192	4481.679647	2691.723086	2513.885696	3791.195714	3618.393209	3372.949187	2983.626885	4252.127525	1902.693048	3856.56809	3827.655559	3216.88574	3795.026571	4121.559771	3967.066547
ko05205	9253.878163	9882.944847	8404.780841	9931.795124	10101.02308	11537.14218	9663.689407	10077.92296	9142.458039	7952.169216	8631.606705	8965.022954	8657.82988	9246.194747	9080.295094	8165.959987	7951.32818	8894.441499	9293.12078	10559.98158	9294.265572	10819.28417	8704.275041	8901.442116	8145.791951	8105.838525	8247.353874	8424.596348	9877.615909	5997.639711	9902.959222	9867.727739	9901.483425	9601.584538	10340.25386	9931.484936
ko00541	76444.49233	79890.70791	79153.37747	73357.69585	73662.69044	70339.34268	79241.87953	78960.1412	75593.12611	80695.26088	81723.04958	78312.9558	79745.26947	80360.46483	81461.36001	73998.08181	79310.80518	74081.00226	81190.73715	73210.83576	75207.62156	75061.04317	80236.07241	82845.69231	99801.69163	74544.79352	81035.41078	85694.91872	72589.10846	61527.71438	71996.62725	70933.06923	76461.04256	79905.69214	73461.7072	73426.90368
ko05110	117.7682876	63.0782904	37.66194148	84.77640552	141.6645432	44.13418036	17.06622322	74.2024265	20.48811166	27.85060536	46.58815166	84.02182685	103.2068808	44.33914474	70.25768293	118.9348079	52.62701592	95.14160379	56.26789933	77.25546003	29.92428433	119.0915857	814.004409	507.4896676	6.32285845	66.71246813	106.4080697	63.71163149	70.43468897	178.0095132	85.02884076	123.1594994	41.99044712	23.74193669	56.19590463	41.87164224
ko03010	413599.0724	416464.1904	418657.8242	452479.2069	410782.0586	428116.7319	450347.8036	445438.6388	450713.0247	447504.7814	446191.2965	429217.5043	416410.0632	437551.9944	445510.7901	393868.6557	418644.0472	434975.9191	474707.2775	457538.7756	455438.7675	422151.6607	388016.2609	394310.8619	300807.07	455669.3539	460384.8116	362808.8991	448692.1466	239768.36	441937.7025	448450.8037	460863.4919	462081.5953	449056.2072	445841.082
ko00330	39895.70769	45253.88477	44039.01485	43358.75605	41256.04725	41193.88503	43457.49279	43874.67317	44935.2339	43056.57343	42987.42886	46876.55726	41458.59094	43169.71673	43242.73541	42122.43415	41777.8456	41715.29746	41315.55825	39536.20725	41098.91052	41728.83355	37037.69965	38091.61994	44651.3548	36848.92223	40311.93206	52924.3222	39588.62963	39787.0364	40866.46909	40207.14237	40251.04549	41162.67934	43036.60328	43519.51244
ko00470	51948.81901	57880.31862	54855.42911	57120.0012	54712.32625	55754.94837	58168.25206	57422.39603	57369.24021	53989.14839	55606.70946	60384.72143	52240.21306	55185.55867	54507.5422	55017.37567	51703.40464	55965.06413	58116.15569	56382.31533	57967.31351	58869.43886	52658.08278	52382.94316	44539.18687	55383.12343	54299.8913	56347.53622	55861.69746	53022.32979	58335.10098	58410.25654	54835.07892	57131.75748	58150.18115	58956.90748
ko00521	49114.9313	50913.65346	49354.91009	48240.45865	49325.56245	46760.2112	50413.83327	50487.72689	48497.26336	48075.37648	49365.90719	49164.41305	49646.78739	50335.4948	49577.85372	46725.96227	48428.1753	49248.29715	52287.30508	49484.3594	49004.28733	51078.06578	47263.31107	47903.39439	50699.16656	44438.54322	47577.28219	46793.44104	47661.84599	42058.11316	49513.38886	48542.08584	50074.70457	50825.08413	48966.44853	48689.47955
ko04010	30.42856151	52.90814019	48.88885898	110.7706008	20.64260281	30.09812007	65.18131999	53.68147096	96.93291495	106.3810305	48.5628724	42.61285613	184.3917098	79.84151899	73.68594907	33.45205876	71.3817045	92.26666363	60.88400961	58.30008117	34.93466176	17.66639372	350.8970415	342.7924191	8.07110987	4.00606695	117.3824363	58.20768349	8.55568891	0	3.60723631	13.47594678	127.2708008	106.9202114	33.64606484	28.63590909
ko03020	67732.0074	71730.48602	70085.53671	81465.40404	72506.37832	75929.92186	76171.18538	79438.12736	79304.57982	73453.54817	77080.8886	77458.88816	72705.86689	76182.00275	76170.0803	65709.5951	69430.09663	74272.50486	79577.31647	78441.42139	72177.39993	70847.56447	64066.46148	62470.51656	29229.53845	75076.87396	74995.6325	58214.63952	77586.0425	35363.64005	78281.22392	78237.9731	76517.3986	80015.3505	78522.75522	77346.56367
ko00770	59003.33439	64773.94703	62064.05801	60293.34333	59530.51978	53797.26737	62716.56562	63575.4011	62286.47709	58914.19581	59825.31071	64660.78323	60938.8582	62838.10367	59022.16664	58171.85084	59920.47401	58377.27546	58734.11262	56179.27627	65018.63394	56185.38658	60291.56317	61273.79398	60022.45019	53443.56544	55123.33122	71518.67698	53487.22672	61520.64647	54184.18581	53978.18062	56934.62412	57864.70793	56996.49382	58485.46884
ko03420	97189.07353	102153.7886	97089.56627	110748.8267	101332.3706	105341.0362	107066.697	107692.2858	109662.7987	101205.1557	108530.9009	116234.6477	96260.9836	103867.6328	103086.8548	97638.51813	97896.35696	105727.9315	109211.0102	105919.0502	101562.7445	99592.4286	92997.49732	91632.20528	56438.73649	105769.7259	104006.509	102300.327	107293.8752	66182.31196	108766.7851	109370.1541	108108.181	107894.8304	108316.2719	108973.2049
ko03440	187237.3911	193248.1273	183435.3019	203503.1053	191392.4607	199087.2192	200323.794	199616.7793	204447.4441	193072.635	196795.789	196592.3786	186465.6566	196511.8278	195460.1593	189824.7679	186305.9788	197575.563	202596.3695	202132.9072	199848.9791	191108.9621	174875.1802	174441.1246	140281.0933	196760.5847	199340.1785	173411.6933	202095.3776	132225.1839	206180.8332	207889.3341	208213.613	202436.5108	204109.9645	204695.9981
ko00220	91848.98778	101561.3672	97714.04005	100611.7657	93268.0974	93668.4981	98307.84842	100450.4175	99630.03383	90661.67531	94856.87913	107143.8715	88887.1146	97608.54584	93433.9691	94557.76849	92016.49869	95423.89732	96074.33306	93238.01184	89025.62953	91944.95329	86226.67589	87932.25774	62753.04269	81630.0394	87854.77397	108306.483	92568.87596	80579.91226	93955.67285	92761.40676	88970.76246	95153.60473	94583.31577	94588.7425
ko00603	24174.68473	26174.88766	24003.39082	22401.71379	23547.9439	22535.07758	23593.91953	24988.20384	24822.08921	23747.31221	22179.65378	18781.6628	26794.5657	26269.11033	22150.10039	21965.94139	22201.72736	21679.31889	21530.57852	21134.9083	22750.47486	22317.38047	16588.89272	16699.64747	24533.2898	16132.97781	20818.63013	16290.10763	21622.42769	12832.24633	23651.17855	22768.24456	22998.24343	23778.28164	24367.48497	25113.19156
ko00790	35730.60188	42640.55213	40659.74115	37036.72996	35074.21101	33095.1296	42399.32383	42060.56448	40468.88057	39481.63405	41750.54923	42927.8421	40462.89929	39910.64857	36918.29532	35398.37878	38706.69233	35014.3205	38379.5463	36313.82122	42382.38589	39277.83939	39600.81655	39425.78326	57408.90526	38750.10445	40517.05749	54591.24835	32544.85333	54216.18219	31973.07097	32709.52697	35224.27171	34576.48096	32769.06872	32695.30663
ko00791	1014.25623	2313.302306	1544.228656	1679.318814	755.4662982	685.3400766	897.8015862	806.3258734	1612.512326	806.5552432	1371.023567	4809.454158	1113.217407	1045.13584	819.3374097	852.7640588	909.4724128	1292.89398	890.9414186	898.855494	950.9970625	980.6066651	829.3859376	800.8367937	2694.8903	415.9061174	1563.553852	7613.066606	610.8859521	724.5486127	798.919969	808.0309622	1109.958211	1153.058111	738.2412132	815.7738136
ko04810	30.42856151	62.59126537	73.64893804	108.6295797	24.5134688	55.93453853	77.94692637	53.68147096	113.6242881	128.1488913	70.9450811	105.3101444	185.6310534	82.78744755	80.34367101	33.01424475	69.70398063	89.39626709	70.09292695	58.30008117	32.59806592	31.65804807	615.532337	604.6970196	7.80385724	7.19359471	157.6085745	83.05402622	17.65794293	27.31020572	3.60723631	14.62364477	127.2708008	106.9202114	31.04404415	29.89341767
ko00410	9819.848413	15672.39127	14112.98849	12873.41657	9773.72927	8331.110122	10975.4751	11315.64752	12584.01593	12024.15479	13330.08815	21715.73538	13163.8278	12948.83555	10376.82889	10436.69581	11206.70098	10614.8785	10961.8674	9566.796761	12196.4071	9632.435497	8440.308745	8269.429516	11146.70695	9257.763047	10755.84899	35929.96943	8083.184386	11763.91075	9773.6107	9130.091492	10894.21468	10615.50968	9574.426534	10361.5937
ko01503	33285.84685	35590.86069	34745.93523	31253.97148	31394.2563	30342.65657	38376.94992	36093.41509	35430.97569	37551.25915	35413.28101	26729.31588	40290.67599	38122.48838	35223.2251	32720.3455	35500.64653	34820.75603	38070.58071	34727.9964	41128.22787	33387.79197	26746.34722	27117.41061	41013.52758	31996.4424	38907.38138	25791.86167	28797.9311	17853.93407	34639.74635	33639.39597	38188.17008	37967.37742	36061.88252	37194.6987
ko00240	202231.4521	209287.2819	199235.3867	209768.7255	207353.8598	206158.2616	210086.4714	210306.968	215383.2226	198726.5601	207973.1999	211038.6357	195310.7414	206485.9686	203075.1939	195408.3197	195157.4072	201461.9559	214935.6577	211483.0656	205590.7184	208995.3346	191459.657	190895.9703	179435.9636	199162.9769	206075.9508	190203.5777	206520.3438	152520.6657	206220.6229	207732.4656	204872.2936	206823.6561	211668.3134	210862.4749
ko04978	6794.786272	6806.524518	6294.85064	7794.872662	7705.836765	7100.874708	7346.850046	8124.4897	8226.633494	5862.555192	6984.879198	8491.938727	5624.928005	6598.609984	6370.835634	7037.964567	5936.019579	6342.285307	5735.907402	6064.818169	5867.81929	5350.86525	6735.231145	6679.834366	2048.666797	6056.150603	5677.73512	6835.736873	6664.049956	4588.071796	6287.831056	5959.072047	5655.987768	5827.878317	6675.985355	6755.979358
ko05134	29260.60396	34517.81651	32560.70764	35262.80901	30724.66719	33174.51201	34359.29335	34727.34696	34509.94301	31984.41598	34019.28668	34947.98768	31236.61145	33951.26597	32681.04687	28621.32412	30815.17141	31044.20595	32860.59526	31857.21586	32439.62816	30695.54492	25199.84401	24707.6342	16682.05	28886.81135	30925.14301	32458.74006	32945.63394	16071.74807	32182.5511	32076.91862	31378.12019	33463.84319	32427.31069	32910.97759
ko03410	66103.72275	67719.97257	63951.55342	71902.59622	69498.55547	70118.9464	68841.82803	67887.34172	69972.97759	64367.22939	68459.18565	77878.22405	61998.61526	65576.21431	67522.77011	67318.21098	64187.11374	70219.62196	69743.71754	70474.93119	69992.87052	69171.58968	70736.58979	69490.32404	53059.37668	71571.44999	68448.48059	71963.31687	72786.4547	52681.025	71056.32264	72242.61514	71509.40575	69622.61701	70740.70523	71453.90259
ko04910	23756.01469	25414.89115	25081.12636	29608.67955	26401.14654	27508.75674	26554.16655	27517.45266	26897.57724	23261.23722	24435.08832	28975.58833	23124.97888	25538.89259	25536.5072	24070.01195	24481.08189	25134.78306	24093.87688	24838.05105	24241.95963	21826.90568	20523.47676	20816.21967	11241.53689	21517.5305	21829.90752	24165.74298	26966.49109	11193.141	26145.99797	25642.91645	25020.61526	26235.34453	27468.9601	27324.87758
ko00020	115307.3323	130036.3539	126475.3714	130174.1007	117762.8611	118329.1941	124532.597	128212.7398	129285.5483	121704.6783	123558.888	131963.2692	124104.4984	132598.3318	122303.4924	115868.9895	119354.46	121504.1158	127874.0764	118496.2425	116110.681	116941.492	103488.3569	103903.5138	90314.57938	113278.9686	122382.5997	125731.4661	119204.5384	77125.83533	124688.2871	122375.3638	118551.047	126522.189	125746.9007	128566.2127
ko03030	133724.3576	136989.5622	129280.8492	145134.5777	136214.2207	143517.7987	142497.5598	141841.2724	147379.4799	138750.1343	142111.3298	146472.1293	132748.4644	139648.6276	141125.146	137305.7958	132014.5776	143699.1345	144968.5415	145198.661	143609.6703	140424.6827	136003.8855	138060.2115	99422.96567	148330.1601	145475.2136	136680.9636	146247.7617	89069.5475	150619.3289	152582.436	151030.9521	146374.4952	146491.0172	146600.0439
ko00552	30647.67231	29106.27981	29288.47459	30548.96979	32070.55307	34370.49063	31271.63474	29447.98493	29500.08525	27693.61529	27270.4746	34250.36969	28181.20135	26478.24997	29639.26213	30370.48184	28801.70563	32419.07265	34122.94181	33879.46721	33556.49807	32530.77641	37160.26313	35870.42798	25996.03268	35035.58765	29991.01322	29541.15444	34375.4474	36937.07808	32407.40218	33317.49012	32197.35662	30976.74182	33815.40004	32860.59065
ko05111	28013.17813	28219.3125	27719.15451	28538.27734	28444.78568	28463.30233	28259.42113	28319.51357	28432.322	26196.32352	26771.45773	28108.55536	28189.8049	27988.87248	27816.98787	28853.77334	26206.21673	28011.70574	26709.82378	25606.24423	24252.9755	26938.32985	26807.30274	27853.26281	27597.5965	24786.61625	24851.58965	26591.63397	27030.28035	23410.6351	25858.07078	25915.48857	25728.45309	26828.2231	27685.62236	27921.11859
ko04666	30.42856151	45.35255313	43.97551673	107.2628749	20.64260281	30.09812007	68.12970612	57.63460312	104.8638946	117.3763493	43.70676213	66.99307622	184.3917098	79.68594293	70.61955996	31.95708408	68.85660882	88.78759371	59.90982095	56.73338425	34.51359145	26.46514862	352.9591519	393.6727729	4.66440378	6.22473268	117.3414937	49.10241136	7.4723424	0	3.60723631	16.10836518	127.2708008	106.9202114	30.93298865	27.59583352
ko00130	10401.05894	15916.34466	13899.2358	10386.08954	8869.329424	8455.023286	13689.22777	13222.7132	13584.96542	14036.53355	13980.75283	13616.02379	16311.9943	14931.83472	11099.23112	10260.62442	11912.85162	10466.50633	13807.80686	10221.12765	14007.5209	12710.32494	9770.655892	9945.305198	20821.9753	11721.1452	15301.15188	24582.76556	8583.800647	5581.206397	11183.75085	10531.94706	12817.56931	11907.22658	11697.25843	12287.34642
ko00660	23219.18095	24351.38625	23246.77797	24129.30878	24408.37971	20928.03451	23342.82472	24257.15947	23848.57769	20645.58032	21890.20735	28126.12939	21740.87678	22947.49887	23030.73788	21863.10075	22134.97548	22127.879	21119.81097	19836.61012	23913.56179	22634.94742	25647.78082	26586.86837	23476.41442	19420.61131	18975.66632	33230.56625	20382.71981	28687.83931	21304.35129	20752.44485	21426.59283	22571.39915	22683.49981	23183.66369
ko04620	30.42856151	41.47325513	19.92296328	89.02516567	20.64260281	30.09812007	65.18131999	53.68147096	83.98014973	86.05774604	23.24056336	16.51190173	184.3917098	78.54368712	70.61955996	29.25340648	67.63359797	84.81576595	52.40674342	56.73338425	26.15184965	8.24129775	58.4721035	44.27750287	0	3.05308186	65.71742501	18.75053941	3.17691178	0	3.60723631	11.12357289	127.2708008	106.9202114	29.1113294	24.76534953
ko04080	3437.076613	2683.774786	2376.707424	2605.824748	3310.973392	3277.037525	2397.819046	2320.540818	2403.889023	2275.178444	2129.087937	2430.101453	1957.380283	1974.481705	2398.894215	2862.714283	2361.562023	2813.695403	2766.416972	3176.47818	3156.904337	3585.519862	3518.57878	3308.408009	3212.453972	2743.853572	2401.381713	1612.263901	3294.193801	1254.794453	3306.347288	3344.065986	3153.513722	2733.449796	3246.374534	2983.594244
ko02026	48298.97611	51042.62661	50607.32127	53571.23678	50510.7389	52944.42241	51968.07329	53740.76235	52799.03331	48222.34875	47920.67851	53040.91341	46732.55222	49310.47406	49658.09793	47723.99628	48207.40284	48295.91203	49242.69391	50474.57442	45640.01613	46165.89699	42485.01178	43256.404	33419.88584	43436.26804	45877.48115	45838.43939	51055.21781	34562.49789	47830.87771	47309.44101	46546.12489	48216.10625	52502.93514	52583.92153
ko00230	270972.9682	297233.2165	280515.9033	297162.2412	282036.761	280348.4489	291028.3153	293660.1002	295540.7431	269937.3109	284115.6879	309283.7103	268464.0388	286043.159	278925.2341	268456.3355	268977.5377	277402.6225	290842.2278	286452.5136	273809.926	279058.5193	255073.2784	255237.8115	222967.4464	265061.602	271567.7731	281416.5941	280243.5446	219218.5317	286806.0115	287557.6507	275788.9995	284438.6189	287754.8209	287992.3831
ko05131	1660.75556	1996.301791	2798.600556	2258.21667	1571.663241	2470.03621	3010.122395	3102.352683	2407.198814	2782.955525	2462.725238	1910.345922	1400.49742	1669.347307	2306.283987	1338.412566	2800.642742	1515.569375	1180.032868	2366.904419	1446.461035	826.767959	1995.95009	2006.682302	2132.996981	1158.569544	1918.393283	2537.3781	2521.698941	593.997054	1214.258638	1051.891905	1161.972317	1978.051398	1309.400219	1156.566674
ko04217	41744.94883	45492.62943	44359.54068	49293.20154	44680.21865	46506.88779	47559.57522	49142.95974	47705.63921	43204.00692	44366.5298	47327.78287	42057.46782	45519.51812	44753.62349	42349.48638	43007.7729	44812.0121	44328.79254	45077.72841	41065.64634	41555.63361	38477.47055	38758.91032	24993.9954	37512.60688	41106.11537	38067.63459	45153.97512	29863.6217	44661.33982	44121.76632	43048.97345	45308.69222	47749.55606	47424.05236
ko00260	135231.6288	153422.2598	143682.8258	147430.6343	140103.1255	135938.5968	146103.3312	149260.5385	147153.8908	136006.8385	142248.0947	151195.5002	136747.3882	148335.8715	140224.9223	133766.7443	135532.3371	138127.738	143162.8886	137271.8543	134941.1696	140762.4585	120569.4827	121960.0735	113370.5453	126882.4761	134822.8689	145502.7434	137157.1158	105674.4967	141558.2706	138907.1245	136745.332	145168.0106	144961.0399	146508.785
ko00401	20616.39643	21768.22721	21040.30256	21424.72858	20800.57053	20402.62278	21250.02235	21383.51949	21728.66634	20166.73158	20464.64696	23167.56281	19629.98291	19944.01906	19970.03246	21163.81941	19295.60584	20746.18321	21138.29649	21203.53902	21115.61927	21923.52938	21905.07329	22761.31723	15170.38165	18343.27018	19433.94061	20962.38284	21435.43824	19913.77696	21152.24732	20327.96808	19893.02301	20039.14891	20989.78061	21148.65097
ko01059	4.01574706	9.76272143	7.59337328	4.80998615	3.71595535	18.15139126	0	0	1.93159027	1.027824	1.91682598	40.3222975	0	3.97059118	0	8.53860534	0	3.28439603	7.04160417	3.46149792	0.93586169	26.36041338	4.81447549	13.08797869	0	16.91678489	1.84219659	134.7156748	14.47510647	28.07232964	0	0.8682846	6.20789805	0.86696289	0	1.6886655
ko00970	298183.6682	315426.9719	307895.7185	346940.0482	312390.3984	325774.337	329823.6908	337811.6597	342249.0381	315211.1806	335757.259	341153.5211	305022.3244	331374.4591	332125.9395	294300.7024	299142.0089	324897.9467	343521.4675	332372.0121	322053.2165	307919.887	267066.4954	265833.8772	163186.6579	319595.1877	320669.5057	268218.0002	330240.2945	167307.7084	336243.9817	341169.5597	335687.8631	338901.8188	343945.8351	342510.3708
ko04920	22572.34167	26419.36824	25346.50206	25466.30191	21844.52966	22753.8114	25617.01986	25081.0951	24897.93889	25219.22943	25707.09138	28297.06267	26947.25682	27199.1925	25407.41523	22721.12853	23934.3509	25221.63194	27221.74959	24136.7565	22501.14748	22337.64366	19987.43462	19175.16424	14570.12396	26678.23594	26656.78864	31849.61593	21951.62573	12544.79079	25580.58502	25540.53278	26025.86688	26545.18383	24138.61306	24766.20462
ko04152	9702.147579	11026.28988	10608.55495	11469.06158	10508.34741	10420.99717	9739.84097	11149.53776	10635.68976	9913.997002	9468.921601	12485.06972	9684.394958	10757.28963	10016.42521	10398.94111	9933.632448	10255.22299	10401.41747	10063.38894	9432.996349	8976.50462	9784.168671	10346.95377	6250.433292	9937.003862	9556.477413	10814.90082	10174.49435	5857.458005	10277.08326	10018.29701	9738.377502	10509.38299	10131.84785	10447.78194
ko00195	36730.06727	41593.99407	38301.76457	39403.7836	37451.5985	38721.44288	39911.0686	39527.42542	36882.56113	35313.52643	36712.59128	37936.17619	33527.01112	35309.50726	37771.45286	33885.94683	36349.98027	30935.081	38391.98649	36095.04658	37768.9758	38762.1805	31253.77451	30528.07033	31825.66565	35560.48398	34150.74025	36324.95871	39604.94072	40065.32375	38283.07584	38175.71956	34080.22514	36751.58006	39204.08091	38858.66316
ko04935	30.42856151	54.56409435	46.05242721	104.1295069	20.64260281	30.09812007	65.18131999	55.0629823	91.25438268	99.32081873	52.64455819	38.05752567	184.3917098	79.84151899	74.36944037	30.2175921	68.63655151	89.39626709	62.041156	58.30008117	28.42210556	15.95630552	326.7540464	306.0100104	4.33190952	5.35466752	105.2981154	54.05083682	5.72517394	0	3.60723631	11.12357289	127.2708008	106.9202114	30.28741818	24.76534953
ko04310	0	11.10415875	14.15590892	6.54911442	0	0	1.33104445	4.40064953	5.0476576	18.69765124	11.84816517	23.22888351	1.27112162	1.39805055	0.85936041	0	1.71510989	0	4.21395501	0	3.47151382	1.05749155	147.8866921	161.3447036	0	0	28.40999242	26.14917512	0	26.12788356	0	0	0	0	2.19075361	3.35338192
ko05207	9320.329866	10558.3191	10797.69924	10988.6676	9575.355037	10244.10002	11279.60737	11053.53203	10835.00049	10819.89104	10443.54083	9597.366091	10796.95936	10954.20021	10537.76328	9067.463761	10619.0105	10538.3436	10929.74061	10243.64619	10491.02008	10144.27064	9015.963812	8728.988316	7698.896394	9121.68493	10503.85831	6926.869547	9763.758185	6219.416577	10653.17066	10380.02683	10421.52509	10674.21057	11008.7768	10861.14441
ko00332	11712.57946	11130.3202	10541.90316	11956.897	12078.41212	11973.14879	11217.38789	11427.00758	11426.17052	10452.5979	10757.81023	11286.88287	9592.339798	10123.78983	10887.27519	11265.84131	10697.36283	11183.97106	9956.008611	10377.49129	8538.365384	9880.671658	9337.491315	9929.129742	8043.423617	8904.254718	9447.856367	9860.45713	11302.19643	8763.589591	11148.08906	10797.55539	10367.68201	10848.13582	11801.13828	12097.52244
ko00630	109473.777	126057.729	116736.183	121300.8342	113156.8633	110177.8913	113491.641	116949.0975	118870.8461	106499.0169	113114.1785	137427.2983	112036.6861	119182.0992	109726.4911	109146.013	109633.7485	111657.0924	113301.5813	106346.4274	107044.0324	107655.5392	93694.78963	95166.22073	92017.93517	101737.4953	105057.8623	157977.9127	107244.0242	82813.00681	113061.7242	110223.8294	110830.1388	116437.4505	117137.5935	118560.0937
ko05030	0	35.0195023	10.0857521	24.33250404	0	0	0	0	9.45245618	4.19552096	22.1213026	75.20764385	0.80701442	1.81957332	1.54285172	0.96418562	1.34815615	0	1.57316151	1.94454736	2.10293626	0	83.43335188	113.2447745	0	0	13.40923149	143.3137177	1.45977412	717.9857433	0	0	0	0	0	0
ko04625	0	6.95226393	9.993778	13.38050421	0	0	1.65170516	1.48976409	9.81094899	10.36724227	19.4518357	23.9763943	0	0	0.85936041	5.69362695	0	0	0.85323882	0	5.36624977	5.48506979	151.0042878	178.2636622	1.87280212	0	46.92841116	6.43717915	9.04379736	0	3.4201712	2.35237389	0	7.73784633	2.19075361	3.87055955
ko00760	69486.36449	76295.50294	72392.27483	72573.30709	69791.25988	71092.81526	74317.45551	74881.25173	73165.70985	69826.91735	72462.85391	75303.76983	70131.10481	73310.22162	70568.4898	69821.71721	70603.68913	70224.2403	75078.32058	71056.9995	66212.05341	69463.67971	67971.7156	68215.40238	73980.24152	69765.75296	70092.63113	74543.25916	68553.22252	59120.48179	68648.14727	67292.18095	70260.71579	71619.6813	69149.81991	70248.01681
ko00261	38156.56822	42346.36233	38908.99921	40723.05801	39770.87172	38706.72809	39726.71924	40841.64565	39385.53757	37088.0642	38226.10946	39518.29185	37002.54622	40354.44365	38480.52081	38295.24999	37100.52597	38490.63541	39215.16891	39243.13804	38141.99893	41299.81325	34128.41666	34977.25546	31957.34548	33606.64603	38394.00399	36388.56474	39328.79372	29157.60374	40514.99719	40093.42546	37985.11802	39625.24192	40888.22297	41301.88603
ko00400	80086.40719	82176.31572	79090.56871	79991.82844	80847.68749	78818.48644	79144.42814	78980.2583	80090.38949	73559.65945	76151.21531	85535.05196	72741.22732	77247.63527	76882.29236	80378.50952	76139.7546	78798.43995	79370.83957	79542.30383	75841.63998	80481.85792	88924.04499	90063.56462	74715.7066	74434.16338	73197.11827	82213.04145	81327.96872	87758.22998	77782.0072	77358.48395	74750.91849	76395.56526	79045.32686	80189.32016
ko05203	5989.064222	6887.446249	6582.06637	7323.376108	6655.555251	7495.587521	7186.873712	6901.855966	7260.728266	6887.222965	7042.442573	8648.544239	6219.631449	6256.428964	7421.108473	6752.078684	6194.716684	7641.617628	7530.324957	8110.88517	8186.959564	7977.139706	11060.96426	11464.85204	5934.555649	7836.359949	6641.504191	6196.560927	9002.575621	7728.429063	6958.148371	7421.570312	7498.916546	7401.277152	7649.686033	7198.633536
ko04112	88860.76235	87828.90516	86128.33262	91926.40485	90502.77444	90277.18324	94520.90107	93477.4084	94855.50773	88585.8488	93131.05658	89307.17009	87751.05829	89736.21423	91839.73148	85460.15033	86393.15023	91477.38608	95156.28652	93972.43967	93932.06017	89476.51885	80945.1051	79979.79021	72263.92072	89406.49365	91062.39815	73451.39894	92012.02944	60315.48627	93372.25079	92426.81954	94585.28001	93149.02125	94960.26107	93380.26188
ko04138	1139.742908	2086.403281	1542.204538	1850.308329	1430.540581	1529.869952	1394.911733	1479.653423	1447.822055	1076.564431	1592.365027	2943.236116	949.3408096	1287.714835	1284.025988	1155.558882	1079.513201	1093.611716	1511.304851	1819.333065	1606.08725	2289.159236	3960.113795	4190.199668	1223.259964	1496.292209	1478.491066	3736.257238	1871.15564	3244.951492	1472.572502	1642.325997	1328.880638	1540.20585	1495.426759	1484.015073
ko05418	28108.92137	29884.3872	30012.43056	29614.11458	28096.51957	29385.15424	30421.86656	30506.74439	29631.32829	28904.69995	28726.7127	28443.459	27698.09462	28573.97261	28618.46908	26958.9653	28243.38886	27723.84617	29342.48665	28937.28503	28649.83726	27598.45177	26462.1586	27001.20483	25923.62796	26401.15801	29271.25134	24037.42945	28540.04485	19011.58649	28162.28045	27711.94285	27729.40162	28282.43237	30103.0508	29726.85327
ko00941	1158.115627	1916.51161	1506.473918	1211.725894	814.4243057	952.3928593	1850.228112	1508.562042	1444.850487	1921.590446	1754.526371	564.0608742	2164.488098	2206.554732	1607.809272	1125.765382	1708.143181	1319.174524	2021.714178	1347.453915	1731.690808	1420.676951	950.4618117	863.9912924	2802.887096	1645.182018	2414.273019	935.0763357	890.4138624	127.0365465	1405.512748	1392.886433	1835.602954	1882.227379	1487.290454	1632.910397
ko00513	9322.234841	12597.95856	11782.84091	8571.617014	8120.164432	7220.669684	10976.79681	10324.02119	11905.63174	11991.40959	10777.07371	5580.170066	16210.0965	14345.10971	9607.641419	8869.83429	10333.92756	9617.892861	10189.57777	8481.646656	9806.115494	9628.874051	6669.124106	6647.376737	16103.5529	6389.572721	10801.43309	6691.919711	6198.454507	2047.835281	9938.317148	9358.703601	12753.18519	11517.90731	11148.29546	11737.62812
ko00270	166113.0983	176570.9238	168487.3693	172481.9055	171249.3056	168084.5104	172536.3599	175199.8826	171862.8407	160335.0873	163562.4137	176489.4729	160305.9617	170529.8377	165233.5334	166945.3043	162939.7287	164392.9699	167659.6197	166401.5586	162102.5334	168489.4169	160858.2632	163746.6355	140190.9459	158707.2028	157941.5319	161767.0763	167606.3021	156780.9592	170343.6469	167927.2621	160978.1258	168041.0988	169572.929	170763.9685
ko00906	1239.713745	516.2032483	637.0733056	545.3515402	1258.62508	724.8322386	623.3421377	837.435867	657.4921725	452.467252	527.5697497	579.749007	604.8199336	572.4399009	501.883298	795.4678372	467.9476055	338.6529666	614.3262683	490.1742613	1363.715003	464.7385573	415.7805881	392.7420361	202.9152451	652.0834214	371.1189097	713.607963	816.7353536	594.0121087	531.7436546	557.744994	495.2493137	325.3444607	471.8976868	444.5552685
ko00281	446.5129295	2478.67924	1449.204982	2028.219194	598.6865777	380.8029941	431.5935087	424.7881031	688.5327711	331.6984236	937.1229948	6347.935756	316.8967657	659.9589438	420.0036734	429.6464397	368.3873582	406.8690765	395.1537029	365.9539004	310.5959501	529.4958891	1155.157804	1302.124935	286.1874688	850.0352775	470.679116	14605.76053	456.8979294	1187.228183	402.9355859	400.5981983	261.340189	290.4814639	285.7155338	329.0592327
ko00380	15913.45273	24702.98304	21411.30872	21302.46323	15898.95408	14429.28473	16235.32253	16919.21532	18219.16427	16310.36743	19009.46409	36209.27617	17051.91645	19185.50206	16468.46422	15566.99492	16643.60801	16315.81019	17359.01424	15797.53176	16378.08673	15809.66625	13252.80398	13312.28098	15164.92306	15329.06921	16912.8018	58858.59401	15022.07916	13805.15274	15748.65303	15461.6084	16003.10057	17171.26339	16144.01052	16897.23302
ko05417	24158.84294	27719.84728	26962.87411	28583.00924	25678.96973	27018.50153	27974.67341	27964.22536	28151.45292	26620.34153	27066.9732	28350.80479	26879.31388	28436.37898	26828.73042	23828.33409	25726.61802	26277.99141	27221.93922	25489.86025	26179.99315	26001.53926	21335.29637	20963.26083	17254.56776	24093.04582	25934.92124	24155.15436	26088.25893	15523.83051	27072.01215	26378.58433	25910.97752	26423.25124	27417.70664	27279.98899
ko00053	18145.34685	20477.19089	19174.96729	18520.26714	18051.94584	15578.39156	18479.51794	18638.19617	17366.47459	18524.98033	19711.78958	23568.05861	18602.18732	18785.39464	18758.10491	17553.87228	18588.51767	17349.5241	18599.98282	17002.37961	15911.4696	17872.1932	16526.23865	16423.98712	21273.19759	15277.05514	18048.20846	27415.04985	16780.92925	17048.84633	16810.90828	16743.3596	16309.12425	18183.05193	16825.50911	17799.04861
ko04928	47.52315312	103.9434967	55.1090708	154.1694081	63.44217009	61.22222297	80.99438336	91.29887163	150.5365989	127.259791	62.21683077	153.872449	224.0990766	123.551792	156.9908235	112.409455	100.0179405	216.0185893	128.421628	141.2514988	80.325824	196.4042459	818.3306483	813.3377446	17.14990469	166.4623671	147.4834974	73.43995785	121.9121984	382.7049975	33.77669368	53.8781761	176.2703401	150.6090236	63.79784724	79.05142561
ko04660	30.42856151	47.61173945	43.85883426	105.4651126	24.5134688	50.6165075	65.18131999	53.68147096	95.36621005	93.4181015	42.86631273	37.48234742	184.3917098	79.84151899	73.68594907	33.45205876	67.63359797	89.39626709	57.78737064	58.30008117	34.93466176	14.15684681	266.7823685	234.4825567	5.01881964	4.00606695	94.16748949	44.10241571	8.55568891	0	3.60723631	13.47594678	127.2708008	106.9202114	32.4781718	28.63590909
ko04216	19626.41246	23393.83071	22471.51443	21133.44811	18280.06549	20021.08023	23179.22923	21939.28005	22074.73078	23126.60924	23462.74845	22310.04783	25445.09008	24407.52167	23474.55966	19379.93019	21558.41782	22818.44522	24217.39208	21883.79132	20863.76563	20841.62828	18519.42819	17610.75339	18984.35807	23558.13538	25204.05735	26038.92606	18982.91373	13822.65905	22483.93216	22622.5368	23841.68781	24228.73231	22046.20499	22379.84758
ko02024	190964.9403	217237.3727	206087.8173	223611.7898	206153.2001	201420.0591	208920.5167	210452.387	210982.652	194944.8814	205758.6039	244755.2727	188221.9424	202963.9472	198344.581	192462.3739	186725.1421	196332.2244	207682.612	210324.5324	205472.8583	207637.3062	180397.3803	177389.9385	171038.5544	192024.8576	191490.9255	255104.8349	209509.0552	198676.7873	207710.4107	209640.2795	193811.5466	206712.518	208626.8055	208167.3651
ko05132	32384.65921	35139.52002	35790.2749	35320.58984	32957.25407	35133.7318	37146.33955	36527.66461	35846.05236	35408.32642	35680.07521	34869.63294	33400.36245	33977.34491	35013.74195	30701.32677	33748.03917	32388.93026	34567.40127	35781.9681	33635.69701	31801.63515	28937.63081	29674.51785	29625.17564	31822.40583	35366.97535	31020.04211	34879.56425	19722.69094	33469.83293	32825.0045	33427.58138	34272.58517	34878.75344	34567.88858
ko00280	28246.64477	44524.93647	39736.58852	39195.85892	28792.60514	27080.93406	30950.74565	31551.33631	34714.81406	32001.71965	35092.94621	60724.67464	35356.96464	38179.11856	30949.24654	30287.70003	32039.49014	33558.44896	32550.77799	27331.39556	31162.65739	29030.19935	27965.73914	28085.67654	30872.17423	28567.02516	31560.10805	102401.5119	28085.36364	23727.34308	32718.40008	30738.2757	32967.2776	33784.75867	33614.9314	35526.02224
ko05323	0	1.47518724	1.66009281	21.5958692	0	0	0.94138636	0	9.17031288	13.06415649	6.2024761	19.83934504	0	0	1.4548821	2.01363936	0	1.47231546	4.07566276	0	4.59073067	12.8390042	170.7450198	171.8086843	6.32285845	0	35.59129977	18.45527843	6.17410245	19.22138898	0	0	2.82433083	0	0	0
ko04340	3.29916246	15.133236	20.72093343	3.20960525	1.97331394	0	0	2.53496366	3.9377523	9.793237	4.21310133	9.51303628	16.6734511	29.1321315	13.29515512	4.4445193	5.85757354	5.81949756	1.65502606	0	2.64974495	1.4879278	61.3570713	50.73808151	17.92498302	1.39717305	11.44884826	1.36889567	2.83051497	41.24041531	1.09897393	0	0.97536951	3.87435855	0	0
ko01502	50180.20416	50413.92272	47651.30619	52694.06687	52325.62317	52270.88959	53116.01583	52878.07638	52949.33619	49039.54542	51548.40106	53121.30866	46991.63853	49086.11492	51135.61658	50239.99763	49797.21947	51591.37011	54044.92515	52826.90773	57957.94878	54336.43292	47807.42617	46816.85708	43224.002	52721.35215	51523.82867	45932.09922	56398.74727	41522.53384	53663.19017	54977.03667	55627.57975	52837.45814	53992.53945	53494.62884
ko00010	253597.0284	275568.3377	266214.6792	289683.1345	267970.7152	274471.0056	274431.5805	279265.8931	284647.2986	258650.1655	268307.1329	286301.3085	260330.6589	277161.931	270040.2039	252002.5231	256501.0324	270763.2987	279676.4152	270583.8673	252442.1948	257753.7032	221599.5472	220670.6157	175439.8778	252355.0962	261041.1541	243551.0551	276202.2971	177689.981	278519.9064	276028.2155	268108.135	279245.411	283539.3642	285944.5102
ko04972	2936.94174	2971.662079	2432.962225	3235.652902	3364.916796	4241.177099	3612.393238	3440.897269	2754.388004	2442.782517	3254.64283	2791.162241	2655.752372	2671.410688	2895.642984	2884.611921	2912.352397	2740.673939	4309.568245	4182.333143	3994.65531	4406.012907	2652.973166	2503.244132	2744.583254	3527.455426	3325.773092	2905.42938	4132.08209	1831.214377	3697.528776	3739.746078	3155.033876	3692.095525	4017.551865	3847.288566
ko05170	42.61460002	83.14891107	74.3726473	131.1208449	29.47761293	59.35455175	91.16584425	70.24874511	138.9958051	154.7699908	91.42932553	108.9564108	193.4015409	92.85131785	76.62862894	36.00766903	85.54892351	88.61857976	75.43195498	56.73338425	40.65789887	25.75574276	560.7436373	638.1002481	15.5973327	7.93093213	159.2201104	101.3825664	18.69785347	29.38797703	11.55130712	28.14143153	144.6172457	112.1053501	39.53416968	35.21825826
ko05034	30.42856151	83.01806919	67.69465245	131.0685737	20.64260281	30.09812007	73.60520924	53.68147096	101.1452674	131.6102876	80.06981812	130.2588147	185.1987242	81.66109231	78.7488498	30.33134018	70.58315507	89.39626709	75.77618348	62.0412212	39.16842587	19.94667942	509.5783243	527.8565689	12.55969994	4.73556438	153.9134647	201.1053567	17.30618341	1020.861714	3.60723631	12.32099064	127.2708008	106.9202114	32.75062511	24.76534953
ko00561	56896.76878	57686.74856	52565.10453	56276.00151	59465.44723	60267.26568	54962.31164	55706.59891	56108.54743	48287.59534	51605.44273	64014.65627	45981.24566	49174.46553	51291.15703	52034.85516	50676.87574	51929.24947	54528.97163	57144.15233	54729.72422	56000.53627	50035.07431	49148.84965	46193.9736	48233.98128	48161.77245	60265.12516	60656.42245	53357.19292	55920.48418	56128.03583	50881.76184	51766.23207	55721.26853	55724.30457
ko00901	0	4.4921193	0	0	0	0	0	0	3.63471288	2.11610824	13.81420301	0	0	1.81957332	0	0	0	0	0	1.94454736	2.10293626	0	29.50356315	43.36852871	0	0	6.70654323	6.15104359	0	717.9857433	0	0	0	0	0	0
ko00750	25231.62263	28184.43214	27075.49357	26484.24693	25727.62823	24650.64408	26353.68159	27167.23577	26282.24557	25074.26723	25215.39519	27807.11051	24560.51957	26173.90935	25040.39605	24302.22857	25044.05785	25011.12587	24701.65178	24327.83699	23867.45386	24024.71889	20654.64978	21557.60894	21647.03965	21608.5297	24524.64591	27016.24964	23561.23674	17176.26415	24737.5064	24395.45298	24048.15076	25567.12208	25904.06578	26334.22909
ko00640	78415.61998	91674.10123	87030.78088	93843.71626	82264.65635	87422.00438	83290.52381	82660.20651	87518.98306	79901.95457	84097.77456	111680.8455	80343.72296	86270.0117	84233.00622	79122.49261	79839.76151	87291.6138	86826.89761	82223.57998	81001.20634	78723.06493	71738.09568	71915.06977	64189.86003	79456.13773	81588.29611	129665.5095	84604.68584	59965.69561	88328.53079	86895.13305	85949.93254	86195.73409	91843.5675	92068.14247
ko00950	9140.007195	10287.31099	9748.469851	9900.945776	9253.250714	8935.922359	10269.32718	9702.15004	10359.2977	9984.446626	9885.793739	9906.442124	9810.326226	9939.074257	9459.44526	9640.031584	8809.598536	9856.788128	10264.64585	10065.59293	9628.277886	10707.58609	9577.053975	9863.539514	7488.992604	8186.793229	9518.9009	8677.600576	9272.226114	9193.706311	9765.655937	9368.345442	9483.652082	9299.802181	9675.131101	9683.345117
ko03060	99019.9516	104512.6489	103271.3634	107113.6624	99470.96114	98548.12564	108774.681	106813.3322	107686.0069	106192.7781	108548.6174	106824.9156	102512.1827	106120.4609	105503.827	98312.2509	101417.0662	103878.4753	110213.4164	107461.5971	105368.5686	99992.31716	93344.80751	90938.03152	75306.91181	104683.2986	107709.3745	95121.56749	102987.7857	64624.59727	104380.5239	105068.0133	106940.2933	107843.2709	106419.544	107858.9577
ko00480	14004.42478	19664.76995	18542.97731	17342.83869	13946.45804	14980.27044	17501.24646	16376.29751	16989.72819	17237.82706	17717.69685	24815.7015	16041.94014	16223.95195	16085.50343	14658.05532	15748.68422	14822.9809	16626.5889	15953.66374	15315.93786	15746.76286	17494.99047	17388.30267	18891.53967	16026.12761	16347.55726	35637.22045	15615.1055	19031.44679	14985.34463	14899.59487	15474.49849	15968.98682	15266.81018	15551.70864
ko03320	29203.3705	34703.23227	31970.2422	33357.61686	28943.4492	29288.20486	32738.38794	31867.34637	32219.33431	31458.2733	32944.69534	38230.41154	32963.297	33949.50747	31317.52234	29142.95369	30281.83412	30743.09858	34288.70381	30829.35405	29024.93766	29321.00304	26418.12868	25420.06697	19903.10088	32817.63551	32309.68764	45579.09053	28612.47803	19477.12889	31805.56408	31718.32496	31603.93313	32478.12575	30149.91122	31021.14065
ko05100	574.6957419	115.6901575	139.8391544	256.2436023	565.2918916	137.1937008	187.0388643	373.8319312	480.1851271	119.9027565	204.4268171	649.6683075	166.8090801	134.3085973	178.7334278	238.247709	154.2971254	187.3578312	172.730756	119.679531	89.22260925	273.881401	1251.288063	1046.129879	222.371685	373.2830091	364.3555912	237.9865515	327.373002	272.474525	112.0850631	150.4158069	249.0197601	110.4669606	217.102411	189.3562463
ko04970	2936.94174	2972.268717	2422.924995	3237.563747	3364.916796	4241.177099	3612.393238	3440.897269	2754.388004	2444.598146	3258.45769	2785.177599	2655.752372	2671.410688	2895.642984	2884.611921	2912.352397	2740.673939	4309.568245	4182.333143	3993.253353	4401.609795	2661.317929	2542.561459	2744.583254	3527.455426	3339.473189	2902.191992	4135.118461	1830.063279	3697.528776	3739.746078	3151.895731	3692.095525	4015.932613	3847.288566
ko01057	15.87270963	26.66016735	18.94183029	18.89846591	17.91197044	7.10302146	16.16886602	11.17111441	2.93099792	0	4.8572002	6.37239708	13.63052193	40.87462527	25.13360591	9.61818688	6.04143821	6.59058481	4.58263788	11.13250585	2.1666616	11.90509351	0	1.9722319	0	1.96269548	0	38.95238138	1.00906576	0	6.81048912	2.74119602	11.53129155	5.97394481	40.87549669	24.33039172
ko05200	10403.51736	12644.1737	12797.6382	13004.62169	10888.84585	11640.80113	12934.68878	12608.70671	12775.9717	12038.96189	11849.23955	12011.28995	12075.49808	12562.09675	11982.12902	10706.49228	12152.10734	12207.09994	12406.07709	11921.87985	11658.32409	11804.07626	12022.96306	11580.23585	8403.037202	11029.18268	12035.10238	10230.48917	11528.55701	8068.529572	12474.92906	12105.37131	11818.31187	12341.29869	12661.81148	12728.85124
ko04122	34784.52885	35483.39228	33796.32657	36581.44824	37387.43667	37732.78939	33910.60255	34323.44906	36189.2856	31036.87733	33085.37701	41397.61849	29673.35488	31630.96264	33754.42647	33367.66139	30678.4179	33863.32949	32970.14155	34527.70799	32359.37254	35207.24232	35234.74193	35946.75663	28880.71505	33127.00304	30314.83899	38778.13583	35248.37814	44292.11854	34310.73515	34679.44443	33113.70774	32883.09416	35133.05584	34171.57965
ko01051	20903.88693	20284.76632	18831.67191	21237.83413	21735.66006	20877.75253	20395.93118	20902.14727	21211.82926	17686.60906	18615.54229	21461.55815	17148.32123	19408.64201	19487.40591	19051.8518	18060.19006	19612.58739	20673.41391	21000.98198	18730.33535	19925.06484	16235.48161	16214.75643	11913.53158	18728.84422	19012.62479	16264.23704	21104.95411	17255.71378	20724.99048	20606.89117	18612.17121	19507.56848	21054.54183	20931.52156
ko00040	94828.49226	92670.9441	90018.15712	93774.9946	97246.71446	89865.87093	89325.64681	93707.41259	87708.28826	85234.79738	84451.87171	93403.36861	83386.86168	86144.18594	88411.8934	93078.68837	87531.00131	89121.73654	88694.49556	85801.31161	79880.6003	85539.87138	77729.7869	79613.37825	65910.04184	76752.85104	81391.93716	76928.96319	88368.96511	63459.27753	90894.68595	90226.02077	79437.44848	86302.49314	90054.36962	91217.76059
ko05033	0	0	0	0	0	0	0	0	3.71459668	0	0	3.99832904	0	0	0	0	0	0	0	0	0	0	12.12612947	7.32543276	0	0	0	6.49849372	0	0	0	0	0	0	0	0
ko03250	89.13183653	589.7281484	475.9865494	436.5378118	87.69510426	164.2167541	174.9506386	198.8041754	281.0313085	109.2936643	270.7164552	1082.819996	147.3274469	229.0863329	207.9238255	93.94913595	176.5666462	159.51559	148.1314315	238.8911729	169.146342	190.5751038	418.0224357	395.6029106	28.63555266	190.2409193	274.6604776	1831.986163	179.0756877	14.39718106	116.7984702	117.8118212	151.1269759	209.572844	229.6850896	209.9633962
ko05322	14.97892835	41.11833599	102.7457594	47.68128623	35.4588866	7.79151871	35.17387468	3.44265909	19.89488582	62.98163563	27.9048992	77.08383291	53.93283966	127.0507823	87.25825136	25.5626244	19.30512348	11.24342657	26.75125176	40.07094792	107.4893268	46.08293694	129.4324039	109.8726318	14.58178281	72.04828205	139.203215	52.74655167	47.36315888	409.347909	14.0537711	31.24455528	28.69295209	45.24961042	30.51852466	13.66966866
ko05166	3525.198052	2836.209387	2493.219351	2821.673976	3428.524765	3397.084521	2530.995194	2454.477995	2623.211767	2482.706907	2265.630216	2797.314433	2242.944591	2163.908004	2647.99419	3063.235489	2507.590313	3169.181576	2942.233536	3313.690859	3314.020746	3956.737886	5481.420249	5276.771863	3236.909168	2958.645241	2718.195755	1769.384656	3454.081535	1843.939342	3422.039719	3453.620202	3374.857805	2937.833285	3390.713905	3124.050635
ko04022	30.42856151	55.01117132	54.31054695	110.5408077	20.64260281	30.09812007	67.34426721	53.68147096	100.2241297	103.9799135	54.7529558	76.83499088	184.3917098	80.69901504	76.55063506	29.76488851	67.63359797	84.81576595	61.05612563	56.73338425	28.48844549	12.81763757	303.4269852	313.7047628	0	3.05308186	115.5464506	55.42682074	15.05893266	17.47924263	5.42792446	16.07409108	130.4089461	106.9202114	34.6948029	26.87342215
ko04070	6183.969809	6584.343545	6681.777959	6946.332168	6754.043439	6541.034531	7464.950208	7047.998491	6989.561553	6775.464512	6984.064969	7247.403587	6736.703683	6810.157325	6654.776076	6681.093179	6620.042495	6947.014501	6752.253114	7103.027269	7545.848915	6481.969703	6482.491161	6448.633852	9208.720002	7037.530029	7329.74875	8092.090072	6691.796362	6165.95948	6263.545595	6340.412652	7406.469272	6949.585407	6947.683363	7214.911168
ko00944	917.8703074	865.1873977	962.7041548	929.7756901	946.6289839	1019.260122	988.1399685	915.2952938	759.9857496	891.6964465	533.9530047	905.6825865	956.5717982	901.2212537	1095.524563	966.0628627	1131.078301	834.5768915	753.403824	786.0523493	800.6810843	570.7459924	963.2857222	1056.186973	196.5428223	716.2806219	606.9186838	471.2961632	1063.52471	731.5100224	904.359981	948.9806839	750.078757	945.7345788	874.1763377	873.3362665
ko00900	63362.16171	69390.55503	65928.786	66010.04842	63867.95764	61861.85916	67051.36413	65787.55026	68018.29138	64104.39681	66174.52937	67212.58631	63791.6135	67217.95898	64326.73478	65314.15689	64809.16303	65289.0925	67603.98266	67303.77376	69628.18364	66545.73885	64389.47112	65296.05985	59602.05638	63521.40149	67753.24964	66488.48681	63199.7405	54118.77244	64835.41132	65622.93872	65626.51833	67339.08126	66098.85183	66514.16963
ko00910	40640.30371	48708.88753	46170.85438	48695.38149	42377.76418	43357.42466	45947.0988	47020.83033	47165.91015	42572.93846	44043.39464	53099.67824	41345.37107	46556.12891	43414.51653	43076.06325	42100.46728	43951.7486	45162.84772	45104.67728	38815.75984	43195.36532	42369.24309	42611.37822	34730.05962	39516.34157	40525.28736	56849.62765	43141.57802	43565.20575	42886.89473	42751.18127	40782.47052	44550.65248	44406.92732	45287.72043
ko00531	20217.75817	26138.34856	22958.25312	20241.99872	20562.86767	21193.82083	22636.43952	22875.36759	23083.31121	22479.07953	21042.62668	15585.99256	28732.57139	26551.36029	19950.22383	18713.08112	20907.65127	19366.71792	21886.5207	20921.1609	23603.31583	23534.61334	13810.33512	13621.10751	24580.72181	14558.48182	19310.94131	17164.62842	16952.66708	6891.737747	21407.52887	20646.64455	24409.58067	22678.83765	23260.80985	23809.74756
ko01501	64822.30458	75014.28579	69427.69182	72279.38435	68782.45474	67785.26996	73814.57951	74324.71232	74415.75485	67797.1181	71000.18104	66922.77371	70824.64219	73079.50397	66429.44845	67363.88341	65832.14015	66442.34487	71950.79077	72226.28219	69801.43426	70538.93474	50909.1753	50197.81386	60817.03774	58218.37594	67844.59537	60781.58454	67672.50405	42213.57317	72355.68188	72159.96872	69629.05874	72169.54956	73628.71857	74245.93751
ko00564	65397.68952	68034.29313	63679.99752	65513.07173	66702.40987	67028.61456	64840.15837	65337.72281	65420.84198	58666.22653	61067.91226	66575.47924	61743.7683	61369.76871	62954.22524	64758.88891	62402.10069	63491.31954	67248.80023	68496.95707	67344.1551	69742.20604	65407.97467	66046.89022	64539.00894	65393.62959	65611.61154	65731.77432	67842.66762	58923.66649	66978.246	66556.96431	66694.76623	64491.25405	68402.74355	68180.27117
ko05226	36.208687	65.81602081	79.40709655	106.3937328	23.14199664	36.17660384	69.52723521	60.40394117	113.6498573	116.7268548	57.38793136	78.10989655	204.3693739	99.18842721	90.50691787	48.9491763	69.28067055	101.4330499	67.41942704	61.4940237	68.12883203	26.65140703	536.5489775	460.5938409	4.33190952	9.07404036	135.755511	73.26847274	14.80360458	2.31239569	13.58791771	21.67717757	133.8055486	110.287782	42.18640993	31.55246846
ko03018	110288.2353	122758.1978	116121.4522	129143.6618	115617.2238	120330.4383	126730.8486	127520.1579	129857.7929	121756.2952	127579.9113	126732.9141	118895.6442	129289.2483	124269.1627	109626.9934	115148.9345	122842.2035	127565.7336	122083.9034	120027.1292	116197.9662	95917.21059	95629.48765	76367.39211	116650.0996	121465.8139	110063.2962	120860.6541	67005.72098	123764.8528	123040.3633	125216.9401	127295.6434	126742.3542	127571.6912
ko03008	7204.400201	7332.646956	7301.93094	7783.414968	7695.721523	7894.949206	7324.71055	7657.754377	7800.763754	6989.411246	7819.718928	9306.335402	7030.739082	7504.8038	8221.736048	8200.624297	6778.534551	8956.497478	7627.449226	8009.353333	6981.767048	10201.44501	17855.46306	18469.12757	6749.398085	9281.075146	7911.726698	7632.96374	9066.417829	11111.67074	7915.57024	8241.00526	8001.298148	7808.190696	8257.954091	7833.082351
ko04540	30.42856151	55.30842422	38.5963172	105.0084968	20.64260281	30.09812007	67.55273442	53.68147096	86.11035848	96.01034265	41.89056592	38.09909283	184.3917098	79.84151899	77.52861294	28.72261743	67.63359797	89.39626709	57.74136267	58.30008117	27.18508423	12.66140422	285.1872281	299.8546664	3.14601752	4.00606695	107.6508846	50.76480482	12.98358027	0	3.60723631	11.12357289	127.2708008	106.9202114	30.28741818	24.76534953
ko00572	2851.456459	3317.650793	3341.912849	4232.248888	2791.220955	3297.993965	3527.979406	2779.915674	3185.334635	2703.136599	3027.728759	4720.608111	3028.396534	3201.100271	3071.971146	3043.307892	2732.693558	3877.69365	3838.231276	3362.518331	4057.955397	3289.875011	3128.112104	2957.001679	1102.197118	3819.860395	3376.550427	6243.193979	2811.157668	1918.261409	3009.532335	3282.232993	3702.047596	3380.61912	3515.083031	3454.965049
ko00720	191751.0046	219085.0556	206462.9636	223067.0876	203620.0498	213456.6928	210735.7816	214280.2715	220430.2439	199761.2898	204896.0632	212311.5766	203437.5632	222006.9992	207748.6293	189273.4313	195784.1285	205905.7493	218765.0905	208184.9543	199851.8406	208000.8756	167432.762	165482.2728	149448.7958	188903.8084	203876.42	187858.7287	208345.8665	147516.074	219731.616	214355.405	208141.5207	220488.5584	222577.3684	225594.1249
ko05218	30.42856151	41.47325513	20.2234745	87.19700758	20.64260281	30.09812007	65.18131999	53.68147096	84.12008528	89.26969605	31.65995523	16.66252598	184.3917098	80.66120227	70.61955996	27.75843181	67.63359797	84.81576595	54.31601986	56.73338425	28.105397	9.38958403	84.4511893	89.08930991	0	3.05308186	72.69544241	23.05081395	4.14502995	0	3.60723631	11.12357289	127.2708008	106.9202114	29.1113294	24.76534953
ko05165	5950.772126	6788.84334	6409.686277	7334.000386	6575.35233	7375.201612	7265.582375	6866.197443	7216.419968	6844.561302	7007.956431	8241.990517	6215.537886	6109.975899	7177.30847	6483.993342	6110.369935	7336.398956	7409.033827	8007.858161	8103.731165	7302.409673	9401.812947	9559.742962	5868.533545	7291.144211	6578.446523	6135.923774	8685.620986	6302.326996	6784.871718	7202.645884	7484.881358	7298.791372	7491.338222	7090.144395
ko00051	107622.2009	117922.2536	113615.8941	115877.4607	110272.2008	109099.525	114992.427	115658.608	113994.969	106846.5677	108067.7923	114673.0427	111477.2664	113501.7226	111046.9292	109453.3401	109986.3703	111389.4242	114587.2845	109779.5064	107326.3335	107063.1742	93307.6372	93638.05372	100758.1677	102138.2789	111600.3085	109403.2131	106781.5817	78006.93627	113685.7066	112097.1571	109175.22	114739.5993	114418.4956	116053.1415
ko04146	27002.27394	33647.62754	31849.64773	31376.60097	26271.57085	27519.50076	32027.51128	30216.69783	30818.53581	31077.55345	32345.89411	38520.22186	33079.84384	32462.48664	31262.55045	28219.96376	29644.65269	30797.75666	32895.17389	30373.11134	30182.38357	29487.38558	27751.33692	26843.48189	28467.36957	32699.11536	33169.79118	49811.41508	27278.75834	22994.19841	29660.50396	29758.02545	30577.77444	31156.76819	29699.70613	30059.20134
ko00061	51312.88923	61277.82098	61232.33602	55456.98445	48427.30784	51108.72429	61321.77941	58013.68237	56919.53952	62204.66069	62006.81934	56920.40998	61025.56224	60932.42948	58041.06914	50076.34969	59679.8779	55632.18351	59116.04281	53494.05289	58432.87101	50063.663	43553.71334	42340.72838	65009.33487	53718.59748	62679.90329	74401.38104	48050.08488	52464.94321	51776.66623	52015.19106	57421.80582	59797.85303	51589.35919	52944.45084
ko01523	27475.37736	30637.40461	28385.75817	28659.5497	27997.62236	27295.77015	28400.53097	28937.06166	29287.48998	28690.89686	29284.3599	29225.39293	28483.82977	30326.65557	28524.14077	25743.2932	27149.4633	27034.07903	29075.23549	28840.55572	29376.39722	27896.30362	23661.73775	23786.80131	23284.06219	26262.99615	28856.68669	29373.70329	26945.96402	20257.47648	28044.04596	27777.85832	29143.74931	28575.51282	28574.48402	28796.97578
ko00532	10.6753387	0	0	0	7.99349562	0	0	0	0	0	0	0	0	0	0	0	0	0	0	0	0	0	0	0	0	0	0	0	0	0	0	0	0	0	0	0
ko04727	18866.11954	21532.98048	20269.04793	20884.22004	19007.67573	18826.95384	21027.63449	22010.14699	21576.70032	20118.86564	20873.21097	21960.82166	20155.69499	21660.80352	19331.98456	19780.59488	19471.35114	19646.93544	20565.62083	19635.09538	18386.0805	19067.90014	17454.46786	17969.68747	14040.62027	16748.83998	19029.50246	22806.54833	18470.60839	15592.71416	19592.92473	19225.63881	19148.93571	20466.44588	19870.44474	20332.50434
ko02020	168211.0278	183077.1819	182082.2972	182360.4872	169980.1781	180651.2977	186135.6106	188146.084	183112.3483	180088.5105	180139.347	191008.1859	167317.6585	173010.4226	178183.3496	169208.2015	186430.8829	173966.4891	172461.6408	172741.5384	177354.0127	167196.7627	141380.6656	140328.1666	199517.4403	151082.1857	173055.629	217594.2439	169708.5565	173359.8012	169898.0027	166283.8541	164081.0722	175135.2986	172998.0572	171299.6957
ko04330	0	3.56902849	10.16836114	1.62320764	0	0	123.5413847	0	3.24444031	25.62037261	24.36682247	34.18840454	0	1.10732444	0	0	0	0	5.85367692	0	3.41785183	6.17689497	110.6840805	132.0098804	5.46969596	1.26820323	28.08967225	11.11789353	2.00000459	0	0	1.19741776	0	0	0	0
ko02030	11503.00464	13020.78102	15725.97131	14347.01083	11859.27497	16552.44364	15988.54673	16444.47109	13665.13701	14092.87989	13312.70998	14829.31753	9763.90147	10055.45438	13616.03765	11368.99844	16530.10586	10949.01287	10394.7343	14458.91028	12350.36945	9228.279367	7536.156188	7595.050703	10589.6165	7374.328125	11068.26516	21829.96994	15372.58715	18558.39489	11093.47004	9540.705119	9600.724869	13070.34845	10691.43695	9861.737493
ko04740	0	7.51366601	9.30471774	3.23192235	3.03456778	0	4.25000157	0	0	18.6150072	15.57997149	9.58094895	8.56830126	22.35154884	4.09522369	10.9631476	3.57843916	8.43400463	3.87470807	0	0	0	57.05244059	90.08371483	71.96444216	0	19.34342725	1.72913137	3.0363706	0	0	0	0	0	0	0
ko04979	3437.076613	2682.455442	2360.452482	2612.493948	3310.973392	3277.037525	2398.903748	2320.540818	2415.821046	2276.716984	2141.48079	2444.887552	1960.957769	1965.72657	2398.894215	2862.714283	2357.697309	2818.454089	2769.732185	3176.47818	3158.747116	3590.968188	3640.317802	3406.69519	3198.74506	2743.853572	2430.804422	1621.037235	3302.391532	1254.794453	3306.347288	3344.891073	3149.183081	2729.034065	3246.374534	2983.594244
ko04931	25693.39154	26506.82982	26345.10935	31715.01826	28625.5102	29678.85419	28916.91381	30130.58408	29160.53258	25486.82967	26321.90299	32694.67148	23858.32382	26544.6241	27907.84881	26678.56157	26085.33122	27607.20929	26844.17494	26977.00628	24654.92592	24005.86139	23978.31869	24262.88194	11261.47421	26610.46974	23987.7457	26289.24687	29568.56412	16832.56644	27475.27673	27547.78994	26454.58983	26742.03801	29349.40428	29044.44384
ko04714	18015.82144	22098.35756	21018.869	20379.97243	16835.2194	18336.70267	21526.51422	20199.73248	20338.62783	21328.26256	21896.45285	23022.16266	22738.47757	22410.0428	21439.70083	18178.31358	19481.44899	21134.35319	22829.65514	20353.83953	19153.77071	19969.47595	19107.65699	18100.61402	14120.00782	22434.12132	23475.23501	29868.27626	17794.8789	13366.26981	20810.71175	20932.54394	21691.2839	22096.93337	19891.64627	20260.01394
ko00540	20372.80955	25464.42235	24739.96301	17502.52933	17091.57145	13850.47325	26909.66048	25039.75418	24623.44583	27700.67381	27884.83966	11422.54375	31957.32445	30239.82644	22175.52804	19003.64562	23822.2197	20806.93849	24467.06565	18535.79141	31269.52314	19234.12082	13953.31965	13864.58692	38885.74701	16606.17073	29294.4339	17984.93372	13559.41921	3211.955229	18547.02797	18031.80191	24107.65285	22798.27219	19530.32664	20882.36075
ko05146	4446.24518	3568.517317	3018.01642	4869.262172	4929.674953	5559.608403	4320.988887	4069.592763	4445.684185	3837.667264	4368.40253	4716.657363	3384.092182	3663.46013	4616.610204	3533.460173	4001.689697	5420.307345	4846.176603	5178.306319	4206.760551	4295.516587	3447.469679	3408.110778	1951.618028	4579.87947	4110.504933	4479.566384	6051.714676	2392.079983	5572.592152	5794.06806	4446.303223	5036.029685	5872.568398	5165.219503
ko04136	0	16.96049103	33.11883415	25.45355316	0	0	8.48995486	3.10989565	12.19016371	18.50330012	33.68716988	83.01734847	0	0	2.38319053	2.16237408	1.00295354	0	14.10359152	0	1.23702133	23.80880665	467.4348609	461.3951216	3.07417182	4.22221214	93.90025997	55.17623216	11.3451444	8.03623892	0.615056	0.85706646	1.42455283	0	0	0
ko00523	22862.22922	22608.95808	22388.16106	19978.52959	21730.86444	20192.87335	23438.95711	22461.45358	21311.68808	22797.53183	23285.27184	20462.29638	24522.07911	23636.49446	24052.19206	20759.00856	22725.10754	22533.26522	24897.5663	22784.48848	23316.75049	25405.62227	24780.45261	25433.86957	29836.57919	21439.19835	23137.68375	19695.49914	20957.7059	24761.21003	22468.57646	21887.14698	24109.11924	24126.58574	21622.94562	21055.27159
ko04072	520.8435752	517.7079708	528.1320858	689.4148609	464.381072	804.4362793	943.1601452	603.2292178	719.6575658	844.7607966	896.5691142	701.5819902	933.0607486	722.7208957	714.9650461	545.9633685	647.8197512	817.8985189	873.8337019	694.1058263	690.6943721	644.4007914	1008.146792	948.4381313	1026.941778	1334.602427	850.604453	378.1304626	825.9981479	722.6912388	500.8647508	526.4909056	974.3393778	685.1606135	699.9672167	766.4028457
ko03264	0	0	0	0	0	0	0	0	0	0	0	0	0	0	0	0	0	0	0	0	0	0	0	0	0	0	0	0	0	0	3.4201712	0	0	7.73784633	0	0
ko04962	0	12.8734302	10.5951036	28.69243349	0	0	4.52216916	1.14728959	12.89492663	21.72490701	16.38241658	38.66179155	0	1.05567082	7.87893289	0	2.1246135	0	8.72042088	0	1.40195751	8.35673737	213.623472	259.2193981	1.58667957	3.79042877	49.8096828	42.98024901	3.63140846	10.01551427	0	0	0	0	0.97721663	16.51496325
ko04110	41.71849861	117.592479	153.9973537	128.033238	55.03594871	63.98575934	56.2045577	62.66828095	103.3849189	134.0305216	108.6855862	361.5535384	106.370481	109.4291438	133.2198512	142.6560978	47.50018888	172.7516373	124.5818406	51.12181037	115.1961533	320.8484283	1833.863677	1811.909666	40.8916918	245.07877	270.5665595	190.2631671	169.5722193	438.7499261	37.22721357	53.84826232	77.30516872	65.06661806	93.36031673	69.18106659
ko00514	1074.534499	1258.52149	828.3073581	1406.91698	1309.123493	1036.514639	787.5104436	805.5078463	882.6906244	896.8634795	1100.094684	2240.51862	894.6806019	969.0172655	932.8896174	1100.08294	903.412646	1024.842276	777.7761197	963.0586488	985.9377361	1120.256151	684.2755318	745.4771041	223.5797545	749.4768511	728.5705981	2657.192049	1236.112967	272.9447846	1041.569128	1131.105205	801.6842395	1078.014328	1010.355865	1053.606113
ko00710	118762.0832	125793.3304	121121.1609	131110.7763	123930.9699	123942.2473	127168.3489	128265.2571	130266.8205	118172.3484	123092.5766	125719.8882	119251.0187	127003.8604	124043.8687	113473.564	115691.8538	121274.7277	128546.2372	126893.8719	121056.4885	121052.6421	98515.51727	97526.05089	85113.97103	118256.0985	123827.6396	105111.5662	126187.2928	78892.25806	128094.7588	127217.0138	124711.3114	128692.393	129682.5289	131310.2384
ko04976	46.51208512	85.41517943	103.7681189	99.7258693	58.28232468	97.72731507	68.57143434	31.68921527	111.8210035	80.1665762	78.07314702	250.983746	96.75212037	57.86384993	103.2471224	123.3496678	63.11890567	124.8141863	75.27128911	100.073295	86.11899385	284.9737723	1183.55793	1130.19634	20.30691918	203.4609399	149.4555402	88.62442742	140.6885823	482.5358715	91.45055091	158.5841334	64.94440312	69.68843945	80.18256832	101.9124497
ko00250	145269.6329	166768.9337	159316.7209	163753.8915	148097.4967	150928.3024	162775.8175	164355.4556	162628.8218	151628.4983	154800.2606	170848.4216	151264.5525	163225.5044	155795.0995	151883.553	151280.485	152901.9757	161050.8645	155154.1763	144197.4649	150902.5769	140146.285	142536.5209	124167.1427	143604.4525	150720.9023	166354.7377	149681.1895	125440.3629	154017.0732	153471.3025	147482.5745	154504.9246	157506.8247	158538.195
ko05010	11666.35208	13444.93151	13535.40461	14062.7763	12833.00415	13137.70803	13246.66807	12889.19145	13514.29171	12798.71603	13406.74124	14876.11944	13024.04808	13486.01503	13612.64085	11698.50572	11950.48906	12861.80005	13574.96727	13655.85011	12288.81023	12538.90106	12221.52577	13042.75549	8148.946415	12394.54132	13300.50915	14758.42738	13159.51417	7927.863838	13188.72789	13018.55852	13176.26085	13512.67336	13278.37945	13351.87186
ko05222	2.78751213	9.12492677	16.84640042	10.8092233	3.54649962	9.25015094	10.51408013	6.43962543	21.97892325	12.23922806	5.62362915	5.89012278	9.26097234	16.74670464	0.73714026	3.56479122	7.95420914	7.29265522	1.90927644	0	33.44168761	1.31598948	34.73890458	53.55902501	0	0	0	20.25211063	0.96811816	0	3.3268938	1.78325118	2.02366383	3.27303084	5.87256883	2.15023407
ko04115	1.76487454	32.36205118	32.70455882	26.21862935	2.23454537	6.76840313	15.58671263	10.43270595	37.91565125	30.39837196	33.66387423	49.80003523	0.75767729	8.83115594	4.70889379	5.85048919	7.31009009	0	4.58169746	0	20.63581859	20.72333288	270.2376616	261.7015561	1.9696712	3.10156779	39.01976796	40.18191356	10.57059544	3.91809017	3.3268938	1.78325118	3.24839759	1.50536283	8.23208667	0
ko03022	1924.783855	2167.441121	1984.799691	2074.88196	2200.560801	2184.435325	1812.434652	1924.450693	1668.90459	1938.612688	1978.057455	3321.674966	1509.778908	1534.030055	2044.802293	1999.561178	2059.998259	2172.129853	1738.777209	2137.561032	1779.283911	2622.822388	4872.678458	4969.777714	1595.152224	1927.492171	1502.298524	3251.61547	2498.05241	4216.817815	1683.776918	1760.536466	1478.235584	1855.313967	2184.26251	2087.187111
ko00643	2197.907625	3757.780253	3340.769186	3988.922957	2686.608942	2354.357481	2982.479922	2644.211422	3482.910639	2562.576476	3264.897735	7480.592359	2063.693805	2806.694185	2771.635008	2963.387924	2358.18965	2805.609785	2660.907371	3565.110727	2194.842829	1987.246705	2783.283028	2642.809437	1412.018414	3046.496951	2456.672076	10619.75084	3340.111546	4065.813428	2249.785694	2418.394045	1853.765463	2217.712704	2651.821546	2628.622936
ko00966	10303.03372	10741.93396	10752.4184	10021.38016	10298.32462	9545.007856	10750.25861	10873.05107	10719.56433	10291.99716	10194.66665	10085.06152	10484.6357	11181.12292	10371.89222	10090.31316	10393.22502	10520.19999	10546.71074	9335.123167	10289.90176	9746.231015	9681.728837	9981.498223	10192.40435	8393.376337	9559.847343	10690.08366	9737.73992	10539.94585	9692.31986	9547.977909	10304.06254	10824.90029	10948.25325	11291.98876
ko05231	668.3964985	590.7729094	669.1533035	727.0629661	674.9429256	929.9953336	1016.452764	915.1025702	774.4417445	913.5460787	1094.187564	808.8518725	1219.403121	756.4977242	767.0381082	621.0750494	708.4575984	879.5589946	959.6516436	753.9683298	1318.311896	836.0573834	1391.096301	1316.308386	1027.792295	1523.771791	1000.410374	445.6240264	948.8777711	1013.511352	537.8394709	575.9829696	1047.888692	755.680982	736.8771917	801.369534
ko00543	24935.44263	23053.73921	22934.46373	25280.91517	25705.79626	27468.48386	23960.87318	23743.40985	23251.90104	20546.29192	21008.63641	24656.85681	20344.4608	20539.04354	22684.44952	23340.92846	22170.58543	22961.64796	22538.06726	24385.01326	22501.29857	23565.03041	21822.61023	21671.76203	18899.8711	22304.29931	21235.63215	20764.20448	25283.62656	20279.18482	23415.33553	24499.08229	22836.89563	22813.36766	24461.23029	24058.25916
ko04974	3938.685508	5669.051085	5648.285234	4057.560029	2994.782009	2824.776295	6078.825048	5055.50261	4830.411577	6503.902307	6509.529239	2090.917807	8262.906713	7454.193079	5583.426742	3887.212437	5324.656461	4982.542203	6324.976038	4117.89125	4110.44623	4392.731228	2865.623623	2487.04846	5123.267238	3372.749215	6096.189368	2752.951919	2067.123656	251.2526841	3986.644994	3600.634319	6326.845624	5774.132865	5054.112539	5546.463423
ko04975	2239.907224	3493.714173	3111.195249	3878.476254	2498.765433	2539.905544	2496.986699	2366.830729	3220.421391	2292.816443	2811.122945	6022.74969	1948.117006	2807.499505	2658.848777	2147.936113	2579.439282	2627.886762	2858.405305	2982.369088	2494.928788	2474.241616	2847.549513	2930.150964	1595.85369	2689.766282	1825.533471	8905.835315	2973.697862	4351.695256	2813.813886	2756.515538	2448.793488	3124.745006	2951.083609	2938.377915
ko04936	2781.360476	5100.446165	4487.381397	4100.640899	2723.479164	2765.094954	3236.228923	3333.814721	3497.550751	3758.243906	4391.009442	7497.059382	3775.719497	3459.772753	3132.836038	2890.407321	3603.260992	3316.154529	3593.872766	3385.629329	3177.065572	2975.790062	2427.378385	2330.879572	2428.938746	2536.546069	3401.027169	15153.35326	2492.688099	3059.016141	3105.854408	3104.887729	3516.32641	3058.680485	2888.535273	3194.62941
ko04662	30.42856151	47.61173945	34.86846736	98.07521496	20.64260281	30.09812007	65.18131999	53.68147096	82.27293611	92.17333195	40.31275564	23.81178731	184.3917098	79.84151899	73.68594907	27.75843181	67.63359797	89.39626709	57.78737064	58.30008117	29.52168007	12.66140422	197.4025451	162.9550196	3.14601752	4.00606695	86.41734675	36.21757666	5.72517394	0	3.60723631	11.12357289	127.2708008	106.9202114	32.4781718	26.87342215
ko00981	2283.639316	3818.84434	3623.429815	2695.704331	2204.135511	2003.994789	2535.78509	2788.56498	2712.66338	2805.445586	3048.820293	3902.69148	3225.359798	2907.359022	2521.275873	2564.772122	2986.064125	2555.437556	2925.279173	2482.430613	2591.773615	2572.17817	1610.122246	1513.963553	2346.162274	1938.981423	2537.518756	6586.078098	1926.957324	2975.060406	2650.670577	2621.249891	2955.947155	2775.914068	2521.622484	2842.438007
ko00253	1.96566865	0	0	2.41316869	4.91599981	0	4.84500179	0	0	4.79651201	0	4.8513059	2.31344134	4.82793455	6.63426238	12.80915785	1.73565013	6.13611714	0	0	0	0	0	0	0	2.19821894	0	0	0	0	0	11.05615729	2.1653203	0	2.23456869	2.15023407
ko04927	0	1.64572911	0	0	0	0	0	0	0	2.07941272	0	0	0	0	0	0	0	0	0	0	0	0	8.50464572	7.70652464	0	0	1.86349366	0	0	0	0	0	0	0	0	0
ko05171	990.321124	1677.537151	1782.359745	1644.12531	1727.997891	2047.755206	1115.441059	1539.216249	1714.240345	1614.793891	1289.780152	4236.349667	1932.100908	2485.755216	3369.952775	3158.946663	1428.668568	3756.977858	1905.080033	2235.878584	1671.810088	6075.749091	20005.00566	20590.14627	937.7560616	5511.773634	2248.67482	1105.962309	3218.859566	10695.88915	1755.983794	2591.791102	1767.234174	2028.606331	2185.295327	1915.305605
ko00300	99386.47012	107971.6123	101463.4696	104932.812	103122.0595	101721.4604	105327.9617	106843.8753	103883.3566	96904.43434	101076.669	104361.8704	95930.95435	104121.7894	100515.0272	100490.233	98796.00165	102144.457	103235.0101	102890.7069	101158.7145	106939.991	93965.15406	95084.12636	77508.26674	93569.92886	100556.6363	94622.19257	103318.6104	80970.59774	104047.5415	103522.5571	99688.76728	103457.2118	104673.5	105174.2036
ko04111	0	70.25054924	157.7450741	106.1620931	0	0	20.52995238	10.79324166	95.34879062	117.148354	108.6900717	326.9593089	3.94824522	2.59605204	21.55932646	9.8493608	4.068931	15.39867071	47.91779074	0	23.16211461	66.06395432	1644.98058	1625.104035	8.10421469	7.03798385	328.2614958	221.3684548	42.20425974	43.63935815	7.05695828	0	2.22702009	0	24.70940545	10.58166272
ko04371	92.94556541	107.8927285	119.1638567	148.4519778	96.91703597	126.3167982	119.5070662	99.93314347	157.3760119	141.7852708	92.41465439	241.8267966	237.7122633	159.9483147	212.2988096	167.5761964	138.7102189	229.3185744	129.3819962	129.4700345	60.6623422	313.5285094	1144.535403	1335.893886	28.99509627	244.7954983	218.8146199	103.9247941	143.6429345	508.5333812	92.4158393	134.871117	181.7867785	155.2089598	135.8204145	111.928986
ko05150	1977.961546	1704.861678	1514.653121	1827.281248	2132.265583	2645.219802	1998.397767	2426.437589	2027.240922	1803.651742	1589.230155	2559.872477	1320.321759	1338.558293	1566.526777	1852.196819	1635.184496	1956.053342	2321.014606	1983.783468	2353.128124	2592.045772	4738.176163	4772.634228	1752.111242	2940.636001	1765.696467	1783.804979	2801.890457	6632.289148	2418.997123	2342.96567	1443.937802	1766.085179	2485.435029	2381.760888
ko03050	153.8699607	903.6752483	554.1670223	728.5328535	249.9185177	245.9679152	154.3490726	181.6950609	300.3710932	211.4437297	475.4123025	2554.650416	264.3517836	436.7621674	511.1145913	578.5050625	208.5377242	510.5566399	278.0826656	279.297309	211.6853198	979.3445056	3261.295194	3407.959344	98.84216785	775.0902615	453.5650221	4100.398558	444.8409691	1545.847146	271.2168825	365.6643213	274.1535643	306.6441784	328.5685889	261.9628071
ko05020	1431.607806	1903.582311	1873.178643	1877.624277	1641.082157	1637.905606	1304.916933	1072.161968	1496.700737	1331.790398	1347.395136	2541.034985	1463.140707	1459.021711	1967.604626	1949.909796	1482.585473	1622.415825	1246.437637	1364.254897	1629.466962	2154.84837	4093.431137	4604.7559	2864.924346	1111.161273	1326.558909	3976.924889	1784.214209	1971.443632	1520.396131	1382.696055	1094.899888	1227.823078	1771.394067	1667.521861
ko00510	1660.025032	2714.868791	2393.712977	1630.920849	1355.367821	1254.431124	2255.825282	2398.561089	1883.934247	2720.207026	2385.572684	1442.823869	2604.713202	2664.236321	2222.35142	1593.492265	2102.986753	2041.652346	2400.612961	1944.886342	1970.266391	2263.331955	2317.400414	2273.696011	3697.051977	1779.513166	2853.695875	2083.623975	1233.576693	399.9056994	1655.271178	1543.968424	2330.236433	2208.24991	1705.151868	1734.486113
ko00120	3970.208739	4086.446896	3746.878301	3290.520233	3595.70092	3435.089085	3604.711129	3711.613205	3749.409601	3870.893926	3773.405186	2739.124203	4202.658418	3979.424632	3879.341757	3697.244821	3784.521701	3697.045474	4031.114226	3788.704675	3934.540911	4113.396049	3083.984447	3246.063246	3364.138762	2803.502749	3798.122907	3066.609932	3486.205121	1115.589704	4025.010584	4014.570244	3925.699891	3920.808915	4164.980381	4350.632958
ko05142	99.21626547	556.4843118	416.8997779	353.7101656	97.2619223	41.96008674	127.5372299	80.55625264	195.8844655	184.7350168	273.745765	1429.758021	268.2265182	262.9500413	107.2444963	73.66070788	147.4921262	106.7287496	166.3882813	39.60014427	28.92599129	14.55880586	202.2498153	221.7603307	2.61974481	73.27247754	147.2336659	3159.056852	21.23026062	0	94.38595114	85.65417192	103.9123543	61.34797052	101.5452893	144.9852546
ko05017	717.890596	994.1313073	1159.154323	1084.8502	742.6955894	788.6621219	929.2056912	841.8968143	1546.684466	1251.675104	1247.443161	1326.633375	1706.321463	1716.6039	1291.177743	1400.344234	863.8682562	1607.524181	931.8242639	753.191139	555.4897808	2073.559251	5397.677472	5766.853887	443.0866829	1487.118088	1237.224304	693.4706175	765.4261652	3004.191362	881.1822048	919.0636252	1248.714279	1051.682126	894.538306	983.3544095
ko00621	787.0256571	1521.154153	1520.514172	1430.214432	901.4168944	1184.413418	1417.79631	1231.095701	1138.762446	1005.466529	1132.986482	3049.444479	687.7908897	731.4940154	1045.349695	911.9797969	1288.980245	1073.213736	951.1112509	1015.144032	808.4980662	831.5942506	1642.266359	1394.195214	2658.969775	867.4585335	947.141899	4383.567138	1257.186506	1161.994819	602.6985425	648.211291	605.7674705	736.6419252	752.5209963	724.2649538
ko04260	43.28532282	134.603281	216.2927662	145.3181496	71.61733726	31.36767639	23.48305444	24.88566154	69.9447055	58.43842618	82.07606197	192.6624877	52.45531971	81.72337384	91.3941729	67.56153393	23.40569542	78.04524572	55.34431904	32.41581107	73.44288466	174.2004592	470.6154948	393.2233905	29.35492943	52.92040719	77.30499	491.6965391	21.62783167	308.0016892	56.70096825	29.8983571	25.09643648	54.58400278	10.99515165	28.57045776
ko05225	119.2550202	304.1665396	313.7096596	238.6130318	132.0997103	172.5036579	294.9898573	196.4652988	320.7697618	326.8346854	246.0247647	263.1634839	275.2987486	216.4694721	185.2143086	188.0303934	255.6795742	201.0066701	224.8004196	317.1926591	95.5631251	276.3161156	1201.767118	1074.010463	15.51370397	207.3783444	398.0667234	269.3198311	253.3363426	288.7175073	112.5699772	115.0861344	243.3430546	309.3323971	174.5725472	201.2908581
ko05135	66.27981673	80.10192329	87.44543531	254.8187517	99.84117135	62.9073976	166.4920854	304.6152993	397.2053188	164.2045276	187.738189	503.8987131	260.4239662	170.1322606	121.3067125	83.25896705	89.04239493	187.0393856	142.5656291	113.4472267	48.19916068	106.4387622	1034.760982	824.239099	37.30224234	230.7349245	331.5905808	119.7763758	181.8165785	164.3115607	71.02287272	119.9292352	255.2972387	158.1304441	168.7598363	118.935118
ko04750	0	3.08366414	11.36387558	6.27476268	0	0	0	0	4.44356662	13.27335572	12.06999779	16.51025386	0	0	3.52886297	1.49497467	0	0	3.50372538	0	0	3.2899737	114.2515909	142.6192014	0	0	32.60590171	11.378392	6.41011572	0	0	0	0	0	0	0
ko00909	206.310742	59.33442853	163.034158	76.31092036	234.1416565	141.4492965	211.448218	291.1267358	263.0566684	81.91361644	130.1689164	53.56324145	394.3345682	224.0388844	105.4676134	406.5772038	142.6047821	83.05875777	160.4434585	66.13821687	91.37116913	99.52793565	112.9304213	78.06291185	0	66.54963095	88.49103312	156.5978112	146.2625762	86.62311895	252.4785594	231.7082761	131.7988907	58.46617333	15.42921059	33.7876996
ko00140	832.0489811	1574.581767	1373.36874	1046.162401	612.2370078	563.9954503	1187.501371	1142.688522	1310.529966	1389.181734	1337.888235	2198.072864	1242.153157	1112.919099	967.9151899	718.1772059	1210.861052	733.0151697	1426.587603	1096.119118	1433.991431	1321.697066	753.3697909	793.116899	2754.094184	1653.922933	2250.227429	3836.863885	895.0470806	207.6525774	829.8972715	890.6559239	1046.265956	1003.643662	770.2153652	901.6926475
ko01053	261.5858863	870.2579736	680.904137	661.9006529	231.0996236	254.2170696	674.873738	478.4325777	1069.782631	516.6762132	702.0648522	1764.581989	515.8166928	595.1625211	405.1855465	282.8464543	363.9973754	248.3879459	547.7980399	222.790129	163.6249508	411.8263723	168.9258577	167.1391015	1045.457211	178.8957658	428.828484	4435.112385	160.9623196	256.309346	322.9788228	300.0132031	341.3954486	308.1961612	429.3120876	396.4853266
ko02010	360548.0002	395812.5543	364424.0833	416334.074	403874.9854	388794.9573	361970.9311	385994.8157	381758.3412	328954.6898	357025.229	468033.9211	312772.9112	345270.2489	350710.1022	373072.0343	343553.6123	361702.2952	350567.4735	372507.2854	351086.0786	387125.2703	322853.2617	320128.1685	345374.6311	314644.1366	312021.572	472758.3916	402784.1082	431519.3798	374063.2383	374236.6894	331316.5538	353807.7881	385996.6714	378961.9787
ko04921	92.4494426	167.510707	164.116767	206.2209563	147.5573489	167.8400692	135.8436399	179.8866801	208.6088667	214.8870258	136.9237175	345.2269415	357.5536473	280.8224483	405.8478227	296.0730862	147.694512	349.9286416	201.2135482	161.6355709	120.5767285	476.5987527	1415.563918	1528.471959	39.63706101	353.5698537	307.7547908	135.6317904	215.1300107	802.9518554	169.1701841	213.8905442	270.0351914	331.5547891	209.688483	201.6993117
ko00860	36320.92216	44170.71395	40079.71972	42886.04936	40933.48978	39421.39181	45989.76064	47037.75148	46009.8805	38887.02883	44904.57255	57637.74975	35938.29235	38709.82378	36640.96335	39287.7957	34409.27221	38045.10012	43524.70748	44842.78913	44379.94567	48484.85822	68527.85114	66969.60128	57370.29245	53328.05167	41526.13304	58376.13651	49905.67874	111820.513	38112.40957	38827.27156	37151.9848	36292.8362	38173.67272	38129.34376
ko04211	2947.128446	5027.007737	4171.81266	3868.881164	2624.46884	2042.367735	3688.688814	3430.291653	3614.065826	4025.859472	4438.246511	6780.764332	4962.530278	4401.008985	3612.710656	3146.192603	3851.644998	3334.071462	3869.8545	2892.423058	5164.420342	3334.888465	2276.381622	2173.858891	5743.712717	3414.74767	4793.933552	11850.20215	2325.451354	715.2834482	3115.497107	3104.049141	3930.286585	3477.433541	3205.939656	3230.763354
ko04919	4871.61387	5776.149328	5287.177658	5577.016376	5126.746885	5504.038668	5456.967036	5910.300859	5525.091012	5546.019425	5102.825624	4961.571803	5063.656101	5377.623078	5253.715085	5047.383439	5124.759406	5421.816354	5592.993354	5954.363586	5678.144284	5181.243368	4771.765605	5109.189011	5328.29587	4713.116714	5604.442019	3551.60764	5328.655297	4713.396632	4976.243997	4796.802561	5106.596893	5612.232324	5446.442795	5482.661339
ko04530	40.69586102	90.55218809	93.3143784	76.41708677	53.72399445	66.82204256	46.05330721	56.14023677	65.42755557	79.58835844	60.89851549	224.4567694	94.40060704	101.8791028	123.8413651	135.0527109	42.05700388	154.9314077	99.29496002	51.12181037	69.972309	289.3227457	1063.290456	1059.028416	35.97719883	239.8291085	113.7914567	114.2019986	139.2055375	423.2138017	32.92182159	52.65084456	72.0331073	63.29895005	76.66826306	61.83112255
ko00930	351.5700922	2348.276015	1547.392583	1817.007322	543.2840351	501.3145077	638.9322013	535.6002552	700.5887134	458.748916	997.9423482	5969.047599	384.6517874	632.0168934	495.1394903	638.7394989	405.8833645	510.4988815	632.4828006	604.7951665	407.0177395	1268.578287	1745.692664	2005.901452	339.0194227	1046.634659	498.4797934	11447.30411	955.9768316	1933.247119	377.5319146	438.4636186	340.2221758	347.9048599	368.0325453	366.42452
ko00592	339.6859851	1075.661005	560.5935697	899.9140778	371.6363467	210.4471332	151.5288442	145.6103003	311.8719852	283.5199806	382.0630936	2499.224958	170.6877071	326.4689867	229.2735376	131.3905394	490.3570413	116.1735951	166.3765601	264.5527831	316.1969104	262.3950618	381.3588982	427.4652138	177.8971055	791.4594389	373.6741921	6393.144477	203.121088	154.8089635	339.5606127	324.1979716	258.0743486	314.7138243	272.026398	313.3297792
ko03015	312.7358509	188.0380007	285.5057697	297.9143678	516.6173712	250.6203651	266.6009364	362.9036401	430.1499299	192.6161975	381.2475234	575.0104109	466.8821147	347.170498	333.8541511	559.6223707	190.205115	400.1478846	290.0413294	231.8833708	171.0492053	814.2733412	2428.36887	2545.459404	67.92120185	677.0105419	305.9741379	240.0231551	418.532111	1114.193093	321.4267952	344.3639378	194.9920388	186.5753963	186.2961294	179.6583355
ko04925	0	3.87172084	16.41867383	15.29781119	0	0	2.16294723	0	20.6108054	16.01795162	26.49481975	30.10207648	0	2.15532792	0	1.04227107	0	0	0.99803087	0	0	1.86239477	149.7640577	184.2511342	0	0	45.72816839	20.46668306	10.37420183	1.01742219	1.82068815	4.95051819	0	0	0	0
ko03460	85.46838938	135.8191343	146.240913	112.1742079	124.0645773	122.5066299	81.67554174	91.09409751	134.496853	161.0093908	110.2124008	431.6242464	166.6634371	181.8514357	229.9127276	258.9719564	107.0051906	268.5090714	120.6793955	107.78971	116.7757467	465.4882581	1620.890911	1712.609058	39.13507517	283.4094848	205.5365263	162.6005228	201.9431318	614.7495769	135.1541828	176.9005181	114.8672681	132.1193886	142.0494085	123.9949665
ko04614	267.1914899	649.4043208	534.6807044	504.0694314	274.1759528	170.1239855	284.7332433	288.7563238	434.2386031	269.5315285	397.1137605	1299.783509	500.1752116	472.2911833	212.793935	216.5807546	259.2321145	318.0732086	419.4717886	216.763203	159.2342826	220.1149285	188.7497698	211.1611753	657.6304917	181.0971111	565.7698045	2291.480622	293.2282166	101.8218889	304.6405611	312.6590238	358.1645431	275.1724139	228.2853236	236.3470402
ko05223	30.42856151	45.01328873	36.38423924	101.0957109	20.64260281	30.09812007	65.18131999	53.68147096	91.36889581	99.18711933	45.01600363	29.89972497	184.3917098	81.95903414	72.82658866	27.75843181	67.63359797	89.39626709	59.85992118	58.30008117	29.13863157	14.67567384	243.7221228	246.0398637	3.14601752	5.0237609	101.6863982	45.326075	6.6932921	0	3.60723631	13.37993152	127.2708008	106.9202114	30.28741818	24.76534953
ko05167	125.5552174	192.6627966	176.3389255	306.7674551	191.9813231	282.6215446	199.4558069	120.0906217	213.7508157	189.56091	130.0561242	327.2017145	284.4435028	251.2315109	156.598554	112.4398218	168.6574314	353.4700837	181.636944	389.8486799	267.5925402	219.091685	871.6723537	946.9513024	529.7487372	330.9716469	314.6934213	99.27528128	251.224075	327.6294515	71.91954655	130.6811438	288.542492	258.2162055	188.2056351	156.3007911
ko05221	30.42856151	45.88663577	39.80986667	96.44959909	20.64260281	30.09812007	65.18131999	55.0629823	85.70974668	93.61987849	46.74319499	27.92172742	184.3917098	79.84151899	72.82658866	27.75843181	68.63655151	89.39626709	61.23392515	58.30008117	28.42210556	14.46086292	239.4730393	199.6283793	4.33190952	5.35466752	88.9150016	39.84380768	5.72517394	0	3.60723631	11.12357289	127.2708008	106.9202114	30.28741818	24.76534953
ko05219	42.91245231	347.020871	179.2151566	277.3460004	26.15049719	36.59759831	93.21403803	70.81410439	139.5666872	114.6973647	152.1304929	904.8135382	189.4224491	134.4748734	74.53388561	42.88182919	87.97426557	118.2737107	75.23017156	81.05227675	26.98324306	15.32020243	82.75932442	66.95045808	0	10.37500739	110.5248163	1872.14997	7.20911607	11.74364979	11.00033365	28.6274459	133.84566	117.5007512	52.05171849	44.40130495
ko01052	0	3.31059461	5.89466234	2.80601011	0	0	0	0	0.6550936	0	0	7.75644838	0	0	1.28570976	0	0	0	4.80726525	4.18446901	0	0	0	0	26.02957883	0	0	45.30897366	4.2278578	0	0	0	8.22273533	20.96074829	0	0
ko04016	8845.099809	11293.20686	9623.449989	10768.07103	9389.650832	8622.649643	10124.97325	10292.11483	10650.47738	8526.47115	10473.89878	14359.71918	9086.628775	9976.729136	9151.678828	9393.381538	8411.620091	8531.274383	8558.619133	7840.907744	9947.268631	7779.832457	7862.909615	7803.341382	5733.325223	7965.213079	8977.937423	17870.34982	8062.786124	4720.625853	8581.173321	8459.803864	8370.147015	8533.64499	8912.0947	9099.538847
ko05161	72.88929708	126.6568285	116.1676019	173.2379132	76.60114263	98.37053472	115.5745299	116.2613332	156.8481544	165.8351225	85.244909	214.471914	277.5529733	190.5517777	195.5767922	164.8403813	114.9303093	246.1445747	146.998065	109.4218915	93.41990197	296.102405	999.9849455	953.4025673	36.77699844	242.169858	175.5363055	134.8073785	139.6006402	400.1222516	39.8559517	65.55766862	199.3039081	171.7245243	112.0833938	86.59647208
ko04926	53.70988527	80.19770289	89.43373123	152.4021699	63.7932426	56.49969255	84.49580972	67.83951268	108.8943072	134.5132471	61.38102246	39.78563624	196.6972488	97.81787103	102.1432724	74.76533913	77.91209343	111.9536258	82.63842303	116.4860535	94.83801618	41.45662858	344.3073239	347.7777222	9.94863228	27.39137481	113.1781748	54.21423109	73.98021962	0	35.08295497	35.04540585	152.9684022	142.9470836	105.3037767	68.87218176
ko04916	30.42856151	50.15071372	22.35904838	96.28067961	20.64260281	30.09812007	65.18131999	53.68147096	86.11035848	98.1825863	44.27020935	32.5534172	184.3917098	78.54368712	72.16241168	28.72261743	67.63359797	84.81576595	53.21397427	56.73338425	26.15184965	9.38958403	177.2716671	215.1228625	0	3.05308186	103.3020817	32.95756855	6.21328239	0	3.60723631	11.12357289	127.2708008	106.9202114	29.1113294	24.76534953
ko00565	330.0340006	493.4578943	357.6325573	384.1816673	385.8571356	449.7442334	374.2494599	363.3345059	474.4434246	412.3373961	330.9299992	444.431475	338.3738368	348.7961745	318.6628116	472.7607696	657.5102205	318.436603	575.9730552	740.410353	466.0824948	355.0040851	1093.237017	989.3905814	252.097236	1668.908034	726.5919857	226.3474939	594.9189429	1013.335399	410.0713303	379.2224155	340.5959292	432.7787918	525.9528368	536.3531228
ko00333	13530.69457	16597.77041	15264.08654	15482.3151	13583.99532	13848.71175	15782.0163	14936.00482	14933.20341	14858.78846	15893.37363	16479.16789	14966.41926	15347.75918	14850.47173	13989.31963	15102.59671	14385.08042	14896.91626	13900.50457	15624.74611	13217.60902	11594.77231	11521.20943	14204.4242	13529.61979	15746.87214	21818.69715	13630.41435	13024.49646	13545.41205	13814.36061	15156.52279	15489.57048	13912.19009	14049.45425
ko05169	1.76487454	31.80244582	43.91771625	46.97444231	2.23454537	6.76840313	20.77639527	10.37999827	56.27267348	48.17724403	71.51538575	101.8833314	0	12.05599553	3.95206256	5.78854506	7.31009009	0	11.5015505	0	9.56136852	15.9130124	524.6871815	561.958094	10.74453071	3.80156059	111.0051563	68.28257672	5.97935084	20.07515091	3.3268938	7.71568988	0	4.24238616	7.0119767	1.91985184
ko04720	30.42856151	47.15537	29.43290782	94.00946381	20.64260281	30.09812007	65.18131999	53.68147096	85.0092891	104.4069813	48.05350594	31.23214635	184.3917098	78.54368712	75.00778334	27.75843181	67.63359797	84.81576595	56.76370762	56.73338425	28.48844549	11.18411514	187.7784833	218.2683009	0	3.05308186	105.385707	34.35953247	9.5870275	0	3.60723631	11.12357289	127.2708008	106.9202114	31.30208301	26.87342215
ko04218	36.01045833	81.96785568	78.83430318	129.5626605	28.78233458	32.57986788	68.50881954	71.50693367	115.6434356	129.6484421	93.04115815	127.1280951	194.4103594	84.34172067	80.4538174	31.22677305	69.28067055	92.10842117	73.08954759	56.73338425	77.43471006	47.99314899	637.7248404	652.165579	4.87893017	8.37555933	171.331733	84.73676841	29.3287312	8.72114926	3.60723631	11.12357289	133.4113062	108.6878794	36.92478052	29.02365621
ko04013	1488.364891	1893.056185	1751.168364	1612.26176	1412.649112	1142.147597	2114.048445	1984.067251	2065.802805	2411.062128	2172.381761	1499.261877	2862.060034	2150.455773	1859.175707	1625.822002	2170.29418	1841.257981	2168.095707	1618.951385	2635.433628	1866.982465	1352.784025	1200.843639	3301.394738	2113.146688	2732.733329	2558.394401	1446.230396	484.3125109	1610.309372	1617.065219	2113.84205	1631.708881	1717.144338	1665.765028
ko04071	646.3959663	143.7710545	129.7617505	176.8762793	591.0045389	288.1874029	197.0046497	167.5003899	197.8654976	177.2002486	174.9017154	250.5656874	236.8047782	153.4084947	122.230343	259.8865707	221.5877354	166.7929553	274.0134259	574.3209915	161.3494334	201.1867197	981.9601623	931.0029199	5.14720759	319.0174127	289.0215234	156.4433458	167.5084551	191.6125794	82.44449997	111.5533953	167.1816346	170.5271313	90.50604713	61.66023995
ko04380	30.42856151	44.07170585	21.87550768	91.39101733	20.64260281	30.09812007	65.18131999	53.68147096	83.98014973	87.92167558	27.56411627	18.39712423	184.3917098	78.54368712	71.47892037	29.25340648	67.63359797	84.81576595	53.25998224	56.73338425	28.48844549	8.24129775	77.57403921	64.25629415	0	3.05308186	69.05819603	22.98114047	3.17691178	0	3.60723631	11.12357289	127.2708008	106.9202114	31.30208301	26.87342215
ko05210	32.19343606	59.24480824	77.8170452	108.9733792	22.87714818	36.86652319	80.5520743	61.50260772	111.9233081	111.677298	62.95556709	61.19658412	184.3917098	100.8688959	74.17501597	30.12271543	75.94664159	90.55415587	72.5820004	58.30008117	30.3756529	20.55240873	411.1098711	380.3312414	6.82356206	6.69504493	118.8373394	74.4786958	9.57740958	0	8.42176555	12.90682406	127.2708008	108.4255743	35.41513078	24.76534953
ko04726	30.42856151	76.49275743	29.370045	112.7441938	20.64260281	30.09812007	69.43132156	53.68147096	94.46174529	97.08674453	61.59444472	91.10289595	185.1987242	80.36326044	72.16241168	28.72261743	68.98175412	84.81576595	57.854613	58.67793161	28.25478591	9.38958403	184.1916185	234.7267349	0	3.05308186	92.52869131	170.094422	4.63668591	717.9857433	3.60723631	11.12357289	127.2708008	106.9202114	29.1113294	24.76534953
ko04932	103.8990402	235.3520238	365.8683967	283.3738375	215.3879059	165.103171	125.7586869	94.5485993	192.0584214	209.2965677	189.8293656	444.1880523	192.2609818	292.8605826	390.5369896	375.8913032	106.9569426	305.4138132	169.8479426	167.9420517	174.0723278	592.4737839	1787.980891	2053.378915	71.33093205	299.5197305	191.4473806	616.3017514	194.3765359	962.9029335	156.3787754	172.9706793	101.2082508	206.9257332	121.7309523	181.1268109
ko04664	30.42856151	45.01328873	36.08372803	100.0047133	20.64260281	30.09812007	65.18131999	53.68147096	87.88615082	95.17569949	42.04028588	27.50312577	184.3917098	79.84151899	72.82658866	29.25340648	67.63359797	89.39626709	56.93413182	58.30008117	27.18508423	14.15684681	224.3793684	188.7081103	3.14601752	4.00606695	92.75700125	38.28800912	5.72517394	0	3.60723631	11.12357289	127.2708008	106.9202114	30.28741818	24.76534953
ko04012	30.42856151	45.88663577	45.80630651	101.9735111	24.5134688	50.6165075	65.18131999	55.0629823	96.54983503	97.24140601	50.24072105	38.45765907	184.3917098	79.84151899	72.82658866	31.95708408	68.63655151	89.39626709	61.23392515	58.30008117	31.45175949	14.46086292	288.4862418	275.8355675	6.20471164	5.35466752	99.83275364	46.14484121	8.55568891	0	3.60723631	13.47594678	127.2708008	106.9202114	30.28741818	26.52783647
ko04360	0	13.9839934	14.78511978	15.42468314	3.87086599	20.51838743	1.65170516	1.48976409	15.22348268	12.02158934	21.19786509	23.37399071	0	0	2.40221213	5.16283789	0	0	1.66046967	0	7.74957753	3.9896272	203.347824	235.4931438	1.87280212	0	37.45528147	28.52904733	6.00742675	0	0	2.35237389	0	0	2.19075361	3.87055955
ko04960	0	5.78452244	17.82479722	13.86684597	0	0	3.81465238	1.48976409	20.75612532	15.16774893	28.61003379	23.29417842	0	2.15532792	0	1.04227107	0	0	0	0	0	5.02493361	160.5199596	157.1343465	0	0	41.88794498	18.26331753	8.64881694	1.01742219	1.82068815	4.95051819	0	0	0	0
ko04015	30.42856151	54.60593753	29.30926469	98.10883771	20.64260281	35.41615109	67.77685666	53.68147096	89.93024897	97.38795358	45.5880272	34.39103307	185.6310534	78.54368712	72.16241168	31.27475277	69.70398063	84.81576595	57.1820488	56.73338425	28.53517741	10.88502662	219.9343217	239.4570835	0	3.05308186	109.3672339	52.45846512	6.21328239	22.80006362	3.60723631	11.12357289	127.2708008	106.9202114	29.1113294	24.76534953
ko04622	13.96465585	42.23295281	30.850684	28.91441021	21.31392741	26.65298206	50.37007746	39.36408607	48.65344182	31.15280179	38.90147053	48.1425957	34.00128847	42.06373806	41.43398786	8.06043334	19.86792285	22.36276904	31.52921706	21.86101646	15.71189702	3.27558868	20.74169919	13.51855687	41.19360341	4.93668672	9.09076204	23.78246378	16.47334057	436.2232283	31.26401923	35.94675671	28.53650747	26.3514524	12.19942063	17.56276991
ko05224	30.42856151	45.88663577	42.01361561	96.44959909	20.64260281	30.09812007	184.181364	55.0629823	87.55689585	93.61987849	48.9010254	29.90996754	184.3917098	81.95903414	72.82658866	27.75843181	68.63655151	89.39626709	63.14320159	58.30008117	30.3756529	14.46086292	258.3530317	227.997272	4.33190952	5.35466752	88.9150016	44.14408222	6.6932921	0	3.60723631	11.12357289	127.2708008	106.9202114	30.28741818	24.76534953
ko04971	0	16.20912073	22.18515122	18.83798379	0	5.31803103	4.7584839	0	20.6875466	15.20775938	28.06763073	36.0767231	1.23934358	2.15532792	1.54285172	3.06361736	2.07038266	0	4.77530538	0	0	1.03530641	178.9057268	215.443092	0	0	47.71300303	35.57879257	8.50827576	23.81748582	1.82068815	4.95051819	0	0	0	0
ko04014	30.42856151	55.92564912	57.37262944	129.7347581	24.5134688	50.6165075	76.6628391	57.46589538	104.5149452	112.456815	68.76544566	80.39363145	184.3917098	80.98377479	75.84216247	33.35995131	67.63359797	90.28118209	62.72366655	58.30008117	36.77090564	27.65558802	493.9722568	515.8754805	5.01881964	9.78490767	155.5817288	59.33510354	13.42722856	2.86728073	3.60723631	13.47594678	127.2708008	106.9202114	31.21079367	26.52783647
ko00670	91999.94951	98276.84849	92226.84638	96501.4813	95996.79383	95699.62298	94616.64042	98093.91302	97771.25927	89498.33823	92527.21732	93463.87343	89250.62855	97430.90317	91971.97109	88934.2619	88857.24478	89547.02377	96154.01642	95341.64417	95452.28813	95652.29459	76475.67882	75472.75345	76243.32677	85495.69834	90982.92442	89095.60329	93738.96917	70119.08011	97827.68153	96117.16185	94891.96894	95856.45452	97413.70241	98076.90919
ko04934	1029.222673	1854.60028	1687.984658	1960.453408	1219.617042	1286.526825	1387.207053	1499.374856	1809.614443	1088.342214	1273.253128	2181.901784	1356.589287	1502.510885	1391.459648	1520.452039	1408.266258	1634.099403	1376.589738	1491.521812	1119.561398	1385.641507	1963.97528	1889.368956	678.213173	1708.604017	1301.47901	3083.28399	1529.540535	1557.525758	1712.456908	1634.067141	1441.381614	1570.586013	1545.127199	1726.240933
ko04361	492.3125089	470.1212364	479.5939931	579.9131832	450.2153111	804.5215786	1000.577783	546.6959127	639.7855443	752.9457702	844.3675732	647.740824	747.9113616	643.5566943	649.1933005	522.3666229	590.0451183	728.5022518	822.1537402	641.5719463	654.699801	616.2876176	694.4654822	712.6116725	1022.29259	1333.313409	757.6575935	333.3823641	821.5457695	1439.262628	495.1663241	518.3554833	847.068577	578.2404021	668.9187233	742.4338639
ko04320	30.42856151	45.01328873	32.91592296	95.7093633	20.64260281	30.09812007	184.181364	53.68147096	82.27293611	90.30940241	38.14703313	21.92656481	184.3917098	79.84151899	72.82658866	27.75843181	67.63359797	89.39626709	56.93413182	58.30008117	27.18508423	12.66140422	178.3006094	142.9762283	3.14601752	4.00606695	83.07657572	31.9869756	5.72517394	0	3.60723631	11.12357289	127.2708008	106.9202114	30.28741818	24.76534953
ko05213	30.42856151	45.01328873	45.58199596	96.961873	20.64260281	30.09812007	65.18131999	53.68147096	88.24710645	92.53438559	39.54817943	29.61605013	184.3917098	89.83066656	72.82658866	27.75843181	67.63359797	89.39626709	58.84340826	58.30008117	29.13863157	15.08182084	250.6428782	207.1400976	3.14601752	4.00606695	85.01865044	38.87413534	8.70534491	0	3.60723631	11.12357289	127.2708008	106.9202114	30.28741818	24.76534953
ko01521	92.94556541	97.47585214	123.6111111	144.4758549	96.91703597	126.3167982	113.882957	99.93314347	156.2589767	135.4205318	79.37664848	213.0054579	237.7122633	161.2461466	211.1372971	166.6120107	138.7102189	233.8990756	127.2823951	131.0367314	61.69557677	313.5795982	1045.629766	1151.546513	30.63794367	246.9261006	185.9553763	98.76527966	139.704431	504.9576799	92.4158393	134.871117	181.7867785	155.2089598	136.9965032	111.928986
ko04270	30.42856151	44.55691928	33.06813837	93.03582486	20.64260281	30.09812007	65.18131999	53.68147096	87.39981181	106.8088167	37.94352922	36.58959509	184.3917098	78.54368712	75.23958451	27.75843181	67.63359797	84.81576595	56.97288876	56.73338425	26.15184965	10.03582886	188.4627608	214.6874345	0	4.71839924	103.1553364	30.12893141	9.5870275	0	3.60723631	11.12357289	127.2708008	106.9202114	29.1113294	24.76534953
ko04350	1.02263759	11.03541687	8.41278669	8.31287977	1.31195426	2.48174781	1.65170516	4.02472775	1.8242797	9.75002518	5.17622507	15.80790106	9.26097234	5.79803355	0.73714026	1.97336657	2.35922894	7.29265522	1.18046662	0	32.62305825	2.66188781	109.6923927	134.0294622	0	0	14.06872255	8.96656159	4.37404715	26.12788356	0	0	2.02366383	1.76766801	0.74485623	2.15023407
ko04933	23.28132376	30.86076879	57.20443286	55.81789607	43.15063979	26.40157248	18.79262266	15.64780581	27.6329786	49.47144269	29.20022223	16.34639371	12.30553904	17.97635204	27.77383198	46.0427217	10.27849546	22.55735875	21.0223523	58.1859723	72.07911207	32.78485155	191.0845389	208.1248194	6.80261476	23.38530786	43.64176352	26.10228539	73.38517833	0	31.47571866	23.92183296	25.69760143	36.02687218	75.01635853	44.10683222
ko05163	32.19343606	71.30285997	75.18357102	120.5486732	22.87714818	36.86652319	79.94540169	64.35444184	116.9512519	117.0320276	83.29383727	78.14091355	185.1493871	88.67267492	76.33083773	31.80901676	75.94664159	89.39626709	67.86328955	58.30008117	40.21194423	21.75503053	491.3607281	471.846718	4.33190952	7.17006617	144.0415308	83.34830712	8.76154454	1.41435372	6.93413011	12.90682406	127.2708008	108.4255743	37.6058844	26.87342215
ko04510	53.70988527	79.05913226	70.05882421	152.6972776	67.66410859	82.33611101	82.84134482	67.83951268	112.2240977	142.1987153	54.08927152	51.37330616	197.9365924	97.81787103	102.2337801	70.28318066	79.98247609	106.3539998	88.24324288	116.4860535	96.16529314	45.21017859	351.7777928	352.5527748	7.44947771	27.39137481	103.8158587	69.15735916	80.18447971	22.80006362	35.08295497	37.39777974	150.3061231	142.9470836	102.9433168	71.70266575
ko05217	3.29916246	11.61853952	16.93800895	0	1.97331394	0	0	0	1.84714917	3.24088649	2.96229116	1.98824012	16.6734511	31.24964665	13.29515512	4.4445193	3.48172459	5.81949756	3.5643025	0	1.95354734	1.4879278	18.87999233	28.36889278	15.11577984	0	0	4.30027454	0.96811816	0	1.09897393	0	0.97536951	3.87435855	0	0
ko04961	0	4.18887962	31.30453823	19.29509841	0	0	11.80166056	0	23.2158011	18.48369239	34.33821019	33.30268398	0	2.15532792	0	1.86794746	0	0	0.45934475	0	8.18643922	4.15969039	237.2457304	215.9933176	2.81861489	0	47.42825355	33.12064217	8.40173644	1.01742219	1.82068815	4.95051819	0	0	2.18291534	0
ko04520	0	13.35998181	13.03986903	4.96621664	0	5.31803103	4.24724183	3.35544996	7.55315009	5.85373183	2.59459641	12.70292521	1.23934358	0	3.04323962	3.77280273	2.07038266	0	7.32879071	0	5.6631366	2.37045762	132.6382544	110.5202261	0	0	34.60656868	40.8134267	6.64404777	22.80006362	0	1.14769799	0	0	0	0
ko05212	30.42856151	46.71990446	36.8326985	100.420198	20.64260281	30.09812007	69.13073954	55.0629823	93.18394903	102.5524395	51.14420736	41.49128281	184.3917098	81.80345808	70.61955996	27.75843181	68.63655151	85.70068094	58.61581319	56.73338425	34.11108998	25.40023972	283.9796326	284.5643986	1.185892	9.52441515	97.10539174	44.92973889	5.98019899	0	3.60723631	11.12357289	127.2708008	106.9202114	34.00139486	24.76534953
ko05162	43.53808038	102.9400333	140.826092	134.8494447	131.4444177	116.6464654	67.81569108	60.09482827	102.5889304	83.36008566	88.45992922	224.7143478	137.1599363	191.0987839	256.4115412	274.0588097	54.68673948	211.9959412	104.6074215	117.3291695	95.34144072	419.2546407	1338.374141	1662.965711	32.23078821	240.9684936	156.282868	101.3744554	175.3011158	647.398239	97.86768333	130.2992294	71.63885116	155.5799716	105.0027815	149.0836142
ko04613	30.42856151	53.8240598	50.01590307	106.8865929	20.64260281	35.41615109	75.96764634	55.0629823	107.8557378	129.4568883	51.18606841	61.93848116	185.6310534	78.54368712	74.25325418	32.41345514	73.46313022	84.81576595	71.0918782	58.52997692	37.39488346	18.09808809	377.9712764	364.4972719	10.59957442	7.23138905	130.1136397	81.20262849	8.67241126	326.6009637	3.60723631	12.32099064	127.2708008	106.9202114	30.88479661	26.68520138
ko04929	30.42856151	41.47325513	19.28429291	88.4116898	20.64260281	30.09812007	65.18131999	53.68147096	85.0092891	92.89122357	35.1574813	15.89525211	184.3917098	78.54368712	70.61955996	27.75843181	67.63359797	84.81576595	52.40674342	56.73338425	26.15184965	9.38958403	87.77617505	92.17569353	0	3.05308186	79.11945982	25.05157293	3.17691178	0	3.60723631	11.12357289	127.2708008	106.9202114	29.1113294	24.76534953
ko03070	96571.35247	97889.4437	97905.77751	100764.803	96729.16245	98805.68089	105326.453	102430.4915	103224.8075	103683.2723	106143.3053	97515.55526	99389.92301	102420.388	101404.8882	94445.68539	100695.6577	100242.3544	104233.8092	100962.5906	102990.5988	93569.46113	83629.6448	81786.87205	76313.03483	98210.40317	104346.792	86319.17357	95135.4012	56931.7342	101142.1268	100501.7577	103417.9493	104542.0655	101855.2907	102955.3809
ko05410	55.63129431	48.38502655	26.10005922	30.15412261	63.24430259	38.35166801	50.49897536	35.89506896	22.86094928	35.84853906	27.06267102	30.7962983	23.7817746	27.36883036	21.59947283	28.65351579	22.14582296	16.02664313	39.90009683	30.43643959	27.86986378	6.92344299	33.86355184	43.46789769	0	47.96437169	12.59925494	20.57505304	9.36634818	39.26188406	50.33500424	56.11017994	34.32181449	19.6298313	31.21409653	33.57821497
ko05216	30.42856151	45.5491982	27.14037684	93.64037736	20.64260281	30.09812007	68.60938729	53.68147096	87.0961791	92.84525407	36.32895351	25.08077233	184.3917098	81.9827172	70.61955996	30.60067641	67.63359797	84.81576595	55.77979846	56.73338425	29.94817619	10.56457464	141.8122466	148.8537702	0.68000553	6.71543116	85.16451944	26.11133684	4.14502995	1.1510981	3.60723631	11.78167749	127.2708008	108.6273239	29.1113294	24.76534953
ko05211	1028.200035	1847.374591	1706.893229	1957.402347	1222.175954	1304.563465	1387.207053	1499.374856	1813.636941	1083.762846	1280.318028	2185.459509	1347.328314	1498.010683	1391.386685	1521.713139	1407.622139	1631.387248	1380.309896	1493.088509	1092.944588	1388.991709	2021.718107	1903.1035	683.2319927	1709.557002	1310.356137	3093.87099	1534.919312	1557.525758	1712.456908	1636.419515	1439.357951	1568.818345	1544.068719	1725.853186
ko04113	1571.000515	2503.806149	2059.878642	1799.184307	1332.416655	1245.294083	2285.248869	2260.99438	1940.318645	2562.890447	2534.360093	2257.996991	2329.522501	2375.795266	2050.504637	1586.846469	2210.662781	1907.471782	2352.069811	2082.636851	2159.069858	2151.423683	3106.481515	3325.006841	1825.803071	1952.936747	2851.26829	3019.724296	1649.692833	2304.995446	1796.407323	1700.32695	2028.73637	2353.310295	2084.879893	2124.894956
ko00623	46.18837452	1282.547237	795.3302831	999.10693	78.52388618	31.82073892	89.52279793	124.0682579	300.517145	124.7581542	548.0030285	3875.812453	73.82800383	291.3110398	102.685102	36.82220627	83.22290408	45.0259962	107.4414167	57.04316018	44.78702806	100.794863	157.2334772	143.5242187	6.06432478	124.1944511	143.8055165	8006.751122	150.8467444	213.0439963	14.59997745	36.47960897	38.2831251	53.23114287	46.99054651	40.37799601
ko04650	30.42856151	47.61173945	40.8649072	103.599127	20.64260281	30.09812007	65.18131999	53.68147096	93.11302446	95.79485947	43.81028171	34.34771896	184.3917098	79.84151899	73.68594907	31.95708408	67.63359797	89.39626709	57.78737064	58.30008117	32.551334	12.66140422	246.4157476	239.1622079	5.01881964	4.00606695	97.33509878	42.51861018	8.55568891	0	3.60723631	13.47594678	127.2708008	106.9202114	32.4781718	28.63590909
ko00908	8629.280145	9465.418817	8781.347562	8923.256464	8593.709287	8434.638522	9795.908924	9457.430599	9172.272889	9331.37767	9946.241505	8286.648763	9425.818974	9810.711275	9340.988394	9176.589418	9281.813723	9279.998433	9958.997461	9718.901818	9102.900869	9604.543786	7893.236807	7826.398706	7723.017411	9559.982688	10398.41683	7417.947191	9186.670241	4896.175565	9730.595094	9589.389555	10326.06878	9585.318842	9362.354228	9732.85463
ko04657	9280.40419	10510.63439	10762.85134	10876.62503	9553.563836	10210.4184	11177.41219	10959.0632	10704.73242	10690.32634	10320.38718	9539.196131	10612.56765	10871.15431	10465.28785	9020.370547	10545.35856	10448.94733	10846.49483	10169.89877	10462.59797	10131.38032	8702.957899	8375.754569	7691.899416	9107.74428	10360.77142	6871.159026	9750.552371	6221.103212	10647.59591	10363.70284	10259.88264	10561.21366	10962.695	10826.0848
ko04144	1.51975308	71.52000081	112.4514159	99.60964127	0	0	21.68577993	6.91058976	63.78528485	97.43372498	72.28973941	218.1090257	0.99431576	4.03901654	5.28758148	3.49794362	4.97111739	16.694251	24.53060818	11.66728417	25.71227856	78.8056275	1238.320493	1144.019348	25.49448246	18.27573066	266.3201638	132.699701	20.47955058	9.96224932	7.27684235	12.17878463	0	0	15.8058105	13.12511103
ko05235	30.42856151	47.85026857	34.0522701	92.13125313	20.64260281	30.09812007	65.18131999	56.92866817	87.4169603	94.44410167	46.73750041	31.14052653	184.3917098	78.54368712	71.47892037	29.25340648	68.63655151	84.81576595	60.92049175	56.73338425	29.72546682	12.68448532	193.5585747	188.8549221	1.185892	4.40168244	91.24861757	41.80590263	3.17691178	0	3.60723631	11.12357289	127.2708008	106.9202114	31.30208301	26.87342215
ko04668	30.42856151	41.47325513	19.92296328	89.02516567	20.64260281	30.09812007	65.18131999	56.05799939	83.98014973	86.05774604	25.43692645	16.51190173	184.3917098	78.54368712	70.61955996	29.25340648	67.63359797	84.81576595	52.40674342	56.73338425	26.15184965	11.76626958	73.7981838	50.22941699	0	3.05308186	69.55533458	18.75053941	3.17691178	0	3.60723631	11.12357289	127.2708008	106.9202114	29.1113294	24.76534953
ko04140	72.20176735	176.6290867	195.6867317	248.2198579	149.8524751	139.9761824	129.5135479	112.7680247	190.2747379	192.5368146	162.9840711	359.6766947	322.3093234	260.8113151	331.8274477	302.3881909	112.2650944	293.9413106	174.5801501	174.0625537	135.8069737	465.9314994	2034.444681	2319.204952	35.30496003	250.0591863	332.5517479	174.8805941	191.1077903	656.8488316	95.34291063	140.4966176	200.3342048	253.2569738	129.4222627	175.0894834
ko00360	33269.92356	40952.16731	38366.51272	41547.60813	34212.79747	35185.31719	35346.0213	35297.29307	37729.3817	32807.23633	35436.28509	58429.55039	30743.77281	34741.97019	33811.37498	33100.49244	31174.08001	34171.71191	35025.98276	35943.20098	30495.66021	33072.27207	35293.72541	35918.30427	22617.08671	30550.58703	29591.56043	71264.35231	35763.40212	33556.53104	33139.98171	33041.68858	30883.20394	33421.86187	35585.54203	35796.50616
ko00626	5610.644835	5590.868443	4344.736311	6747.9712	6318.054482	7115.622284	5950.153063	5378.697882	5778.227347	4927.862283	6213.277233	9014.345716	4481.147938	4762.754577	5815.237788	4377.032563	5202.823771	6349.059627	5971.815743	6617.92243	5401.827127	5586.257864	4182.432817	4128.458304	3358.246521	5746.181648	5279.958217	10883.29538	7323.436424	2600.668275	6873.938792	7213.402966	5769.580739	5939.532543	6912.482355	6212.668022
ko04722	30.42856151	45.01328873	37.17441736	102.0219535	20.64260281	30.09812007	65.18131999	53.68147096	87.26247469	94.76612197	49.21927439	35.86310847	184.3917098	79.84151899	72.82658866	29.25340648	67.63359797	89.39626709	56.93413182	58.30008117	29.56841199	14.15684681	264.3481467	240.7425183	3.14601752	4.00606695	103.8129174	39.87181465	8.76154454	0	3.60723631	11.12357289	127.2708008	106.9202114	30.28741818	38.63782737
ko05143	300.8778747	715.3057272	580.2767564	673.5766527	378.1850321	563.4846232	434.5275246	616.6673951	703.048187	488.245788	624.1351853	1838.835527	691.84666	556.052942	401.4847249	327.7200347	457.3108328	511.9255975	477.8409868	394.5583421	326.9203177	381.7553174	994.7185696	798.1195673	116.9762272	415.3706789	465.8292129	3496.960071	270.9415131	184.9322588	375.9049827	337.8179657	364.9130382	353.9052499	508.4962024	506.1707995
ko04725	30.42856151	50.15071372	22.35904838	93.04875726	20.64260281	30.09812007	69.43132156	53.68147096	86.11035848	94.97063629	45.05791891	22.97246824	184.3917098	78.54368712	72.16241168	28.72261743	67.63359797	84.81576595	57.08868234	56.73338425	26.15184965	9.38958403	161.0298817	208.5982333	2.95450679	3.05308186	88.60132398	39.7846562	3.17691178	0	3.60723631	11.12357289	127.2708008	106.9202114	29.1113294	24.76534953
ko05140	51.29667168	80.14114063	101.2534281	77.75121099	103.3860997	83.28227513	58.67813478	95.69845974	103.1991786	94.1188199	85.89120159	271.4455303	152.7937931	133.5898307	259.6938039	180.7284695	67.66997713	205.9154378	88.08114142	86.86019527	90.11290602	375.5829665	1100.799281	1207.385589	32.45517085	330.1727326	119.5314337	81.30424203	186.8716297	646.9437299	116.8351583	160.8426646	119.2100994	116.8034381	102.366696	125.0889037
ko03013	87.97719586	186.2180301	263.1504423	201.5150471	159.7283523	149.9899243	119.4202276	151.6133981	242.741066	228.3869408	268.0649076	758.2306417	232.9317333	249.2207817	422.1541724	322.2657255	127.1377656	374.6765617	178.8570567	173.4281649	161.4032238	711.7518392	3162.247143	3294.736199	67.06666096	560.7992954	462.5302235	294.2670952	400.8893055	1226.020572	193.6720167	279.3819982	181.2278268	200.3866562	201.2965973	207.3677888
ko00100	146.1343401	31.96241466	136.9474454	40.1278138	183.2102368	61.98173326	171.0757062	270.773304	256.8818305	42.56418374	113.1961831	49.99350689	294.7545357	129.2243506	33.02279577	340.2582223	109.6527335	41.02490957	94.88363949	29.51067599	45.80547104	105.3042755	259.3741268	186.0619081	3.82930489	16.10116753	51.12974666	203.3608897	90.529841	44.30380256	210.2786713	189.454116	52.72695543	32.19210561	1.11357243	4.60905531
ko05204	10.72657786	2.13266769	1.41138977	12.85295734	5.75159416	6.37198326	44.99114814	42.39094887	50.12398694	35.07557695	75.27587813	15.88005876	5.19874458	11.34134968	5.68991322	28.73463387	22.38489385	5.11726124	26.86096581	17.92354148	1.33894818	9.03366458	87.17893331	119.7990482	8.84745182	13.52580076	60.67230845	6.76378803	18.99365627	0	26.63886513	13.89627127	42.88695286	24.68230203	20.94417433	22.37422601
ko04137	93.36178132	147.670601	142.0562151	209.2730718	169.1041749	245.7550215	119.5104052	60.45369986	113.9921395	84.9292501	79.80459943	308.9690086	100.051793	163.8566678	86.98319049	81.59499068	92.7107898	268.6543177	123.9520198	333.1152957	244.0252822	214.7121668	787.0080419	811.4974802	528.5628452	328.8286311	244.9559839	63.75388777	247.2341852	329.7737407	65.41748057	117.7743198	161.2716912	149.7906313	151.7758394	129.427369
ko04114	30.42856151	63.17251971	81.73000022	117.3706227	20.64260281	30.09812007	67.3726784	56.21643462	100.9766537	125.9247926	72.47216459	113.5366706	185.2120791	80.29569465	79.61834398	30.48409854	69.34870786	90.75729078	68.52919559	56.73338425	37.37906409	24.80779823	598.5511109	649.7416466	0	3.83259212	181.5809066	81.03177416	20.03293161	52.7439853	7.91262829	11.12357289	127.2708008	106.9202114	32.43670713	29.56540508
ko04120	105.7159031	165.8166554	195.1749949	266.9461099	174.5663969	252.2929592	143.8245109	63.69882782	148.3240281	128.6577022	118.6811821	415.3430031	100.051793	167.0744375	94.32740697	90.67437183	101.9090475	283.7201323	156.2258351	333.1152957	263.4689331	247.1456122	1312.664002	1467.386508	531.513104	330.184639	328.0299718	153.2420913	276.0895552	407.4789931	72.64822418	123.8602779	161.2716912	149.7906313	165.9328322	137.8113091
ko00062	117.2310406	67.23803977	137.4053479	161.5028864	220.3964963	82.86502206	167.5319649	102.4501099	132.5846923	82.30150117	81.42348332	337.7835624	77.06744549	96.90390433	150.1012746	237.6639998	55.01275099	162.9157705	167.4445597	101.2027349	1030.663511	285.4075346	1011.394604	1145.6422	18.12444493	748.9465516	215.1940246	172.1438139	239.7567726	800.9032339	63.06863357	94.10237299	53.15584804	80.68439545	77.43986531	67.44335977
ko01055	5249.039541	6052.454762	5973.92738	5924.898015	5398.96689	5568.42526	6504.411242	6558.687468	6037.82087	6085.902797	6932.325876	5931.912676	6733.39798	6402.554692	6439.7749	5326.799134	6081.505083	5812.859855	6802.654364	5823.198755	6383.733548	6886.022678	5901.668501	5877.756141	5496.697299	5496.07013	5935.599945	5730.525529	5953.915813	5295.36996	5924.033606	5758.948696	6006.210733	6680.11558	5929.430355	5689.556089
ko00515	1074.534499	1255.426804	819.0079242	1401.275583	1309.123493	1036.514639	783.8981182	805.5078463	877.379297	893.4600694	1095.582183	2221.708611	894.6806019	967.1214796	932.8896174	1100.08294	903.412646	1024.842276	776.6123381	963.0586488	985.9377361	1117.081761	551.1781794	634.828072	221.3249993	697.3839175	705.4385708	2647.678424	1054.78521	272.9447846	1041.569128	1129.165529	801.6842395	1078.014328	1006.950776	1053.606113
ko00591	55.67719132	141.7905002	63.15902429	93.83156558	43.96061388	44.92298253	60.94346171	44.17188455	104.8562788	130.1031166	47.92034184	37.60496831	108.8761779	134.2493718	114.4506438	67.72889941	342.3974409	16.0269488	33.92562722	117.5139028	165.3180161	103.6490103	202.8156891	220.2261263	116.9818713	676.0818986	203.7359441	11.7864029	106.9753344	0	91.25916727	94.46960897	129.7330992	155.9915226	176.0959775	167.4089523
ko00590	55.67719132	141.7905002	66.03515607	97.52553009	43.96061388	44.92298253	63.55767131	44.17188455	106.6834588	135.5943177	50.82576704	37.63220186	108.8761779	135.0934163	114.4506438	68.41888772	342.3974409	16.0269488	33.92562722	117.5139028	165.3180161	105.7196231	251.108409	270.2520942	116.9818713	676.0818986	217.0624366	16.54656889	106.9753344	0.73520019	91.25916727	94.46960897	129.7330992	155.9915226	176.8772952	167.4089523
ko04145	23.87095429	57.37884821	28.20652849	89.56410999	19.81683419	27.70771239	15.99680541	46.64464313	28.83290832	39.01955398	45.60683675	146.0722188	59.07537708	15.91663319	69.95444974	86.93887918	49.63684853	89.11731477	35.34352009	27.37002684	13.45266675	134.6824646	1106.652765	799.3590526	9.40614409	51.72033171	160.7440071	90.48063672	68.9931303	189.32296	20.92252554	52.89571195	29.63453413	29.46039386	40.08216862	33.72942689
ko04918	1458.578014	2028.457507	2385.552647	1513.745666	1330.19207	1715.386363	2521.622585	2182.475228	1970.197336	2549.590908	2442.831171	2581.602573	1707.239534	1626.776779	2142.373316	1763.077212	2064.344707	1639.992551	2374.402346	2258.067364	2083.413485	2715.135375	4947.028699	5007.503843	1719.53333	3188.252382	2550.706059	1989.396083	2709.316262	5596.356461	1287.443731	1363.973948	1522.796891	1655.255704	1374.352544	1294.703007
ko00364	14.12228101	288.8961278	233.2818534	327.5594814	43.37483105	11.72301333	50.05333844	73.93673368	170.5561889	72.13564806	181.5119354	858.5033609	39.72357005	152.6455254	73.38730655	27.45388519	31.07798321	17.82429388	44.25562577	38.14347994	22.61044121	41.97808412	68.14971817	58.05100749	5.37612641	77.90359325	49.69841382	1769.426271	86.54232331	111.9831098	14.59997745	24.68195616	26.47163421	38.16992935	36.03621715	32.43709912
ko04391	0	10.02663862	8.06664394	2.7114255	0	5.31803103	2.59553667	0	4.67828693	5.76431639	14.37526027	22.93971716	1.23934358	0	1.24237123	2.43392804	2.07038266	0	5.14854115	0	0	1.14766524	107.6452394	133.4037177	0	0	13.51564819	24.42219529	3.15035622	23.98134033	0	0	0	0	0	0
ko00365	0	0	0	0	0	0	0	0	0	0	0	0	0	0	0	0	0	0	0	0	0	0	0	0	0	0	0	12.24716124	0	0	0	0	0	0	0	0
ko03040	26.0998385	84.3692931	152.4812911	85.20059758	19.49780848	10.68000243	24.00291587	54.78241555	64.61972675	158.0303613	97.11337806	277.3934071	0	10.32474554	27.50322959	22.75039302	8.54775455	15.65257005	42.67651424	4.22860983	35.17556002	49.96790161	1413.164722	1537.309198	4.78354283	10.59107389	257.5367542	155.8866244	40.48833537	22.88237577	0	8.04608256	25.76533564	2.46144092	26.59911067	11.67349205
ko03430	167250.6873	169334.7622	160180.663	177473.1336	169820.1597	176637.437	175475.5293	175134.9717	180018.0507	169459.222	176207.4781	176240.3191	164220.8859	171986.2863	173202.6875	167156.6443	165325.017	176587.1156	180304.368	177734.6115	175556.9235	167816.661	156543.2351	157028.1121	119369.4621	177432.5659	173487.0618	157827.3525	178407.7753	108750.6835	184881.3539	187640.1228	185379.3851	179894.9527	182558.7366	181419.7373
ko04966	0	1.47518724	0	13.95493341	0	0	0.94138636	0	9.17031288	9.69852266	4.14108504	18.23649066	0	0	1.4548821	0	0	1.47231546	4.07566276	0	0.82373079	8.81046497	131.2869963	129.9509487	6.32285845	0	34.17110416	16.44383989	6.17410245	19.22138898	0	0	2.82433083	0	0	0
ko04721	0	5.039662	11.67000243	30.98348479	0	0	13.31224356	0	21.38494745	23.6130072	22.47882596	55.08732223	0	0	1.4548821	2.83931574	0	1.47231546	8.92484252	0	12.90954355	17.02851899	365.1773428	391.3526751	9.14147334	0	66.55570792	54.68633104	11.80761861	20.9080247	0	0	2.82433083	0	2.18291534	0
ko04392	0	2.39289092	7.84734724	10.06292274	0	0	1.2487118	0	13.76315127	5.41150116	7.98989608	26.35030926	0	0	1.24237123	5.57541965	0	0	0.85323882	0	3.95581757	3.28676483	113.5353627	156.915238	1.87280212	2.86479626	25.49828831	4.92959281	4.96095635	1.1812767	0	2.35237389	0	0	0	1.76248694
ko04611	23.28132376	47.07711532	67.54715675	57.12346666	43.15063979	31.71960351	19.31172999	15.64780581	23.88501812	48.30697534	20.76003152	21.86646955	13.54488262	17.97635204	32.84554667	48.06406798	12.34887812	22.55735875	29.30138306	58.1859723	67.65293195	31.93565379	207.7865188	223.2952223	6.80261476	23.38530786	35.38276888	33.09708469	74.80570258	22.80006362	31.47571866	23.92183296	25.69760143	36.02687218	75.01635853	44.10683222
ko05031	0	32.02415858	23.05795184	26.50789282	0	0	1.7988868	0	12.30805857	18.55208808	37.98405679	86.48951564	0.80701442	1.81957332	4.38822338	0	1.34815615	0	6.79472323	1.94454736	6.25424867	2.86347563	172.0240447	226.6267181	0	0	43.83358856	153.9814059	7.86988984	717.9857433	0	1.19741776	0	0	2.19075361	2.10807261
ko00984	16.32519211	2035.674032	1000.28113	1521.655285	51.13077106	42.72038224	20.21896875	39.38980253	202.5730195	38.41450617	651.8838708	5301.67736	35.03446223	205.6125865	26.50866229	22.18585472	106.2288301	92.13988025	26.11896824	5.93135839	35.94123928	58.4992666	19.53906316	8.02774974	0.61419854	18.74944797	80.93970391	10198.64581	46.36669303	138.1408319	5.05988488	6.03063125	13.33419822	13.27496669	11.12572972	25.44218587
ko00563	0	18.87486861	21.59906606	14.00320797	0	0	7.4955905	8.86918999	15.53968448	30.7869688	19.31024769	57.2860548	0	1.87614037	4.68512132	2.53173379	0	2.0576939	5.29326254	0	3.97426121	11.00935147	278.4078006	293.5665877	4.18203402	2.99311061	35.15841695	39.93316874	1.65346914	1.83372605	0	1.71857367	0	3.23171476	0	3.80734739
ko04261	0	21.99003395	40.16878219	27.92475921	0	0	3.81465238	1.48976409	26.77614044	23.83859091	38.55268288	73.25637572	0	2.15532792	5.07171469	3.50143137	0	0	5.49142285	0	0	8.91312333	362.0543111	400.8962391	0	0	70.4932915	47.03048624	18.20928888	17.47924263	1.82068815	4.95051819	3.13814537	0	1.61925267	0
ko05145	1.76487454	23.27419049	24.79222545	18.75815745	2.23454537	6.76840313	12.16578529	7.92938952	23.35853117	19.16757268	11.83608801	19.82895527	0	8.83115594	1.54285172	4.05058494	11.05819662	2.87039653	2.53157737	0	0	5.11714769	156.8714676	158.494694	0	0	29.61828853	29.75183631	3.17691178	0	3.3268938	1.78325118	0	1.50536283	6.29560564	0
ko04723	53.77498653	149.397533	180.7699031	159.4996096	35.25782055	102.8884046	113.1904898	40.76569885	128.2572627	231.453612	116.7203863	232.2045397	217.7499319	167.6032744	188.9490115	197.6969604	107.2541916	131.8765428	85.92716521	38.18621746	96.35698766	170.8233122	640.360971	690.7369155	104.1431166	65.01785374	168.9813006	856.4603932	93.11604835	312.2580394	102.6109564	88.64591923	105.2827132	116.5027442	61.12372022	69.51578041
ko04911	0	3.07643834	16.41867383	10.96899398	0	0	2.16294723	0	19.58647723	10.71102937	17.63708482	19.41855801	0	2.15532792	0	1.04227107	0	0	0	0	0	1.03530641	97.91488049	100.2024477	0	0	25.39387484	16.05673944	5.47190516	1.01742219	1.82068815	4.95051819	0	0	0	0
ko04139	1.47867867	15.81632171	55.28104345	35.45262888	1.10720716	0	6.68556924	9.55573534	33.42919094	40.14460231	61.06077883	107.6866579	3.12627208	2.8288679	6.39364931	1.49497467	1.00295354	0	21.22884434	0	7.81523463	32.45947688	489.2668345	547.0763135	4.44991855	5.41038224	93.39006707	63.79062299	7.59975607	5.8015858	1.1805107	0	0	0	0.82355111	2.60387853
ko04020	0	6.07855407	12.78326796	18.14364556	0	0	2.07642934	0	5.99927917	22.73737097	23.87635282	45.74299691	0	0	0.85936041	0	0	0	6.7809752	0	4.37944821	4.06903325	204.0833062	242.9275172	1.50317012	0	47.26919253	32.2651047	8.32043317	1.1510981	0	0	3.13814537	0	5.58347349	2.10807261
ko04064	0	7.79460973	6.46785352	2.12302231	0	0	0	3.12121032	6.60442958	4.97872236	6.59653558	15.10688855	0	0	2.05679555	0	0	0	6.06030787	0	2.93032102	4.36984805	93.57401257	113.1150775	0	0	11.27953955	17.56418893	2.76557474	19.70954316	0	0	1.0213775	0	0.9829481	0
ko04710	0	3.51469649	12.9613399	1.67581159	0	0	0	2.53496366	1.07310571	4.47293779	5.56647099	18.74257808	0	2.09303521	1.9398428	0	1.71510989	0	0	0	1.13491798	0	69.46843529	64.72271363	0	0	2.51596294	4.78717849	0	26.12788356	0	0	0	0	0	0
ko00511	72782.16115	78186.32025	74457.58699	70223.46056	70103.77496	65868.26645	74033.73115	79184.19533	73522.17774	74130.55472	69535.40058	56085.84848	80122.17948	80752.60984	71102.63289	66233.90031	69807.931	69636.67694	69073.57884	65076.1604	61560.13584	63358.64684	46821.33708	46956.34875	70214.65945	48495.84594	67989.86002	52314.02778	59534.39096	26202.58114	69740.96152	67250.07581	70383.2966	71338.88109	72939.9839	74798.65163
ko05220	30.42856151	45.01328873	39.75344486	95.7093633	20.64260281	30.09812007	66.98020679	53.68147096	85.34040404	91.608097	37.86224333	25.71603237	184.3917098	81.95903414	72.82658866	27.75843181	67.63359797	89.39626709	60.51523661	58.30008117	30.95334814	13.73034875	217.4937969	197.0554267	3.14601752	4.00606695	87.51335644	39.2519409	6.6932921	0	3.60723631	12.32099064	127.2708008	106.9202114	30.28741818	24.76534953
ko00622	824.1736884	2470.782304	2079.60571	2054.521423	942.4594623	1204.511144	1452.806983	1278.364022	1217.21504	1065.832189	1427.294044	5594.622551	720.9992078	844.2038061	1072.690276	920.4727699	1339.31654	1102.755008	1031.154744	1037.875019	832.5931313	884.9631593	1698.950233	1467.150312	2658.969775	924.4295985	1028.047261	10666.24097	1295.370484	1269.700566	602.6985425	658.9492482	618.6837166	751.7031388	761.9090392	731.5181426
ko04712	0	2.90521568	5.28281871	0	0	0	0	1.86568587	0	0	0	6.7482397	0	0	0	0	0	0	3.36071618	0	0	0	36.56677188	46.45345382	0	0	6.11757014	10.96793008	0	0	0	0	0	0	0	0
ko00534	65.30200881	21.91908767	16.382937	28.35145882	32.25429569	114.0785461	14.78923782	40.86611522	70.46324999	26.7393532	29.30930425	30.74986061	50.46202602	57.1994362	38.51950974	61.81104871	2.07252391	140.6355269	11.75488438	23.37238499	117.7518568	54.51055752	34.22422637	49.03344024	0	38.98473642	25.03627457	2.97167301	25.01230153	0	69.36823686	71.38190244	47.98440738	69.10748974	42.41441038	43.98792805
ko05414	0	8.78577377	6.81771902	1.32107775	0	5.31803103	2.59553667	0	0	6.83992606	1.31781786	14.13873664	1.23934358	0	0	1.05716066	2.07038266	0	3.96807453	0	0	3.24194489	31.24814032	17.40286204	0	0	4.97831882	14.85344582	0	39.26188406	0	0	3.13814537	0	1.61925267	0
ko04745	0	6.10095292	3.95628926	4.44660458	0	5.31803103	2.59553667	0	2.736353	8.11825753	11.52423484	10.8019152	1.23934358	0	0	1.05716066	2.07038266	0	3.96807453	0	0	0	57.7706814	84.52619967	0	0	23.90395099	17.91709105	3.0363706	22.80006362	0	0	0	0	0	0
ko00980	1358.469715	2357.990314	1597.035093	2341.894538	1534.333868	1820.537566	1929.951363	1535.318339	1610.354344	1349.795157	2255.005112	5077.014559	1337.7638	1317.791829	1489.630298	1079.930222	1475.515744	1346.942283	1540.258039	1773.297128	1441.806059	1631.508168	1157.890446	1196.648389	2109.068968	1514.802126	1446.203927	8060.365053	1684.06536	644.8008384	1676.45207	1802.986071	1606.660114	1231.2439	1436.348117	1441.574654
ko05032	0	8.67745858	4.33932282	5.85174968	0	0	4.25000157	0	7.55201905	5.70094025	10.21702403	12.29651142	0	0	1.54285172	0.96418562	0	0	4.68193892	0	0	0	101.2429878	137.9632218	0	0	13.12670568	22.43465423	0	0	0	0	0	0	0	0
ko04390	0	11.46457366	16.26271446	2.7114255	0	5.31803103	2.59553667	0	4.67828693	10.12478186	16.23884107	26.81043996	1.23934358	0	4.7712342	2.43392804	2.07038266	0	8.65226653	0	0	2.94219635	144.4752629	178.7400858	0	0	17.09769712	29.49955376	6.52410134	23.98134033	0	0	0	0	0	0
ko00562	21775.72577	20983.49215	19375.09134	20802.33766	21838.61386	18621.48321	18482.1862	20044.33326	20132.68623	17532.69658	18699.80636	24685.46215	16583.36273	19079.88907	17990.48634	17590.52196	17553.55175	18832.43903	18235.46376	17849.01952	17585.97422	17319.99884	16523.93251	16747.23158	13736.47987	16105.87715	16761.29548	27476.71093	19364.22198	11397.02388	18974.51495	18031.93597	18178.52339	17783.15367	20060.63016	20014.58752
ko04730	30.42856151	52.4306703	23.70973321	93.04875726	20.64260281	30.09812007	65.18131999	53.68147096	86.11035848	92.89122357	41.48673333	29.45142001	184.3917098	78.54368712	72.16241168	28.72261743	67.63359797	84.81576595	54.39444088	56.73338425	26.15184965	9.38958403	155.1259157	199.6871069	0	3.05308186	87.38827574	37.03451654	4.37404715	0	3.60723631	11.12357289	127.2708008	106.9202114	29.1113294	24.76534953
ko04742	0	1.64572911	0	0	0	0	0	0	0	2.07941272	0	0	0	0	0	0	0	0	0	0	0	0	8.50464572	7.70652464	0	0	1.86349366	0	0	0	0	0	0	0	0	0
ko04550	30.42856151	42.33601615	22.80954049	93.31127026	20.64260281	30.09812007	65.18131999	53.68147096	86.56942373	92.02526797	34.99373984	18.1147561	184.3917098	78.54368712	70.61955996	29.25340648	67.63359797	84.81576595	52.40674342	56.73338425	26.15184965	10.88502662	96.1925322	98.21321204	0	3.05308186	78.9368913	22.25166688	3.17691178	0	3.60723631	11.12357289	127.2708008	106.9202114	29.1113294	24.76534953
ko04913	0	1.64572911	0	0	0	0	0	0	0	2.07941272	0	0	0	0	0	0	0	0	0	0	0	0	8.50464572	7.70652464	0	0	1.86349366	0	0	0	0	0	0	0	0	0
ko00254	0	1.84873532	12.59357976	0	0	0	0	0	7.0758243	6.26194762	5.42630883	11.04493978	0	1.33123195	0	0	0	0	1.44451836	0	0	4.72281333	69.57521376	43.18540931	0	1.90597018	9.15640074	8.98775338	0	1.60918816	0	0	0	0	0	2.60041852
Others	14775909.49	14392878.5	14640323.04	14341132.91	14611881.22	14583696.77	14450998.79	14384044.41	14393673.01	14737134.09	14551658.66	14149888.85	14841224.12	14558661.92	14615906.7	14840008.85	14801959.07	14664995.77	14444428.46	14521358.54	14634990.2	14630025.2	15042085.85	15037155.53	15503518.31	14852071.59	14701104.93	14371332.24	14543727	15584219.07	14563586.41	14564602.17	14658761.3	14527309.48	14463243.42	14459696.81
