Compound_ID	Name	Class_I	Class_II	Class_III	Class_IV	OS1	OS2	OS3	OS4	OS8	OS9	OW1	OW2	OW3	OW4	OW5	OW6	CS1	CS2	CS3	CS5	CS7	CS8	CW1	CW2	CW3	CW4	CW5	CW6	PS7	PS8	PS9	PS10	PS11	PS12	PW7	PW8	PW9	PW10	PW11	PW12
Com_42_neg	Phenylacetaldehyde	Benzenoids	Benzene and substituted derivatives	Phenylacetaldehydes	Phenylacetaldehydes	22094619.64	28211595.27	26640451.7	35106465.86	31481926.87	48420088.84	16305637.3	8422808.466	12298212.88	32717951.68	19548530.17	28245625	74471453.78	30803367.62	100229830.7	78818209.78	61812916.6	50588277.51	14089454.15	34462406.57	45361511.03	33387817.65	12515512.66	12636669.01	25654364.2	31168829.59	34675782.55	82047964.22	52683105.44	39835279.17	46809468.43	27694834.82	39722956.08	17983749.53	19103812.9	14760663.76
Com_45_neg	Dodecanedioic acid	Lipids and lipid-like molecules	Fatty Acyls	Fatty acids and conjugates	Medium-chain fatty acids	90894952.44	728741626.2	731956750.6	1176669565	1008756024	176501810.7	657543081.1	687575687.9	670196534.9	741825853.1	775957880.5	920488952.2	988525491.1	750927390.2	4595588082	741626646.1	753306861.5	759067716.2	707275603.8	1029620723	608811333.2	1212756304	653641448.1	465403498.5	1635457007	1582602628	2322199747	1862489960	1966805331	1801175149	1263741444	1503892352	1432107149	964070360.2	1234116382	1039271423
Com_91_neg	D-(-)-Quinic acid	Organic oxygen compounds	Organooxygen compounds	Alcohols and polyols	Quinic acids and derivatives	16308182.15	368171534.1	316518474.8	75908516.45	368622414.9	144043509.6	811852158.7	712864603.6	348008316.6	307207179.6	309718242.7	1189509927	1912678856	1619340492	151036460.7	313490674.3	997485915.8	666037108.2	657673651.5	206790176.8	142302224.2	397548477.4	801241250.4	362098559.3	273947515.1	232326047.5	190984331.9	144176485	230447951	209761969	251001421.5	143414521.5	152601397.7	677405124.1	582309947.7	632246262.9
Com_130_neg	Sucrose	Organic oxygen compounds	Organooxygen compounds	Carbohydrates and carbohydrate conjugates	O-glycosyl compounds	11475854.65	11986978.35	99076230.81	469819559.1	17309471.74	12543173.41	15446271.62	14380668.09	45064947.24	44789698.29	89303803.37	33229443.9	32716826.11	49889521.94	36895048.71	17498192.23	19268112.04	16663685.61	9679521.89	35097079.98	31585320.95	34091310.13	11985843.92	20053100.74	20907848.5	24988436.82	22004811.97	35393126.83	15412549.26	24735254.02	58207430.12	41487080.42	18217670.83	28975104.39	41640749.61	22880417.27
Com_251_neg	Succinic acid	Organic acids and derivatives	Carboxylic acids and derivatives	Dicarboxylic acids and derivatives	Dicarboxylic acids and derivatives	27474144.11	145929508	51601368.29	35653768.16	1382700931	241590736.8	47778840.98	79940684.35	23341733.47	21796574.12	16823155.69	31511178.06	64093015.38	31731739.01	212615479.8	203952824	137481349	94580114.68	72243755.7	21347094.76	8179518.182	41153438.67	69433510.76	104937223.1	210764929.9	162240165.3	146183684.2	123980400.7	145064552.7	138124683.7	40303338.64	40959585.28	40273025.18	32539157.52	30446999.87	34515405.97
Com_415_neg	Glutaric acid	Organic acids and derivatives	Carboxylic acids and derivatives	Dicarboxylic acids and derivatives	Dicarboxylic acids and derivatives	34552322.41	201723820.7	57395872.76	241308002.4	416570837.2	122785661.7	48121487.17	59838985.95	24144568.14	39223588.84	21849605.39	108876237.1	262920477.1	292006005.2	298588811.9	529573244.8	260311301.6	238740307.4	400615439.3	184650756.8	150145557	160324588.5	428678012.1	204601562.1	239476233	278954441.5	355555979.8	365327231.5	278943165.5	308402582.4	219531443.8	91455488.47	125395820.2	41408895.35	42888854.09	50073773.39
Com_504_neg	Caffeic acid	Phenylpropanoids and polyketides	Cinnamic acids and derivatives	Hydroxycinnamic acids and derivatives	Hydroxycinnamic acids	5258041.972	11492975.16	16810273.33	3650135.186	12337072.5	5868804.413	74859451.1	39256590.61	32550601.69	35698692.8	31043931.17	49711144.81	205695402.5	55124182.72	41436544.78	73789603.46	42837891.28	21536008.12	65694209.61	44661192.99	38238818.67	32026974.02	62123974.23	31930864.02	28083671.87	12023459.7	17909068.63	20501945.97	28015369.61	15231597.06	23288515.76	39475801.77	25846323.52	62531752.44	55984480.95	59485634.29
Com_513_neg	Suberic acid	Lipids and lipid-like molecules	Fatty Acyls	Fatty acids and conjugates	Medium-chain fatty acids	15597667.04	153969532.2	106575751.3	85157574.17	82261466.02	26753040.38	93639371.28	110488759.3	128835885	185218634.4	194025176.8	170623560.7	128436320.6	50964723.13	41021862.5	38076162.7	98428448.48	94685709.44	103033767.9	174582045.1	104657377.3	230777436.6	88187742.15	49113297.09	162411992.6	167187337.5	154804430.5	150961859	123246193.4	109535647.9	245561590.3	292882104.9	194334487.1	130739273.9	151395726.8	133407864.6
Com_612_neg	2-Isopropylmalic acid	Lipids and lipid-like molecules	Fatty Acyls	Fatty acids and conjugates	Hydroxy fatty acids	3519005.265	15920710.25	8504295.155	167250634.7	33242663.03	12236764.91	4743969.06	5611217.308	3910551.028	4018344.788	4914814.257	7610986.746	17407116.01	25889150.37	26173104.66	17992803.77	7426183.101	6258019.806	8137880.993	5046082.57	6123283.326	5735437.556	10822269.3	4109037.477	28333762.65	29737748.22	27432128.03	64667328.95	27522075.04	29172221.01	3442894.052	4281927.419	3896567.068	4761021.216	5803290.561	6276587.034
Com_629_neg	Glycodeoxycholic acid	Lipids and lipid-like molecules	Steroids and steroid derivatives	"Bile acids, alcohols and derivatives"	Glycinated bile acids and derivatives	732267.4524	29126525.57	2437380.651	1890794.401	59312538.56	30499260.81	80815340.1	21977475.5	103380366.2	112927034.9	166081007	57609506.08	5123962.597	3778780.109	9708572.612	6939743.879	102548665.4	80517518.6	99831595.36	69249717.06	7433553.94	3399140.682	100101820.8	32335441.85	59600878.72	61634505.13	26451078.96	59491047.44	45249805.85	43662326.74	117118232.9	55774071.57	33064417.99	22163936.42	23803940.39	29416373.35
Com_632_neg	Adipic acid	Lipids and lipid-like molecules	Fatty Acyls	Fatty acids and conjugates	Medium-chain fatty acids	3272825.913	98851782.16	74221527.19	104097017.9	43801317.77	5374966.685	64645944.4	61768314.35	113119262.8	65070696.04	85321119.49	88704269.67	189438626.5	46828402.98	323150632	158034820.1	64082222.13	67853081.87	61130221.59	85152891.31	20847858.12	150556369.9	61084611.59	23341186.65	150933912.6	159130837	266505903.3	166283792.5	149534337.8	159336545.4	69170725.39	51794262.93	90553651.24	80238767.75	87110215.77	49888142.8
Com_790_neg	Gluconic acid	Organic oxygen compounds	Organooxygen compounds	Carbohydrates and carbohydrate conjugates	Sugar acids and derivatives	4753374.887	207978632.1	54610819.99	11747425.58	115250167	33501820.67	29076169.23	37923613.83	15007990.27	27720051.91	20012643.4	44636160.95	59899413.23	71240027.34	50948519.05	39091560.64	86472780.13	75918012.1	54640534.08	9989152.948	9504161.649	19793818.76	71923217.99	17941146.73	51356990.25	57131243.71	40961381.19	49947714.65	40462669.28	47999630.38	25748558.45	23960706.15	24835974.96	35478425.08	34031304.91	40679723.08
Com_931_neg	DL-Malic acid	Organic acids and derivatives	Hydroxy acids and derivatives	Beta hydroxy acids and derivatives	Beta hydroxy acids and derivatives	2562918.07	254648645.7	45192372.86	9231806.538	184286604.4	65125612.57	26403806.96	33273277.6	11113411.62	8254707.065	6677577.474	10910412.19	212970751.6	322179686.6	85145473.22	80629836.68	67391195.61	60071909.75	23356920.55	5854385.843	2991624.735	4457390.558	14486792.11	5412639.748	28321559.03	36334967.44	66437363.22	83827760.81	36389677.18	59413121.51	8488561.268	7892857.264	10281926.39	13644801.95	13225511.89	18132235.43
Com_964_neg	15(R)-Prostaglandin E2	Lipids and lipid-like molecules	Fatty Acyls	Eicosanoids	Prostaglandins and related compounds	20391616.98	143329225.1	55800835.62	64315416.49	90964096.42	142488387.2	61087980.26	54587891.59	45537982.23	46175950.67	35887270.87	43928480.52	56400575.59	68762424.64	25561894.83	65912132.97	47455392.81	19000236.11	54732848.25	62809965.82	59708716.05	97646453.76	99843199.27	61162965.83	60555621.34	42182101.92	73158784.45	53607966.23	57571566.35	56002634.89	38187267.88	40926191.87	40383891.45	71413382.98	61215236.21	61847031.51
Com_997_neg	N-Acetyl-DL-norvaline	Organic acids and derivatives	Carboxylic acids and derivatives	"Amino acids, peptides, and analogues"	N-acyl-alpha amino acids	7962945.225	8922469.37	10127861.97	91660866.85	12469197.17	14739611.62	7375896.992	7539984.425	7943073.567	9741848.356	8776042.062	11433447.41	11367913.06	11946999.96	15951076.4	17864417.37	12558767.09	13020544.38	10644543.76	32186459.97	23636906.94	15483992.3	10100690.69	10185226	18737582.55	16770194.55	21683097.9	18759115.64	22935273.32	22502812.51	11504317.61	9762592.982	11263403.45	7366303.511	8322121.988	7871138.643
Com_999_neg	(¡À)10(11)-EpDPA					280923670.6	65143976.58	19603667.45	46483587.9	52876143.89	182404982.6	16394806.72	15107660.6	17605808.78	10549162.76	19532283.82	48640066.77	15762094.28	12651416.67	26179923.96	22235701.07	9996115.527	3772613.227	4201785.112	19308763.72	40541019.08	64448506.29	10603973.37	14592474.53	49357372.75	51020699.09	30247556.53	21984886.2	23102437.51	26341953.18	19584985.4	2488379.383	15213048.55	9169151.283	14346214.34	14874453.73
Com_1017_neg	"8(S)-Hydroxy-(5Z,9E,11Z,14Z)-eicosatetraenoic acid"	Lipids and lipid-like molecules	Fatty Acyls	Eicosanoids	Hydroxyeicosatetraenoic acids	106954504.8	39146702.7	17847939.25	14631288.47	32183574.61	57250697.14	12492976.38	12253588.23	14398087.2	13349147.76	15442381.4	20277198.63	20055567.47	17054008.77	14341141.27	35387644.32	10526232.37	8463200.654	12127409.45	29392395.24	37507457.85	50444795.88	11683837.54	22504674.51	31972255.09	31848279.12	41720947.33	37760678.04	14603001.99	31929491.63	13916339.15	12846114.27	17485139.84	19504169.75	19156109.5	22522190.43
Com_1122_neg	D-(-)-Mannitol	Organic oxygen compounds	Organooxygen compounds	Carbohydrates and carbohydrate conjugates	Sugar alcohols	6970868.554	11508939.3	48713452.01	83473507.79	12447720.57	9369557.949	7848868.684	4049264.541	24005230.49	24095283.81	32046075.61	8293354.586	36328553.89	15409844.05	12722266.78	4299053.178	40697678.8	41671941.45	7805752.329	25048622.1	35612556.55	29731358.8	7936643.306	6177158.85	22458128.13	20413961.18	12371952.93	10260017.05	15604338.84	18642810.71	15509220.6	26927615.88	8509131.112	15294615.29	16594824.94	17912564.75
Com_1179_neg	3-Hydroxybenzoic acid	Benzenoids	Benzene and substituted derivatives	Benzoic acids and derivatives	Hydroxybenzoic acid derivatives	17487805.02	19624214.29	25978733.62	18822031.49	30864645.82	54364605.56	51972593.09	45284485.26	54740373.19	76603068.84	74508537.73	51068026.2	61576607.9	46969635.13	127512447.1	51181115.06	21034246.19	21341908.39	47278874.95	95633587.31	55332933.24	96498180.22	54072553.67	37701335.54	81431946.31	79457774.74	73149137.04	101139098.5	57828042.8	59837838.72	89669872.04	94995832.83	92088047.48	50528388.39	64318140.12	51297584.02
Com_1255_neg	Genistein	Phenylpropanoids and polyketides	Isoflavonoids	Isoflav-2-enes	Isoflavones	873416.6023	6487366.481	5281504.589	1272255.003	9727179.94	5424495.515	15503598.88	19462654.94	15266975.26	4865643.786	3805740.568	6137637.79	20865838.52	84262623.19	8877606.306	11390403.6	6172721.838	5408131.205	43016614.23	31091259.95	45983987.23	105356494.6	47339003.95	68329304.71	91578698.02	88400117.23	36426157.26	49592156.77	24753855.25	25875466.71	72291376.04	57734766.51	55510714.72	68101159.72	23396861.37	43248125.56
Com_1274_neg	"3,5-Dihydroxybenzoic acid"	Benzenoids	Benzene and substituted derivatives	Benzoic acids and derivatives	Hydroxybenzoic acid derivatives	10198545.54	7812750.805	15061068.75	8260069.443	16144039.93	16509397.51	29327712.72	29874120.12	31367960.13	73270009.7	43592182.94	18735975.58	27183635.74	23477771.94	32440568.03	25057468.51	13368565.98	8739044.271	35118156.42	53845853.11	27234334.87	80188994.72	32844793.9	23267925.2	33119974.73	32590565.49	23688696.14	29668872.95	33837871.67	32313184.17	112013400.4	96663680.15	108373324.1	78421415.12	102990677.1	62031238.22
Com_1305_neg	Levulinic acid	Organic acids and derivatives	Keto acids and derivatives	Gamma-keto acids and derivatives	Gamma-keto acids and derivatives	13402657.23	34383794.38	18464516.46	27887316.52	30286729.08	44025493.35	25345018.82	16959440.15	19503984.21	19741955.42	17117011.23	36845735.67	25527489.54	18312991.56	40646365.68	35603167.54	6514384.242	8036486.544	18123694.51	54101830.2	52652356.62	40257706.01	18762214.62	24706698.62	48740931.23	55435584.07	47471087.48	54937419.52	47979707.95	53501325.41	30249501.59	31250158.11	32988351.44	12791045.96	20347900.51	13412975.79
Com_1310_neg	"(2R)-2,3-Dihydroxypropanoic acid"	Organic oxygen compounds	Organooxygen compounds	Carbohydrates and carbohydrate conjugates	Sugar acids and derivatives	4718717.699	51317681.16	41153930.1	14149149.61	66840361.1	76434888.33	7126818.323	6151248.809	5776605.514	8107197.683	12738168.89	16724302.88	36602273.69	83503913.98	34004557.3	32922140.99	40566502.81	37715450.35	7648983.314	3006013.917	2171566.342	5161498.057	7674171.709	4322637.96	21295649.23	21671334.81	22443027.6	33039341.99	28014164.26	38070481.53	7955613.766	7379268.952	6198412.391	7346522.276	7521677.175	7829479.234
Com_1346_neg	2'-Deoxyuridine	"Nucleosides, nucleotides, and analogues"	Pyrimidine nucleosides	Pyrimidine 2'-deoxyribonucleosides	Pyrimidine 2'-deoxyribonucleosides	127982544.1	400593301.5	314226647.5	106504506.8	428730797.9	454194286.1	91401536.83	112767606.4	137721357.9	204146255.1	141698743.3	264807931.7	382726313.3	272611889.1	535148993.3	487718031.7	172689439.2	195623541.6	81400558.6	194027528.7	187969217.9	160685230	77766836.17	193201198.3	513811971.5	578439611	433776571.4	486678003.1	531185063.7	449907712.9	264727778.3	286592128.7	209539421.2	154768408.3	182568571.9	271295760.7
Com_1661_neg	(¡À)11-HETE					31934506.12	63156385.92	57986626.87	66903536.48	43293288.51	83695736.96	17874721.04	23412183.04	31246905.31	40921349.23	27290533.65	40184338.07	31874761.47	27800777.83	56474506.55	63461994.06	18495016.29	13196284.25	8151950.362	30442231.75	38566187.79	30540807.52	21500782.2	38516046.1	55606177.35	35623624.99	60036949.15	64923742.78	48091724.14	58983656.93	42609755.69	33101095.72	22787689.86	14281015.97	28462943.92	66225011.03
Com_1776_neg	Chlorogenic acid	Organic oxygen compounds	Organooxygen compounds	Alcohols and polyols	Quinic acids and derivatives	6042670.981	42853991.88	43638859.55	30996275.53	16181028.5	15309109.98	45186912.45	29802976.91	49253495.47	55554429.56	41396040.1	43782719.74	32929873.89	59004120.6	17638856.92	16077579.22	50911236.57	40033279.55	58859105.48	37298225.21	37992398.65	45340513.34	62636045.67	81983401.06	13358045.56	17650813.52	22410513.64	16849666.77	31457818.65	20164855.09	30244069.65	37797618.73	34089709.51	23938988.72	43342690.14	43887788.51
Com_1779_neg	2'-Deoxyinosine	"Nucleosides, nucleotides, and analogues"	Purine nucleosides	Purine 2'-deoxyribonucleosides	Purine 2'-deoxyribonucleosides	87316582.95	278488956.8	290045686	137666851.7	37399551.73	515434910.3	99100031.15	92284261.41	153459708.6	184633846.8	123135578.4	221595651.8	388213383	202073891.6	414758693.6	221714765.3	206188132.9	302086254.3	70603525.62	166545972.6	152949755.7	115401199.7	25862701.5	49409949.18	309460912	285732735.2	324610387.9	430488328.9	434447543.4	407182726.7	214785212.7	198102454.8	153500050.9	117335421.8	121679325.4	231128302.5
Com_1864_neg	Methylsuccinic acid	Lipids and lipid-like molecules	Fatty Acyls	Fatty acids and conjugates	Methyl-branched fatty acids	5184526.881	18088476.85	18954284.78	21528841.61	29230725.3	13920776.66	10434649	12757255.56	9411072.059	9260194.834	14045086.03	10014069.04	23395904.76	21417551.7	30524477.97	31839044.79	14277693.08	13603510.18	18195978.47	10385138.98	8025976.02	12465705.6	14431251.83	8750276.511	63927049.31	56286619.39	49082544.54	63255076.31	81247660.22	80867545.69	14779862.34	13974071.61	13532354.56	14693739.82	14758852.5	12914602.63
Com_1914_neg	4-Oxoproline	Organic acids and derivatives	Carboxylic acids and derivatives	"Amino acids, peptides, and analogues"	Proline and derivatives	27195059.77	127823329.1	31720586.33	30384916.1	87408200.69	229899044	19772998.11	26949579.45	30695879.75	48675461.87	25310440.6	47049863.18	47593914.48	32438587.77	48508004.3	66398581.68	30305893.91	42813586.27	25819922.08	32882116.54	30643384.1	35947367.67	33970708.47	142280237.5	78979095.59	102597572.1	68105782.15	68405112.87	48902452.46	78677328.22	31154708.51	35685874.52	44684591.14	30217477.74	32745317.41	30865157.6
Com_2013_neg	Salicylic acid	Benzenoids	Benzene and substituted derivatives	Benzoic acids and derivatives	Salicylic acids	1192244.337	25452209.23	32341684.74	40258918.31	30177456.69	10048307	41125812.95	57480264.21	24775398.86	16898390.71	18848503.89	26695245.2	35265755.88	21075642.95	41387928.32	32841380.55	20823543.74	15797649.8	35523960.56	25077660.75	20852867.54	17741196.73	37041975.71	24068682.26	23504750.34	20244555.65	22779588.01	20063052.47	20823029.03	19402739.58	13763072.25	12988426.95	12425111.75	45928575.31	29572736.21	27775630.84
Com_2221_neg	Catechol	Benzenoids	Phenols	Benzenediols	Catechols	6051242.341	6864362.144	11703741.96	6427158.055	8906564.941	11613456.88	21324263.29	22285791.75	20524017.19	44531068.65	31005706.17	17847222.65	17952159.05	17760616.24	17406659.56	16970995.27	10841193.45	9576862.308	24744634.29	30726763.59	18677437.84	47244073.43	23950140.02	17278417.07	19043676.16	17788924.34	14379502.68	17212139.79	21757418.65	19689038.99	67459151.2	54287877.05	68094534.53	44720028.32	57653195.48	34908730.61
Com_2232_neg	2-Hydroxycaproic acid	Lipids and lipid-like molecules	Fatty Acyls	Fatty acids and conjugates	Medium-chain fatty acids	3754591.24	11205394.74	3961256.843	43762439.46	8426124.533	3649852.503	5165455.311	5163617.56	2264713.196	9629136.449	3279035.509	7484848.966	67972871.25	8277635.404	20149922.19	8445739.289	10517236.99	15156122.46	4662954.161	11802408.19	15724164.84	14069134.23	4542272.277	5845349.629	16754412.72	22605338.17	17105728.89	29974725.39	8092616.366	10798117.15	8827182.023	10998965.42	9798081.529	2519832.818	3191951.387	3261677.462
Com_2728_neg	N-Acetyl-D-alloisoleucine	Organic acids and derivatives	Carboxylic acids and derivatives	"Amino acids, peptides, and analogues"	Isoleucine and derivatives	22623859.83	9684765.807	2129019.209	13229388.26	8044053.535	73611064.09	1756741.241	1677956.728	1902791.497	1771818.876	1796042.655	7622208.716	3362510.414	2152214.62	40125018.51	30785610.67	4025198.042	2471818.451	2088770.355	26642594.95	13520692.46	13065123.44	2044180.681	2781242.558	14818382.95	16942243.78	11839380.24	13031937.02	6179341.412	8161439.709	3868954.592	3163191.403	1767802.424	1497968.885	1594753.232	1437410.415
Com_3177_neg	N-Acetylaspartic acid	Organic acids and derivatives	Carboxylic acids and derivatives	"Amino acids, peptides, and analogues"	Aspartic acid and derivatives	2408551.18	19263950.07	7226294.344	5691550.652	17644378.24	83908994.17	3309900.555	7217176.77	3754291.371	4697289.326	4309929.312	10708249.08	9848823.107	12064601.45	14464721.42	12463235.49	21960552.62	23634663.55	8733538.299	4757334.136	3734572.987	9937647.062	8350812.079	5478961.79	18776445.15	21356155.47	17192935.6	18050426.02	13702616.27	17764654.26	7226658.745	6656806.823	5700723.628	8585606.742	5905566.484	6712725.326
Com_3365_neg	Quercetin-3¦Â-D-glucoside	Phenylpropanoids and polyketides	Flavonoids	Flavonoid glycosides	Flavonoid-3-O-glycosides	1591968.892	5878983.327	5971136.156	4963143.395	4381416.719	4254309.138	4954912.145	4951310.719	4748933.857	5858830.317	7097444.812	15658115.7	4342691.227	3118842.713	5515961.202	3924443.939	3409594.876	3582834.871	4974476.96	44664124.26	4028973.995	7303620.794	4369827.015	2904194.58	5091931.779	5451157.465	5252514.627	5772581.095	6285786.714	5984968.782	6590729.304	9521035.263	7432231.775	3861350.32	4158876.082	3789687.145
Com_3615_neg	Pyrogallol	Benzenoids	Phenols	Benzenetriols and derivatives	5-unsubstituted pyrrogallols	418690.7668	1760432.539	1771791.549	1544383.281	1230235.446	1229404.819	1577575.565	2429694.383	1886176.171	2262641.342	1460605.546	1222067.402	2418404.196	11371277.64	1437603.927	1529192.105	35026747.15	35859150.46	1419214.926	795712.804	1422170.83	2367627.993	1407128.124	1162496	1159444.584	1149084.319	1573741.753	1497819.716	1939822.263	1640320.337	2258847.589	2978023.848	3140551.165	1705300.115	1304346.619	2971021.524
Com_4574_neg	D-¦Á-Hydroxyglutaric acid	Organic acids and derivatives	Hydroxy acids and derivatives	Short-chain hydroxy acids and derivatives	Short-chain hydroxy acids and derivatives	5913103.118	19444000.94	20462501.26	25468126.14	40890642.48	35187940.93	7598168.897	6727425.921	3840176.015	4220691.766	4989315.586	9277925.473	16583992.94	39429989.15	25802091.69	24538077.4	16208725.79	19484636.15	4938822.12	4329306.347	2766477.323	4255168.065	4939941.602	3573704.939	20410538.55	18390843.98	14800703.43	22337013.59	15120962.68	18749592.85	3798635.5	5039657.768	3093824.277	4822902.713	4344812.216	4873518.418
Com_4712_neg	"2,4-Dihydroxybenzoic acid"	Benzenoids	Benzene and substituted derivatives	Benzoic acids and derivatives	Hydroxybenzoic acid derivatives	655824.668	1630723.991	2575370.39	1717000.438	1435663.072	2034462.741	5963127.485	5629133.196	7838086.234	7874484.672	8365936.313	5190679.945	5971648.511	4315504.765	8792522.062	6199895.232	1998097.713	1868247.148	29101751.13	17489188.16	10773935.4	16667641.77	32466521.61	10478677.3	2549501.768	2206237.797	1352710.994	1672008.731	1731615.304	1580297.403	8625307.883	10057288.01	9432232.8	22724795.93	19382668.96	13676979.05
Com_5077_neg	D-(-)-Glutamine	Organic acids and derivatives	Carboxylic acids and derivatives	"Amino acids, peptides, and analogues"	D-alpha-amino acids	326823.6116	946555.7875	1265078.608	28438098.48	1648297.003	9106199.846	484997.2928	483048.8118	1396018.164	1670449.714	1545059.83	1915409.976	1745618.319	1858414.736	1987289.665	1548284.24	1011094.65	1067073.316	1054521.616	2621249.911	1430946.704	4807295.201	1130113.108	886479.8265	2252436.627	2238404.117	1001532.133	1886971.22	1680933.126	2203349.308	2097988.058	1688871.654	2832126.912	1385125.412	1650356.213	2022679.069
Com_7233_neg	3-Methylglutaric acid	Lipids and lipid-like molecules	Fatty Acyls	Fatty acids and conjugates	Methyl-branched fatty acids	4146320.399	9460355.68	19963888.1	12974461.75	11728802.41	8104451.412	20197490.94	18536442.21	18477307.75	11845491.66	13653521.24	15923084.98	12855409.61	20536064.33	6861710.416	5707487.316	11764395.27	12447577.01	17156419.32	11744188.29	15923769.3	11584567.91	10677187.03	9692668.453	12002684.76	12001659.48	8374290.169	10057392.38	13712852.27	14929125.12	12964950.85	13023717.85	13700594.4	13073892.96	12077770.75	15821105.27
Com_10173_neg	Adenosine 5'-monophosphate	"Nucleosides, nucleotides, and analogues"	Purine nucleotides	Purine ribonucleotides	Purine ribonucleoside monophosphates	114065.9486	4883640.662	4044382.611	210453.132	11634373.77	297217.2789	2092400.164	3431587.994	1382826.53	1107094.006	1791598.879	2983348.964	5570369.505	18081892.6	9325381.794	4200245.279	24505773.12	20956991.68	4069809.016	779858.9836	249528.6776	6307315.76	4425510.445	1056725.052	19647626.35	18134871.77	8515687.939	18763872.96	9062659.767	17288068.06	3389151.54	1404238.128	1069953.465	4047908.519	2486427.975	2849882.138
Com_10476_neg	"¦Ä-Ribono-1,4-lactone"	Organic oxygen compounds	Organooxygen compounds	Carbohydrates and carbohydrate conjugates	Pentoses	3551729.568	21228726.19	15759322.22	30048148.35	22130281.84	35899766.85	9811850.147	12600747.08	8717364.86	8273754.203	9299380.917	13545177.88	19313555.56	22624736.92	45886505.52	25070318.16	14337213.92	13116909.75	8743321.75	7135140.359	6192757.204	8664910.109	7927432.601	7432490.215	24076499.63	21221482.37	24775498.13	20894729.35	21378327.04	23697644.77	8832087.137	8425368.361	9120043.313	6306933.486	8173620.817	8912196.821
Com_10831_neg	2-Hydroxyhippuric acid	Benzenoids	Benzene and substituted derivatives	Benzoic acids and derivatives	Hippuric acids	1844060.033	1512391.276	5828056.217	4220855.948	5553537.149	3111455.222	3273141.003	4284521.926	6009166.511	7077948.234	9307075.826	9013341.956	1971118.03	2650235.965	8002783.84	8751747.465	5534919.484	2034502.458	2766136.524	4281292.708	6351889.834	5228113.466	5485783.218	4758684.637	6634869.107	10032018.84	9862911.841	11545406.18	15752532.19	11877839.05	14044284.94	11884955.9	5301833.597	15907098.92	10268459.25	8656262.183
Com_11113_neg	4-Hydroxymandelic acid	Benzenoids	Phenols	1-hydroxy-2-unsubstituted benzenoids	1-hydroxy-2-unsubstituted benzenoids	958552.4321	2559846.046	4905070.329	2955174.735	2502469.677	2795449.947	5233115.853	5372148.023	7254826.2	8970218.225	16049473.42	7465391.543	3022399.466	4538513.154	6662592.731	4558495.369	2406763.387	2724439.411	4510747.382	4364869.027	3995657.769	5792682.086	5075822.939	2094137.393	2793615.118	2313905.363	2028370.806	2513808.902	2908744.605	2437581.621	12170236.19	14555810.71	10217438.68	6703209.535	7984372.41	7533415.45
Com_11181_neg	3-Hydroxymandelic acid	Benzenoids	Phenols	1-hydroxy-4-unsubstituted benzenoids	1-hydroxy-4-unsubstituted benzenoids	2445538.979	9334307.213	9614023.829	7245623.241	12540163.31	7365301.103	13193644.64	14419432.47	29137070.24	14651004.99	16493679.85	15880222.85	11629833.73	10945763.24	10234912.08	11400015.56	8207365.297	9317294.272	14886350.56	13255750.87	14321018.98	14339967.77	13014357.68	12185370.25	14016899.72	13322858.69	12370473.04	11782514.86	13320146.48	12478161.53	21289279.52	22124210.76	21260034.7	14337798.78	13755353.51	14382641.35
Com_11626_neg	2-Anisic acid	Benzenoids	Benzene and substituted derivatives	Benzoic acids and derivatives	O-methoxybenzoic acids and derivatives	6730879.718	17809336.01	18877602.34	11056191.81	23501454.49	14557240.21	26373330.01	26912386.99	9497055.068	33850341.74	38189625.86	33862835.66	20966482.99	16939181.65	25189999.09	33702426.9	19485572.36	19660576.24	23645050.33	26311994.54	61253605.01	35601935.56	24162732.79	19798675.21	26167072.5	28601930.87	24008961.26	30643733.31	29268612.52	24185274.01	39940779.97	41162616.03	28404574.73	27416801.3	32409965.6	16668548.74
Com_11711_neg	2-Butoxyacetic acid	Organic acids and derivatives	Carboxylic acids and derivatives	Carboxylic acids	Carboxylic acids	2257801.57	8840485.353	10751434.34	10392254.36	9023754.031	3017320.48	7436538.648	8800312.945	8229003.116	9040085.294	8860402.412	6090234.857	10163751.31	7334961.573	8883755.455	8239421.18	5417343.565	4769213.83	5797886.536	11788473.09	10388843.18	9648480.1	6187603.289	10911043.97	9953078.875	10728546.61	8667747.305	9813031.613	9525689.88	9331321.225	11613914.77	10217784.06	10473014.33	7346722.159	7824514.346	9473842.61
Com_12224_neg	4-Acetamidobutanoic acid	Organic acids and derivatives	Carboxylic acids and derivatives	"Amino acids, peptides, and analogues"	Gamma amino acids and derivatives	9690457.616	9768342.012	9237899.707	33666403.18	11059677.66	9083947.398	8603266.15	8547285.372	10396440.83	11376001.22	10757789.45	12937540.18	12681971.12	11361613.64	12954351.56	18695772.62	11548414.47	11571947.23	10040766.73	16975025.88	14846561.35	18714547.06	10284364.27	9770556.156	14691857.05	15219107.64	14192855.52	17751348.63	14132168.81	14743120.8	12732571.97	11605016.19	12035707.86	11526459.64	11045671.2	10517162.25
Com_12486_neg	N2-Methylguanosine	"Nucleosides, nucleotides, and analogues"	Purine nucleosides	Not available	Purine nucleosides	995435.5618	14132302.95	10987399.5	2064528.454	15624749.94	9794678.861	1634654.723	1902714.046	3526957.227	2630976.064	2374056.352	5419241.876	10342106.42	6007585.562	10761683.15	12649947.85	3002651.757	3319619.047	3535605.285	4234805.504	3690603.186	4203426.662	4163576.861	5409367.368	17745800.08	18685800.27	16740001.35	18808850.47	14262346.64	15382522.06	6296989.099	5537449.22	5099973.433	2797221.559	2947266.137	2988082.054
Com_13087_neg	Pimelic acid	Lipids and lipid-like molecules	Fatty Acyls	Fatty acids and conjugates	Medium-chain fatty acids	10846290.77	38705129.28	48190416.61	55257628.1	13152542.73	19181368.21	47043609.13	54165394.19	52185307.45	30873574.51	36533785.37	31438857.55	36548298.92	47458228.05	9067970.76	26402709.54	39685547.9	40531140.97	14849238.24	44748597.48	38070783.52	41597964.11	28482232.71	25042804.24	31354726.52	20407895.6	35911737.93	11157794.02	12306289.87	12666437.57	41285362.57	34805007.54	40414220.07	33391863.29	32615027.98	33402650.48
Com_13282_neg	"3,4,5-trihydroxycyclohex-1-ene-1-carboxylic acid"					1341579.747	5457667.091	15014551.04	8377629.12	5453121.834	5674959.055	20511216.09	21904902.46	22265131.75	22868649.56	33719148.59	22755963.64	10126025.95	11388441.66	6923209.259	6726567.553	8193488.352	9336559.578	10978623.61	7180083.501	7341828.947	10950569.71	8451280.977	8405974.954	3701007.221	3879331.741	3932502.626	5321691.512	5087455.064	6067021.01	12147168.22	16567388.42	10163263.62	13614765.87	12725789.59	14568385.11
Com_13812_neg	N-Acetylalanine	Organic acids and derivatives	Carboxylic acids and derivatives	"Amino acids, peptides, and analogues"	N-acyl-L-alpha-amino acids	3885516.119	11690723.36	8936778.928	19879487.08	8127242.045	10650672.67	8806916.972	7079351.482	7293612.699	7126960.58	9589847.93	10668775.91	12618609.23	7987089.044	15128834.24	26092493.96	8545738.019	8338288.08	7971868.587	11519082.07	7548625.021	9951728.121	7533523.312	7719948.292	20768239.02	21509633.29	20733869.3	20116139.88	13840744.23	20349962.56	8351058.364	7819587.421	8356002.528	7249782.533	7442734.234	7148459.068
Com_14406_neg	Fumaric acid	Organic acids and derivatives	Carboxylic acids and derivatives	Dicarboxylic acids and derivatives	Dicarboxylic acids and derivatives	570437.7988	9178427.34	8601057.13	2206226.984	10044579.29	9235437.17	3098534.727	1791248.631	1203160.958	1148068.636	1241414.233	2650294.322	18461038.73	21299801.21	13326068.92	11917083.28	6393006.421	6919680.157	1444509.825	959271.7437	487454.6051	1034264.924	1194767.658	1604314.883	5615877.35	6491588.506	3814919.639	5737364.693	5039766.681	3421488.019	1885480.721	1351478.667	1123777.691	2485724.223	1960841.349	2677338.272
Com_16648_neg	3-Hydroxyanthranilic acid	Benzenoids	Benzene and substituted derivatives	Benzoic acids and derivatives	Hydroxybenzoic acid derivatives	4173081.846	18687219.47	25129676.49	8698476.119	14235448.79	12431031.75	14898337.29	18203982.16	17075240.61	21138697.14	31518381.36	18511919.05	20625163.81	14303672.82	21689912.78	21135732.82	13457257.12	13301656.71	23823424.81	11643472.31	10742810.29	14183213.8	22518751.98	22233408.12	29618733.01	34420622.4	20392600.94	33212487.44	21763817.69	24636454.4	21328522.25	21166650.53	21999807.35	29441656.64	27820957.78	29746368.04
Com_16759_neg	DL-Mandelic acid					1362483.564	15701794.94	21169949.53	14644967.42	17523755.48	15888684.46	17732474.3	31783146.06	17232157.14	16392977.36	30372472.63	33534557.76	12721512.51	19897157.22	12099741.21	4034464.451	7620158.511	18930448.44	7997440.354	23515352.5	26362399.42	33760253.62	18541017.46	39462072.78	17405285.95	11655964.48	22308441.73	17954238.56	22444449.83	15633414.76	45987501.86	15149767.26	51524821.12	6948719.275	37782293.13	34131992.95
Com_18553_neg	Citraconic acid	Lipids and lipid-like molecules	Fatty Acyls	Fatty acids and conjugates	Methyl-branched fatty acids	901915.7991	9489101.409	14428043.55	6850988.797	9849232.964	6290837.417	25281176.39	27184847.09	16182149.94	10854362.64	18344386.9	19037069.09	7900882.752	4441569.281	3967221.739	10667818.86	8807638.206	8861453.239	16933722.68	5512821.97	6138899.032	10943496.43	15234408.79	10372032.94	8619772.108	7727178.905	12357858.11	8047793.298	15931080.44	11078205.26	12893253.8	13151801.94	12891142.51	11304640.57	11042774.31	12579058.95
Com_19798_neg	Gallic acid	Benzenoids	Benzene and substituted derivatives	Benzoic acids and derivatives	Gallic acids	278883.2879	987183.4127	1120081.451	1033017.315	1434534.846	939253.5205	1424262.882	1555210.971	5295015.534	6099744.894	1475336.388	2972261.729	5139613.505	4344983.763	19366783.66	11198444.33	1090192.902	1003802.364	4593030.956	5718961.5	7474016.792	16700651.86	2733173.262	6046303.996	3199948.676	3800598.065	1288091.432	8312758.463	6461960.24	7151580.75	2075999.779	8191065.276	7168155.974	8788865.37	2195032.683	4430150.333
Com_19824_neg	2-Hydroxyvaleric acid	Lipids and lipid-like molecules	Fatty Acyls	Fatty acids and conjugates	Hydroxy fatty acids	4057543.278	8125655.983	8727178.537	12354578.28	7517573.794	7999306.648	6323365.744	5328138.2	5402247.562	5739838.254	4843118.266	5264030.955	8604913.242	7740383.57	10381437.68	10358199.67	7313008.638	7119499.637	4919049.797	7830589.857	8506130.876	6414330.544	4318536.318	7430532.034	9312352.846	9214765.41	9082115.574	9683058.841	12542799.41	13955834.21	8336732.005	7922227.386	7401383.042	5340099.267	4813446.138	5190066.492
Com_21267_neg	¦´-Aminobutyric acid (GABA)	Organic acids and derivatives	Carboxylic acids and derivatives	"Amino acids, peptides, and analogues"	Gamma amino acids and derivatives	554593.9304	3408102.251	1198846.859	2317649.659	3154578.682	6969164.521	633746.6584	980573.9726	394780.5508	475106.0243	491650.6038	1727016.135	1990845.99	2048818.901	4387696.721	5991903.93	1645945.048	1621083.183	1988453.394	1386675.912	922149.228	1420320.007	1956658.468	1464304.157	4806245.934	4531450.7	4009862.034	3063048.644	3392291.14	3459620.254	803415.736	619991.1629	569722.8432	878551.4615	910995.4499	965241.4441
Com_21696_neg	3-Methylhippuric acid	Organic acids and derivatives	Carboxylic acids and derivatives	"Amino acids, peptides, and analogues"	N-acyl-alpha amino acids	862335.9207	2306344.989	2220693.877	6194817.23	2434053.321	2340559.888	2283117.165	2458719.161	3174556.588	3457699.387	4223114.652	3843519.614	7462808.395	9043405.708	3384711.555	3402534.859	3885286.607	3665952.914	3174931.051	2887615.839	3142833.153	3748244.784	3104907.629	2924382.017	4157857.267	4386475.346	3292365.371	3576115.496	3794713.833	3585423.24	4136391.832	4560599.952	4596802.138	3860431.466	4150544.322	3891990.077
Com_26029_neg	Isovanillic acid	Benzenoids	Benzene and substituted derivatives	Benzoic acids and derivatives	P-methoxybenzoic acids and derivatives	2880292.385	9139832.872	8134217.299	6462976.169	8927603.371	17623644.6	8716123.567	7777658.461	7935898.423	8426875.71	9088109.101	12554926.79	10033187.51	8078605.963	14558520.25	15733168.58	6962798.717	7114023.317	7653629.068	8270344.326	7427349.363	10146389.53	8155697.897	6854627.719	13949283.16	13813622.78	10299789.45	13325416.67	11392819.8	12942578.49	10525270.4	10800853.46	11133772.4	8133073.106	8146253.978	8527676.143
Com_27077_neg	Uridine monophosphate (UMP)	"Nucleosides, nucleotides, and analogues"	Pyrimidine nucleotides	Pyrimidine ribonucleotides	Pyrimidine ribonucleoside monophosphates	74006.70341	2413605.885	2384084.46	145589.3943	8522628.414	198200.7632	900485.9706	1063449.789	687683.6972	983904.0278	867614.6868	1524647.318	2806325.106	6834117.587	4435320.862	2352119.018	9807443.239	9169890.781	2398070.807	134144.311	117356.1435	4110084.047	3266685.723	191429.2104	7153940.592	6205307.679	2932678.203	8500535.753	3204959.861	6620872.421	1458558.79	613853.8698	495223.51	2799726.479	1493198.804	1901515.728
Com_27099_neg	Orotic acid	Organoheterocyclic compounds	Diazines	Pyrimidines and pyrimidine derivatives	Pyrimidinecarboxylic acids	58760.04513	1631043.485	2204586.229	432550.8329	4494077.152	2856668.513	167851.9983	211216.5645	150778.1217	157590.1586	790890.8942	590445.7703	1994372.478	2045448.814	3510064.781	449833.2037	1610382.537	1785815.727	195035.1323	745779.3875	406479.8254	1043385.001	255818.0861	125487.2931	2015738.262	2361683.089	1410483.936	1708389.203	2448366.877	2194181.261	801868.4565	620650.5532	499696.0727	345539.1971	336814.8345	567276.1281
Com_30127_neg	3-Hydroxybutyric acid	Organic acids and derivatives	Hydroxy acids and derivatives	Beta hydroxy acids and derivatives	Beta hydroxy acids and derivatives	4837555.205	20793670.22	17243591.66	37707502.1	10178423.74	6964653.58	8228005.85	7535518.619	9743438.397	10692640.65	8827958.869	14112011.31	12296968.38	13511991.84	24562933.52	16400654.31	9232355.46	9074714.593	7982877.924	12578825.54	10149379.78	15394683.63	7692727.68	5952486.154	17701074.34	18020323.9	17010824.33	16401463.19	18273688.66	18569947.56	15751706.3	12648449.96	14611403.5	8310204.271	7990780.834	7867038.734
Com_41305_neg	Guanosine monophosphate (GMP)	"Nucleosides, nucleotides, and analogues"	Purine nucleotides	Purine ribonucleotides	Purine ribonucleoside monophosphates	93542.7818	1047997.715	812022.4025	172587.6271	4272637.963	253372.0781	994933.7459	1685939.827	190749.0505	291716.7489	375519.1556	746611.2951	1034337.996	4082872.111	2497779.925	1289834.079	5903092.995	4552520.763	1470400.128	155845.4772	134085.1758	1517842.7	1589228.495	207618.1202	5186240.337	4377820.105	1472097.919	4582632.801	1986410.014	4373297.801	528335.9487	201320.4241	200041.9524	1114964.742	598409.6057	756012.6193
Com_44843_neg	Oleoyl-L-¦Á-lysophosphatidic acid	Lipids and lipid-like molecules	Glycerophospholipids	Glycerophosphates	1-acylglycerol-3-phosphates	91821.00818	374236.014	320506.2793	100867.2049	1954729.016	1019320.822	167993.4369	394321.9927	227073.0518	284539.9583	146236.6034	435241.8954	156135.2526	198908.6496	963142.8639	995069.7986	721796.2625	635836.2354	402103.8906	399392.5386	152113.7577	548014.2524	627756.3789	427896.5841	837687.0437	642171.7912	1362730.514	780843.731	711120.0569	1052946.303	243250.4447	191971.6783	244365.5508	213610.8044	198510.7375	213854.8306
Com_50844_neg	Mesaconic acid	Lipids and lipid-like molecules	Fatty Acyls	Fatty acids and conjugates	Methyl-branched fatty acids	174499.5881	450084.0216	341397.5491	241042.1326	305502.7768	2185340.819	255623.7625	266420.5905	379381.723	331155.2828	355132.2386	3197356.349	335836.4531	315960.6267	383949.0124	2982049.781	204229.044	2353403.285	268179.5522	2478788.26	277841.1333	385532.2058	295157.5286	204398.9029	275657.9187	326196.8679	261998.8736	309643.5543	314221.9708	330433.0718	295602.6261	2921525.153	3298668.788	2433860.746	288544.2856	2144179.953
Com_2113_neg	Deoxycholic acid	Lipids and lipid-like molecules	Steroids and steroid derivatives	"Bile acids, alcohols and derivatives"	"Dihydroxy bile acids, alcohols and derivatives"	1396088.023	10805697.76	11988192.13	4703579.127	14633135.53	67493701.46	13111816.35	11919104.64	1274057.67	12696561.07	15085492.28	7605362.669	18942494.95	9945608.416	22163840.39	19352242.66	29481806.82	25756678.81	23257974.14	9504125.212	20337383.39	9616045.597	24701842.82	23282853.04	30359246.96	28802067.8	21775983.44	29699542.8	24814636.75	26677822.91	14902764.09	14978344.35	39278971.45	26894064.7	25836002.02	25701963.09
Com_3122_neg	Guanine	Organoheterocyclic compounds	Imidazopyrimidines	Purines and purine derivatives	Purines and purine derivatives	7729014.135	96919392.32	110178034.8	7670690.787	71144095.12	45230808.3	21117674.48	19303263.45	23641188.79	39886376.06	21218128.61	60454630.72	121148796.3	92449888.27	239800472.9	144326668.1	90789619.04	79447578.86	40490705.26	29793686.56	21297413.74	35379039.91	35391320.47	37651101.37	98864792.69	108302691.7	77991185.98	138958752.4	110907352.5	117435748.4	55630347.63	45139520.85	30524330.88	46192498.74	42247023.67	58589777.58
Com_78_neg	Docosahexaenoic acid	Lipids and lipid-like molecules	Fatty Acyls	Fatty acids and conjugates	Very long-chain fatty acids	10448624.17	207905496.5	99452800.38	24658687.75	158704260	1352488876	12258693.6	26101569.33	71724253.05	47466834.87	13586440.51	122176002.6	9808697.999	4941176.653	37919748.31	43165710.7	5284037.88	5413550.45	9425126.179	8510684.357	17705514.51	12439335.16	15300245.77	3591530.003	48238240.42	61405611.57	102048077.6	55204633.96	60264930.11	77355517.97	59578333.98	19142581.41	40415193.15	4904935.887	2599895.074	6722136.945
Com_2887_neg	N-Acetylvaline	Organic acids and derivatives	Carboxylic acids and derivatives	"Amino acids, peptides, and analogues"	N-acyl-alpha amino acids	20453611.23	7554240.394	4243294.563	18924490.53	8813160.982	33065801.77	2251803.751	2200925.588	5024742.64	6406451.062	5652760.058	9240309.404	5230518.768	2965002.588	18879382.79	14343552.02	2964887.515	2458044.012	4114360.513	36157569.29	18910447.13	23007993.88	4135359.666	3116111.475	11506203.05	12685731.58	10038625.4	10826214.87	7628252.616	10004775.65	7795631.415	7167396.118	6738318.945	6438322.983	5622423.263	5445512.787
Com_76_neg	Azelaic acid	Lipids and lipid-like molecules	Fatty Acyls	Fatty acids and conjugates	Medium-chain fatty acids	204379425.6	896523944.8	664670761.3	1100980000	1697339922	65989660.5	850993514.8	1246641032	1496840186	1102809573	1732894631	1475404432	2241749971	1501416591	1319350539	1247050692	1068220615	982081802.6	1080565580	1194302164	540083065.8	1557399830	874187288.8	723250936.2	1903703132	1834222101	1744193670	1969019667	1463011251	1468727356	1472470512	1680063120	1367731796	1085014587	1288484795	1142785459
Com_245_neg	Glycocholic acid	Lipids and lipid-like molecules	Steroids and steroid derivatives	"Bile acids, alcohols and derivatives"	Glycinated bile acids and derivatives	6288068.532	113772103.9	6924651.258	4254791.402	346341159.9	3930600.008	298213271.8	69837210.45	408333038.3	274639994.7	444347693.7	134587374.7	4200396.782	8444437.214	20672909.04	25884645.74	151185452.8	133864902.4	281583419	174426233.6	2565635.587	11433391.56	333271764.2	54027921.86	141315939.8	139131053	106715552.2	249331688.5	141902685.4	164764863.5	314523315.9	93442275.19	70301818.8	25726829.87	28409474.01	63363303.63
Com_2832_neg	Adenine	Organoheterocyclic compounds	Imidazopyrimidines	Purines and purine derivatives	6-aminopurines	6693040.608	50817752.16	19738950.82	39468986.33	27989230.96	14768148.72	87070325.5	20857206.25	29024968.17	86937856	23396324.4	36241668.45	18826120.51	15195997.13	23611435.85	13545955.31	59091933.93	48084277.77	73434571.74	32513350.76	48494296.91	35169579.19	70977957.34	17028211.32	27686123.86	42821323.08	217290911.7	196301027.6	31716331.18	32233179.77	27772814.65	33242381.27	21475429.94	26721973.71	22590381.43	24785163.62
Com_724_neg	Uridine	"Nucleosides, nucleotides, and analogues"	Pyrimidine nucleosides	Not available	Pyrimidine nucleosides	109064497.9	816754266.5	577768754.3	95622484.1	336531540.3	194682709.1	272183738.7	283414564.6	341205607.2	446202282.4	172105091.2	19454166.05	695371717.7	489976141.3	1057553389	1123465680	503742286.4	436787508.5	403905440.3	54389810.11	40666170.3	51360294.61	609694839.7	927814285.6	1301152204	1616452863	935923111.1	1204177903	900408080.5	1143333083	688400316.5	598836447.8	741751660.3	657178743.6	639154308.6	599955242.7
Com_595_neg	N-Acetylneuraminic acid	Organic oxygen compounds	Organooxygen compounds	Carbohydrates and carbohydrate conjugates	N-acylneuraminic acids	2394587.251	338632071.9	145595805.7	22042276.11	153387934.6	75436191.97	16529288.76	50538421.28	42077014.29	35576512.39	54799159.66	120387326.7	202202313.2	160368980.1	188202836.7	274262376.4	137275644.7	122702761.2	16136541.89	17343167.83	30062275.19	39791271.76	20173655.19	6332636.704	230208603.6	400938480.6	280013281.9	227447438.7	116833919	175458693	73053355.3	33107935.51	91360365.46	28558334.6	35284353.66	36980440.58
Com_1348_neg	Guanosine	"Nucleosides, nucleotides, and analogues"	Purine nucleosides	Not available	Purine nucleosides	42094570.98	431142043.8	369833694.4	74228539.14	827088473.2	465832262.8	104336782.6	147311119.6	162940223.9	144755340.6	200569918.2	168108189.9	558338499.3	443617682.7	190775999.5	659964642.4	166416422.6	152315905.1	137515979.5	144761999.6	87246142.96	164783902.4	160354930.8	342327863.9	813150685.3	979709376.6	674141051	784849557.1	651463389.7	656972374	294649897.8	234017209.6	238970924.2	246179172.8	273179677.3	267993165.1
Com_374_neg	Terephthalic acid	Organic acids and derivatives	Carboxylic acids and derivatives	Dicarboxylic acids and derivatives	Dicarboxylic acids and derivatives	1488998.658	2956880.776	3473200.492	2777739.671	3730965.621	2644022.019	8305465.619	18659172.18	8755902.156	10572925.35	12832882.09	11601468.08	5990921.761	5143392.629	256494962.6	557100591.2	3562899.492	3984786.085	7577390.513	4293948.918	5187451.92	9733392.301	9724072.565	4927832.468	5408411.224	5391973.672	5375796.74	5302612.915	5565855.536	5321402.884	9058045.843	17831457.43	10186346.47	184606842.3	185699022.3	208510553.4
Com_265_neg	(R)-3-Hydroxy myristic acid	Lipids and lipid-like molecules	Fatty Acyls	Fatty acids and conjugates	Long-chain fatty acids	53965150.09	147953228.3	173435253.1	318035410.6	225029716.4	55666158.36	27809435.46	32863290.35	20831133.77	19029739.3	21510142.24	69268257.87	128106510.7	288698916.7	314707373.2	336571876.2	80111922.42	58309456.2	58667497.73	50772061.81	42007429.41	46303529.2	65438943.16	66433498.6	219750225.7	234672894.9	174953359.5	234032028.9	216802420.2	250597090.8	30796793.62	30961275.61	28595064.21	27717271.88	24187469.98	26433063.11
Com_1244_neg	Xanthosine	"Nucleosides, nucleotides, and analogues"	Purine nucleosides	Not available	Purine nucleosides	5677012.082	23228159.32	202286501.4	5365697.676	59692592.23	35925209.7	5699083.807	5689366.458	5115426.298	12228954.25	4306214.453	7743796.566	60489737.93	61733949.23	30830843	12502297	23038224.45	31413271.37	22926279.73	6376888.815	1496134.056	9761061.604	11494285.54	106694835.2	54637223.56	45876146.71	38980037.06	70806524.5	50277220.19	56103410.43	8703060.449	6464493.118	6479423.45	8355114.298	9702500.418	13835398.86
Com_2143_neg	L-Aspartic acid	Organic acids and derivatives	Carboxylic acids and derivatives	"Amino acids, peptides, and analogues"	Aspartic acid and derivatives	343982.7679	17658035.17	7835000.225	2548250.789	6975895.4	78036459.77	1136100.716	2203746.727	1402123.882	1877806.384	2250703.265	6560865.053	14499644.37	22235388.63	16853299.06	21466282.97	6224703.647	5400990.794	1728030.174	839382.2548	786999.496	2206827.537	2214886.355	2648441.203	4227907.939	5316484.578	2253326.372	4529591.119	2582578.067	3450171.066	3247764.796	2765340.016	4880091.238	1993952.632	1606846.766	2224034.935
Com_10760_neg	4-Pyridoxic acid	Organoheterocyclic compounds	Pyridines and derivatives	Pyridinecarboxylic acids and derivatives	Pyridinecarboxylic acids	38623657.77	140870132	54606778.78	132223677.5	178707369.7	606744744.1	88317395.54	98918778.96	169467690.6	89221881.34	78556354.25	74486237.92	177546896.6	194784827.7	344220198.1	396150066.2	167987243.2	151663548.6	80708766.36	143565790.2	178247057.3	105291500.2	91926299.96	209776505.7	172202628.5	176801997.5	358655029.8	231980605.3	326156500.9	308193650	133789754.9	128364398.2	120204571.9	109264712.9	91648359.97	103268647.1
Com_4747_neg	Naringenin	Phenylpropanoids and polyketides	Flavonoids	Flavans	Flavanones	1195596.375	1241207.92	1099538.586	825907.5494	1123539.964	533868.3221	868963.2211	821690.3993	982454.3974	1666161.142	812192.197	900434.6815	1122376.188	660830.5431	16567394.67	22552511.98	678928.0766	719444.9943	1083197.212	2118402.638	1325723.187	3109629.722	1452343.423	1432439.001	3272416.26	30362575.13	30939871.31	2914356.214	2766291.024	3107545.92	4820135.871	6587951.497	5715323.949	35989754.68	19875967.4	26904317.35
Com_1835_neg	Adrenic acid	Lipids and lipid-like molecules	Fatty Acyls	Fatty acids and conjugates	Very long-chain fatty acids	779297.1851	18247645.61	18443029.47	884364.4514	10275546.11	58630540.01	836599.4023	2998627.273	22968640.98	4137774.38	2876272.617	6473242.854	789326.3226	647050.3422	6348923.881	4788185.492	1379993.517	1182017.771	1668809.836	953926.0984	1129277.414	1200443.639	2606272.606	602853.9748	3210456.805	3730669.802	6275909.254	3242997.035	4136841.601	5846793.555	4236771.045	1308608.951	3645436.449	364948.8598	582962.3545	756395.4792
Com_6807_neg	N-Acetyl-DL-glutamic acid	Organic acids and derivatives	Carboxylic acids and derivatives	"Amino acids, peptides, and analogues"	Glutamic acid and derivatives	760152.1135	1911489.207	1963816.187	19873176.73	2081136.212	4490716.183	3658774.921	3335192.81	4505122.048	6511382.998	8738806.291	6327507.507	2601156.064	3539789.028	3246467.465	2813176.074	2615410.846	2768471.761	2810607.451	2564739.409	2851900.661	3757906.803	2093151.531	2136835.309	2859188.705	3002787.592	6511841.633	2105413.35	2325681.504	2457493.115	3830214.105	7627352.217	4507776.013	3517003.506	3578363.785	3701667.632
Com_3839_neg	Cholic acid	Lipids and lipid-like molecules	Steroids and steroid derivatives	"Bile acids, alcohols and derivatives"	"Trihydroxy bile acids, alcohols and derivatives"	3992493.01	2457684.742	7611047.823	3359912.406	6071992.966	34386945.55	4300259.007	5502750.565	6915930.651	6089448.671	10805472.04	10462602.67	11558251.87	10804423	12249633.4	8631282.323	7749619.398	7999112.205	9418064.013	16783399.98	26992458.63	15247748.67	8013819.814	5362299.047	18209368.4	15295207.02	12895302.19	16033200.68	18890421.2	16364900.61	9588556.803	10134903.23	10741360.26	8123506.348	12178725.82	6918266.888
Com_826_neg	Benzoic acid	Benzenoids	Benzene and substituted derivatives	Benzoic acids and derivatives	Benzoic acids	7905410.467	15880677.43	15212622.43	13450090.21	18266477.77	16865147.48	15450671.98	19316674.94	18458611.79	21269779.27	19167453.77	19836381.9	18730114.06	13025240.87	128715185.8	245876688.8	14756764.65	15087603.89	15153510.91	20131047.18	18500760.33	24530856.81	14768228.94	12698824.94	22641861.56	23982019.27	22253509.09	27225429.26	22755853.14	23856193.47	31581207.99	34522863.62	36530439.92	95454288.73	85676729.09	96445520.42
Com_7771_neg	Glycoursodeoxycholic acid	Lipids and lipid-like molecules	Steroids and steroid derivatives	"Bile acids, alcohols and derivatives"	Glycinated bile acids and derivatives	490760.6114	4856324.574	335848.1774	332738.5176	10970677.96	719731.5518	9218573.754	1471227.763	12813987.79	4268701.913	6021453.158	1951144.155	827189.1837	643020.0129	761699.1363	982388.4576	9262461.564	8587421.973	10095862.3	6523681.766	605245.5147	535329.1432	9588193.109	853008.7573	3543216.694	3310202.988	2324732.526	5815385.639	5301254.108	5128001.58	11267433.97	1920924.476	1647978.158	994971.461	1309408.319	4340320.206
Com_821_neg	3-Methyladipic acid	Lipids and lipid-like molecules	Fatty Acyls	Fatty acids and conjugates	Medium-chain fatty acids	3102799.812	45037997.07	37424683.33	40351369.17	36237374.51	3939730.128	54661661.47	50699140.08	60704807.14	84824353.4	126313601.7	76054712.83	97878402.79	46807718.79	38147115.84	24489714.5	42157537.95	46892139.17	121546044.2	57557942.88	46666755.61	91015962.67	76775370.96	36291221.67	132052048.4	134312898.8	83942498.36	94599116.69	76583484.11	75028030.86	93447589.1	94569758.97	68621448.17	60689430.49	71283098.66	54965409.27
Com_6482_neg	Citric acid	Organic acids and derivatives	Carboxylic acids and derivatives	Tricarboxylic acids and derivatives	Tricarboxylic acids and derivatives	1384152.901	4320496.029	3104722.181	21666524.92	6172060.21	6190699.483	8891610.792	52835122.29	3831756.09	2509580.2	2542770.952	9941741.296	9307315.035	24438336.8	6508917.88	8241925.293	5727351.784	4138908.068	12083084.91	3157513.632	1102685.201	6990883.181	16418930.7	5580772.318	5872562.857	5859517.603	6247497.499	3852806.2	3144853.212	7543284.151	2582628.694	1709939.135	1299874.494	4713106.961	3342458.827	4205893.331
Com_3_neg	"6-(4-methoxyphenyl)pyrimidine-2,4-diamine"					435114094.4	88215367.5	175126841	1823366823	783081649.7	552624834.1	178651118.2	120477219.3	137921612.2	182777167.4	203892065.9	456292333.5	20834347750	30388658738	92763065.61	57864222.01	15612673645	14835930817	575572288.3	243044368.7	291823328.2	452718925.5	517688600.6	467351158.2	6471641.356	38538142.82	869336.717	726102.3125	585557418.2	892634.3079	9279694.677	159125205.4	35551573.36	42892978.5	26608032.78	24478913.29
Com_22_neg	ST 24:1;O4;T					2286417280	728240906.7	1129950999	1139278053	937236535	584875366.2	484033409.8	1046672355	525826603.9	860106813	916321351	546374542.2	1539829639	987623397.9	2367744129	6381583998	1155065819	1079542608	1923668938	1927922117	2429937451	2160789650	1732523087	3787872805	3114336389	2765214192	2618285555	2753005565	2479244052	2829679833	1372599159	1932301309	1314217150	1070634938	1352781774	923099011.5
Com_40_neg	(¡À)9-HpODE					388351625.2	1225988388	1562538240	1070764935	2190874544	779604665.1	1202440819	549426336.9	1463539337	771265570.5	892477883.4	2070846004	2225353910	1253910565	416526322	911762046.6	2161343123	2157959998	767261177	1711249821	1129625271	1269904734	924768156.6	1040454077	1188186343	1140542998	1849641652	2350328147	1128081728	1047903277	215682870.1	340220500.5	273695450.8	948748475.6	1347831772	1104401591
Com_63_neg	Cyclohexaneacetic acid	Organic acids and derivatives	Carboxylic acids and derivatives	Carboxylic acids	Carboxylic acids	957025.8972	2764182.877	2400146.669	1834715.208	2226087.463	1431702.556	2136582.653	2103249.381	1813427.994	1785010.646	1414922.799	2052065.132	9069093.616	1564201.886	3410835.081	1658773.47	4664022.588	3061053.414	2748922.794	1696677.087	1808671.925	1001289.561	2791975.351	1218092.58	2530090.421	2502965.275	2776446.388	1626403.844	2987311.864	3157553.698	1378502.813	1866439.4	2320139.68	10776907.47	11754937.59	11519561.67
Com_70_neg	Elaidic acid	Lipids and lipid-like molecules	Fatty Acyls	Fatty acids and conjugates	Long-chain fatty acids	57343454.98	382969775.3	209529839.6	98067931.02	743577795.5	1926371972	70675087.46	127745172.6	220445505.8	110064855.6	44180871.73	288350620.8	52457647.06	79511871.42	331527918.2	413880449.9	142323462.5	153302414.2	177487622.3	139154736.3	104070683.9	262095091.2	302784723.4	124916916	279460320.7	323995579.6	892920626.1	350619946.7	520644552.8	526860975.2	232909133.3	93656074.97	357699450.3	67246233.13	39261743.7	104872303.4
Com_97_neg	Hexadecanedioic acid	Lipids and lipid-like molecules	Fatty Acyls	Fatty acids and conjugates	Long-chain fatty acids	65574601.3	42660664.25	75407188.27	397288964.2	123112843.1	73746773.61	538349914.2	910831390	825165676.6	269411253.4	410362979.6	933713519	382704067.6	103749552.8	80643761.41	114418446.1	99123206.8	88067258.46	300324604.5	155940222.4	71928240.31	298147432.3	327676958.1	443994313.5	77627861.39	61882641.8	155031772.3	201315136.2	121646399.9	119093182.9	105870525.6	190536713.8	105119612	458861274.2	672589456.3	588670494
Com_105_neg	N-Acetylmannosamine	Organic oxygen compounds	Organooxygen compounds	Carbohydrates and carbohydrate conjugates	Acylaminosugars	17813247.77	104735996.5	133503730.4	17185362.9	101461821.1	74632183.2	28052346.69	30647192.98	85307044.76	71406802.55	97676671.54	75771990.77	65084053.02	58503385.42	97762026.61	63815216.25	82815026.2	63460119.02	24489564.21	25438420.32	22546620.56	29717859.98	21976385.7	20529178.82	52233291.51	66503441	103947738.4	58150279.81	21925039.03	62010715.42	40688252.91	43192150.19	27188365.97	26926799.12	44430258.72	38924471.98
Com_134_neg	Corchorifatty acid F	Lipids and lipid-like molecules	Fatty Acyls	Lineolic acids and derivatives	Lineolic acids and derivatives	105810767	267846914	336850513.9	1026049131	479975150.5	314278667	210643114.2	199387978.6	304589142.2	206420510.6	309851834.3	496254527.4	487543890.9	377539292.9	499482439.6	312461687.9	572033674.4	535676761.9	366333430.3	560992167	409437110.2	457489110.7	440093023.1	333647073.5	636800494.6	573392915.9	498985222.4	774886700.9	449938686.7	475124124.2	262641358.6	184395958.5	207434053.4	249223781.9	295236439.4	225787743
Com_139_neg	LPG 16:0	Lipids and lipid-like molecules	Glycerophospholipids	Glycerophosphoglycerols	Phosphatidylglycerols	92552547.3	292745952.9	202944255.7	128145886.3	944766612.7	331434679.9	155349574.5	216989638.2	470257475.7	418535188.6	128731325.9	571999391.6	158075187.5	140982768.2	526906423.8	353608752.5	416810355	310593701.3	213116098.4	538390122.9	69944799.54	730570463.8	298722385	324094703	842996842.9	769309405.7	1644728404	864792302.8	955208074.4	1174241757	569434186.4	232255579.4	303962373.7	157572073.2	263706759.7	293496920
Com_190_neg	aminoimidazole carboxamide ribonucleotide					2159485.499	9959261.072	7958066.018	15755013.26	10576966.39	62634168.44	16020214.9	8485031.673	28587070.52	29054542.59	36814241.19	49365148.06	10412104.79	10010010.05	11027629.6	12074029.14	902522186.6	754302478.8	9505936.499	15484105.96	12463574.85	32789664.29	11102788.5	7719575.821	28811876.52	16246899.9	21191144.12	16239253.67	22863050.37	16665584.74	38701198.81	68286667.24	44409613.22	1671304.49	19198666.13	17633311.77
Com_211_neg	6-Ketoprostaglandin F1¦Á	Lipids and lipid-like molecules	Fatty Acyls	Eicosanoids	Prostaglandins and related compounds	4483758.924	258634644.2	9734959.537	12851911.69	611051328.7	201380968.3	14420930	14604833.96	15656651.52	32612057.3	29675669.57	28932484.87	78799757.97	335538930.7	7360349.806	5285923.739	9740108.004	8050558.081	9648794.735	18131408	17674967.86	16960721.39	9861934.953	13489231.22	15632385.49	13449115.17	8037610.27	8250612.667	6701653.954	7643596.825	16749937.39	19175757.82	17958285.44	13165414.36	13526742.81	12431011.68
Com_313_neg	Equol	Phenylpropanoids and polyketides	Isoflavonoids	Isoflavans	Isoflavanols	163835975.5	395298.2641	288509.9273	357411.7669	388035.0905	309562.7936	404424.5623	391362.0905	499916.5732	3660297.99	586173.5185	1070602.69	398900.6645	1174844.142	20938756.8	461610.3695	298765.4647	282356.8251	455150.8553	520683.0582	486404.912	554300.5581	452836.2766	377696.3434	460437.9244	430689.7328	483581.6804	29909862.42	400961.5711	477496.3716	9731189.7	10354048.07	20186667.5	23981022.13	545645.9649	5080598.165
Com_333_neg	16-Hydroxyhexadecanoic acid	Lipids and lipid-like molecules	Fatty Acyls	Fatty acids and conjugates	Long-chain fatty acids	66631950.39	59592466.61	77185558.53	303018276.3	90812399.49	156772796.4	75088110.47	65499567.68	90814271.55	53326952.01	24549671.41	43974820.24	139846574.2	147426818	116998951.6	156540126	55026378.61	46134540.58	69188624.89	38187218.47	35205697.34	55039942.14	55027075.3	51336439.93	228876450.2	276051173.1	130692777	160493762.9	148945973.5	154905277.8	73620428.42	50246840.54	45093411.23	85975781.64	43122409.02	48830153.53
Com_359_neg	5-Dehydroquinic acid	Organic acids and derivatives	Hydroxy acids and derivatives	Alpha hydroxy acids and derivatives	Alpha hydroxy acids and derivatives	732631.3608	14906731.03	13627433.29	79855789.45	14749868.73	2515954.375	19724276.93	27542619.25	10494442.73	6336314.743	13896944.93	19576648.24	75641988	758034286.7	8754778.426	14001865.86	44905745.08	43782410.74	26803734.2	88649368.59	3267331.494	20182374.13	25057477.27	13344420.32	26309913.09	22843193.2	51200176.81	36693696.43	105373143.2	121309706.8	9616975.325	12222321.11	7600294.466	18556793.01	22597459.4	39893278.73
Com_381_neg	Ethyl myristate	Lipids and lipid-like molecules	Fatty Acyls	Fatty acid esters	Fatty acid esters	6259817.563	131232220.5	58382001.86	8715251.883	57305996.57	282157944.6	22695722.01	50085717.57	83520886.94	57847655.14	15149853.77	217593405.4	18093755.11	61427912.48	103774081.2	186653980.5	90497646.64	119869222.1	75482402.61	49261341.73	16914812.93	153080689	91309016.26	48571047.16	65715353.36	63116344.08	94101821.28	93724076.15	73873805.16	150347384.6	53551908.56	20607728.96	87008637.57	60554143.95	20229970.55	41991363.86
Com_392_neg	D-(+)-Mannose	Organic oxygen compounds	Organooxygen compounds	Carbohydrates and carbohydrate conjugates	Hexoses	9269239.194	86833971.17	164868466.4	23586635.54	75431741.63	59381320.61	46300889.19	41901759.34	55133610.27	65506684.92	64288198.62	44101718.94	99900805.17	133702841.2	94749402.07	83386197.73	53096480.2	51460188.24	36401274.38	22973402.6	16179492.74	26189778.28	41939821.09	35354811.08	64746428.82	77979907.74	94229881.76	69869623.18	54508534.07	87850120.19	57046728.31	54399222.8	58444796.46	55060416.16	75251677.76	65845894.98
Com_458_neg	Salvinorin B	Lipids and lipid-like molecules	Prenol lipids	Terpene lactones	Diterpene lactones	83107325.37	100445178.5	75209171.26	190770171.2	111625819.2	91295599.43	393925359.7	410664492.1	332069021.1	438905624.4	882521084.2	451358691.4	77287437.84	53474069.91	98710088.92	73936372.1	104828799.8	92565774.96	530557350.9	433033718.5	470647957.3	274854902.5	437276373.3	306921433.9	114593746.8	98372389.33	128746572.3	137803527.5	149914098.3	144418915.4	1025629262	804594094	725025986.3	648590157.9	773700616.5	947757961.7
Com_501_neg	Picrotin	Organoheterocyclic compounds	Furopyrans	Not available	Furopyrans	51292768.57	606832408.9	704174844.6	477947776.6	381341167.7	209941916.7	762978076.7	68622864.54	310686350.7	306712965.1	259994915.8	199691389.9	100013138.9	320456237.8	101301079.5	100413472.5	464326948.1	464841395.4	154359973.8	196849642.7	319324080.3	76545658.96	128549495	78435252.07	198748432.3	197925789.7	177432183.5	181557035.6	267821502.7	264063179	230677717.6	163818274	74886544.48	533949926	60934706.45	171138197.6
Com_512_neg	"N-(2-morpholinophenyl)-2,1,3-benzoxadiazole-4-sulfonamide"					1363558.988	70223647.21	1314292.852	2543368.987	45592467.97	23763759.83	3548670.849	3133522.941	282543.9214	680199.4146	3988115.211	2371419.271	20470650.02	8750217.815	7213227.003	6525324.862	6733703.555	5700708.639	19022211.46	5871489.121	7090210.238	18295772.11	22369886.07	380819778.7	6581942.465	5739611.13	31163285.95	15089606.66	30547777.66	22004295.05	2780014.398	2808148.394	768920.2704	1572017.84	3044197.968	2299585.527
Com_538_neg	4-(octyloxy)benzoic acid					119902231.7	57076922.74	48613798.03	82337933.83	72640892.29	275143769.1	77125246.82	24338180.33	21696526.28	31683770.64	51922146.91	12520999.78	58452559.16	41688317.56	130065424.5	73774661.94	18903194.53	12589337.32	59396714.68	45602306.96	44583060.65	23152593.23	52005363.95	112989855.3	29452048.68	43089863.68	72292527.88	76984919.37	59461031.61	55554673.95	55192216.46	49052291.93	62135584.39	48238274.5	48784226.34	42287664.36
Com_581_neg	2-Hydroxymyristic acid	Lipids and lipid-like molecules	Fatty Acyls	Fatty acids and conjugates	Long-chain fatty acids	4570176.955	27944824.37	12496934.64	8753721.25	40450053.28	7170305.037	8841563.46	16161748.02	4037176.005	7886432.357	6226607.866	7088069.76	235499335.3	113022010.4	58027024.41	65127055.73	70366444.31	42402102.77	72852320.42	8378657.242	10628198.03	10515873.62	65818822.78	123645024.3	10196196.29	10530188.06	21408603.7	10720425.35	13187720.79	25751069.67	6873004.928	15887216.87	7915381.936	43291304.5	35266076.12	26449825.26
Com_658_neg	Imidazoleacetic acid	Organoheterocyclic compounds	Azoles	Imidazoles	Imidazolyl carboxylic acids and derivatives	2669979.816	6824648.981	9007304.791	13109725.76	6513284.009	5526892.766	10185247.18	10691168.26	10648144.12	9231475.337	11168185.94	9102793.058	7802890.051	27208809.69	5830031.842	6683388.288	6265373.074	6750296.866	6868987.412	9832190.835	7251370.252	7855941.56	6113940.271	5789320.893	11031077.17	10407050.11	8328860.78	8581136.473	10561624.93	15332184.24	10036858.34	15249223.77	2641132.425	7963166.839	8521917.037	9030506.716
Com_701_neg	LPG 15:0	Lipids and lipid-like molecules	Glycerophospholipids	Glycerophosphoglycerols	Phosphatidylglycerols	29410660.51	39832164.83	56965344.68	175471190.3	122337550.5	39330683.84	56485947.95	51151024.6	107234961.3	64272031.81	118987448.7	124226011.2	104673788.4	72456928.3	95074460.08	34487387.28	129724523.7	113384959.6	82952284.47	187543460.4	52421774.22	218044648.8	78852710.99	100617291.8	183384590.1	197412077.5	212434384.2	151008754	156181904.4	148377457.9	82735761.95	111815221.5	53148902.11	74556838.57	98040165.7	82752517.35
Com_722_neg	LPG 18:1	Lipids and lipid-like molecules	Glycerophospholipids	Glycerophosphoglycerols	Phosphatidylglycerols	91962201.08	119290206.9	119707947.3	100499884.8	361966449.6	323147084.7	91057398.57	115184976.9	209323671.7	168580114.6	91729829.66	239685821.6	111193290.7	76067865.17	321316844.5	157224264.8	185555260.6	124253382.9	90878054.84	269064585.6	80114571.32	287086853.4	102962691.6	119426810.1	280847659.2	233966989.1	332079947.7	240446157	318282693.6	324473307.6	273058251.1	109918338.6	96256406.91	38098181.27	74529866.95	101908952.1
Com_738_neg	cis-2-Decenoic acid	Lipids and lipid-like molecules	Fatty Acyls	Fatty acids and conjugates	Medium-chain fatty acids	536675.4539	637225.1792	931911.3327	1770084.777	853493.0851	1166194.882	857747.9985	681194.4823	967508.709	665468.6219	892910.878	1770386.534	3633624.505	641482.4394	11702759.04	1347873.718	1060171.198	1354052.951	781868.0537	1419250.899	750635.8407	1396421.221	774499.8749	537633.4123	1538012.073	1665481.327	2009997.764	1041545.828	8150517.085	568574.1301	904420.706	1365860.874	1575755.798	235426.0415	954354.105	851396.2617
Com_819_neg	¦¤17-6-keto prostaglandin F1¦Á	Lipids and lipid-like molecules	Fatty Acyls	Eicosanoids	Prostaglandins and related compounds	5289598.02	80502299.27	47986602.07	28787755.77	80314950.77	143786012.3	49619840.41	47149820.53	37325792.88	27646145.81	34290053.65	25771560.35	35468672.9	82724767.76	21483276.49	14926250.77	31416072.33	30528951.67	45000471.72	45101797.43	70202198.41	31494085.51	42311109.63	91113303.05	19118569.86	18040103.11	14427895.63	14208577.61	17314832.53	14045610.82	23734016.99	26800155.45	25004917.71	44575684.3	41785803.95	43738163.62
Com_842_neg	19(R)-Hydroxy prostaglandin F1¦Á	Lipids and lipid-like molecules	Fatty Acyls	Eicosanoids	Prostaglandins and related compounds	18122617.09	127824985.1	61435445.54	213930084.6	91351826.95	139747317.8	134763457.8	166773005	193643808.5	172575609.4	561969180.5	116836878.8	105712288.8	174676853.7	43124143.27	65432455.1	114534506.9	64680590.17	216616949.8	264376469.3	296780137.7	68178421.02	198793375.3	104232786.4	193078242.5	355380886.2	82202150.49	87962303.29	248415573.4	51097082.05	174620349.9	188580066.1	206885072.2	195641124.2	182808889.3	159872041.9
Com_958_neg	Butylparaben	Benzenoids	Benzene and substituted derivatives	Benzoic acids and derivatives	p-Hydroxybenzoic acid alkyl esters	1974935.774	4442823.541	10054837.48	21721909.54	7028510.62	2228068.37	4725328.873	4398789.958	5580360.619	3974087.226	10162972.67	4077494.622	4657018.521	9218738.387	17289344.52	16683200.87	1468677.174	1652459.303	32447437.03	9581330.45	4261266.978	10004558.55	34462488.99	6508517.711	46769607.48	45925128.74	38595908.14	161411839.2	19295973.37	17427712	2505609.569	5868011.574	2346718.649	11609940.78	8517764.309	9273498.07
Com_983_neg	LPG O-14:1					9051602.238	51396111.71	94399774.58	7550924.677	108775214.7	126335508.3	29012452.25	33056501.25	74266916.41	109259815.8	33810135.54	37007125.3	76767947.01	39096448.86	182709146.6	93368769.48	34066429.07	45953924.05	37679726.02	109074858	32896625.45	51301264.67	28610857.63	32435612.58	83335906.14	81653247.15	150086149.7	206957826.6	352921093.3	279051087	181845712.1	163536659.6	134402916.8	18280216.69	41296277.33	42230521.65
Com_1024_neg	2-Hydroxyestradiol	Lipids and lipid-like molecules	Steroids and steroid derivatives	Estrane steroids	Estrogens and derivatives	297139.0964	267754.7315	275503.7801	302937.7604	349711.0675	456501.6427	267323.2661	273593.8305	334046.9937	384487.3922	309589.5474	395282.8406	292801.128	184372089.7	1451587.02	328970.1908	287501.0242	233432.0605	1055074.152	371311.1364	300402.1732	526431.5045	379576.8752	10018643.33	375804.2975	420703.6449	407525.5278	351445.9279	376553.849	390519.0443	419128.5642	411339.7894	448680.4242	307153.1381	294854.5129	296370.7115
Com_1029_neg	"1-benzyl-3-(2-methylphenyl)-3,7-dihydro-1H-purine-2,6-dione"					37076699.13	54235067.87	14923329.92	39157560.92	55004654.16	125476051.4	20467799.77	57616859.9	30708447.02	28478999.64	36676255.94	33311931.76	58627189.03	31013632.18	84487993.89	88111909.25	40504886.18	40143720.49	67298355.68	42714812.09	63344863.3	27416183.1	54707716.89	249674888	32480053.82	35566613.76	71956242.78	46870124.24	76384078.33	20874553.13	37839637.29	35565814.98	35214792.28	67690200.77	69069214.8	93974275.28
Com_1038_neg	(¡À)9(10)-DiHOME					162714510.5	16699945.08	40014249.07	95171856.63	39039921.73	23959611.97	12132747.7	9678104.641	16873419.02	19308261.32	15065940.51	16398640.44	28282627.66	17322306.05	21877720.95	23345057.16	43390253.95	36911001.97	13494525.02	26097265.6	41663383.94	26659439.46	12762684.62	29611256.25	33710246.44	31884212.57	28160585.34	35452503.6	35357711.83	24967059.75	19551315.38	19678515.44	18235597.03	15250185.3	10779216.05	12411841.98
Com_1075_neg	PG O-19:1_20:5					988169.554	5346873.504	7428636.11	1537156.318	107796899.8	42304326.8	102340.5209	344241.7825	5020306.662	1458987.323	1162620.295	7914416.634	1280919.318	744061.2365	3037242.16	4016439.932	2152311.082	1585504.441	378042.3408	3046946.455	259262.5613	5094897.842	1457704.134	1925915.097	1791842.77	6526638.088	25513770.97	12935965.71	16174239.63	22937654.57	2122568.413	217763.347	249377.2428	2410975.523	1692994.193	3936374.056
Com_1121_neg	MGMG (18:2)					221064.11	539257.8364	699841.232	660878.6108	697164.0947	499006.6733	1767065.433	2993669.208	1665379.466	1760243.758	1814256.653	839798.4275	2853464.187	730507.9989	1615870.284	1200251.88	618063.6189	469634.4016	802737.8229	3222415.194	2401912.929	1841342.249	848736.4599	1640001.636	3223941.885	1163944.768	5195008.785	1321613.58	1121097.651	1499492.254	3494780.354	3779658.308	5795016.71	3119279.337	2892169.349	3214158.325
Com_1123_neg	11(Z)-Eicosenoic acid	Lipids and lipid-like molecules	Fatty Acyls	Fatty acids and conjugates	Long-chain fatty acids	1155271.437	2569034.982	1439105.128	7538818.308	4799008.647	3017793.363	3289472.303	4912537.636	8584848.057	13451044.12	6561841.9	18679848.47	1628497.444	1531131.995	2643187.944	3823658.886	3022411.688	3296245.162	7351219.374	7891892.924	4123303.56	13354302.59	11004800.7	4242638.23	3367547.09	3266141.385	4412110.556	3121708.685	2632641.471	3953290.298	9125233.587	8231139.303	11511390.29	10520845.2	11263764.36	11634320.1
Com_1136_neg	Prostaglandin H1	Lipids and lipid-like molecules	Fatty Acyls	Eicosanoids	Prostaglandins and related compounds	27984650.58	43543747.03	29374135.21	43184983.47	50002344.17	39681374.16	16031660.34	14780705.93	26086350.97	17771391.86	20209862.43	29929588.42	28801073.86	20129653.04	24264665.18	29615132.37	24143912.59	25311657.07	23476023.3	27408914.38	27627405.71	42126110.4	20930965.94	41210877.22	22275602.2	25554075.57	20405528.58	44675082.76	25240027.29	47659290.16	14346974.16	17539159.4	8053014.775	62707696.55	30081406.22	21367087.92
Com_1146_neg	4-tert-butylphenol	Benzenoids	Benzene and substituted derivatives	Phenylpropanes	Phenylpropanes	2703410.958	4060494.61	3436143.383	61296665.55	4994842.285	1773403.626	1109215.047	2713193.26	2828909.542	1029873.968	2557585.506	2584531.849	6002386.601	1674492.548	3600368.48	5899839.564	1339125.7	1252463.714	1663566.327	3730709.325	1837216.055	3564130.395	1795231.716	2240192.211	3734670.724	4870297.419	3074090.239	3359233.673	2736401.88	4551956.92	1192304.918	2309125.118	1130511.804	916984.9407	2453514.479	3112719.986
Com_1217_neg	FAHFA 3:0/18:2					1702956.15	12037361.21	2940046.396	7225257.444	18822962.91	15167893.22	10306028.24	10463579.1	8648333.125	11470741.45	12444825.26	10350998.71	17476264.15	28732674.85	8847202.792	3171384.944	29443925.22	10878887.78	60323524.27	12347312.17	12764680.45	12347300.38	49638320.7	109302943.4	9311217.913	8143051.906	9073004.592	4053846.127	9895604.726	9144766.79	12368561.35	17131427.34	16757420.85	13782798.45	15630604.8	7613918.418
Com_1219_neg	Cynaropicrin	Lipids and lipid-like molecules	Prenol lipids	Terpene lactones	Guaianolides and derivatives	3156614.783	811155.1036	75935818.57	1248772.054	3250594.731	53206519.76	2995323.029	3247471.723	55651881.68	4145063.876	24189529.87	9326956.985	646827.2265	2136636.085	1190095.258	234230126.9	826000.202	677325.8252	2289588.004	1843362.323	2815545.176	1995221.276	2124298.424	1660701.071	1284377.568	1189221.942	1068285.592	1210619.135	1178414.972	1231805.578	1259543.773	1586473.123	3313681.602	42476643.75	111155831.6	140402021.7
Com_1241_neg	3-Hydroxydecanoic acid	Organic acids and derivatives	Hydroxy acids and derivatives	Medium-chain hydroxy acids and derivatives	Medium-chain hydroxy acids and derivatives	1301635.765	11594490.71	8413873.247	5006741.521	11177786.74	5320999.247	4236117.754	3693822.365	3913631.939	2877767.9	7720667.209	4306221.644	16168916.86	27585661.42	15659480.75	10606358.37	10737033.36	8705301.106	9102796.263	4158011.988	4494452.265	4025169.22	7609884.417	9247914.944	7684464.013	6934717.7	7600641.419	7696475.856	9175693.149	9758011.01	4798836.938	1749879.564	1771278.657	4344076.738	2854805.823	3034077.996
Com_1258_neg	"13,14-dihydro Prostaglandin F1¦Á"	Lipids and lipid-like molecules	Fatty Acyls	Eicosanoids	Prostaglandins and related compounds	5505218.469	102188807.8	18632778.73	32464228.26	81431535.5	54080386.41	17402107.11	16792355.59	14556438.59	30264980.84	39140226.14	27867858.88	53879713.7	44156755.22	56790081.32	53483969.58	24979463.5	20873303.93	19174322.2	38817119.58	22978530.88	31721676.28	19802594.4	18797379.65	83141127.92	71140657.76	73135829.85	97195028	60189878.87	58936314.38	49822691.57	27365357.32	39455151.24	35975347.03	18059382.12	23594860.15
Com_1286_neg	LPG 18:2	Lipids and lipid-like molecules	Glycerophospholipids	Glycerophosphoglycerols	Phosphatidylglycerols	28530669.97	53708609	59352782.74	101799586.6	211655942.8	72333294.76	59153851.52	63626751.12	81295101.3	64772175.44	63961777.08	114647903.9	98276022.52	55826452.15	159732305.8	102681018.5	89741167.64	62927163.9	62812395.83	165383222.3	50841979.23	161251735.8	70516174.06	80302004.47	147870899.7	133767874.2	200084637	237772710.8	149945957	144102590.1	128390182.3	67885913.11	47150938.14	25812851.21	59606109.16	66147998.76
Com_1303_neg	LPG O-15:1					4493653.792	935445.1271	1776619.989	1105357.891	2782713.991	1120618.478	1603035.295	1396290.94	1600623.69	916765.4626	4197493.735	1698406.52	1321457.625	1067683.346	1022659.005	790693.1184	1285071.728	1135424.691	969047.2957	2999623.121	1558184.903	3766776.331	725030.1346	718407.6834	4773814.709	3848770.892	2440708.87	2324321.769	11957718.78	13848607.29	975459.9553	2668880.352	2482745.807	2372346.404	6527708.372	2923364.67
Com_1443_neg	Mestranol	Lipids and lipid-like molecules	Steroids and steroid derivatives	Estrane steroids	Estrane steroids	2930047.851	13733899.51	19014848.88	36796314.43	11593381.5	552862.0081	14546280.54	5895776.526	2070566.774	8234216.405	1475968.683	8680798.096	6130376.4	12284066.78	60155670.56	11881227.27	32796494.82	19921198.36	40124978.72	37481740.81	21401813.29	25348181.99	27707491.4	77745806.33	103899761.7	66043700.87	82729016.12	52353477.72	30918513.87	47109428.53	45471296.12	44255211.87	46188786.28	17874381.26	8293124.994	788558.5296
Com_1451_neg	Heptanoic acid	Lipids and lipid-like molecules	Fatty Acyls	Fatty acids and conjugates	Medium-chain fatty acids	187276.8114	557126.0533	775980.557	806436.1067	400015.8617	667450.7421	787002.314	716347.9421	615150.4615	378465.7873	475334.1932	494439.0782	20912379.22	37724073.8	687388.3843	398660.3373	50415235.32	58394124.29	597439.8442	440761.7526	535664.7154	362807.9897	549186.345	606593.3394	412282.974	445313.4334	383887.7775	320637.3291	411982.4364	394175.6904	418189.4916	413832.4238	409611.6121	500171.1652	418796.6206	469532.7125
Com_1465_neg	Cannabigerolic acid	Benzenoids	Benzene and substituted derivatives	Benzoic acids and derivatives	Hydroxybenzoic acid derivatives	1936342.623	5094697.019	1336532.337	4000121.449	2272949.951	15616334.96	1377114.942	641214.4102	2093170.409	1819018.03	1188828.521	2005543.171	98092663.2	12330969.07	2732917.659	2066433.161	888961.4751	805595.3475	2539942.319	714845.1284	2700502.892	1041041.008	1356191.499	2242469.175	1823252.255	2820382.992	2466610.132	2842419.972	1574296.164	2063987.001	1330905.157	836446.4869	890810.1902	1390482.346	945916.0793	1078007.095
Com_1480_neg	"N1-(6-methyl-4-oxo-3,4-dihydroquinazolin-2-yl)-4-nitrobenzamide"					10998666.88	16265531.82	18565668.29	45300730.06	12199629.04	21821125.44	117830539.4	224642407.2	114154865.1	24216885.11	100878334.4	117412219.1	22393134.19	19916014.04	35318049.78	40427046.41	5025033.83	43149407.68	76048629.78	20797089.48	31676902.35	114560248.5	80909063.21	52977822.42	9078856.945	38132394.12	11774738.35	16549792.86	24434369.28	24937670.32	133943176.2	144401357.6	73282904.53	71416754.22	62043761.97	225821858.1
Com_1485_neg	LPG 14:0	Lipids and lipid-like molecules	Glycerophospholipids	Glycerophosphoglycerols	Phosphatidylglycerols	21196320.41	20651353.48	31474657.28	28561844.84	44361903.59	30368563.85	20090389.65	20227122.93	30257363.21	15968141.79	25811490.05	25512238.02	66451448.77	78780351.87	45806785.85	18686213.14	63711750.89	55653683.64	40786608.25	39512031.9	12714438.09	55383256.74	39847332.95	79538372.31	87188706.49	58061077.64	96857845.26	77171094.02	70176457.28	77714067.05	29693284.6	33490424.48	24178365.09	23493990.2	23062031.22	21590443.17
Com_1531_neg	Prostaglandin J2	Lipids and lipid-like molecules	Fatty Acyls	Eicosanoids	Prostaglandins and related compounds	76639063.66	29675813.49	1732582.828	48651572.54	133259402	54710777.67	11803412.04	12028430.48	51773907.58	33846009.12	56922828.68	53043357.68	54000674.86	27765261.91	22948322.47	22531598.5	64021579.81	33345251.03	23853081.87	63869535.32	54982610.36	106986755.6	55334594.54	80876688.97	37927833.26	51873093.19	46012600.91	87176041.97	106392358.2	79297407.37	29542818.29	8817396.305	16681406.69	54787012.74	81400453.73	70071239.07
Com_1558_neg	LPG 16:1	Lipids and lipid-like molecules	Glycerophospholipids	Glycerophosphoglycerols	Phosphatidylglycerols	44010480.56	42749497.47	24487282.58	43325183.69	144971247.6	74086322.43	44172635.65	4792334.234	176587124.7	5610798.437	5991151.064	14574749.75	18430476.94	20881841.77	44563684.61	31168889.66	56580306.45	30871057.97	10364271.72	19434483.99	6444810.295	252001979.4	12026884.18	36675912.08	92048907.17	73292005.77	138667010.6	133405371.2	82145924.66	102977978	179160000.7	98606156.4	95506760.57	91890451.67	10743876.52	135054056
Com_1590_neg	2-Propylglutaric acid	Lipids and lipid-like molecules	Fatty Acyls	Fatty acids and conjugates	Medium-chain fatty acids	1730566.204	76836801.5	56561406.98	29955405.49	5272980.317	21817337.75	45085247.37	38186236.27	30682773.27	20975054.04	25052268.65	23517890.48	29708842.53	39543368.07	29205855.33	29933493.77	76722359.65	76059590.29	30898057.28	25113194.14	18157240.35	23268780.76	36767930.63	38061613.48	37150188.59	30142634.41	22655340.09	19346016.06	8018689.582	23314159.3	22149337.77	25073238.92	20288853.29	12112190.98	9845889.981	17279784.37
Com_1606_neg	Prostaglandin H2	Lipids and lipid-like molecules	Fatty Acyls	Eicosanoids	Prostaglandins and related compounds	39073772.97	8149298.951	48886847.83	42209192.18	73536522.13	72310769.97	6927400.573	8119018.253	36668439.93	21867277.32	13646215.79	24986530.15	27172526.36	16195882.44	34215267.59	22488797.74	29435354.15	30714204.32	29844277.94	23590845.79	7202074.609	16270903.46	25925002.36	59083570.56	14465144.47	21311640.55	33485674.64	81062991.21	100881364.6	122755848.3	36392783.16	14470033.87	5988801.138	16091699.31	22504527.68	22318085.72
Com_1621_neg	Undecanedioic acid	Lipids and lipid-like molecules	Fatty Acyls	Fatty acids and conjugates	Medium-chain fatty acids	1516385.422	1315566.343	1782443.904	2095479.369	3400518.211	1581174.465	1496512.159	2101645.309	2577551.186	7295648.991	14040347.45	2196799.678	4879988.008	2092872.898	6605365.388	4464740.639	957143.9333	1171975.897	1705472.047	9141190.709	1770625.883	7768761.387	1611364.333	1801155.462	5807362.127	5207358.24	4733029.913	4196975.006	7814936.47	5659421.814	10623972.5	10136725.16	9671951.318	2972376.262	2290200.818	1929339.595
Com_1630_neg	Vitamin B2	Organoheterocyclic compounds	Pteridines and derivatives	Alloxazines and isoalloxazines	Flavins	1305527.56	12159366.26	58447799.2	38327952.83	5659579.482	1617684.703	98200017.89	97601972.02	41581263.67	4303675.436	11195282.03	31144372.75	7748849.633	10302056.57	2723874.607	3542791.102	31287149.29	38964834.87	9902529.825	2007056.868	2967441.068	4946325.985	8764984.216	2581537.077	1525629.1	1511996.778	1587052.899	1490612.212	1508287.51	1622443.547	3900726.254	3808101.308	2042591.198	10340898.16	29498106.86	10106452.77
Com_1740_neg	Cannabidiolic acid	Benzenoids	Benzene and substituted derivatives	Benzoic acids and derivatives	Hydroxybenzoic acid derivatives	1227572.954	1057505.396	675191.5774	487128.9367	980980.1577	5746086.099	1365919.412	2913702.929	590536.5283	833409.0195	720809.4381	632177.689	47453626.21	91248214.8	1372023.594	1305289.24	1226871.026	1504690.292	646219.0792	777031.0319	736644.0066	809078.8937	702673.1287	1035480.428	1293586.59	1358183.07	1788856.485	1724246.185	549665.4502	1466897.305	848881.9772	888054.7387	835163.6454	861800.0739	801133.2097	1092993.614
Com_1789_neg	15(R)-Prostaglandin D2	Lipids and lipid-like molecules	Fatty Acyls	Eicosanoids	Prostaglandins and related compounds	4791197.309	55717493.24	16518651.49	24803227.38	41456853.88	89493815.76	22800276.29	18834400.7	23122170.64	21138313.29	20100506.6	17426900.97	27729792.92	19131209.67	31789639.55	14965416.88	17734948.83	18141540.25	17037142.87	26060285.92	25955498.57	34619003.37	15786732.7	19377184.99	27494352.39	28774565.91	22411553.78	23771271.08	23581403.29	22604022.14	18816716.79	19010729.47	18905193.03	22106615.3	22074111.08	20039799.18
Com_1823_neg	Biopterin	Organoheterocyclic compounds	Pteridines and derivatives	Pterins and derivatives	Biopterins and derivatives	1358846.281	93440520.61	25500708.61	24863962.98	69136442.95	27082440.06	10021063.1	17009399.97	20478423.82	12758315.15	15698568.71	37435339.29	122477818.7	61345265.38	70852809.93	23856999.22	87190839.31	73792136.89	25179111.9	11148608.38	6717281.47	20847233.48	27776596.78	4732599.635	72300459.81	89734545.86	29787084.96	47187454.34	29168655.55	34956398.76	23955767.12	16005662.65	14013964.36	7489444.111	9509601.643	14696633.68
Com_1830_neg	Dimetghyl 4-Hydroxyisophthalate					1229352.348	9417612.339	4687344.816	6735617.716	13457779.11	8433181.379	11106981.04	15287571.83	21626649.67	38549250.86	50049216.07	42612223.75	19546257.6	9546030.349	8117175.531	9009761.929	7156313.689	7153092.573	6166388.618	26999304.85	17584722.33	55156274.5	4778672.466	5539414.269	31583683.95	26128048.49	25441914.96	31622094.55	32946545.69	32652289.97	61060934.05	94637915.6	73611106.31	12831254.92	14948062.27	13976416.76
Com_1856_neg	"6,7-Dihydroxycoumarin"	Phenylpropanoids and polyketides	Coumarins and derivatives	Hydroxycoumarins	"6,7-dihydroxycoumarins"	887794.6388	3916326.263	4275812.03	1681525.207	6617349.766	2959779.429	9190980.743	5273508.898	14175261.07	27855892.22	23663402.89	20822204.13	91796153.55	30122091.29	1992906.176	8055467.015	20988200.66	8736473.362	13175778.73	19979619.36	13385449.51	32273303.93	17104094.64	8727648.887	23782593.29	6314137.763	7797907.537	11710148.99	11391851.78	14045683.21	36019044.05	35450113.7	35648368.67	28853142.86	31088381.43	27929161.94
Com_1857_neg	LPG 17:0	Lipids and lipid-like molecules	Glycerophospholipids	Glycerophosphoglycerols	Phosphatidylglycerols	3496651.907	21801480.53	30901678.26	15748802.31	81539262.9	6025396.925	32465709.33	44185619.4	61506174.98	49007806.64	39257415.66	81629201.9	59497208.03	54604568.36	72942008.39	28086905.23	94885352.45	80358326.18	62371211.87	61592492.52	16143383.19	101649460.3	79822688.5	59857868.25	92378652.16	90299213.02	135686302.5	67010623.95	83029050.87	97085578.21	48363425.83	40032417.17	36211736.58	47858599.88	50448239.49	63277385.05
Com_1918_neg	Vanillyl alcohol	Benzenoids	Phenols	Methoxyphenols	Methoxyphenols	841003.6557	1856737.233	2062653.198	1938249.696	1205932.685	1318187.862	2376438.978	3069184.543	2500730.012	2114669.713	2309432.186	2148351.301	6482094.454	18099323.05	1362166.189	1396777.891	63857445.29	72485871.47	1693897.887	2300280.602	2373982.339	2499544.114	1731953.218	1379806.554	1321899.148	1826594.596	3208727.12	1496083.906	4275583.968	3515430.315	3190973.936	3988170.165	4504474.042	2167722.16	3014279.041	3123689.218
Com_1929_neg	"N-(2-chloro-6-methylphenyl)-N'-(1,2-diphenylethyl)thiourea"					3716885.961	23238580.84	47771745.23	31363167.45	43649818.68	8198219.265	147635688	158351145.4	57946599.84	8862495.934	104981919.8	83375852.61	46142031	9337699.375	40341390.21	9968567.656	33650484.26	34850741.43	97055351.32	42962856.17	41602120.33	8711058.085	69991305.87	162866168	2625712.941	5713114.298	14181653.56	8448064.106	18056478.08	17352620.5	43855591.48	33755744.16	26125432.06	51096925.92	53361810.03	79689177.67
Com_1941_neg	"1-(2,4-diphenyl-2,3-dihydro-1H-1,5-benzodiazepin-1-yl)propan-1-one"					2266638.942	6599759.706	6878695.693	5084150.165	24823440.12	87001977.49	6783959.239	6750743.528	5524657.545	5411598.313	16540917.15	6377329.545	31454457.83	4147138.438	160926687.8	227451421.5	4634906.179	4916315.505	9428080.171	4761566.438	5659349.43	3440297.859	8346609.891	185856776.2	8054222.593	9989765.34	17039243.48	52814030.29	13253339.84	29383427.1	3563456.545	3065028.105	3225344.53	6759669.431	5962508.28	6519268.661
Com_2076_neg	Argininosuccinic acid	Organic acids and derivatives	Carboxylic acids and derivatives	"Amino acids, peptides, and analogues"	Aspartic acid and derivatives	1017728.858	1966788.652	1103950.291	8950410.787	1533778.107	1489282.265	3777331.458	1566952.295	1662432.781	1556036.7	1597598.318	1833499.219	2976002.627	3308282.502	1930941.764	2046128.011	3632333.439	4749032.305	2700519.707	1390499.902	1410400.448	1844640.88	3023174.702	11400232.87	10763530.83	10865632.44	34961791.12	3401285.849	35761208.63	37283006.68	15099197.77	1353661.515	1541688.988	1342531.488	1428401.035	1300253.441
Com_2079_neg	"2,3-dinor Prostaglandin E1"	Lipids and lipid-like molecules	Fatty Acyls	Eicosanoids	Prostaglandins and related compounds	30296729.54	34131220.08	37950311.63	156591142	178285123.1	146826993.4	98265386.87	87223439.82	146039465.5	340865620.5	172576575.5	202402039.4	18591203.7	118198396.1	79431338.89	166006648	108174102.7	46240450.58	142289248.7	364141840.2	118862551	319017554.7	90174553.12	42891543.2	169011001.6	165625077.1	123227262.8	148918087.3	115228788.6	131817839	447058904.8	397117670.1	421913406.3	190862389	213873333.4	193552075
Com_2220_neg	Citrulline	Organic acids and derivatives	Carboxylic acids and derivatives	"Amino acids, peptides, and analogues"	L-alpha-amino acids	390263.7837	44423313.37	30638323.92	4478877.75	19788199.24	43789237.38	3179900.39	5712976.609	5496727.966	5532530.138	5067261.97	7306425.179	37352785.56	26432368.62	42831934.79	32452970.12	16801080.01	17063845.1	1624209.313	1630705.562	2477633.424	3897115.778	2540969.693	935254.8874	12875697.41	18526519.98	11069831.71	17002599.89	11466885.23	16509596.76	8998906.255	8509796.02	15768918.05	6714179.03	4693513.891	8423202.091
Com_2291_neg	FAHFA 2:0/18:1					9148881.297	7880230.051	9279522.148	35498503.21	26769857.3	19921828.9	5421612.777	4580166.366	3739037.094	4071103.889	8677779.963	6149578.682	11418944.46	13478593.49	15231885.72	20695698.18	10359946.66	7441914.974	8147561.126	15583425.83	11152660.27	12535770.9	9611105.4	13007555.36	18228250.54	16025250.78	17575463.04	19582503.14	12826172.98	14633873.35	4773025.431	4000529.337	4352225.698	8383902.781	6621803.498	5815594.032
Com_2298_neg	methadone-d9					1667298.278	6506744.769	3111276.452	118615.6341	6165235.282	1818526.931	13611996.73	19058660.61	20875010.45	1147864.879	794939.7342	31750289.54	1684241.804	1577268.576	2999509.875	7694938.332	7337331.325	4006582.948	26266361.04	2693096.953	113440.8158	3190997.027	33206232.13	27877373.25	168657.2406	175575.4888	423229.9677	311302.4097	168502.2396	166974.3889	1195588.427	595397.6509	798329.6679	4242713.492	5172402.999	5887664.578
Com_2300_neg	Ornithine	Organic acids and derivatives	Carboxylic acids and derivatives	"Amino acids, peptides, and analogues"	Alpha amino acids	368945.0616	40585222.58	32562271.02	5840876.153	20469491.21	38705837.53	3443000.451	4981560.011	6230609.742	5915084.569	5993218.575	7540376.856	34760143.7	29727726.88	34771538.83	29030920.85	16414260.38	16710384.08	1931721.441	1516317.214	2048200.606	3786897.999	2009967.527	1008382.201	11365705.02	15024932.46	8342321.875	14490104.55	9669453.386	13705863.9	7599089.479	7128563.502	13331971.16	7018804.794	4563662.432	8059410.314
Com_2378_neg	Farnesyl pyrophosphate	Lipids and lipid-like molecules	Prenol lipids	Sesquiterpenoids	Sesquiterpenoids	5209400.534	47542387.53	30680260.22	34782058.53	24358877.89	38264399.45	108835062.6	131589649.3	84448053.01	20719333.46	131795914.5	80261377.98	51633569.42	33714552.11	65999607.22	101558002	20557156.82	60161018.24	51362003.85	34845301.49	60898815.49	60908118.1	68365150.47	200091397.5	4711080.041	15499923.77	5477044.334	19965238.27	24494749.55	23877555.8	72388000.8	73097206.94	60103342.07	62841769.6	67368805.84	103406613.2
Com_2422_neg	Androsterone glucuronide	Lipids and lipid-like molecules	Steroids and steroid derivatives	Steroidal glycosides	Steroid glucuronide conjugates	9788107.414	285363553.8	182170788.9	259310612.7	217972553.8	128263917.1	304037508.3	268227406.4	254214970.2	157056649	143188703.2	155885061.8	109766693.7	186279378.7	112658922.1	92179415.44	181352514.5	183920018.4	315968023.7	227857288.5	297431167.8	125108099.5	286179473.2	255042737.1	49509310.7	46053683.32	54782897.08	44239046.93	73913501.6	69284635.12	80708082.08	86548449.34	79000695.16	247071861	239319209	252027760.8
Com_2441_neg	LPI 15:1	Lipids and lipid-like molecules	Glycerophospholipids	Glycerophosphoinositols	Phosphatidylinositols	386667.5387	373108.1903	362818.4005	42105845.22	454985.1465	392635.3706	356828.8855	347923.7632	362865.4744	365616.9919	574278.4342	1815694.141	967705.3572	812174.5483	608892.4739	494688.7968	409368.6562	385442.4657	329747.594	3454741.689	543625.5134	5384678.381	336096.3388	900742.9063	458935.8576	448687.9758	437897.1464	511776.3193	411099.0477	399763.5702	394160.5039	363916.5919	436387.577	434995.6015	331837.3852	368934.8553
Com_2528_neg	SMGDG O-16:1_20:5					12188544.7	287573.1503	292716.7651	434989.4604	295246.2033	262137.0887	313793.2157	310562.1354	353469.3651	348883.2792	431997.591	382877.0142	421754.5359	386502.5347	506229.8694	387519.0555	266557.1837	267708.0141	301220.8162	412512.5693	365499.9518	403154.1351	299960.984	418479.5446	337657.6263	341478.8401	427065.7616	377827.6459	342687.8134	332307.3538	403169.7787	436359.2675	445316.3795	334979.6333	362876.8699	357245.8944
Com_2586_neg	4-((5-(4-Nitrophenyl)oxazol-2-yl)amino)benzonitrile	Organoheterocyclic compounds	Azoles	Oxazoles	"Phenyl-1,3-oxazoles"	1008922.944	4653795.338	3207730.29	2719185.089	2776757.684	14498756.46	2952375.981	20253360.64	8071919.216	3282139.236	20257694.93	6002135.556	14747253	1678535.297	6023307.262	3297147.506	2160857.864	2252301.088	2748314.147	3074348.453	2553394.305	12080324.69	2573918.616	3147107.999	3554896.917	3454714.388	3940972.686	5940326.981	6870267.359	6177675.56	14069209.76	19700128.57	41517845.34	2430524.082	2585982.635	2353983.747
Com_2608_neg	D-Threose	Organic oxygen compounds	Organooxygen compounds	Carbohydrates and carbohydrate conjugates	Monosaccharides	11007560.2	58940029.95	71493926.81	11943062.1	62951848.93	34180663.19	18608864.63	16742716.77	50319885.49	43601225.43	54944365.52	43545917.77	42598416.99	41497145.03	53109132.4	42129090.38	47408855.27	34944777.56	16732863.35	12637711.75	10718760.77	14539468.27	14187690.96	13076939.33	29168859.34	33628413.49	60684259.51	39003771.45	30673359.02	37927534.97	27856765.48	23210014.95	19975535.12	19839189.54	31156855.39	26788681.93
Com_2811_neg	Allantoin	Organoheterocyclic compounds	Azoles	Imidazoles	Imidazoles	852664.4555	211387.5664	378359.2738	2249787.855	276071.8968	825208.8422	397716.2595	93555.78969	115227.6151	112599.5985	161932.4177	829678.5896	485804.556	197972.7456	395042.3974	302093.2815	125335.4344	124925.8278	1298084.037	497352.5477	216747.9437	415394.5172	955187.9458	523731.1445	179755.2359	205662.4153	192573.6794	219209.3635	182637.6635	198949.0225	879469.4792	96386.07595	113622.6199	14412950.9	138361.4895	191841.2399
Com_2817_neg	2-Furoylglycine	Organic acids and derivatives	Carboxylic acids and derivatives	"Amino acids, peptides, and analogues"	N-acyl-alpha amino acids	984914.624	3621562.096	4453462.412	2409824.855	4420982.86	3575163.151	13908266.7	14317230.05	36579985.84	61917974.57	51269987.99	25253802.34	3294045.629	3816941.249	4170459.944	4547680.258	2345711.981	2014473.527	12659096.31	21113546.49	36678959.26	27353294.08	11332350.75	7927782.554	6129664.579	6981373.047	9774614.838	10348885.93	11254289.9	11799504.42	89188172.53	103917746.5	86922521.73	41791248.49	57572665.57	38824150.33
Com_2840_neg	PG O-21:2_20:5					340274.4889	5749934.848	11628634.26	111160.7069	27641726.66	35354869.11	135752.9273	339327.0814	8361155.767	2177542.855	1261822.897	4118451.516	903927.6839	388559.878	2405005.956	1993062.291	1563223.672	1768887.951	407177.0837	2670637.813	297562.9012	2359877.407	511391.9218	649922.9988	712312.5802	3412749.614	10203895.95	9459347.467	14608441.09	21336238.6	1892311.703	1669751.17	600729.1134	1568346.369	854357.0071	1977220.383
Com_2843_neg	10-Camphorsulfonic acid					2837270.547	1855619	6246958.518	12930626.7	1803928.075	18167809.53	11292247.08	21355534.2	1933438.44	1800356.334	8028295.26	1814817.382	6691795.053	1254010.123	8452477.506	12527362.88	1188867.132	1197399.753	23325516.59	2967753.745	2014542.924	1810309.688	16354365.08	41750310.92	1836408.911	2891650.7	7785616.756	4286407.991	6339749.363	4573105.209	1646408.884	1435863.671	1593555.072	4510361.491	7986929.699	10934267.29
Com_2878_neg	4-(acetylamino)phenyl 3-chlorobenzoate					260145.1213	1622873.464	1077910.045	1432686.426	555659.6894	927151.9145	1093220.303	995074.7287	854501.9013	525724.6073	660283.9424	686822.4262	8269171.021	3039885.092	10042616.93	9049336.137	1994393.797	2098416.262	829900.1866	612259.5677	744088.7172	503974.4525	762871.5337	842615.2532	51501563.81	47913262.85	20092412.48	7848415.886	78942266.2	56389010.5	580904.5722	574852.1949	568989.0901	694784.8346	581747.9315	652225.1395
Com_2906_neg	ent-8-iso Prostaglandin F2¦Á	Lipids and lipid-like molecules	Fatty Acyls	Eicosanoids	Prostaglandins and related compounds	2982199.587	23193760.01	30047776.3	10427956.77	40972562.72	36253260.68	6360694.678	5211442.683	4836161.072	3978245.374	3702081.512	15390537.09	12254289.13	13118299.05	23820284.12	47156547.55	9558189.933	10197500.14	7664799.426	9059422.714	8745640.068	10247892.63	6471761.74	4648274.138	25048140.09	27615757.14	20791920.12	27007144.55	18479119.34	21791035.68	4105199.008	4217842.432	6286381.839	7266047.037	3728355.014	7617800.71
Com_2907_neg	ST 24:2;O4					12363275.54	15635148.04	18742766.13	12998474.3	22766486.75	38686042.07	11726517.38	13805011.63	16611244.46	15929544.51	20572722.29	17418004.04	40440082.74	27909111.51	28982117.64	26024293.12	35918528.25	31981176.16	22140429.8	18336617.36	52774166.74	24776429.42	21099082.75	19575672.71	30652168.02	30912746.07	31057222.03	34628811.26	36481573.85	38451420.88	25536553.97	26207041.44	26807006.46	26441370.72	33666082.29	15977897.49
Com_2920_neg	"13,14-Dihydro-15-keto Prostaglandin E2"	Lipids and lipid-like molecules	Fatty Acyls	Eicosanoids	Prostaglandins and related compounds	856774.4064	13362203.72	29759716.09	63986109.82	17418325.48	1303592.455	14231845.32	3535938.544	4435439.974	12554602.25	12835375.49	10488667.07	11911866.95	22572775.69	22568946.26	9410757.007	12590707.39	14493311.85	8701447.418	11718558.5	14465589.59	10379621.74	6210518.384	19052636.98	29775062.36	23531057.34	32055149.71	20554921.48	20575301.72	28458444.16	14159248.3	36911948.28	21041282.99	12046008.32	13510558.11	3920696.606
Com_2927_neg	Lauric acid ethyl ester	Lipids and lipid-like molecules	Fatty Acyls	Fatty acid esters	Fatty acid esters	14491396.38	12838065.17	15241487.65	13081770.43	23387383.58	37364203.92	7065451.975	6863783.006	10540103.25	7005938.146	6078340.853	14037471.57	7280437.841	10230269.18	13117515.21	15847584.33	8894640.464	8119337.097	14415809.4	8742965.688	6111797.177	13009114.29	21149384.73	16819181.23	18755235	19957776.68	14036848.75	16973819.44	21843145.59	30409263.46	8047898.482	5400342.833	9665429.594	9636098.684	8826804.442	6662214.217
Com_3003_neg	Prostaglandin F1¦Á	Lipids and lipid-like molecules	Fatty Acyls	Eicosanoids	Prostaglandins and related compounds	728277.174	11465690.1	5556578.353	33494856.8	19448826.32	10853877.11	20735817.77	21904758.63	20017746.03	46232771.45	39474324.19	53534693.93	15814167.29	1698212.759	12789386.25	18919323.77	16215292.09	11825974.42	23033364.69	48957332.82	30331625.39	57402054.16	22244839.16	27921364.88	23621594.45	26293240.75	16025117.31	20604877.42	15240947.1	13575291.45	35035499.18	41871917.33	19625899.83	17025724.83	34116791.66	33796809.6
Com_3041_neg	4-Methylphenol	Benzenoids	Phenols	Cresols	Para cresols	19421745.59	24913676.67	14358293.45	12184729.13	16733604.42	19648806.17	18242812.59	17598611.86	11606870.34	12017917.65	12290056.23	14962502.77	26407180.08	23541825.07	49861271.36	38948852.51	13555782.04	11848930.86	11838838.95	13738400.19	13719732.05	14486858.29	3481675.934	10545814.08	25551377.14	28812672.2	20661180.45	30681842.57	20693404.6	18176326.17	16675933.32	15018591.79	15433319.5	20400308.21	11971083.33	11912433.79
Com_3107_neg	17(S)-HpDHA	Lipids and lipid-like molecules	Fatty Acyls	Fatty acids and conjugates	Very long-chain fatty acids	6198983.913	13518292.24	5972414.013	8538992.501	7906800.511	35817660.8	2917144.5	2099382.704	3974708.479	3995380.885	1083717.866	14608338.59	12585519.95	3722297.035	3026434.962	2520057.59	2248106.567	451992.6095	1627397.69	1657075.94	7102478.966	8623408.914	2258615.34	2330764.831	8159246.324	5968094.412	4736406.685	3688799.093	4321290.818	3613216.893	1689967.167	1378230.193	2303017.294	2528055.369	2309464.478	2198121.194
Com_3131_neg	8-Isoprostaglandin F1¦Â	Lipids and lipid-like molecules	Fatty Acyls	Eicosanoids	Prostaglandins and related compounds	8571160.571	23122535.66	21198045.47	16346982.59	22105646.74	69743457.17	15042111.48	15412175.21	18034779.61	22170254.31	22983436.61	16207560.96	29901765.06	37827869.26	23442754.78	26176057.89	21399436.25	14784264.09	19958139.16	30613490.24	11010836.38	13229504.81	24034618.55	19729686.49	32228132.65	25535276.97	23908112.27	33662456.93	22346573.94	18622835.89	8331093.518	13150600.04	13664518.05	9662814.759	9263321.447	12695445.2
Com_3169_neg	"3,4-Dihydroxyphenylpropionic acid"	Phenylpropanoids and polyketides	Phenylpropanoic acids	Not available	Phenylpropanoic acids	1191249.465	57727953.62	18473854.69	68163745.66	84622811.18	50306343.78	227324767.5	24729621.37	86732559.22	14568414.06	151273304.7	12699374.46	4006226.598	16864200.93	4463219.88	183679754.6	8820764.928	10298219.15	186295028.2	47866800.04	124855717.7	3828917.037	150041036.2	30447817.53	3574187.088	3618626.415	31833520.36	4238618.061	21489343.62	19494553.13	3001975.017	94159628.68	3193869.346	95838307.37	44621681.31	46432596.99
Com_3176_neg	Salvinorin A	Lipids and lipid-like molecules	Prenol lipids	Terpene lactones	Diterpene lactones	42540280.26	85262278.35	66442875.97	73123587.83	69762061.66	87601105.4	123604584.5	115574269	90227904.37	22531575.73	115767023.9	87001671.2	75386326.28	66470778.86	104500204	63288581.69	81544024.98	85370550.08	76268631.51	64984766.76	127131669.4	64701562	116628551.6	211774006.2	48649957.75	48683040.58	56734534.57	57916103.43	58441464.05	68318200.85	67457380.3	62045549.3	65705866.06	104745697.7	109075302.9	110862500.9
Com_3207_neg	trans-10-Heptadecenoic Acid	Lipids and lipid-like molecules	Fatty Acyls	Fatty acids and conjugates	Long-chain fatty acids	260189.1764	9809805.326	5501150.969	2215497.967	16956613.72	14717280.11	2066022.62	3602900.761	6292089.618	2616767.338	1355849.337	12078798.78	1142169.458	1834736.89	8876947.933	18076722.31	2999494.343	3588837.74	4017342.801	2162801.142	1564500.737	6018803.253	8848810.243	3434003.325	15792499.43	19816673.12	17724676.11	10457829.51	15514650.05	38292753.64	4698651.44	1619871.147	7812839.936	4587087.659	3712344.126	3905111.027
Com_3254_neg	FAHFA 18:2/20:4					348807.9515	5666619.608	4067107.43	6712995.475	21011080.29	5766727.977	749505.9501	740356.3364	1525797.578	1209087.437	255458.9482	1560155.232	1157915.296	1627919.507	4114119.736	8957351.05	829246.3438	1022775.478	8417001.438	1590963.249	2121656.159	2308567.421	26354925.28	16369856.89	8398919.932	6571756.934	41708160.02	15717112.09	29942975.03	12180849.02	6774651.706	4476768.681	11976165.3	247506.413	244485.9944	2133449.165
Com_3256_neg	Geranylgeranyl pyrophosphate	Lipids and lipid-like molecules	Prenol lipids	Diterpenoids	Acyclic diterpenoids	4148333.374	11691683.47	18750369.38	8725286.074	15891054.49	25169234.35	34632951.19	36397891.74	25784871.5	15485665.75	90165117.86	19859452.55	17514074.71	6197108.855	9320393.178	5003661.654	28905294.65	23682565.61	27780494.63	31363865.83	38321682.61	10989337.54	22774271.62	35381287.76	3553581.973	2776994.888	3979786.042	2422837.531	2301669.69	2046024.672	14863735.45	16632969.01	14533788.49	25404710.99	29865578.33	40488457.92
Com_3346_neg	8-iso-15-keto Prostaglandin E2	Lipids and lipid-like molecules	Fatty Acyls	Eicosanoids	Prostaglandins and related compounds	6180832.96	9943508.143	6396780.042	12485496.58	13197972.6	34211687.88	5754802.527	4491636.03	3975633.663	4120347.9	6696798.217	5130445.52	3739268.637	17036808.87	23679871.19	17623677.09	9114429.693	6549799.159	20134554.41	4659179.606	4908159.72	6828104.97	26214074.84	52793896.85	76097431.24	79175960.32	62554368.17	42999529.7	21339834.53	25351499.27	7591450.912	7388132.339	6074414.879	16711216.4	21214182.72	15817895.58
Com_3361_neg	LPA 20:0	Lipids and lipid-like molecules	Glycerophospholipids	Glycerophosphates	"1,2-diacylglycerol-3-phosphates"	55880.95344	588678.8404	790637.3019	214377.2417	2200985.244	463659.1891	127510.4027	218252.1754	2788002.854	437869.3385	367268.228	615172.5464	106945.3268	137149.3992	30519295.9	13173959.59	478532.1997	350939.7594	230294.9521	837892.2411	729119.6769	3471470.759	304417.7035	122256.282	6395599.776	8780806.498	33061540.93	8251443.913	3249446.751	6244246.252	910662.574	440669.3068	1229597.976	541348.7379	1139233.336	1053728.275
Com_3397_neg	LPG 18:0	Lipids and lipid-like molecules	Glycerophospholipids	Glycerophosphoglycerols	Phosphatidylglycerols	579421.149	3896949.998	1517040.704	173257.4143	6414462.133	13704121.89	690888.7648	2721919.348	10712628.6	8800341.505	712235.6083	24119528.15	296691.3658	2053526.206	6386285.849	4832438.84	17031648.86	6015169.569	2149964.882	4279609.448	1152400.864	14961670.46	3645889.563	5181422.107	61630979.39	24432589.42	27734781.76	40369161.33	15636480.57	13710952.23	81694836.99	1935704.591	5369494.717	3969197.414	2180944.257	3550508.507
Com_3462_neg	LPG O-18:2					395161.3386	4415955.789	11290675.5	169183.028	19585527.16	79735204.31	2009897.351	4268739.354	13897775.8	32092705.81	1009940.865	2839124.891	2545496.807	1971000.742	31632430.31	26584723.73	9437535.134	16087305.34	6991612.101	4114820.962	742835.7011	1202610.293	3180739.873	2671340.363	1487805.084	7164375.369	27773994.37	23242542	41657760.78	42664656.28	50814069.17	33882243.58	25413588.66	718486.1292	303359.8863	1110013.393
Com_3563_neg	LPG 13:0	Lipids and lipid-like molecules	Glycerophospholipids	Glycerophosphoglycerols	Phosphatidylglycerols	14362885.36	16927806.29	16461361.58	29875742.07	41077388.24	16142503.32	19447987.23	33604995.78	21345617.43	21322222.35	21664248.2	18848941.49	45747082.3	24358717.07	35312818.98	25289256.3	32601324.92	21341615.74	21943576.01	22770674.63	12881059.29	49120363.59	22192633.21	27818861.74	55582607.38	49457220.25	69213078.49	61628494.87	38529483.54	32190579.92	29037176.26	21936588.56	12807414.19	17282827.08	19103208.32	23498760.52
Com_3581_neg	Diethyloxalpropionate	Organic acids and derivatives	Keto acids and derivatives	Gamma-keto acids and derivatives	Gamma-keto acids and derivatives	667753.6196	114395318.7	67255255.25	851523.1323	21549138.05	58845557.5	1425763.941	1330808.683	950112.0967	978867.1924	963577.7562	55936234.15	99792639.05	124465029.8	17409436.37	47672573.79	317387453.7	362076123.5	1046338.609	1074753.463	71769145.55	1488794.002	1528517.472	1195310.153	42806399.77	24780305.26	69086972.82	67464360.6	24469935.1	34771532.7	1469421.676	809156.7245	50617234.63	17055629.96	735676.4668	56621776.9
Com_3582_neg	"N1-(3-amino-4-chlorophenyl)-2-[2,4-di(tert-pentyl)phenoxy]acetamide"					13000159.69	7520412.834	10123680.91	9378945.414	19965371.4	15951284.76	22475593.67	30163243.91	2043169.555	33881710.3	51936210.98	29575375.76	7018808.703	15207579.93	8808350.648	7630156.898	23243103.61	21306342.63	52621322.77	39591298	28749727.32	23198716.99	33524280.31	96006016.43	14260429.37	12209993.78	13565581.56	12553427.91	12538447.96	14285641.78	63487986.42	38589227.46	37816230.48	54753574.94	33713892.42	78833735.27
Com_3614_neg	Curcumin	Phenylpropanoids and polyketides	Diarylheptanoids	Linear diarylheptanoids	Curcuminoids	318576.7187	954980.2966	790978.7754	1070670.957	623010.6939	1065885.963	1075004.25	987641.2494	785773.1365	675917.7175	790479.1173	749309.8345	3046298.016	4045876.607	1098623.296	657884.3446	2601446.416	2737131.189	868683.6876	3337669.053	626722.3643	3156016.705	772767.7822	1007326.645	741338.3235	710492.7477	610119.4631	1242781.448	574893.5814	557867.7255	32169258.96	53338552.5	49484785.11	4630003.451	3605753.408	2311536.35
Com_3621_neg	1-[6-(benzyloxy)-3-(tert-butyl)-2-hydroxyphenyl]ethan-1-one					445030.9273	2501427.662	6679270.134	5405644.986	2181226.287	6540193.362	1293629.007	1558896.037	2896014.324	8332072.37	4004769.261	1571952.618	11309903.21	907964.5004	1799541.774	8682327.381	1625231.958	4249193.096	1514534.098	2955216.259	1437768.996	2226896.461	3385775.497	11461681.04	43406786.56	5144023.707	1217021.899	3154661.481	2913087.981	3989006.07	1254238.156	2538930.557	2081669.601	2312144.868	38709077.79	1475664.732
Com_3622_neg	N-Acetyl-Asp-Glu	Organic acids and derivatives	Carboxylic acids and derivatives	"Amino acids, peptides, and analogues"	Dipeptides	5451914.267	50724458.3	57213395.66	3971772.76	57543218.75	7054588.943	5581715.27	10165406.06	8519426.739	10834726.9	2807574.157	3087670.279	59229730.95	36324742.29	45596294.13	42185585.75	22056097.28	22466764.83	9567567.362	3028092.191	1633682.667	3220087.225	9075259.96	12841851.85	53072546.57	52530701.37	40806266.06	59341047.98	50596448.18	51474536.2	17781374.41	11613975.98	12134783.29	12730348.06	13413138.58	16661918.97
Com_3649_neg	LPC 16:0	Lipids and lipid-like molecules	Glycerophospholipids	Glycerophosphocholines	Phosphocholines	1464116.662	12989360.72	11190801.68	797014.5759	26567826.83	34299864.65	1142881.809	3126483.878	4620081.376	5131561.552	2004462.219	5445965.104	1201765.672	5232827.829	15409225.23	23269737.32	16093633.09	7562919.324	5617895.969	5239544.673	6047165.339	9413447.204	8575753.893	4982307.149	15021044.38	16600966.27	25242985.99	20037193.3	14189060.96	17198935.5	823672.5256	3059816.688	10403340.97	2205268.457	2229495.477	2573070.202
Com_3657_neg	LPG 15:1	Lipids and lipid-like molecules	Glycerophospholipids	Glycerophosphoglycerols	Phosphatidylglycerols	13123379.1	12793321.58	7035142.162	29407671.07	52486800.2	8503298.659	2674925.155	3430115.847	2744306.423	2614832.925	3171869.734	5220771.704	8589706.346	3770674.301	15050363.82	7488727.114	13075396.98	4875348.466	3585858.924	10576389.17	2782018.434	11355204.28	5168357.924	13895794.59	48157788.21	36525992.12	56466187.44	24706838.3	28752499.22	36817758.72	2561203.879	3130306.643	1388013.929	3848976.294	7353690.878	6639414.801
Com_3659_neg	Hydrocinnamic acid	Phenylpropanoids and polyketides	Phenylpropanoic acids	Not available	Phenylpropanoic acids	2936207.222	18500986.93	40231754.49	21070705.31	29109662.21	8409168.004	16796985.61	23306476.33	17877604.48	28936366.42	45754969.38	18735646.19	42795972.78	41304087.8	57743902.23	14686016.14	20333509.58	20925546.92	35780974.36	24745638.76	22943553.52	24851019.34	29183288.59	19683113.86	39774427.25	23709460.82	50116758.96	32916316.76	38225491.46	28839381.48	14767338.99	16238913.09	12695863.25	17120574.88	23124726.53	20331770.46
Com_3677_neg	LPG 18:3	Lipids and lipid-like molecules	Glycerophospholipids	Glycerophosphoglycerols	Phosphatidylglycerols	239565.9541	3257133.77	5227632.062	9801619.35	13159762.06	1534935.621	7679302.886	6168116.728	8622327.746	6156887.55	12208338.62	7086649.834	42198361.06	28554655.74	15873060.49	10811005.78	33902007.41	30003382.92	15733139.84	18263035.74	4296812.432	16863037.75	13182759.04	20019144.12	23907310.88	22541670.03	31588906.36	32801950.9	21660171.66	19187876.07	8634894.872	10819711.13	4859569.061	8176493.317	9740614.873	11444181.68
Com_3732_neg	4-{[2-(4-fluorophenyl)-2-oxoethyl]amino}-4-oxobutanoic acid					634565.2633	1000652.519	18936000.61	802524.4305	4328392.891	500126.1155	9327905.388	27660919.87	2237550.048	4289790.462	791223.4446	658774.6803	965613.7075	828658.0214	3673265.535	4426341.72	461808.1162	446840.384	556398.0336	1125335.903	576704.2229	666039.4506	555910.2283	722274.1411	591482.4447	635754.374	700833.9214	2572546.409	635128.5821	592914.9988	3042180.824	2725710.778	2435622.984	569106.9096	619395.6309	558186.0236
Com_3754_neg	Cer 18:1;2O/16:0					1763253.475	5514789.616	5576032.434	196971.9891	5428605.123	2701101.841	866128.3356	1641259.198	4214849.906	591433.0164	7874152.104	7945241.447	4984308.495	12274599.84	453998.9312	457477.4708	2396466.444	19187464.23	4120899.152	1035864.316	2032679.909	2267683.333	5901626.649	7955886.391	107411868.9	12632986.33	17071215.67	22707393.93	29480810.01	9852305.78	1302459.66	6138532.107	17341691.16	8131301.165	1355283.234	11169345.49
Com_3763_neg	JWH 018 N-pentanoic acid metabolite	Organoheterocyclic compounds	Indoles and derivatives	Naphthoylindoles	Naphthoylindoles	218377.1745	20356554.04	3046235.215	2041415.615	3666993.629	25308859.56	869895.4343	835309.1788	660564.5634	426553.4885	547586.8028	1433139.598	1587349.122	2551812.288	801540.4151	464864.3758	1674181.242	1632419.598	676846.3533	502530.3279	622550.9931	423058.1623	612357.9652	707328.0377	690733.7192	987932.6449	447638.592	373884.377	471092.764	459634.9803	487636.6641	482556.0343	477634.2881	564928.5072	771053.4353	479151.8921
Com_3778_neg	"4-oxo-4,5,6,7-tetrahydrobenzo[b]furan-3-carboxylic acid"					975204.6309	7170473.63	8064560.742	8166385.023	1299193.617	3115131.814	27411873.82	21177287.35	6921750.573	2556102.379	6381442.187	2275385.858	582479.1654	395567.6585	502624.6282	609970.1385	2425690.191	2441114.81	6338733.605	5351203.615	7845905.132	1508251.708	5378108.593	5521148.996	296239.5371	328940.3052	549310.3143	319005.6481	1245405.533	285098.1448	5907909.714	4832609.349	5952791.473	5213627.751	6675745.055	9339400.431
Com_3827_neg	Prostaglandin D3	Lipids and lipid-like molecules	Fatty Acyls	Eicosanoids	Prostaglandins and related compounds	1272639.308	13954837.2	12574771.57	8162430.891	9528128.875	27143793.74	12292749.58	10901098.26	4595345.373	5749540.829	4740296.35	6950505.25	7790203.941	12223374.31	3514428.207	2045436.022	6877326.235	3769997.978	12454895.89	4769457.18	3721384.889	5290409.267	18571678.27	25656189.79	654104.7268	822602.7869	675320.4898	799776.5596	1002924.787	805959.3743	2408072.99	1647877.865	1649849.985	16363257.86	14078801.59	13438109.49
Com_3889_neg	"1a,1b-Dihomo prostaglandin F2¦Á"	Lipids and lipid-like molecules	Fatty Acyls	Eicosanoids	Prostaglandins and related compounds	129191.7006	1509141.531	252430.6474	188924.7815	4239270.512	1091795.524	619601.8474	305110.5958	268772.2511	763720.6326	250551.6614	228841.4485	322917.3178	175941.4094	1237851.79	1586984.623	1221278.32	1072023.228	1397959.614	586794.2299	179420.591	531536.0069	3526902.002	918757.9601	1574976.778	11461338.65	5979069.817	7042425.238	41180970.95	40666613.48	2180135.904	857427.7294	207972.2602	192691.2494	786603.1492	278740.9156
Com_3909_neg	(3-Methoxy-4-hydroxyphenyl)ethylene glycol sulfate					11274655.85	24849741	9401282.924	7037286.738	16563685.19	44791475.41	35615224.24	25049948.54	6517846.935	21850481.52	13049032.71	57049708.13	11278484.28	4591794.656	61859798.97	43830512.21	25538269.56	10898625.48	12552639.11	31307772.1	19559216.26	11402628.12	13273736.28	8923656.777	22089537.95	26243840.26	30163432.4	27875823.29	12620521.64	11357703.23	25540842.18	5567028.346	8220344.307	53206319.03	7957000.44	9945381.776
Com_3958_neg	4-tert-Amylphenol	Benzenoids	Benzene and substituted derivatives	Phenylpropanes	Phenylpropanes	2100485.823	43414491.33	10494753.3	4840453.244	32539272.58	25624488.64	7304956.89	7144573.251	8692981.041	4281549.052	2785295.628	3745608.799	15355600.64	15874569.66	11267163.2	13624257.19	14115519.77	14058246.64	13353662.02	5095267.212	7508578.88	6419559.488	11463399.18	27958756.96	9916795.018	8075022.399	6968720.706	6328715.835	8226557.052	8686759.896	2235087.499	2227461.13	1767738.913	5292049.123	7595499.684	9749713.161
Com_3964_neg	N-[5-(trifluoromethyl)-2-pyridinyl]benzenesulfonamide					728316.8684	24954920.87	7679829.326	6141716.77	10708390.67	1609339.188	2858622.051	8662713.068	2327978.003	20959731.06	11101917.76	61203149.8	1304241.718	2108407.547	1662266.797	1546367.731	28096371.99	26208941.23	3972800.68	7077407.278	2384734.416	12357349.94	4832813.062	1515395.376	10923087.3	7535461.345	9767717.854	14161272.68	8539262.031	10558842.25	11382367.13	31666421.71	23036112.98	9549163.008	8205356.692	19044743.55
Com_4038_neg	11-Deoxy prostaglandin F2¦Â	Lipids and lipid-like molecules	Fatty Acyls	Eicosanoids	Prostaglandins and related compounds	17242083.08	3719293.544	2555499.329	2804559.094	2337400.295	33523335.4	1783065.406	1912094.185	1536006.982	2017577.875	2924323.444	2060321.406	3359432.872	16094851.85	2856298.616	2163681.387	2601320.107	2121543.287	4265968.898	3234846.41	2512425.823	3272605.593	4031517.939	21887019.99	3178868.585	3257420.629	2758567.221	2799389.076	2805161.591	2481888.196	2658881.963	3340385.471	3118310.749	2730205.383	2931190.52	2918055.934
Com_4074_neg	3-Hydroxy-3-methylglutaric acid	Lipids and lipid-like molecules	Fatty Acyls	Fatty acids and conjugates	Hydroxy fatty acids	16055150.62	73704560.31	142702078.6	24202267.63	92801076.64	53603477.44	44792965.74	50011585.68	54056092.16	54887612.63	61923025.1	43830147.49	95193197.66	124845564.8	82671371.55	75825980.34	52464887.1	49669162.06	38591124.31	34444703.28	30928845.55	63654229.59	33861177.2	37247420.37	69072659.19	83810242.53	118845621.7	109785549.9	85554650.12	112375281.2	68345027.45	50608436.66	74684399.72	46161176.89	56580535.86	66414947.71
Com_4097_neg	Taurolithocholic acid 3-sulfate	Lipids and lipid-like molecules	Steroids and steroid derivatives	"Bile acids, alcohols and derivatives"	Taurinated bile acids and derivatives	943087854.8	99353263.88	46352469.74	14909297.13	2304064.909	35678451.93	2063648.59	1862805.605	2061446.959	2030212.814	2661026.011	2160603.165	15642117.59	9781657.624	14147483.03	8317006.334	1549611.425	1555057.11	1914607.563	2369276.408	2047043.274	2343897.984	1873212.799	2352012.051	2059264.143	2164992.725	3630022.735	2837162.588	3683049.673	2685495.475	2262232.743	2351592.942	2328885.125	2110955.253	2016998.678	1911972.332
Com_4169_neg	FAHFA 20:5/20:4					123055.2278	493443.9235	891437.3573	1425936.282	4874564.656	1905231.84	65243.93499	77172.58429	719799.8559	436365.3353	63899.77201	106437.895	65806.44092	63665.98593	81088.05208	441661.1238	271500.5427	69630.97771	1040386.805	404557.3476	63231.13261	146609.4894	1997205.603	524378.6444	298176.7241	653862.4615	2149847.86	2953195.384	8090462.113	5395003.203	2941417.548	1092846.154	1006849.643	63526.90145	58503.41116	423194.9615
Com_4189_neg	LPG 17:1	Lipids and lipid-like molecules	Glycerophospholipids	Glycerophosphoglycerols	Phosphatidylglycerols	15341105.66	9945358.451	6590027	16762500.42	24148798.54	11457340.56	8278034.334	9590993.211	15384021.45	16202500.81	6939660.79	25288719.61	12770158.92	9993879.551	34267963.48	27402032.55	20793935.12	12124614.55	14612620.74	24469565.35	7110705.519	33028296.32	16991485.08	36593521.78	39625478.05	30377818	41997927.12	30961488.92	36158033.54	37822575.92	35322922.99	16381140.11	12623513.98	11067636.82	17022621.26	24839482.84
Com_4190_neg	Sorbitan monopalmitate	Lipids and lipid-like molecules	Fatty Acyls	Fatty acid esters	Fatty acid esters	895555.4458	1852659.812	2058659.852	6942257.191	2431127.667	1118657.436	5401318.98	3939756.113	5421851.779	9863163.466	10215172.69	8647780.95	2869292.646	2566266.381	1968114.015	1144153.213	2913924.653	2431833.707	3678126.899	6433864.945	5918392.931	10554123.58	4545726.017	4563237.233	2042138.026	1762623.698	2001019.009	2053823.165	2451585.664	1994059.136	6934440.252	21726401.58	8507974.324	7194118.439	4942838.382	7042646.422
Com_4226_neg	"3-benzyl-1-butyl-4-hydroxy-1,2-dihydroquinolin-2-one"					468181.4473	190051.0908	682981.9318	312944.3774	619089.8353	169408.143	296874.8936	475119.7422	339159.1045	390473.7376	276762.8378	271793.7021	690752.4705	21908873.94	1436714.888	459885.8503	190562.4884	163710.7473	262786.2883	415868.6225	224905.8151	322104.6288	285743.441	2013318.225	1853924.526	1911382.429	1965576.192	827180.6617	1655861.136	1301173.895	345199.5633	432738.4708	339620.9761	458854.6514	333492.4879	610480.1364
Com_4237_neg	Cnidioside A					3357666.722	5060920.948	5140250.682	9154640.456	21298883.96	7165185.11	31431496.11	30288007.69	4574122.975	3620689.406	84565165.97	18849931.89	36926785.78	38744961.76	4716947.931	8156948.302	8307467.979	3282646.786	29490346.48	5131463.835	11411471.04	12313313.87	21605013.71	24782605.26	33002522.54	26015638.41	23487784.01	7479031.946	11785661.21	22975144.3	49842603.85	57949048.56	28789465.07	14654881.14	14044123.27	52048437.58
Com_4250_neg	D-(-)-Salicin					99217.15939	252157.4357	317363.4931	330365.2313	200998.6475	238907.0011	552124.1907	528887.7911	363724.1512	325484.7617	350893.9281	359368.7308	287441.7911	22396693.46	242485.7144	219887.5045	1045022.411	300499.9949	385791.0503	283199.9947	258379.5276	298649.3944	355150.0258	482882.3423	209112.7077	197811.8695	227259.7005	216155.7105	240420.6794	232283.374	264511.4117	270476.1283	269213.4508	272299.3209	252368.2542	254212.9335
Com_4304_neg	alpha-Ketoglutaric acid	Organic acids and derivatives	Keto acids and derivatives	Gamma-keto acids and derivatives	Gamma-keto acids and derivatives	385117.5412	3567414.645	1152839.05	1725902.862	1373137.277	7962297.754	1361544.024	1207495.692	1314659.166	1420804.013	1323801.848	2268192.061	1517263.972	2472222.616	2490313.458	2208846.348	943548.1817	1247299.555	620191.5221	817287.5864	672138.3684	1315152.126	489356.052	689783.9798	1330310.357	1812832.887	1707159.834	2615815.178	1298883.687	1990212.347	1257205.879	1630359.027	1130758.292	849749.0176	691454.0635	800369.7871
Com_4376_neg	LPE 18:0	Lipids and lipid-like molecules	Glycerophospholipids	Glycerophosphoethanolamines	1-acyl-sn-glycero-3-phosphoethanolamines	989041.1113	6903900.55	5452033.617	6664246.537	17971845.82	24569967.82	8260018.391	1355234.889	4114318.151	2140202.96	6137319.765	5449225.47	10222686.43	13258199.26	17830057.79	28417020.52	8727944.64	7927439.454	4134058.115	6942257.545	5685272.993	7280177.008	7349302.046	1696826.483	18035263.39	16109256.54	16032364.42	16995809.96	12995234.21	14138213.22	6079052.065	2821173.167	4949223.201	868235.7615	480126.8532	1420614.82
Com_4499_neg	"11(Z),14(Z)-Eicosadienoic Acid"	Lipids and lipid-like molecules	Fatty Acyls	Fatty acids and conjugates	Long-chain fatty acids	293209.772	6647344.962	5777238.371	787093.7568	7956833.589	11621105.23	917871.7716	2260818.431	8377882.484	1954562.049	410789.4113	3961563.567	177923.6786	423761.6309	4027799.748	3816665.904	1738224.714	1676296.416	2682192.65	28985264.14	12842119.8	21035342.17	4197526.309	5407259.759	3296096.201	4088264.044	15739051.74	2767487.547	16473447.64	10004748.27	5281481.469	1343758.258	4707649.464	1220947.406	964528.5699	769993.9345
Com_4523_neg	FAHFA 2:0/16:0					8629006.071	4201483.196	13914558.43	4026735.792	6833441.757	21336733.38	2020455.371	2499844.896	3826447.073	2085259.581	1903976.554	3488234.602	2889051.664	4704375.639	20056328.8	4878368.524	1716758.217	1912750.67	13843011.88	2536054.915	2960451.084	2044219.047	17575401.22	3476640.367	1496100.081	1385656.747	3708250.564	4714446.843	5544837.427	4931379.643	5534872.464	1784083.072	1649693.487	5807585.624	3513759.793	4980766.206
Com_4538_neg	"16-(Hexopyranosyloxy)-7-hydroxy-8,9-epoxypimaran-18-oic acid"	Lipids and lipid-like molecules	Fatty Acyls	Fatty acyl glycosides	Fatty acyl glycosides of mono- and disaccharides	94209656.72	26015983.29	150535191.3	153002465.1	22468874.95	14924980.83	134246218.2	124687568.3	131732288	94844308.35	116512272.8	74704148.18	41109921.44	26395816.34	19826496.33	40725109.32	69028034.47	69911065.36	30592053.09	73963403.58	79831419.86	76517506.9	29073933.81	43733567.02	21648507.76	20633567.77	20804340.9	20517015.31	26195767.42	27844461.68	71928148.45	83594711.9	74558977.25	53624840.91	59792441.88	58622139.68
Com_4566_neg	DGDG O-24:6_3:0					495946.7946	464738.3478	392771.4275	489625.8879	357250.852	400126.9629	469705.6527	468207.6579	551332.2809	583940.4847	745335.7317	609138.3631	29875965.5	9068757.797	754629.5325	595388.4406	2648683.402	2339726.632	429712.3527	594914.5093	707343.5268	652191.2148	427417.3097	586176.8579	499022.7469	469827.8448	533959.4169	494035.3718	542639.9768	539155.5104	692917.0584	715517.6161	678555.8994	533322.9631	587009.7974	496713.4095
Com_4568_neg	Cer 18:0;2O/16:0;(3OH)					3361169.077	19850813.99	690620.8067	1576228.957	8007915.291	12007613.29	13069971.85	12053048.42	169530.3781	16810155.13	14494977.04	8068544.059	35363128.12	144589.609	1515128.29	3501926.86	7275737.334	17084113.14	2558477.751	11809387.52	121105.056	3256875.089	25665685.99	7225653.184	33075178.41	63395076.14	27242215.22	43296715.48	42800051.29	28823591.52	4962163.818	61052426.07	37889779.19	142369.8953	18276345.43	16279318.25
Com_4615_neg	L-Threonic acid	Organic oxygen compounds	Organooxygen compounds	Carbohydrates and carbohydrate conjugates	Sugar acids and derivatives	4180386.487	6829238.329	28218298.17	2973677.77	1291556.429	20968858.8	5869056.574	2861867.601	8337076.246	10947940.38	4257766.185	4665164.365	22072023.87	5986462.352	17184046.96	8224466.874	2124809.891	10236195.06	9964551.7	5443322.579	5466969.861	5230897.213	2478041.479	1785274.216	5404359.424	5416723.468	5040141.186	11265658.84	11643366.32	8482668.486	5640956.655	10081319.8	4197151.645	5320707.872	9339856.054	9106160.551
Com_4630_neg	Caprylic acid	Lipids and lipid-like molecules	Fatty Acyls	Fatty acids and conjugates	Medium-chain fatty acids	471425.6033	2355642.35	2392566.95	1988675.613	1754163.259	1691066.889	1985377.443	1945733.681	1770540.675	1037080.81	1333738.565	1229124.674	1438226.7	6632658.157	1788862.572	1916927.17	25314418.44	27533894.13	1993216.844	1061212.758	1101108.103	1115983.329	1750940.427	1534714.829	1557734.192	1584318.791	1622763.438	1500375.801	1636944.591	1699457.807	966694.3013	917850.64	910348.5536	1547199.547	1558943.999	1518484.921
Com_4652_neg	¦Â-Estradiol-17¦Â-glucuronide	Lipids and lipid-like molecules	Steroids and steroid derivatives	Steroidal glycosides	Steroidal glycosides	1127940.569	12182648.46	9798351.089	9784733.151	10315653.61	4149601.343	16664071.31	19800191	13365411.41	11811453.74	11357463.42	12682817.2	46435117.78	22588657.51	6716510.232	6637886.564	6827111.389	5731626.127	34636109.61	12978261.27	13280441.5	9218355.343	38075843.09	37568588.81	2643890.075	2712933.92	4383686.532	3958835.194	5806364.701	5430287.814	6034303.138	7114802.702	5878910.75	23017042.34	18502937.41	18606043.3
Com_4749_neg	"2-(2-carboxy-2-methylpropyl)-4,6-dimethylbenzoic acid"					2250091.339	21631625.14	2482367.229	1839210.668	6864542.259	15013117.92	2093711.009	2198068.298	4184363.857	11340991.6	29288293.75	8461594.067	9600499.264	1389274.144	2915583.836	13318488.53	1538313.122	1657571.384	49526883.69	7680106.82	7245968.514	12872502.76	6744662.595	21173230.92	54095336.12	51889631.78	49570650.29	62774471.12	42056840.74	43026667.97	7393043.609	5652085.611	8715246.716	2458660.781	23123417.05	2086094.194
Com_4754_neg	L-Malate	Organic acids and derivatives	Hydroxy acids and derivatives	Beta hydroxy acids and derivatives	Beta hydroxy acids and derivatives	2105017.426	135173409.8	92078700.38	6607451.969	190502386.4	57611044.08	22197675.01	28278185.88	6630778.231	4268721.332	2696149.682	5247604.437	146013249.2	145264184.7	123108025.9	110166674	53946693.29	49465597.14	21738107.54	3082479.58	872083.5325	1450945.378	14509887.51	7268468.014	46697127.44	56157292.38	31635660.43	45445685.86	38853145.41	60413636.37	6646411.167	4581528.35	5556930.469	11248236.99	9119385.077	12238711.32
Com_4789_neg	Prostaglandin A1 ethyl ester	Lipids and lipid-like molecules	Fatty Acyls	Eicosanoids	Prostaglandins and related compounds	20893505.46	10111344.4	14868938.15	19733326.46	6862157.132	15183126.42	16793455.52	12071937.24	21941725.97	10465685.46	17660809.6	32524707.27	8973884.766	5534008.722	7427791.559	7974037.535	3018718.682	2556264.204	5198330.483	19499446.68	16065709.46	14736598.43	5108805.6	2148739.208	7912283.47	6997968.143	10578979.28	12282396.46	10507888.55	11270858.68	6694906.687	10208972.4	3649521.391	3536637.761	8778469.503	4191247.149
Com_4822_neg	Formononetin	Phenylpropanoids and polyketides	Isoflavonoids	O-methylated isoflavonoids	4'-O-methylisoflavones	594559.8876	400562.3453	348969.3194	405730.6842	481353.3213	434919.9422	386173.0463	384917.0302	413027.0321	506031.5798	502599.3595	434576.705	407127.4162	397722.3843	416784.7156	483077.4366	458111.207	357881.5106	378793.7097	496993.9929	465629.6971	524118.122	356181.4775	376690.7091	529514.1582	458319.0572	508109.7634	551772.6975	465969.2351	459031.9759	18900173.56	27311197.64	30886166.99	315885.8369	443028.1335	391445.4201
Com_4912_neg	Phloretin	Phenylpropanoids and polyketides	"Linear 1,3-diarylpropanoids"	Chalcones and dihydrochalcones	2'-Hydroxy-dihydrochalcones	972140.0285	2562820.366	7657602.556	1632392.412	5244923.641	3320771.308	5685627.662	1460456.046	20415002.3	17253133.17	29048163.52	7938397.003	15129212.24	12957621.86	29237036.96	15537283.9	2557808.53	4989901.263	10666178.71	9015314.719	7057473.002	14612832.5	11228646.71	7571666.896	27204474.61	9385904.991	15644005.63	21582674.73	16121445.79	12491967	14807838.42	24607836.09	22806186.45	12456595.88	19639417.02	13043654.54
Com_4962_neg	PG 3:0_15:0					28731268.28	12252499.88	13366093.4	6494097.869	30653726.66	35594827.53	3135538.985	3568811.578	14287814.47	9928258.943	8659746.313	14219409.83	9360234.329	3577268.41	19435352.31	9256900.373	11982961.68	8305468.251	4715845.593	31140605.11	14914745.36	18692270.69	7057056.863	10202577.92	31164019.02	23549983.84	27850720.1	33136578.76	46638065.39	47004289.96	6259469.949	3251376.579	3923886.247	5478440.417	11453690.13	9129883.35
Com_4982_neg	D-Glucarate	Organic oxygen compounds	Organooxygen compounds	Carbohydrates and carbohydrate conjugates	Glucuronic acid derivatives	627495.5779	762644.3253	2891957.598	3975628.293	1624336.78	1205751.784	4971622.319	4361943.653	3106922.268	2981118.938	8058047.487	2655832.433	567946.3775	2144736.935	585435.3066	2039718.945	1887501.08	1749466.147	1502114.295	2363770.811	3388480.459	1886592.896	1449062.853	1333119.811	639512.8905	793228.1031	888250.2608	1034092.959	1132054.106	2329081.579	4967513.717	3515785.005	4687293.478	3784776.358	3114475.508	4342978.283
Com_5015_neg	3-Phenoxybenzoic acid	Benzenoids	Benzene and substituted derivatives	Diphenylethers	Diphenylethers	1074071.792	3648026.176	4160365.076	3427738.074	2823082.152	859647.3743	3207681.33	3389740.666	3248487.042	5700693.203	1497829.983	3049184.617	2651717.439	2253072.634	3780037.143	3505540.902	2523237.761	2609873.345	5026999.011	4196370.014	3309302.656	8386274.204	4742187.872	2194670.392	78996321.72	48761555.38	36288740.87	11459295.16	17344460.47	19640356.4	42753687.51	46266069.5	44807027.72	19952252.78	11174608.31	11400109.36
Com_5110_neg	2'-Deoxyinosine 5'-monophosphate	"Nucleosides, nucleotides, and analogues"	Purine nucleotides	Purine deoxyribonucleotides	Purine 2'-deoxyribonucleoside monophosphates	501092.3983	3378512.762	3152333.846	2365128.738	3025241.939	3634619.152	4930571.918	6361796.17	1801158.125	888413.3542	7758170.528	2600192.608	1783914.087	1269848.617	401646.1462	1227439.559	2986278.504	3389825.698	2523004.74	1565617.536	1299176.79	1063830.864	2253271.598	35517240.02	790354.4962	1437178.642	2429708.77	1244816.583	1883171.274	2068060.402	2647159.656	1812031.033	1363001.907	1692404.865	1340274.753	2264312.139
Com_5199_neg	"2,3-Dinor-TXB2"	Organic acids and derivatives	Hydroxy acids and derivatives	Medium-chain hydroxy acids and derivatives	Medium-chain hydroxy acids and derivatives	122346.2282	507539.9513	480308.4468	472088.4689	348526.0863	325419.239	845013.9853	748647.3966	550323.9854	499664.6112	526459.087	607963.139	2812604.57	29154865.81	366583.9807	358495.6352	8742238.532	7549114.964	570970.1146	418624.0976	417656.8719	455501.0279	519256.1228	1049845.364	254700.6788	244172.0953	269317.2162	258088.3852	281125.0853	282679.8364	358557.3744	402047.8713	400956.7937	416574.9738	375093.5609	403613.3117
Com_5201_neg	"(2S)-4-Oxo-2-phenyl-3,4-dihydro-2H-chromen-7-yl beta-D-glucopyranoside"					2547722.745	26723374.39	8427593.404	7641174.827	22965025.52	15024001.25	28104257.54	23334815.71	19790927.49	15254057.32	31787661.5	14341334.36	13069509.65	9985303.602	25102172.2	13884979.47	7903620.628	12439162.48	21784183.8	10482024.13	15504921.5	10466057.96	17142860.54	51977692.93	9013668.237	9006141.542	15534435.45	6090547.01	11200922.9	11888305.31	31900457.11	35226103.83	14881153.84	15866080.25	17466848.23	22199301.83
Com_5284_neg	LPA 16:0	Lipids and lipid-like molecules	Glycerophospholipids	Glycerophosphates	"1,2-diacylglycerol-3-phosphates"	7265823.417	27535102.68	9846521.26	6473516.696	15400998.44	41677162.45	2609972.321	1970000.772	1966233.244	1908434.348	1266966.415	1457971.48	9561046.478	6281838.362	14834975.29	20628098.58	14595644.64	9231991.082	5773978.743	4434168.253	3288357.54	3415815.329	7807205.008	9650985.282	15285898.13	15056935.46	27153137.77	12058400.99	30480985.88	25063093.78	1927829.244	847798.5549	342478.7847	697997.837	951397.3264	915148.0772
Com_5294_neg	12-Hydroxydodecanoic acid	Organic acids and derivatives	Hydroxy acids and derivatives	Medium-chain hydroxy acids and derivatives	Medium-chain hydroxy acids and derivatives	671183.352	5081574.232	3965744.96	7091805.948	9666739.086	976422.3446	4626821.887	7096196.295	7420253.76	7718085.915	7180870.325	8645500.455	4045487.257	2841082.342	4705109.606	3831230.642	2488422.338	2606733.089	3633039.678	6102824.69	6121514.701	9561646.953	3438460.503	2649219.51	16789064.67	15619016.34	16186865.77	14415984.16	15425953.67	14432458.19	22034837.43	19736770.75	14409636.91	5858069.236	6814584.433	6148200.186
Com_5389_neg	2-Methylbutyl beta-D-glucopyranoside					8298857.913	220932.9797	2331831.211	708563.8989	140789.2063	405635.3928	2736893.421	482270.4851	470229.8349	297285.8419	271328.0482	213413.1404	439674.1903	319557.5638	244395.5476	169199.0566	241611.1107	233031.8442	213149.3277	440459.1844	533068.6159	204127.2098	184196.8172	339937.2373	135972.2915	121916.7447	208967.2414	154555.0271	179521.0142	182072.3302	551397.9001	199485.5828	207359.396	777620.0856	164612.8729	250688.9678
Com_5525_neg	(¡À)8(9)-DiHET					13640698.5	14776044.56	27365850.55	20810777.43	21372716.81	52228563.13	15491132.65	45154056.59	15302074.65	16590928.13	18978951.73	13399240.21	38537687.27	55979250.22	41062589.91	49339035.94	53936347.39	46825884.92	41463789.41	26515201.43	19769625.84	18734011.58	22078436.59	78065721.64	33544178.59	35476565.17	27325811.44	45502836.8	36064063.13	49281512	20388813.61	17905091.7	18979597.74	18109532.86	19680944.3	15789662.67
Com_5625_neg	LPG O-14:0					17314939.09	6016222.809	7342068.122	4008073.556	16035964.72	19046249.95	415168.8979	528808.9479	3122786.798	4254053.616	4848416.911	2958781.177	3565401.12	1635953.494	7951508.274	3760390.526	1142447.169	884395.6617	258585.8437	9329850.252	4083963.04	11746239.32	935207.5422	692437.9707	10499140.23	9353079.635	11774684.15	11132524.91	22811613.45	24315949.13	9617247.874	5122823.45	4233874.026	1858007.958	5304715.7	4897809.716
Com_5707_neg	Resveratrol	Phenylpropanoids and polyketides	Stilbenes	Not available	Stilbenes	2081973.752	5567156.639	8015774.17	5287077.653	9741760.703	7887551.121	6310696.662	3919875.439	10148157.21	9257563.637	18764508.79	11460474.45	14248502.08	4645654.552	7450232.009	9415256.427	7292766.733	8203490.257	5339435.438	18414931.64	11859833.21	23729244	6420281.823	7509195.833	25640654.44	26741364.01	20655856.33	29363888.51	19085159.14	19905427.29	21995572.18	21725412.4	28785807.75	8593057.111	9758801.243	7849323.021
Com_5838_neg	LPS 16:0	Lipids and lipid-like molecules	Glycerophospholipids	Glycerophosphoserines	Phosphatidylserines	348549.3623	7032520.559	5460279.289	200086.0064	22537871.71	5714128.541	967961.7827	1436795.215	4431539.717	4836945.319	569125.3946	5173612.406	909954.9086	1769816.899	10272795.69	7211182.739	7360084.737	7031863.596	2523141.756	3168090.343	653347.9924	8568878.96	4140497.212	3419031.034	7320872.677	10500359.19	19932104.59	12777639.11	16593364.18	19588590.62	7724396.97	1459019.78	6986694.281	3374853.157	1167152.843	2255051.357
Com_5855_neg	15(S)-HpETE	Lipids and lipid-like molecules	Fatty Acyls	Eicosanoids	Hydroperoxyeicosatetraenoic acids	1390252.822	501380.8665	608459.3992	771875.0852	193817.9126	414131.0079	506387.71	615094.0023	675851.184	723114.9455	1180586.352	761021.2834	849924.9462	922448.5213	735606.531	1396777.083	661665.6797	1456612.432	678779.4368	1139395.653	1740308.942	1233260.776	647058.4945	1026491.405	793883.1118	735066.7276	660315.0904	748292.4886	728386.861	761387.9825	778533.1629	980610.5709	750696.2312	616852.4115	798228.3915	630928.6809
Com_5939_neg	Phenylpyruvic acid	Benzenoids	Benzene and substituted derivatives	Phenylpyruvic acid derivatives	Phenylpyruvic acid derivatives	318676.8779	23920774.14	24029199.68	5738081.853	22334889.47	7114779.915	26754137.87	25316430.93	34141834.76	37547004.55	40994710.19	36012776.18	101786393.3	53776708.48	11567447.63	16675318.24	24866426.42	25362137.73	49660481.67	27666675.7	14593791.19	49424715.89	51822380.65	23885076.46	52285282.68	49236484.85	44720033.78	33191286.13	41589489.32	39095755.07	44613401.75	47395640.39	51140118.96	33012667.5	41852240.5	47907729.55
Com_6146_neg	"3,4-Dimethylbenzoic acid"	Benzenoids	Benzene and substituted derivatives	Benzoic acids and derivatives	Benzoic acids	5023009.909	7317430.053	10795895.32	20587543.53	7016178.373	20313161.39	12087153.35	11933869.98	11211085.33	10159240.22	10407607.19	8491202.211	53570928.26	130017452.4	4256885.879	4465016.317	28695263.44	29095057.53	13535314.59	8488493.294	11335647.13	8412005.944	9150524.61	18428413.68	6276014.38	6335899.97	7912316.283	7494164.685	9671709.84	9889978.827	10478983.24	10864723.71	23473279.51	9332786.348	10176688.32	10009144.26
Com_6252_neg	ST 28:2;O;Hex					278865.9208	2923799.032	20209205.47	1501382.207	6399886.788	675067.3702	7038094.669	12739634.71	16286188.68	5974009.659	8922119.596	9798857.306	1844635.271	1592252.01	6501913.599	5358194.626	6870033.871	5950964.463	5613985.643	28297085.37	12936330.32	9163295.64	8003968.951	4636145.98	2675607.217	2987888.313	2129439.435	1574554.21	1437190.317	985542.7683	4938863.364	5334779.018	5407063.341	9503913.528	7468745.011	8528630.478
Com_6322_neg	FAHFA 18:1/20:3					1527161.061	11718678.1	4426257.67	2434135.583	20814280.78	44549871.22	87476.91889	2457300.418	4666310.465	2232110.234	344660.9481	6153346.069	1014410.944	1153876.26	7461569.909	13628270.66	3314458.005	736806.9068	3892026.47	2964171.549	1461264.046	5230510.896	7541714.739	2629505.293	2378113.266	7984065.879	33240485.35	8758639.266	17679053.77	13988969.44	5393429.863	1781898.384	9864756.413	406142.8464	221129.0867	1751560.98
Com_6328_neg	"5-[(Benzoyloxy)methyl]-4,5,6-trihydroxy-2-cyclohexen-1-yl benzoate"	Benzenoids	Benzene and substituted derivatives	Benzoic acids and derivatives	Benzoic acid esters	989818.3598	3734910.711	8622209.031	3264934.429	5386083.179	4778598.983	18550106.06	19275834.22	13758414.88	3871031.014	20066801.17	7684121.819	27917745.01	27627056.39	4829949.937	2553698.091	26364530.9	27398927.7	13630474.81	3655954.546	7021677.348	3579479.614	12747803.67	26101176.6	2456226.788	2304055.561	2832686.544	2448771.731	3891855.915	3188540.666	11058620.06	6841231.597	8095779.574	13719005.5	3971838.819	10620658.71
Com_6453_neg	"1a,1b-Dihomo prostaglandin E1"	Lipids and lipid-like molecules	Fatty Acyls	Eicosanoids	Prostaglandins and related compounds	343335.3424	1082581.225	1984533.841	7221952.408	5456580.664	557231.6626	11682337.07	8324376.504	5175131.174	17871658.9	8522909.749	9080475.492	4543316.244	6819520.726	2385868.993	951796.7603	4315167.218	4015621.333	13326736.05	9116626.316	8907102.665	9615083.853	16045181.46	8803862.835	3673973.817	3403618.608	4464506.073	2412069.539	3094634.879	2742115.62	5395581.601	11311805.23	8969066.997	11230301.18	11002504.15	16439940.2
Com_6477_neg	N-[4-cyano-1-(4-fluorophenyl)-1H-pyrazol-5-yl]cyclohexanecarboxamide					1096663.657	410473.4221	343299.8052	447733.7362	903514.0349	341204.745	461162.8953	461455.6973	537727.5395	663019.9492	665642.5007	587821.869	1348348.966	18661336.55	463543.5424	536212.785	342209.5577	308641.9345	537306.4751	619564.0966	578776.3115	656286.4596	521549.4668	449423.2914	504559.3938	512480.4639	517373.4826	578840.5632	477106.7344	476752.4229	785067.0748	736154.8085	694457.026	614882.1056	649267.6187	630071.0865
Com_6493_neg	12-Epileukotriene B4	Lipids and lipid-like molecules	Fatty Acyls	Eicosanoids	Leukotrienes	9674286.911	13880609.35	6038807.128	10531380.51	32692810.25	25496467.35	5079832.944	5931981.021	10682428.6	11931474.58	15309148.38	14876705.5	19075604.7	9282914.18	14919503.86	10799903.06	13569030.23	13628226.55	10001126.22	16992255.78	14708232.2	29063070.82	10479139.27	15987624.01	15226234.43	26553726.51	14638236.91	23748601.54	27040484.08	22604809.24	24077699.14	20371586.99	11747961.27	14029261.72	19211532.03	16098907.78
Com_6508_neg	Calcitriol	Lipids and lipid-like molecules	Steroids and steroid derivatives	Vitamin D and derivatives	Vitamin D and derivatives	278536.7876	1452759.137	5090201.229	907672.5032	1223034.707	3079303.891	4621901.063	15911535.01	1904730.06	960821.8724	1057505.439	1445537.258	504324.0487	511705.4886	2317065.209	1802287.285	1397563.691	579546.4354	622131.7695	2508323.739	1131046.201	2256101.33	1175818.916	704001.1112	1150550.991	1407909.499	2380367.038	1896640.115	1607515.829	2990301.279	3496063.905	673934.8139	2027122.174	1126403.095	442175.5141	1106187.103
Com_6567_neg	Sildenafil-d3					535565.6653	1611862.827	4205690.143	11882636.52	2382987.612	1344485.496	217433.0365	511473.4453	1859503.355	637865.5445	2403880.965	1953249.101	2316843.371	212733.1542	245749.0443	1221285.794	734536.4472	779712.2276	164179.6033	146965.1037	152673.6937	171060.7055	140495.4652	279740.9406	1403755.493	1447243.883	799068.7192	1499531.123	131069.8335	138575.8892	170862.0381	472981.2983	176314.5404	161141.9691	162736.501	283046.9411
Com_6568_neg	8-iso-15-keto Prostaglandin F2¦Á	Lipids and lipid-like molecules	Fatty Acyls	Eicosanoids	Prostaglandins and related compounds	11473124.64	522801.5835	276451.2238	7361386.071	329017.478	1393116.399	344526.072	220962.2427	241907.3881	295540.532	514508.7599	315789.4403	308630.04	645973.9505	254281.4227	268850.7959	1304141.001	601009.3434	578981.394	739547.2975	686662.4504	455005.0013	308302.5809	9427386.227	457949.5114	403929.715	903944.7956	440007.8533	449191.9664	455465.6155	386704.3769	567521.3934	340964.248	318819.9262	580167.4777	718422.8507
Com_6620_neg	Oxytetracycline	Phenylpropanoids and polyketides	Tetracyclines	Not available	Tetracyclines	2777507.021	9866854.318	15228916.01	9973819.962	17262016.28	4446981.706	5636228.236	7784665.842	7816022.252	10516740.01	11792224.88	11181029.79	11354347.33	11034508.66	9037458.837	9652984.356	11697415.7	12206401.87	5061733.642	14559951.81	11809050.9	22796616.94	3807468.647	3794007.229	18721560.54	19736340.38	16445046.04	32211766.31	17945985.06	20162076.52	26824607.76	19438902.83	19623130.07	21896576.62	7275224.379	11538906.24
Com_6639_neg	6¦Â-Prostaglandin I1	Lipids and lipid-like molecules	Fatty Acyls	Eicosanoids	Prostaglandins and related compounds	4631275.258	52908503.62	67902026.61	84651071.58	14734913.1	155016688	99937476.29	81059335.5	100907651.9	122415190	132279351.5	106989989.1	87389242.76	53637004.93	37108927.34	15104910.37	70009778.05	70091341.21	66704854.47	121040623.5	106945494.5	122672254.2	65058293.7	94992918.51	55358352.62	24216926.08	50149701.87	24197258.32	46673968.65	22041104.35	125067479.2	138856946	138134483.3	122266731	89973172.38	84089167.25
Com_6667_neg	N-Glycolylneuraminic acid					628931.7871	56631271.88	20704200.36	1816082.911	22513838.14	15278112.13	3604116.244	6705511.925	7395724.307	3417057.708	10318054.35	12668369.76	5457164.201	7305323.844	5544694.282	6557954.217	14215864.13	14942899.24	1972244.209	1129757.491	1050310.247	2280981.878	2061886.31	1150236.82	22746439.54	34174271.6	30219298	15283441.82	8770909.483	11722538.47	5768901.751	2546939.625	4435073.491	5817005.768	8801650.581	9834164.914
Com_6674_neg	D-Proline	Organic acids and derivatives	Carboxylic acids and derivatives	"Amino acids, peptides, and analogues"	Proline and derivatives	1711043.936	1771553.373	1919159.554	164823310.7	2806923.022	1726656.727	542702.233	1001534.13	2672605.109	2573784.96	3338797.45	17212287.81	983297.6273	1508890.315	3822235.998	2063772.903	842976.649	1063125.121	746458.4817	93489784.79	42455195.15	56011455.74	731911.2992	592249.9013	2104818.8	1690985.477	1925388.753	2480054.829	1648158.729	2035008.934	4410893.886	5618158.994	1691015.573	650311.9019	2757950.31	1071306.982
Com_6876_neg	Phenobarbital-d5					9305406.756	227010228.1	87245780.7	313918202.6	40991455.43	12498440.32	262644663.3	34463404.2	72624784.13	275376328.2	65179659.33	269325901.5	73554790.79	103060002.8	117368531.4	31194735.76	56186510.51	61449147.09	186862021.7	196830333.2	238637546.3	188322673.8	131539581.7	166447443.9	242990948.6	194442482.4	155839330.9	97480814.37	98880201.27	99692514.29	138088199.6	274251488.1	219545977.3	115631306.8	101471500	78340276.94
Com_6945_neg	"2,5-Dihydroxybenzaldehyde"	Organic oxygen compounds	Organooxygen compounds	Carbonyl compounds	Hydroxybenzaldehydes	7890539.378	7438874.318	24627962.04	48159444.89	7869357.684	15845369.24	58123104.19	78534430.33	28453297.14	19269722.45	41787577.54	25688147.07	7659205.889	4256811.768	13625684.59	9218676.775	13232901.98	13677438.37	40737601.08	12020358.32	16615170.87	2497953.183	7670115.771	41565531.06	9109589.165	7227282.179	25881381.33	29916141.43	8778219.32	13799524.61	14123575.65	10423697.97	3909173.689	26176699.45	12302838.69	39846266.49
Com_6997_neg	albiflorin	Lipids and lipid-like molecules	Prenol lipids	Terpene glycosides	Terpene glycosides	6075958.105	9221236.102	22082809.89	19864416.94	11661184.74	3796607.951	42985868.69	79577033.72	24590449.3	7525964.868	45130728.78	1487685.95	2306646.047	6773476.286	5578680.626	5176165.34	9386134.373	12483321.67	13546584.9	5755388.261	12051817.02	4951518.453	13341141.21	33867481.7	3949068.722	3998169.106	2869073.717	2435302.919	4849131.405	4995321.416	6497148.528	7984544.285	6572876.665	2076462.591	15694746.53	22532702.47
Com_7168_neg	Prostaglandin A3	Lipids and lipid-like molecules	Fatty Acyls	Eicosanoids	Prostaglandins and related compounds	1882678.755	1709273.648	2051026.466	1586653.585	1805372.088	2494630.653	3810712.473	4595128.83	3023018.313	4068126.655	4246247.16	3881077.482	2942631.054	2212932.982	2224034.367	2868410.358	2813458.021	2682868.825	1904260.633	4820254.58	4084042.05	3693283.798	1954606.643	5187523.826	2633609.094	2572671.852	2056368.41	2417620.565	2635024.034	2617736.196	3839392.677	5829597.212	4404581.566	2600906.82	3324431.906	3251863.271
Com_7202_neg	DGDG O-24:5_3:0					1000252.603	374387.449	313119.2702	408372.095	404773.2935	311208.3931	420620.6558	420887.7167	490454.2681	604731.8391	607123.8341	536144.652	400743.0685	319099.3333	422792.0128	489072.6803	312124.8696	281508.2788	490070.2208	565096.3233	527894.3171	598590.3112	475698.4592	409913.1163	460202.0354	467426.74	15387669.81	527952.9202	1720242.108	434839.6603	716049.4289	671437.1894	633405.1864	560825.9405	592188.518	574679.6117
Com_7221_neg	Cer 17:0;2O/15:0;(3OH)					2619080.853	144382.6258	14007172.01	6630799.044	3483549.402	10785096.79	3555289.853	393547.6314	6553824.619	6745794.141	883005.4362	1060145.884	120951.1998	427379.988	3644577.301	17732562.83	544950.2338	4046826.687	9864600.873	4017090.605	4522395.757	977378.2143	6642569.954	4759702.097	9500404.65	6567253.653	10807161.72	30263419.77	12412555.92	9387885.736	19315547.79	6660684.35	808776.4468	10478412.66	6317053.983	1168602.231
Com_7328_neg	"1,2,3-Benzenetricarboxylic acid"	Benzenoids	Benzene and substituted derivatives	Benzoic acids and derivatives	Benzoic acid esters	642465.7273	2283995.405	1690450.373	2275789.814	4214065.822	2356645.372	9341184.253	3625686.232	17905046.29	23325890.32	23826675.41	24402396.56	6143393.273	8159218.501	6448202.786	7445622.773	5246272.141	5519904.239	8321135.187	10845759.98	5985989.75	24495425.16	8308899.204	5524982.12	5287928.512	4580600.93	5576581.969	5147654.792	7404676.625	6968181.997	37284253.54	44171272.89	40463241.74	14821891.5	20282092.12	20548704.63
Com_7432_neg	Trolox	Organoheterocyclic compounds	Benzopyrans	1-benzopyrans	1-benzopyrans	1694810.694	2875929.094	4363675.225	4334308.147	4626335.475	2283640.494	4188488.007	6037720.834	4991297.153	1866725.349	1403142.394	2246553.408	2922638.267	12430365.07	2566896.748	3495957.492	3173371.107	2825103.868	4078663.893	3258441.175	3060895.777	5188028.677	4310314.453	8041139.049	8305504.102	8925577.63	8650691.704	5337521.491	15388679.33	8023386.054	2553444.108	3262890.559	3542817.607	4805158.691	5026467.97	4748219.906
Com_7444_neg	Esculin	Phenylpropanoids and polyketides	Coumarins and derivatives	Coumarin glycosides	Coumarin glycosides	2349918.733	4381595.342	7906596.701	23063178	4757542.369	6517309.635	23750367.16	55721249.99	14938763.66	4223245.557	16991524.64	3802046.717	1256183.758	1158057.525	7284106.097	4269538.553	4446760.012	4804320.653	12554815.22	3187693.604	7075775.325	426364.0594	13675503.96	11573309.37	6986213.926	4428737.648	4340222	4258641.574	5747176.289	8378163.165	6879914.283	2019996.441	1616358.722	11080682.94	12464429.82	15327692.17
Com_7449_neg	Tyrosol	Benzenoids	Phenols	Tyrosols and derivatives	Tyrosols	4394236.65	11516312.05	20733647	13732660.92	7455254.684	8689168.787	6787118.894	19239358.06	26813276.65	22126778.36	28593759.33	20038618.59	17630398.5	14956304.34	1398858.835	7913665.149	4688966.705	6478141.047	13681251.29	14883113.17	19471653.84	17835964.8	12393228.06	1943799.956	9106819.639	11392474.65	9599086.369	11356462.51	1215379.181	12754942.21	21888919.93	22715228.7	20296585.82	17817939.46	8715754.522	21582475.3
Com_7539_neg	8-iso Prostaglandin F2¦Â	Lipids and lipid-like molecules	Fatty Acyls	Eicosanoids	Prostaglandins and related compounds	3007997.195	2632237.898	5624092.143	5086155.377	6151651.852	8495091.101	437144.4598	583809.0405	773594.2679	929897.5055	367396.7166	249664.5591	6387316.295	984328.9858	2201923.838	6873793.867	4407663.831	6606361.592	2088707.598	362751.8262	675366.3891	448616.5887	3349480.453	3319494.017	958146.1402	9579746.366	5406828.54	13798455.81	12410298.67	14050098.75	4481804.634	1786888.296	1164801.368	2554963.081	3436564.574	1320188.925
Com_7624_neg	19(R)-Hydroxy prostaglandin F2¦Á	Lipids and lipid-like molecules	Fatty Acyls	Eicosanoids	Prostaglandins and related compounds	28785238.87	720250259.7	108567179.5	181567575.8	802879555	406253384.1	147583490.1	152618497.9	181727836.4	207018633.6	312076047.3	175314716.4	238781507.6	442995888.5	129245207.7	88708390.64	113467295.9	107819554.8	116885368	205119276.1	203995788	190999549.7	109387433.8	130671395.5	149794564.7	147959237.2	107961460.5	109444535.1	110857203.5	109355733.8	189776516.8	218947108.3	216037237.2	141854627.1	150586965.1	132396486.5
Com_7626_neg	"13,14-dihydro-19(R)-hydroxy Prostaglandin E1"	Lipids and lipid-like molecules	Fatty Acyls	Eicosanoids	Prostaglandins and related compounds	11256233.06	112666892.8	27137611.92	28340679.64	40037800.57	170735221.7	29667386.51	32591250.71	28968414.34	28517751.2	48026299.84	58413580.72	147319363	129315943.4	41506864.95	43177070.14	30555786.71	25346844.34	30628313.46	41962140.52	38654019.06	37063031.77	32309093.51	52133235.22	101202610.3	86537339.97	85974376.32	42530486.95	59869353.6	43257847.08	33556698.16	35431105.66	36528290.38	30792512.95	37022992.2	30004170.65
Com_7655_neg	19(R)-Hydroxy-prostaglandin E2	Lipids and lipid-like molecules	Fatty Acyls	Eicosanoids	Prostaglandins and related compounds	6448792.634	24693955.74	40602476.5	56134278.23	41256284.03	23210946.17	23404558.71	25471560.69	23633757.77	24860522.58	15565837.71	32989536.26	48266137.47	23096223.78	40946538.8	28706800.29	44936264.44	15491169.1	47601360.15	29384937.15	23765060.05	36358863.32	19013340.99	34958266.13	55919275.43	58443527.76	47316430.68	14966511.89	47256133.41	15356235.63	33387441.45	30487111.31	27524553.23	14973805.94	22482944.57	11157738.46
Com_7658_neg	4-Isopropylbenzoic acid	Lipids and lipid-like molecules	Prenol lipids	Monoterpenoids	Aromatic monoterpenoids	1023069.574	8251325.39	5409972.252	2522090.352	4544485.275	3913172.844	5909898.04	4353918.396	15822881.2	2972153.158	2957807.061	2775623.763	2901810.94	2682997.642	6495311.561	5075813.597	4490658.283	5460708.493	4494571.566	2730987.859	3174684.254	885351.8861	5093200.889	5533170.619	2083033.069	1713852.966	2178456.067	2273792.303	3155913.459	2876003.95	1937525.674	2594085.467	2532079.503	5478344.603	2492829.77	11027777.34
Com_7677_neg	(¡À)9(10)-EpOME					8983472.27	16217457.69	16255729	25928583.59	21445968.15	13755268.48	22434901.64	22970610.25	28361723.41	35146648.25	38267257.39	34066860.22	22175676.24	15155749.99	20240802.12	16857814.93	15284333.5	13626651.51	17597363.92	42063716.86	39707810.59	38512125.73	16238435.36	14333563.79	31835099.63	29169295.42	32407041.52	38550660.23	29652095.59	27155590.65	41056127.91	44382120.88	50457313.16	28721184.9	27440553.71	24000956.02
Com_7705_neg	Docosanoic acid	Lipids and lipid-like molecules	Fatty Acyls	Fatty acids and conjugates	Very long-chain fatty acids	303322.3731	524669.3194	1363849.495	417354.0101	1444436.851	436409.0276	1247493.22	541537.1102	1164354.248	1344697.75	2468289.962	423557.2274	5641173.36	1938437.642	14436128.67	4682056.431	12428544.49	10732514.94	1669570.21	998421.1953	1174499.169	1396041.13	2604364.592	2732724.813	549105.4838	460708.2756	628426.3927	1410404.868	980227.6089	808340.7925	694648.7657	660838.7203	1715295.82	2516315.714	4511616.309	1623572.298
Com_7766_neg	L-Arabinitol	Organic oxygen compounds	Organooxygen compounds	Carbohydrates and carbohydrate conjugates	Sugar alcohols	2355001.987	3869855.897	7252799.623	14305101.25	5409588.15	3737344.424	3433211.402	3331587.143	4665561.726	7034357.933	8505168.401	6399144.937	3803138.007	4525133.255	5834008.462	4106644.077	7088718.844	6469810.6	3159655.76	7308854.63	10779379.94	7178877.901	2270624.355	2918338.186	7314031.872	7594187.112	5173871.602	5389491.586	6227628.947	6411327.156	6003805.403	6924341.475	4575728.589	5442927.349	5615723.095	6824940.108
Com_7770_neg	1-Methylxanthine	Organoheterocyclic compounds	Imidazopyrimidines	Purines and purine derivatives	Xanthines	874720.6625	1196874.824	1308882.807	510344.2353	1714888.346	12084570.72	902364.2481	722679.208	1366109.648	1405273.382	823929.2926	964020.1797	1638576.25	1364134.525	1730632.029	1929422.448	1392680.03	1281644.721	1106051.725	1565170.927	1482050.298	2045608.106	1368218.388	724860.6175	1868038.8	2167532.353	1587403.356	2266576.61	1797649.723	2032502.283	1490717.885	1194829.704	1668593	1193241.935	910069.4539	1037394.504
Com_7797_neg	Thr-Leu	Organic acids and derivatives	Carboxylic acids and derivatives	"Amino acids, peptides, and analogues"	Dipeptides	1046387.088	8999357.504	3119582.422	3141831.437	8999971.536	8601034.964	2683485.368	3185384.445	6386447.907	8814889.086	6813044.207	5042848.342	5678233.786	8741885.124	23634216.73	17831578.11	6468196.98	5380502.621	3657996.888	9205446.022	9466721.41	7618458.184	4127311.031	1547872.707	23405204.73	25833276.15	20329478.38	35527814.23	18505241.85	20498662	6037004.943	4616836.475	7624738.185	4900232.659	4464454.357	4469527.094
Com_7855_neg	Ethylmalonate	Lipids and lipid-like molecules	Fatty Acyls	Fatty acids and conjugates	Branched fatty acids	3498359.136	16232732.1	23379872.02	9234351.503	14923281.32	11322269.71	10670238.55	7617167.516	13120367.71	17897665.22	17966514.32	12040705.68	20119875.01	25166030.99	23297050.51	15118987.68	12282193.04	13278014.71	7252371.238	5579060.936	7398192.576	8785972.199	7723822.25	7008973.401	12914047	18885889.39	19098545.88	26872436.23	20723780.99	20027792.26	15980819.64	17811839	18544513.39	10951206.52	14401899.71	14153274.19
Com_7871_neg	3-(3-nitrophenyl)-2-phenylacrylic acid					588759.4147	1773860.84	2777906.791	2739056.996	3643706.446	2098326.565	2162235.567	2871503.593	35418701.81	34562682.18	53992219.2	20951841.19	5285555.008	7019898.66	7716335.384	3873536.824	4513704.194	4749127.428	7579219.171	17865037.61	17351928.35	59727630.8	2393448.67	3609223.12	6945919.133	5530694.49	4075398.454	6450156.988	6240330.582	3705869.362	75623868.76	90417033.38	87787904.43	24194036.84	28613087.95	27420143.33
Com_7887_neg	2-Hydroxy-2-methyl-3-buten-1-yl beta-D-glucopyranoside					8466312.181	14922121.57	44418819.6	43568706.7	2760040.943	3032292.527	51192268.87	41620457.87	52142783.22	20210343.57	24422458.37	20149038.65	5261174.199	6410519.694	6679979.666	3415514.617	24337654.8	25567611.13	18754886.14	19887186.4	24265048.47	2613925.729	16012013.28	2070461.548	3690997.617	4932637.945	4342300.614	5611922.519	2682577.078	3936802.442	17252496	18838440.01	17860046.41	18829993.27	23306956.41	16792377.4
Com_7936_neg	ST 27:1;O;S					492646.1427	1691691.739	362768.4033	12353951.38	3738438.991	2151295.379	959623.5682	1301805.698	566822.5772	2368448.905	1062253.232	2468204.598	1317934.525	281784.9975	1500661.239	3078968.668	829689.1373	470874.0368	639105.6696	3482008.181	891744.6659	3330853.411	738933.4716	544521.6189	1191960.361	2220478.285	3410382.694	3281572.905	3943547.155	3431017.544	3225545.773	4783139.013	2532839.894	308471.9302	319114.013	291662.9446
Com_7943_neg	Cer 16:3;2O/15:0					78382.61481	364556.3103	523146.439	195573.9641	632861.9211	650361.4809	905469.5813	306136.083	538290.4403	472650.1736	202556.8709	682183.2691	160989.4282	192375.5388	327703.8875	978966.9148	12810725.59	500434.4839	969121.2439	331199.2959	182597.6192	496156.5339	426998.0043	171485.3894	422789.1165	7912407.994	641528.3733	539761.149	506448.7674	731361.1228	677721.5018	2926896.165	693976.5035	271760.9634	1221194.352	293574.5437
Com_7988_neg	4-Ethylphenol	Benzenoids	Phenols	1-hydroxy-2-unsubstituted benzenoids	1-hydroxy-2-unsubstituted benzenoids	3444371.117	6133132.061	8922817.309	29006255.23	4038942.884	5347604.129	9222452.358	8248223.61	10132992.8	11304969.24	11935585.95	7509936.362	8063530.753	3939428.477	3347563.132	3710783.527	6770255.602	6957988.105	6212395.429	6960833.878	10771437.95	5180339.847	5627450.075	5769587.794	8568983.447	8043047.883	5374908.587	5800622.844	5767001.92	5303442.489	22988078.58	17340249.69	13295945.51	13896626.01	9313757.119	10742367.07
Com_8034_neg	Monensin	Lipids and lipid-like molecules	Fatty Acyls	Fatty acids and conjugates	Heterocyclic fatty acids	13759149.97	13375072.12	12757889.6	45521167.75	25162824.9	10406836.31	31138676.63	73872412.81	69819131.81	150827583.7	113876740.3	92269380.53	18560189.03	11294984.68	12049140.18	9866041.724	20476984.77	18174161.01	25575355.15	73179740.65	114106974.3	206004694.9	27231030.41	21590850.43	32195080.07	29301284.4	27612857.34	30161961.57	51351685.02	28392397.83	283405533.8	287680680.1	137533986.9	130467544.1	88202361.16	74961743.11
Com_8107_neg	LPI 15:0	Lipids and lipid-like molecules	Glycerophospholipids	Glycerophosphoinositols	Phosphatidylinositols	288749.187	1370050.309	2982232.834	20138353.69	2521216.89	332705.7832	686573.3675	712669.805	2944327.479	2015523.107	6164361.793	7631211.205	2404424.064	2031599.525	2046142.809	1112065.139	1571656.542	1664733.525	2072726.126	15577237.81	3751535.908	18499333.75	2452289.272	5727611.569	1365154.826	1057093.721	2156028.641	1413240.982	1967221.684	2162026.634	1299509.952	3032694.561	662886.6449	1338571.19	2449186.978	2095260.844
Com_8115_neg	LPS 15:0	Lipids and lipid-like molecules	Glycerophospholipids	Glycerophosphoserines	Phosphatidylserines	2655932.039	526247.5146	4990633.089	822966.7737	17829655.54	9797298.21	1568507.872	2420975.417	1886240.53	2835368.574	1198267.905	2656810.616	4604944.906	4260486.994	13157942.67	3234318.607	6617901.413	4662049.77	2930391.406	2809118.806	618766.3045	4391572.9	3577292.894	2769923.831	9115183.891	10540755.83	14696212.78	12542881.18	14275127.09	14207234.51	4156686.932	2539065.484	2071177.128	2916464.127	3209993.193	3121449.112
Com_8158_neg	Ribulose-5-phosphate	Organic oxygen compounds	Organooxygen compounds	Carbohydrates and carbohydrate conjugates	Pentose phosphates	224442.9529	381710.1114	650128.475	641036.2483	1590585.475	864177.9627	604970.0074	580586.5948	509505.9617	304893.7277	357157.1834	1328416.161	994275.2722	7889559.587	394999.4613	284345.7049	1025822.115	837523.2676	457622.3373	359006.0314	433364.0509	372423.1094	410907.8127	467197.5807	255157.3295	291092.837	257949.0468	222789.2757	315757.8069	290018.1742	307159.1981	299993.5647	274465.0709	374491.8243	337617.886	345462.7551
Com_8210_neg	Chenodeoxycholic acid-3-beta-D-glucuronide					5039471.185	34521424.99	29591857.76	42739851.94	38189591.2	11805290.84	49150311.3	46275073.81	75050384.65	117273508.4	97526377.62	73597376.28	43192022.23	23198267.15	23624824.35	8056985.211	20560585.73	23324284.34	29095754.2	61504528.35	86866472.26	94092472.75	27220864.32	42245093.29	4709570.292	28254849.14	25829555.99	23769418.28	35826422.22	18541533.5	85361945	113732886.7	38617053.56	58127164.35	70435957.04	72677968.14
Com_8281_neg	"3-(4-chlorophenyl)-5-methyl-2,5-dihydro-1,2,4-oxadiazole"					732149.5397	309869.5446	2678666.226	2581855.402	1163846.997	1533257.735	4886868.217	5107072.8	7034912.358	5224388.018	12320877.16	4568467.244	1531248.506	1299952.261	870413.1176	1512079.764	1082270.782	1046636.011	18282520.51	2575060.764	6726915.906	2107413.6	27240312.51	2062905.016	986621.519	892908.8422	938055.3921	948211.4762	4088426.1	3759069.577	6095245.996	4664962.522	3371184.288	4399084.979	4108136.5	5260347.961
Com_8324_neg	Cymarin	Lipids and lipid-like molecules	Steroids and steroid derivatives	Steroid lactones	Cardenolide glycosides and derivatives	32139867.43	169271169.8	48954308.72	52510297.44	133553863.9	98563666.43	67175518.43	67559433.69	66144075.99	88496949.42	80965466.66	74495512.5	67885898.97	59102295.88	87229719.24	88887419.04	41023539.01	37447626.98	77365811.15	62144814.03	128915302.5	118510946.8	73107601.71	130006247.9	73420853.28	68887791.65	81426974.22	61763716.76	96524177.87	94278105.54	91980162.82	93922808.17	81664421.04	88040975.2	99769528.22	85776585.38
Com_8383_neg	FAHFA 24:4/6:0					2073464.143	9171273.116	10613425.18	10335015.87	11996121.79	12205954.19	14923863.69	17917866.62	15004981.86	17918531.03	11587441.46	13948637.97	7288954.707	12386525.08	2663598.425	4504362.793	3715162.253	5679174.669	12074516.93	10725926.41	7723509.977	13052154.54	6393606.546	5411936.923	5798594.182	13223285.58	14490145.07	10063409.57	10955030.27	15002258.51	17590784.08	13057308.05	45349695.16	10829637.71	11844839.58	12113209.84
Com_8469_neg	SMGDG O-17:1_20:5					5485444.118	696191.1993	736541.4921	960398.5896	815235.0134	599826.445	648911.5863	623264.8282	710387.8612	706371.6302	828188.7725	759036.2006	1257873.015	1023420.024	973323.7685	810499.9942	548290.7561	550217.5736	677435.3951	838308.4508	724294.4173	787592.8511	662788.9065	832199.8951	728618.4624	766027.8434	807496.6036	752058.0811	737643.8861	752408.3793	734409.0329	750781.9222	713412.8984	671679.9302	713663.8982	653719.1462
Com_8520_neg	¦Â-Muricholic acid	Lipids and lipid-like molecules	Steroids and steroid derivatives	"Bile acids, alcohols and derivatives"	"Trihydroxy bile acids, alcohols and derivatives"	564794.3882	51086559.28	19901349.91	23915740.1	160499603	8860734.032	5753959.759	7859599.439	13544236.9	12013195.86	50756810.05	8578552.058	33032488.66	28288483.13	184989587.7	603699745.6	51285255.53	14270004.78	25843472.44	13436430.98	27592316.34	22736338.57	23187489.72	261270360.6	182546163	182623348.5	210939475.1	115736391.8	200528810.8	299711484	14571723.16	15240800.09	15853552.91	5340541.822	5749561.388	3142421.697
Com_8536_neg	"2-(5-mercapto-4-methyl-4H-1,2,4-triazol-3-yl)acetonitrile"					620846.3614	719143.9173	1727265.298	2914671.083	729125.8612	1895272.846	9823816.492	8036356.914	6232058.237	5713699.567	15620771.79	5232395.836	3085607.483	6846739.776	386387.4271	604946.9342	10177996.36	6256369.755	1516512.416	4408059.713	1882221.76	2580629.93	1351058.85	3918362.343	524262.5845	420597.0319	670855.4804	972415.6188	1083360.759	1385859.054	3124347.732	3258572.956	3205124.691	2550832.253	3532909.092	4651621.056
Com_8539_neg	"trans-2-Butene-1,4-dicarboxylic Acid"					2235070.54	5727528.782	7982984.02	13219669.89	5969556.835	4469340.15	8930890.971	8709199.804	9205017.565	7564530.354	9436410.521	5510276.03	6695807.195	6166594.914	5694810.368	7316357.706	5902338.529	6144621.147	5479348.188	13194994.23	6644517.857	7424541.067	5106040.243	5390871.597	7394505.693	7066184.11	7372314.906	14262036.07	7342762.892	7649717.845	8498309.999	10157587.04	10776469.7	7293146.211	7541115.262	7510444.824
Com_8558_neg	17¦Á-Hydroxypregnenolone	Lipids and lipid-like molecules	Steroids and steroid derivatives	Pregnane steroids	"Gluco/mineralocorticoids, progestogins and derivatives"	668508.0064	296273.2711	570566.5596	265815.8306	1580062.663	7587845.771	226008.6867	242351.519	1000209.444	1321701.222	605377.1124	345919.6399	5299689.697	6690968.832	298917.7485	343565.2305	1605184.887	1907297.257	5686369.233	588698.6954	264221.959	417474.0002	5968438.316	11525542.34	777400.1733	806001.0555	1061506.993	1498366.471	1819991.953	1676412.715	1556281.951	4126440.689	1459624.57	1410820.791	5348405.155	1638411.017
Com_8638_neg	LPE O-16:1					56309.47707	1472522.011	4473912.863	82125.27809	4534343.448	573358.2582	88269.96703	124242.7794	1720033.075	1359326.747	87530.94905	122070.5566	178612.3458	72369.67754	2721885.268	2486453.31	331332.7544	725452.4964	300363.0805	258666.8643	84755.68976	127783.1888	226166.9939	302519.4737	540446.9115	1234182.226	5153638.198	4130984.74	11146595.9	15640715.65	2161199.589	3108105.33	4143599.115	126262.3233	86944.16007	99421.43278
Com_8648_neg	PG O-22:1_16:0					103092.9904	1565030.915	270595.4603	488943.1987	347980.3045	2691610.456	98343.86122	168329.4946	1353825.531	3237144.785	459254.869	7429211.426	262833.8576	122497.9452	2820847.793	1637654.279	236410.0155	275164.8318	177617.6244	2445092.039	454649.1457	2207688.25	234785.6469	94291.56035	1255183.34	1059709.91	392593.0769	296788.6718	278471.7968	402140.2737	2993838.469	1905754.441	936096.6444	149428.2712	101261.5786	161422.5089
Com_8761_neg	SM 9:1;2O/16:4					482960.3924	350414.4409	233368.2211	259552.0122	330491.2517	273629.9272	284805.4347	294659.5543	353496.6672	406937.5592	405697.6718	369379.4784	9332425.669	423902.1674	389438.1819	419157.4256	228709.8667	196191.3862	294159.551	401682.621	398904.9632	425055.5517	327463.4168	322844.5847	337443.9208	315707.6635	307412.3678	362385.5207	295168.5339	291728.0832	428702.949	415935.4221	411542.1053	369666.4727	363368.023	365806.0229
Com_8816_neg	FAHFA 16:0/18:2					104015.1985	7718390.861	2495438.23	95629.31438	1440555.57	9150398.558	624018.1753	2084670.545	3655078.283	2189940.025	295798.5457	9400214.775	328173.4424	2673593.375	5490890.669	11813438.83	3340705.64	5749246.248	3167161.678	1826237.804	411652.7664	8358001.625	4240141.727	1905154.319	3087351.03	2890327.165	4789233.969	4145363.433	2652110.656	7086087.119	2000066.064	426037.3824	4459683.788	2687622.3	468687.3922	1402908.522
Com_8852_neg	Cer 18:0;2O/14:0					81717.01608	361166.3726	201294.1339	120662.6101	327737.4472	471121.9445	431516.0396	227368.8959	265132.198	216924.4537	398816.4775	230033.1083	972168.9111	128214.544	243582.6014	289337.1886	688082.1023	331606.7367	195931.052	228906.0834	158865.9655	308332.6653	231832.7339	132819.6469	487564.9024	1011410.315	427438.9211	867892.8451	624020.393	559956.1713	235361.1245	1631589.909	291417.8692	191931.1425	182583.983	200699.0973
Com_8886_neg	Cer 17:0;2O/5:0					58588.28366	1407381.24	881976.2402	67142.23445	2408769.454	8673788.864	75958.55365	85213.80528	118490.0373	137581.03	84687.08879	125828.6166	86285.47089	76379.1467	160143.247	159267.8473	97324.46111	86789.98366	99618.70315	116972.2265	83296.73501	153247.5743	91743.82261	74327.96856	263555.3916	251252.8543	308704.6398	346082.4758	402142.531	536145.1727	165837.8015	113331.9761	158189.6529	91330.00307	83048.22459	94804.16849
Com_8888_neg	FAHFA 20:4/20:3					171060.6105	319478.6783	834953.0062	271236.5979	3376064.225	2575395.634	73269.16335	81884.00252	466258.2979	100767.8811	75069.47434	99611.41566	67044.65394	55470.71896	104043.1747	143573.7395	545728.8388	484779.9954	564663.1196	99025.58117	73797.98105	129447.5225	676063.8999	88448.90101	93885.21102	108638.7636	1371903.856	1409668.343	3350863.576	5458825.589	519259.4689	101862.2777	129426.7595	81352.15997	84815.70785	163653.6472
Com_8936_neg	8-Iso prostaglandin A2	Lipids and lipid-like molecules	Fatty Acyls	Eicosanoids	Prostaglandins and related compounds	2291686.244	8748936.503	9167854.943	27372274.13	14393492.12	7740378.415	15648154.72	16846766.08	39872887.12	87722287.43	67004891.97	52311753.99	14815605.38	8491539.729	4310112.241	4719791.296	11775625.24	10532838.73	15179240.55	59490773.59	59549613.01	58362139.29	849306.0583	9817054.446	19455465.56	19664263.27	1280180.46	17478316.72	24746912.5	19263024.2	85451250.87	84043625.78	135691457.4	32057448.84	50561320.7	30982201.89
Com_9094_neg	FAHFA 20:4/18:2					389926.4787	1784988.546	3461326.96	405652.83	4821675.688	11536680.97	96201.34002	423088.5445	5502896.45	2334601.758	105308.8361	3814249.329	197847.2763	337631.9822	502970.9877	1646142.991	2825494.101	4047754.59	2449307.953	887201.2001	87660.88084	751474.0221	3581904.434	1564476.772	151749.389	971673.8047	3923833.537	6303612.578	8467572.588	17278389.92	4480589.698	218860.7887	170933.5513	648793.798	202601.4632	813556.8049
Com_9241_neg	N-Acetyl-D-galactosamine 4-sulfate	Organic oxygen compounds	Organooxygen compounds	Carbohydrates and carbohydrate conjugates	Acylaminosugars	81293.92501	304106.6385	259704.7111	315448.4627	2781423.81	10668472.61	140545.4727	188601.5178	1011258.907	4224965.589	1412067.371	893279.0686	669103.1364	360946.9359	2201548.304	1240457.555	991448.0774	1492832.396	851418.9906	479775.7742	679638.506	687923.566	1023224.326	133386.1282	692145.0985	1675825.91	1226884.411	3001409.543	1350553.458	1803059.031	1829835.188	1790613.092	3797064.237	872007.6532	888163.6162	1358244.067
Com_9275_neg	3-Hydroxyvaleric acid	Lipids and lipid-like molecules	Fatty Acyls	Fatty acids and conjugates	Hydroxy fatty acids	3668945.542	8837908.243	10212735.87	11778152.07	7889316.235	8023499.525	7745161.657	6267963.583	6082665.766	7280504.036	5405885.207	4683145.178	8702787.425	8299579.163	7323413.634	9068817.307	7363431.008	8617519.152	6346790.358	8454801.789	9344603.634	8267928.415	3991597.927	7762049.787	10535245.51	10060176.87	9686981.885	12726440.6	13334063.2	16117186.26	8818075.993	9131100.893	9298437.857	5619931.826	5119025.211	5602667.91
Com_9328_neg	Oxoadipic Acid	Organic acids and derivatives	Keto acids and derivatives	Medium-chain keto acids and derivatives	Medium-chain keto acids and derivatives	8803125.172	28119013.38	27879939.5	6730110.047	45511805.97	26969329.52	9493105.843	10640825.32	14828628.32	19043345.63	12200884.64	24755935.36	33059897.93	21796215.89	38418226.73	29959997.69	22155154.54	24600078.96	9079467.195	16321672.73	16312084.89	20611226.75	9656424.419	13986135.4	37651773.21	40987241.28	25640103.68	36723884.99	38780782.19	37958082.62	26018581.08	19809559.72	24685819.84	19691083.73	18458003.48	21319992.89
Com_9329_neg	LPG O-17:2					74427.38282	1004358.776	3536215.678	112790.7297	5648848.27	11340057.84	388841.3812	902498.4976	4974485.68	10190347.46	159863.7125	1179158.161	644887.5728	276230.6538	12949119	16083188.99	2191839.934	3388012.656	2828380.886	2606090.7	360871.4448	250382.4837	1660651.748	601841.236	995599.7615	1666740.06	9013066.837	9033190.114	16662325	13397013.36	24993792.03	20725565	13421223.05	419975.5642	295147.7191	1145218.679
Com_9351_neg	2-Hydroxy-3-methylbutanoic acid	Lipids and lipid-like molecules	Fatty Acyls	Fatty acids and conjugates	Hydroxy fatty acids	2922976.465	11067852.61	3852898.671	24830088.61	6518600.021	2696904.841	1591988.497	1915893.392	2115155.995	4253422.484	1687594.778	2776712.167	9322905.341	4516904.415	7109733.824	5247059.378	2904311.215	6458543.637	1694112.54	4066674.406	8566784.565	5034392.548	2204070.45	1729871.297	8939124.603	10194461.79	11600827.87	15942101.15	7479797.709	8201860.9	3802274.357	4031764.899	4633974.203	1946588.408	2631655.968	2333485.618
Com_9374_neg	Scopoletin	Phenylpropanoids and polyketides	Coumarins and derivatives	Hydroxycoumarins	7-hydroxycoumarins	710218.5198	8156049.539	2245080.839	3441117.16	7451298.568	3076303.761	45248420.68	48166748.81	25872329.62	38479672.41	29424591.64	33151789.24	1690197.107	2193981.699	5885525.391	5389083.386	13266336.87	1509206.015	30918122.07	22199142.13	10968082.18	19680302.17	41924973.5	16756728.41	7305722.015	6301330.008	7578195.661	8000952.95	8217704.703	7979977.561	29767882.19	21151933.15	20925866.62	16678178.09	20357577.54	26627241.01
Com_9488_neg	5-Aminovaleric acid	Organic acids and derivatives	Carboxylic acids and derivatives	"Amino acids, peptides, and analogues"	Delta amino acids and derivatives	2580499.886	28236161.29	15044422.61	6159009.06	18098724.98	26881441.78	5809782.35	5690680.539	6152500.697	6945005.844	6307479.01	9497598.927	19096752.1	15801805.72	37617432.24	25641990.11	12471476.19	9285302.445	6808317.478	7062612.585	6692389.238	8084082.16	6558886.162	10136541.15	17535490.83	19966242.12	15362294.43	16983716.6	13209257.52	14221449.35	9568722.449	9524346.102	9459672.74	5765256.017	6483912.759	6442882.158
Com_9573_neg	Cer 18:1;3O/16:0					664635.048	6545238.385	1221582.229	2405312.11	5337478.615	1606857.057	9064237.229	7154284.232	1254075.422	1858966.43	12787734.92	1810361.396	42869672.71	665202.8143	1105188.631	1236689.995	20041972.21	11542366.24	955964.8121	10215241.48	1414354.251	1253311.853	1690248.447	801661.5779	12220586.39	8806291.259	10183308.14	19736577.78	24287545.97	13328749.91	1612266.023	18085325.75	18113967.16	1069048.95	10958422.29	3446888.634
Com_9802_neg	Cer 14:1;2O/18:1;O(FA 18:1)					263231.6252	127568.4907	1657428.17	470275.9847	1467601.509	8397646.738	845872.181	102966.0968	127214.2199	332053.6633	94397.08029	125257.6614	84306.16621	69752.37215	130830.4341	1915630.477	1050437.103	939342.6713	606278.892	124520.9963	92798.22462	162775.4594	579134.9873	204049.3848	1447155.357	1368803.091	3749880.074	1462302.876	2138105.838	1868160.755	1001859.791	521136.2473	162749.3507	112112.5549	106652.6075	117234.1719
Com_9837_neg	Estrone sulfate	Lipids and lipid-like molecules	Steroids and steroid derivatives	Sulfated steroids	Sulfated steroids	582857.0765	438236.8616	444621.4262	679233.7537	426569.0203	456134.0261	466959.8307	497210.4684	566677.8277	652394.5055	1017447.536	680634.0429	518982.6251	481128.0506	13830012.88	987563.0212	354974.515	319594.6964	510070.3161	896781.9742	1511891.014	1160703.146	506622.3915	955974.6892	638725.3466	569102.4819	481053.9797	13487962.32	563024.3532	518189.9264	686226.6956	1739103.191	2445397.115	558410.0583	638600.7894	495328.0604
Com_9860_neg	¦Ä-Gluconic acid ¦Ä-lactone	Organic oxygen compounds	Organooxygen compounds	Carbohydrates and carbohydrate conjugates	Gluconolactones	1514003.921	12078163.59	16192773.5	12821027.91	10747983.47	8893206.44	7905825.571	9748863.278	9944790.783	7998705.05	11366176.71	11534077.36	12979541.7	15975271.03	14000308.94	11901438.58	7656895.891	8924978.034	5814560.063	5168168.202	4685220.841	8087711.78	6167462.262	5564558.252	8043278.553	11708741.27	9763848.317	11729285.91	12016105.01	11216731.48	7654293.277	7810423.523	5242036.459	6806776.88	7195446.446	7765916.557
Com_10096_neg	LPI 14:0	Lipids and lipid-like molecules	Glycerophospholipids	Glycerophosphoinositols	Phosphatidylinositols	860344.941	4110276.969	11037822.18	14394475.58	11567164.69	2791792.585	2002208.688	1951392.244	3752163.202	2403243.452	2720822.782	3845874.042	4188071.863	3538301.417	5813651.525	2750323.906	3077678.858	2394622.443	3431775.729	3664310.34	825665.7621	7002711.856	3484045.705	6238659.284	6985633.206	6865750.23	11296886.77	7863108.912	9614396.398	9305567.968	2012295.6	3086047.71	2133650.919	1569571.539	3186855.29	3461061.587
Com_10267_neg	N-Acetyl-L-glutamine	Organic acids and derivatives	Carboxylic acids and derivatives	"Amino acids, peptides, and analogues"	Glutamine and derivatives	260854.1949	294459.3242	1248359.224	11852249.82	288955.7081	2489433.664	336547.8984	350073.177	2096962.768	1773247.424	4937959.71	1378617.041	1100384.115	1186342.495	1494017.367	1807352.424	263597.5238	462325.4138	466971.2987	1406306.127	809200.3807	1395384.109	376551.404	1066934.078	842052.5759	804487.2686	957736.8075	886332.4665	1086131.976	1047801.3	638095.7567	899332.6852	724208.2995	790859.1486	718288.4538	1123405.053
Com_10383_neg	Malonic acid	Organic acids and derivatives	Carboxylic acids and derivatives	Dicarboxylic acids and derivatives	Dicarboxylic acids and derivatives	362980.4768	4238760.52	1259346.068	2186646.862	3858050.579	6013018.608	2476430.26	3534986.08	1027755.816	1045826.982	1576879.207	3857487.31	2020094.492	2565734.272	3362415.236	4058087.313	1739444.835	1436608.478	2176710.794	666265.8748	705699.9208	1475842.727	1725475.292	1060141.555	2079185.271	2631989.071	2681449.572	1838399.959	1878212.158	2625385.869	1577691.044	1586187.723	1160151.467	2314454.882	2441482.737	2675930.155
Com_10437_neg	Prostaglandin F3¦Á	Lipids and lipid-like molecules	Fatty Acyls	Eicosanoids	Prostaglandins and related compounds	1217960.271	5322895.761	3124327.307	2871244.205	5451791.09	8477949.944	3033264.925	3382478.818	2989977.727	2796824.786	3553714.837	2765326.192	7696038.943	4179239.356	19781554.15	14926087.13	3716794.399	3077288.46	3745334.012	3109739.948	3155863.765	3036988.095	3344602.541	6372182.474	5675407.028	5409962.635	2745335.095	2304891.61	4447408.506	4749254.765	2821432.128	3798401.508	2238928.879	5241840.423	5204672.781	4788385.456
Com_10442_neg	17-AAG					445135.4525	1782102.608	2703314.753	546939.0839	1591121.432	4310596.132	355414.361	447533.4296	439762.0704	533692.6869	479092.2811	459767.01	2331734.457	1334581.58	3769630.502	10205779.63	1402590.905	1986878.359	1196427.664	512309.9837	529819.5261	1836928.943	952577.9175	781556.3015	4262431.918	4639509.365	2791002.102	2984263.488	4985305.648	5183948.233	626240.3847	593998.1841	1074527.422	489544.1126	457079.6509	613944.2071
Com_10471_neg	FAHFA 3:0/16:0					1085658.395	1297451.577	6587920.144	1793163.113	1656137.051	3573786.218	421350.881	772761.6895	1028388.721	810221.3971	814846.1078	1254557.368	939072.4237	1639299.484	10665285.82	2047381.574	791260.5157	1084695.03	5821611.228	769496.9885	814871.1975	743752.5233	6816006.785	1510278.851	872603.4405	851522.1737	1472961.74	1391152.24	2920876.862	1556264.763	1425566.459	495862.725	1058616.033	4016902.102	1661436.573	1220038.392
Com_10581_neg	FAHFA 15:0/17:2					78729.76604	4086047.777	2804222.535	1384659.392	5492423.017	1000352.467	251245.878	321420.1072	533597.2028	239656.2271	185975.002	345899.5206	167372.0946	271974.8244	2729072.19	3009919.831	551744.7338	669750.7236	450903.0472	490709.1632	592343.1599	918795.756	1499774.234	632897.8784	6065031.197	7041061.458	3372454.755	2723578.492	2803567.189	3894361.638	282107.4957	168133.064	366995.8485	1389136.99	1053991.683	1098632.014
Com_10628_neg	LPE 14:1	Lipids and lipid-like molecules	Glycerophospholipids	Glycerophosphoethanolamines	1-acyl-sn-glycero-3-phosphoethanolamines	541695.6821	10319149.7	1899378.193	497808.0663	24214362.14	1875530.498	1266752.863	1081287.374	709397.4289	1020513.357	618108.1665	1149335.412	2926622.555	1444896.785	16009170.13	6841176.118	9039751.262	4546995.839	1633315.624	610293.6039	1136236.285	2560871.987	1529294.132	1767498.554	20626641.39	16844379.28	12237574.67	9033127.159	13730926.89	9862361.095	5801334.585	1167870.415	2490142.078	2060953.636	1865479.131	2482123.294
Com_10642_neg	(¡À)11(12)-EET					4304525.332	10527534.41	10658159.19	6521006.169	10824927.1	12269118.08	3621684.945	3334898.208	4386970.138	10088039.38	3653501.574	3358844.451	10307249.09	9434855.58	14241367.82	9882026.687	10209741.24	12274627	10745507.74	8888393.99	5618294.908	10011280.35	11488127.05	14627381.6	9494418.148	10812333.21	10254890.96	15668776.87	15977689.74	14708747.33	14277106.65	16161081.92	7416785.702	5775931.799	7986928.197	5969470.459
Com_10770_neg	Homogentisic Acid	Benzenoids	Benzene and substituted derivatives	Phenylacetic acids	2(hydroxyphenyl)acetic acids	536207.9675	1222308.393	1241468.028	1031894.715	2450708.657	1113699.98	1030183.343	1690995.258	2414100.174	4547335.018	2563934.462	3587598.812	2703775.226	3734105.411	2463989.999	3262246.011	2557478.705	2372797.789	2151202.802	5109121.559	4097905.622	6389576.611	3367985.105	796341.098	7784268.741	4980238.738	3248408.527	7473384.444	5440538.211	5533777.97	10447962.67	8549121.693	4825309.942	6965054.636	6066836.267	9132942.46
Com_10987_neg	PG 2:0_18:1					7100746.123	484097.9624	2811004.391	1093928.05	7655998.247	23520476.1	1544008.409	1564474.638	483123.5749	877122.2433	691142.0929	564906.5029	1093388.737	819531.2167	2350341.753	637516.5965	1536168.699	868369.1969	670549.9619	1715759.418	471171.6645	1751945.566	685367.002	566131.2487	2776395.143	3988300.731	4522028.588	2555050.378	2972449.657	2911444.447	1323070.447	819172.4522	645442.296	369618.5311	439871.1834	591941.1696
Com_11026_neg	"3-[(methoxycarbonyl)amino]-2,2,3-trimethylbutanoic acid"					3611345.631	2652261.932	3919482.827	5008797.255	2607961.089	3063745.854	2175277.822	1633831.395	3902795.084	2579290.243	2758840.608	4501341.468	2488928.845	1623306.038	5841072.343	12991077.01	1678189.762	1604678.269	1309337.104	5801004.729	4146476.068	3065420.558	1096894.453	657265.9234	3041670.437	3276894.052	3274003.233	4361037.98	2810795.865	3187193.746	3047860.686	2909213.615	15400589.18	5741350.994	6129300.185	5664907.13
Com_11148_neg	Chenodeoxycholic Acid	Lipids and lipid-like molecules	Steroids and steroid derivatives	"Bile acids, alcohols and derivatives"	"Dihydroxy bile acids, alcohols and derivatives"	4075391.508	13517540.95	19579428.36	16527796.3	7080580.155	22640426.26	56366015.54	35141641.41	48795153.76	55415308.51	64164110.38	51304175.63	32883948.56	14079347.89	45680170.39	15399241.87	13602306.01	9976516.642	19931335.51	57741998.29	63759642.54	52489055.75	25596867.8	34562719.35	23626179.13	23565870.58	41215490.87	24809716.28	61150012.65	25210442.87	32550936.27	47040142.37	38713574.37	35669645.45	37259585.54	36456643.51
Com_11227_neg	LPG O-17:1					230818.9481	2715690.949	2874622.076	159445.9167	5761436.765	4373126.707	569722.6551	1881330.722	5384986.476	12244038.58	901660.7019	2807360.96	393126.1807	540067.2767	13377362.95	5219981.077	3150728.233	3074152.61	1658608.109	2870307.948	1616927.126	3485231.279	2811885.523	2881871.216	3658145.836	6118111.284	11914571.37	10716017.79	16865777.83	14544619.81	13665359.48	7182853.501	11552004.63	2348461.785	907444.3542	1272496.964
Com_11246_neg	PG 2:0_16:0					6167757.265	1943265.471	3562115.745	1289341.754	7563869.98	11184910.8	1264879.577	1780671.672	2237199.862	2738408.073	707108.4956	1617058.119	1378565.872	1960862.214	3708349.715	454792.2611	2297512.618	1035006.699	954813.849	3384564.747	236696.5677	6097372.117	1547336.471	610850.9241	3739008.987	3863186.274	7053558.194	6172569.478	4951576.972	4961931.95	2244870.513	719744.6926	1401532.853	354318.1	649818.0429	933090.8471
Com_11249_neg	"20-Hydroxy-(5Z,8Z,11Z,14Z)-eicosatetraenoic acid"	Lipids and lipid-like molecules	Fatty Acyls	Fatty acids and conjugates	Long-chain fatty acids	10080693.28	6967632.213	8553694.791	8778988.074	13505860.63	10916036.74	2774669.352	2516914.554	6237765.807	7500784.035	6601632.195	7002955.879	8332741.415	6089263.603	5582720.999	6045672.535	5047363.689	5987073.407	7427568.207	18084606.92	7518739.306	20821744.54	6595131.956	9459976.591	4024280.61	4943731.104	9327968.2	10443552.96	16550317	17784495.48	9379033.725	6857048.079	2759449.885	11421610.27	8985106.784	8949519.622
Com_11273_neg	FAHFA 2:0/23:0					1111738.307	15037160.59	688882.6717	672926.5043	56191541.31	8239669.412	46559579.28	6105405.287	1245181.349	7303612.764	24342415.77	5435941.264	33601480.29	586783.0051	807831.6157	711325.1963	28134576.69	4794114.767	1598470.766	25964399.83	2363996.045	4482071.529	7505221.161	3072364.488	26364644.66	32059519.83	6358152.496	4373204.159	24384390.56	12105828.38	2098806.025	39218980.48	20589234.54	1833653.852	7305439.024	19827731.25
Com_11346_neg	Paracetamol	Benzenoids	Phenols	1-hydroxy-2-unsubstituted benzenoids	1-hydroxy-2-unsubstituted benzenoids	1740191.568	7029413.104	4972497.152	3376740.106	4129436.762	13465988.69	4597887.596	3264005.323	5504380.891	5453448.122	10403829.17	5679518.872	18666769.4	4154615.882	18689207.94	14300108.64	10177879.83	11070624.98	3928186.686	4068032.224	4109229.689	4981773.486	3860544.707	4713771.565	17004904.3	16036314.93	14492048.92	10980570.94	9519750.936	9807684.677	5648665.787	6623450.698	6419142.213	4967630.523	5550973.258	4269780.879
Com_11478_neg	Lauric acid	Lipids and lipid-like molecules	Fatty Acyls	Fatty acids and conjugates	Medium-chain fatty acids	4311967.495	2999697.066	2989640.752	2878120.248	3966346.045	3839084.604	1073124.584	941909.5471	1083805.595	1253264.878	1534659.833	1661130.938	1339605.732	2699986.49	2314990.474	2839428.89	1621562.361	1279637.279	1759979.951	1561736.411	1639350.222	2010356.801	2146666.338	2540934.11	7081569.915	5196001.811	3432725.787	5415932.424	7130635.762	7299276.313	1813026.692	2181876.817	1705420.046	1384913.6	1215974.853	899122.3611
Com_11606_neg	"D,L-3,4-Dihydroxymandelic acid"					987103.2501	4310462.099	7008893.117	4497134.464	4759731.997	4708667.63	8167994.727	14785819.43	12730899.76	12743610.23	18280555.97	15606452.72	7936337.911	8252704.125	10269758.21	6669584.972	5962410.294	4393053.574	7249468.725	9276538.622	7982582.198	4827719.427	6279317.983	5046801.302	5652117.457	5476724.014	4926123.65	5628115.784	2932573.649	5546702.064	28314666.23	19830704.34	28844363.16	12592774.11	13641209.85	18376022.36
Com_11611_neg	2-Hydroxy-1-(4-methoxyphenyl)propyl hexopyranoside					5026527.884	20015409.26	6350844.02	5873569.19	8789481.565	13762115.57	18025496.06	19554801.58	10588469.13	12291018.41	39882540.57	4141547.602	2590850.661	2061663.612	17878940.15	8996750.644	6458313.035	7678450.795	12753801.51	13625340.99	23540655.05	6053321.753	9616532.338	28732154.88	8333472.497	8609107.11	14567940.43	9598196.819	14157401.57	13155808.48	18099950.28	15997257.78	15949517.45	29878151.28	31924829.71	30393807.69
Com_11679_neg	LPG 20:5	Lipids and lipid-like molecules	Glycerophospholipids	Glycerophosphoglycerols	Phosphatidylglycerols	1035507.719	1545182.559	4086431.941	3994610.664	9573240.74	2851145.955	1025985.544	1409331.938	1854339.308	999381.3342	2089447.57	1561472.08	8423826.329	4303953.62	13416095.21	2163403.854	5868050.523	4460053.478	2267940.077	6600789.441	1861591.773	6446907.312	3061466.035	2696459.761	6430487.639	5712346.607	5898002.172	5693589.848	7923103.152	7668871.125	6093160.089	1741153.525	2522488.624	431040.9353	1333959.295	2162091.396
Com_11759_neg	LPC 20:0	Lipids and lipid-like molecules	Glycerophospholipids	Glycerophosphocholines	Phosphocholines	64883.76174	9950775.355	5539523.595	83808.37845	5942522.712	13621590	117855.9183	152165.4865	292358.5173	2000351.042	130429.7165	629058.5494	484812.4416	666854.6729	12154786.7	19531831.85	1841228.218	1196407.661	559314.8438	1010788.648	857445.432	1133792.64	589886.9494	668323.8373	7155872.744	7695286.519	4792948.148	4117868.062	3148496.221	3999648.29	1114365.545	388734.4624	1373667.662	166652.9268	229178.0895	146210.1259
Com_11799_neg	Lactobionic acid	Lipids and lipid-like molecules	Fatty Acyls	Fatty acyl glycosides	Fatty acyl glycosides of mono- and disaccharides	875159.9906	15456062.79	14031880.87	32067425.51	16749740.35	3610232.23	2605548.839	2197266.025	6117321.605	6775292.477	5181137.892	7235213.21	12834359.18	11587276.03	6038647.863	6749339.068	5802634.109	4927130.97	13111656.48	2586778.196	2915171.259	7278022.995	15176785.13	2748057.891	12978923.51	17495708.86	8327235.472	18728296.98	7722774.302	9116769.652	3695202.03	4339681.892	9470484.061	5166078.053	5560148.365	5889661.219
Com_11807_neg	Ethyl-¦Â-D-glucuronide	Organic oxygen compounds	Organooxygen compounds	Carbohydrates and carbohydrate conjugates	O-glucuronides	2445866.914	8449240.596	25972358.39	13515630.73	10368369.16	6690329.431	16811244.96	18868377.13	13180260.74	11723720.63	16488642.75	20825209.1	12084193.49	14864934.38	15330636.06	19669302.85	9698698.93	13456801.13	6289790.327	14292714.8	10355213.57	22047290.72	6033185.617	6274609.364	14942568.47	17497385.65	12803027.29	21551794.58	18288143.85	21494606.78	10777331.97	12367475.02	11471030.94	14363619.82	9034263.141	17127543.87
Com_11820_neg	LPC 18:1	Lipids and lipid-like molecules	Glycerophospholipids	Glycerophosphocholines	Phosphocholines	638473.582	6869107.682	6640680.739	847385.5237	12717432.91	5859584.747	1830844.432	1874033.973	3401437.95	1362346.454	2227122.412	2024380.545	3678267.95	2956840.66	9598275.799	12415473.12	4637559.451	2876302.04	2714185.08	3478244.244	3912447.706	3177259.745	2974072.451	1659960.549	7658602.296	6616634.766	9471547.973	8682680.485	6030414.081	6292386.882	2244388.932	1792220.223	3568450.014	846640.8986	977942.3204	1011899.951
Com_11926_neg	SL 17:0;O/16:0					118015.8178	407094.5883	12020300.14	130823.878	338152.7448	140824.6601	7861840.069	166626.1958	206494.8857	223308.4641	295294.7309	220907.7969	214078.0623	205233.7942	277600.9846	10361485.81	177987.9809	21684869.6	227443.5377	221622.2899	194361.8347	254779.911	224594.6625	143275.3742	215824.4394	254718.0618	2904121.75	4633387.798	1114363.461	16170450.43	11443051.97	253991.2297	289751.5037	211613.4695	217136.6944	198576.4125
Com_11971_neg	11¦Â-Prostaglandin E2	Lipids and lipid-like molecules	Fatty Acyls	Eicosanoids	Prostaglandins and related compounds	682003.7534	1812245.973	520253.5815	794774.5479	3371328.981	10251986.06	2279982.767	1131677.469	4184120.362	8189726.298	7756477.249	4601096.061	607263.9632	1050768.495	1463994.241	1055810.117	523978.1775	373959.2283	1279978.537	6036879.873	11963774.97	7002859.553	2779348.779	10506762.55	2289059.569	859306.8226	1009540.08	772701.9599	695799.4978	690000.8536	5008836.611	5876621.095	4542128.933	2796344.274	3678199.538	3358628.579
Com_12087_neg	SL 18:0;O/16:1;O					16051227.64	12272588.14	19393918.93	22321057.49	27114330.79	17385867.92	7423816.63	2069128.619	4698842.843	741085.1623	688096.8239	1912229.011	10722335.5	14093915.27	4678657.104	29043025.26	19640191.42	18466186.1	2929203.026	2777696.902	5372134.49	1140951.642	4618613.717	4797286.251	12972850.16	15065872.94	16036688.31	19203521.93	7078703.607	7223211.84	11162074.87	740847.4971	893472.112	9216356.358	3387259.968	7502301.205
Com_12142_neg	"6-methylimidazo[2,1-b][1,3]thiazole-5-carbohydrazide"					5853949.703	236514.6026	220899.9927	4082007.808	234177.7127	519786.7792	475065.9819	312048.0066	241388.7714	270246.1285	341499.591	256593.6505	261695.6997	292152.0229	318963.8543	256934.8118	562894.97	617255.0921	1089218.042	241257.6986	231567.7491	231973.2893	643740.7199	705272.9213	629085.6691	1519807.51	477564.7206	276628.1868	995308.2868	610878.9141	301134.9785	257481.6288	269934.3369	1081094.356	1133176.596	1103965.537
Com_12190_neg	FAHFA 2:0/22:1					1877464.636	1888073.091	4348177.764	5780207.665	3109413.97	10502102.1	5713307.873	2143404.577	3480069.363	8617489.563	3976010.539	9862976.955	690210.7097	1052405.101	1233803.208	16010675.28	2399716.144	6048396.423	4753861.438	3878420.84	1616992.988	8256018.27	4916653.54	2068070.911	3111991.93	4910268.757	6534393.633	14453994.69	10034575.35	2149487.463	11707400.18	5090171.542	3507721.741	2661001.646	3918457.833	2635478.198
Com_12235_neg	Genipin	Lipids and lipid-like molecules	Prenol lipids	Monoterpenoids	Iridoids and derivatives	820744.0438	24871350.52	38035792.69	18156025.1	15976493.97	11922752.39	17208357.07	52135966.47	58435330.07	49496129.6	39348261.51	28690056.27	20338162.32	22649925.23	15068075.86	26473011.38	17696782.29	16478648.97	9977840.389	5498607.908	21320928.21	28206118.68	23595099.18	11093072.73	22448597.96	23324567.81	17002990.34	20904641.07	26649118.4	18124010.24	44862932.2	28994176.64	64084023.98	36734475.82	46577777.79	45401094.13
Com_12289_neg	Dl-3-Hydroxy-kynurenine	Organic oxygen compounds	Organooxygen compounds	Carbonyl compounds	Alkyl-phenylketones	158162.3377	362430.6319	521139.3609	634023.34	774339.7505	1307049.222	546086.4767	529866.7281	435192.5167	1363647.843	1458962.687	845380.2447	591994.3503	630258.2047	1631705.825	2343101.05	623895.5085	565693.6754	1457065.517	1419602.337	1461812.346	713729.2494	1137028.322	1354832.228	2293224.355	2724019.44	2324859.597	1977243.631	1834064.75	1783008.455	1419420.268	1377183.389	1472254.324	739763.5853	1037164.397	898474.8225
Com_12334_neg	Dibenzoyl Thiamine	Benzenoids	Benzene and substituted derivatives	Benzoic acids and derivatives	Benzoic acid esters	5488080.204	27011466.39	30350443.2	17313008.22	18535040.69	16053611.74	34184403.47	32215144.39	21060435.69	12069871.56	21146420.37	17243998	1192225.741	9955512.1	16120565.94	28487512	10271861.78	11145145.81	22958292.32	9951312.535	14049292.33	11393664.51	19994233.84	31365001.61	9861034.466	12173574.91	14244719.24	9831468.87	14121957.39	13561060.92	9026256.541	9622858.11	8463525.568	15524102.37	14695094.01	16345262.63
Com_12374_neg	4-[(2-cyclohex-1-enylethyl)amino]-2H-chromen-2-one					4887442.917	20294474.73	33455606.48	33083322.39	13342343.79	14605890.48	28851589.97	25910029.01	23177455.47	12846708.56	12227463.3	10530165.76	11562029.79	12729928.6	6611469.345	17021434.32	17406712.05	17268312.94	19395180.01	12919947.61	18920138.57	10004140.56	16691369.92	20740736.1	12372137.9	12556500.97	15577413.67	13909798.51	23224686.38	24405001.79	11617360.3	12115491.89	9728916.592	18936380.58	24901173.74	22905238.75
Com_12586_neg	2-Hydroxy-4-methylthiobutanoic acid	Lipids and lipid-like molecules	Fatty Acyls	Fatty acids and conjugates	Thia fatty acids	3438779.134	8151506.582	5556336.685	5318296.167	8963591.997	10090533.55	5132012.261	5982955.622	6620983.865	9330907.002	8966888.018	3347511.575	7010585.384	7024339.71	15260478.01	15648851.52	4373586.71	4369154.468	5647547.91	6905548.195	6818182.993	10374988.52	5596604.173	7209559.254	12549225.18	12107162.07	11475399.64	13864960.59	11917545.88	11044863.32	10167413.08	10540400.84	11030070.79	11523179.66	11029620.86	15230839.15
Com_12682_neg	5-(3-chloro-4-methylanilino)-1-methyl-1H-pyrazol-3-ol					888106.6575	8343054.782	2212628.293	8176068.672	8112645.854	4252732.881	627681.0179	1072177.113	411169.2187	577573.8737	292051.8988	796842.7538	1535661.915	1892155.81	10324853.09	15518022.16	849421.9149	671334.7875	1864822.942	1755099.644	732854.2893	1213119.577	1728597.287	3010366.588	13438376.99	12650721	11786722.66	8655220.035	10134987.13	10334063.3	1495117.045	1826807.825	949640.1516	1904506.241	1680246.455	1938568.834
Com_12800_neg	LPG 11:0	Lipids and lipid-like molecules	Glycerophospholipids	Glycerophosphoglycerols	Phosphatidylglycerols	589948.5866	2565210.031	3076271.741	2225190.73	3615513.332	1397230.629	1371717.668	2259713.549	1954566.659	1067683.179	1809838.044	1147452.597	4346824.541	3212901.995	3615391.157	1152754.406	1721648.31	1447206.946	1387312.307	1445017.389	711044.2343	1954917.637	799576.9451	1102366.095	4936153.127	4342281.73	9332704.906	4962669.093	5536982.479	4605251.573	900241.5893	933744.9109	1263875.923	1048729.681	761212.2692	888271.4089
Com_12863_neg	Acetildenafil	Organic oxygen compounds	Organooxygen compounds	Carbonyl compounds	Alkyl-phenylketones	731217.9186	659583.0751	513518.0275	7105697.154	717645.7989	913379.9209	589621.5063	586308.7309	775951.9479	805082.9611	799203.5651	763207.3617	587068.9142	513043.2633	643667.2993	651668.477	541469.6394	444078.5157	671524.5699	1317093.9	748905.9492	4491362.44	777010.8226	679158.1861	732869.3835	647265.2154	667840.2644	667217.8273	714986.588	649270.7664	831578.7443	789542.1771	798097.8692	780974.2518	768974.0385	796414.3114
Com_12876_neg	Benzyl 6-O-beta-D-glucopyranosyl-beta-D-glucopyranoside					607520.3906	533094.371	358191.4526	421730.4359	420061.3613	699265.4126	367957.5594	383669.2382	447223.2155	527694.4499	566246.2823	405324.7287	7563385.596	476354.6438	404264.2947	419203.3279	533516.195	359677.0385	686915.3447	488657.9646	830677.838	538017.0147	1115415.676	1528378.384	513507.7211	481392.9131	515693.3194	591408.7865	419013.8908	426527.5039	499310.466	568719.5803	461840.5467	925450.2523	496982.4817	1145330.176
Com_12944_neg	Soyasaponin I	Lipids and lipid-like molecules	Prenol lipids	Terpene glycosides	Triterpene saponins	566730.9446	338997.9761	1034070.941	2390911.128	281551.2586	363878.8786	1009542.695	6255197.905	420846.1135	545617.8964	526642.0713	433749.6733	1602425.684	312950.8984	1941861.235	2773501.162	339066.6472	288692.9503	370158.9217	479726.5927	754148.8864	561535.482	388299.9831	435117.2152	1537632.874	713807.6305	360595.7966	862143.4073	343880.0223	377663.902	586410.9143	600384.3603	558190.4015	458408.6521	456151.641	395573.2174
Com_13000_neg	LPI 18:1	Lipids and lipid-like molecules	Glycerophospholipids	Glycerophosphoinositols	Phosphatidylinositols	1742927.38	3608932.117	5404364.772	3518921.82	12584098.41	2060225.744	2893688.94	3399454.765	5474385.639	5051295.78	2262903.157	9007879.213	2390592.173	2489015.18	5768853.596	8426311.148	6181611.674	3249981.682	4025589.051	13548286.55	6493021.772	22717884.64	5475324.194	3283090.489	6291058.101	4673425.403	11408043.05	5061688.462	7979494.065	8178354.876	6380147.134	5875732.234	7670408.615	1359169.005	1268881.013	1152487.825
Com_13049_neg	7-hydroxy-3-phenyl-4H-chromen-4-one					3806145.281	423060.5747	491486.4443	679813.5955	526190.0489	361775.6405	451540.1085	482556.9302	538502.9193	525809.0712	640743.6952	587210.6244	667438.4152	504710.7363	4823747.163	444460.1451	392441.4041	412889.0043	432586.2261	600972.318	529860.8824	610886.5884	445082.2099	575472.7544	446259.6343	394134.6488	405845.7065	6926422.651	466777.8144	449324.4713	4664221.197	9512796.45	550407.4588	469506.2787	464954.6437	494195.1485
Com_13193_neg	Lactitol	Lipids and lipid-like molecules	Fatty Acyls	Fatty acyl glycosides	Fatty acyl glycosides of mono- and disaccharides	200109.3193	3899214.794	6012938.8	1489090.56	1131761.965	5736440.389	1236286.132	1818050.592	3802392.232	2487179.445	4200626.04	3662627.692	2726795.415	2089691.951	2103654.653	1035368.839	682579.8327	895159.2891	814056.2628	516354.6713	2238053.672	1190118.449	624078.3953	826952.0056	279621.9041	339931.5005	301119.4218	335383.5087	287895.036	440553.8561	176867.9416	1351096.621	195360.9245	2255368.224	2133401.804	3613493.928
Com_13295_neg	N1-methyl-5-methoxy-2-({2-[(methylamino)carbonyl]phenyl}thio)benzamide					326869.4587	553024.0883	836465.6217	947853.4164	1499013.7	427603.1822	381355.398	419161.5672	310500.1447	312757.5671	363324.5834	447791.7513	762244.9182	609360.0537	1029333.528	777173.9288	374004.2299	447342.2877	435246.7266	1097160.354	655950.839	639784.3815	307724.7861	473286.3528	675511.2918	1205702.435	914944.4032	1166818.87	1467063.219	1218561.949	930176.7081	547723.4803	954690.9962	686354.7137	2120439.373	673163.3785
Com_13425_neg	5-Hydroxyindole-2-carboxylic acid	Organic acids and derivatives	Carboxylic acids and derivatives	"Amino acids, peptides, and analogues"	Alpha amino acids and derivatives	49206.12394	136605.4027	161193.4564	100660.8581	147549.9877	136605.1938	13920452.66	16039668.37	111956.6912	110973.4756	198249.0769	132097.9536	173407.0594	671119.0431	195980.455	150686.0263	115756.2641	121072.5463	1118953.578	90094.60686	83799.87466	109658.3855	225572.8118	98915.20639	136667.6955	141865.5866	125565.1888	139856.037	134597.7718	137201.5574	384958.536	108091.6075	106702.9603	91918.43337	771111.1867	104294.8331
Com_13548_neg	LPG 16:2	Lipids and lipid-like molecules	Glycerophospholipids	Glycerophosphoglycerols	Phosphatidylglycerols	438613.1614	1002826.639	329606.7474	8239749.684	1642574.226	680313.0708	366581.2174	500582.3107	360231.1681	425068.3921	870128.7461	2384360.118	854658.7913	1174322.499	3966768.316	1172215.488	1124075.438	372551.9823	355530.1251	1854217.664	646530.8514	2493765.562	326268.5173	621782.9608	3582691.848	2849197.088	2901284.963	1306640.354	2143001.691	2627093.309	435269.8431	436196.7028	455668.244	421584.6812	416213.0601	350855.5845
Com_13577_neg	Cer 19:2;3O/12:1;(2OH)					166593.2077	14669927.16	8373521.218	3105575.165	7270744.783	1646840.373	966429.0258	2190284.217	2580526.273	1468565.629	1139125.896	6281969.328	237757.2942	278302.4701	4883549.33	3940521.34	823534.209	844783.3	2053989.718	5601249.311	1022410.228	4613663.521	2591643.12	584088.098	3552512.553	2858386.094	7466796.134	2891303.273	5108601.104	5489847.218	4195316.322	2230444.708	5492115.191	1374214.214	933707.5601	1206669.938
Com_13611_neg	(+/-)8(9)-DiHET	Lipids and lipid-like molecules	Fatty Acyls	Eicosanoids	Hydroxyeicosatrienoic acids	46310.37021	1366049.616	2016031.39	243305.8688	1801938.871	1890628.488	247000.259	1555750.908	3578225.865	1121645.294	77392.43307	8304887.659	97206.01995	325170.2516	3945590.703	4826129.734	1362994.706	1640607.213	2730349.63	509691.0875	579994.2058	3583712.25	3818684.793	2277481.368	2173955.442	2138527.176	4153520.151	3713856.178	3378316.975	9080102.069	1732690.114	107826.7345	2799428.354	3290462.271	554399.1407	1427420.619
Com_13684_neg	15-Epiprostaglandin E1	Lipids and lipid-like molecules	Fatty Acyls	Eicosanoids	Prostaglandins and related compounds	2036703.552	5030896.51	1361643.49	2625577.762	3162321.245	3295078.438	32326714.55	23873972.1	52295447.34	56145102.93	63156584.22	55433111.37	5093062.403	2922992.927	2937656.394	3788792.184	3716207.387	3543716.264	9060806.036	40409804.31	42064694.98	46528119.66	9939076.056	3932324.399	3478650.649	3398160.581	2716191.754	3193358.258	3480519.599	3457684.642	25920932.34	28184208.45	26249268.28	27978888.22	23556456.5	22608631.05
Com_13785_neg	Jasmonic acid	Lipids and lipid-like molecules	Fatty Acyls	Lineolic acids and derivatives	Jasmonic acids	1088987.242	7729372.217	8106086.745	9066759.395	7946768.965	678652.4963	7897414.25	7659816.3	2583553.937	4991691.555	5926685.036	6473128.317	7333457.238	6897232.014	7520396.046	9366332.817	6795772.579	7290386.855	6828494.813	6171480.72	5117828.463	5538984.078	6457438.108	7633556.493	6609532.562	6090026.682	6191378.303	5321858.206	4720697.436	5313592.234	8145725.801	6926451.969	8668987.435	7903469.607	7470922.614	8159836.756
Com_13832_neg	"1-acetyl-N-(6-chloro-1,3-benzothiazol-2-yl)-4-piperidinecarboxamide"					96782.17478	466240.7647	4819841.629	172480.4677	2687465.889	2158430.765	780767.2463	397425.5386	3776675.314	5093487.467	718482.0821	1213056.709	2896556.415	1681617.282	3079737.758	1993204.332	1412250.901	1162453.655	7146369.073	6363769.74	740162.9011	39742707.15	13193799.97	3369185.783	4288296.146	3737747.271	672001.8886	3798962.698	1067686.865	2480888.503	1243433.116	1939999.781	2128778.599	2262056.701	930705.5003	844880.3341
Com_13864_neg	3-Isopropylmalic acid	Lipids and lipid-like molecules	Fatty Acyls	Fatty acids and conjugates	Hydroxy fatty acids	1304797.449	2871383.433	6912678.662	10625334.98	4324174.551	5336910.397	7649067.211	7120092.336	7250520.684	6610093.117	6454484.118	7740173.375	6417712.907	7892289.026	3604083.899	4485409.501	6294354.568	6504471.815	3081229.848	3706520.254	2634555.33	5115629.054	2967273.012	2237988.872	2305798.029	2730054.634	2437355.875	2250777.425	3113299.429	3833445.3	4116477.004	4749855.098	3631191.223	3544526.746	3661931.4	3670643.995
Com_14065_neg	Cer 18:2;2O/16:0;(2OH)					1521975.569	10031273.45	565419.6123	853133.3298	21223818.98	6757848.197	6364897.896	5505893.889	1166223.11	2566305.339	13760891.91	3122777.587	10555957.77	416787.6342	628646.0241	2012190.579	10805842.98	32700515.18	638743.1891	11957466.6	395603.4648	2784862.986	13411936.17	3161788.143	11243213.2	35161530.61	38600379.04	16978192.91	14826716.23	9421662.236	1468304.875	10201763.4	12855369.94	513699.4566	8140239.142	12896300.36
Com_14070_neg	THJ2201 N-pentanoic acid metabolite	Benzenoids	Naphthalenes	Naphthalenecarboxylic acids and derivatives	Naphthalenecarboxylic acids and derivatives	876669.0639	428061.9037	1560123.576	914588.7889	259961.066	395057.9921	308335.0757	307193.9833	1249232.824	2331169.139	6134835.806	1611495.868	1113502.073	554948.4558	367674.2559	414046.3326	677948.7941	767769.3982	539261.0182	951043.9994	1404006.383	1253295.671	726299.8287	646732.1526	1241893.029	899507.8246	1120049.094	1418245.349	2790994.043	1281312.062	2452509.003	3141019.404	2322371.483	1178721.357	770595.9702	809658.9474
Com_14075_neg	FAHFA 18:3/16:2					89670.01288	417053.8214	330381.3802	623563.6463	723996.4723	744016.036	204611.0302	350220.8566	1876038.249	540713.6168	231725.8395	780420.2841	184172.5252	220078.3565	374894.508	435410.1753	491866.9678	572498.9748	2787943.827	378893.2686	208892.3788	567604.9834	488487.3595	196179.9452	483672.3757	482733.0516	733910.9269	617488.8309	579379.3382	836679.938	775316.0052	379342.6869	793911.7897	310895.5876	210681.5379	335850.4074
Com_14149_neg	AKB48 N-(4-hydroxypentyl) metabolite	Organoheterocyclic compounds	Benzopyrazoles	Indazoles	Indazole-3-carboxamides	48195.84256	754259.9886	125876.536	4155390.995	108812.0123	123916.3092	154311.9078	1075225.413	139746.1861	138955.2896	184597.8412	144465.3816	121473.4491	151550.2596	189021.0108	148622.4838	108407.2409	111663.8947	112442.9041	119273.345	119107.2945	132081.2898	104467.4399	168015.9664	133280.6455	129707.6098	128305.8232	119726.5108	4804669.139	4539120.001	134053.4667	149970.9067	134809.7472	119504.8962	129656.0875	123690.0652
Com_14252_neg	PG O-20:1_18:3					70144.14923	731593.4875	1252860.94	113571.5632	3556692.611	198299.4401	104335.4113	113993.9395	136879.8512	185699.082	111071.3983	177174.364	174827.6053	201660.9588	1034993.312	486644.0648	464501.2053	152488.2372	209543.0669	126807.2483	120610.3316	185524.5677	422054.7558	285563.7659	1873825.785	2025075.1	7542383.58	2844466.28	4975071.006	3805647.214	234070.8026	183351.9106	253860.4453	137577.6393	99223.02147	419388.7474
Com_14266_neg	ST 24:1;O4;S					405240.4435	900105.0434	1405449.736	617177.3247	1050099.219	350611.1118	2192397.458	2262282.601	1987535.11	1192133.772	2023724.167	1462842.43	1891485.523	1146801.808	1225860.975	11415548.93	1282449.34	927090.773	3020154.944	1171145.51	1512619.859	603238.5574	3000427.005	3979019.982	332439.1631	325313.1718	339738.0967	341282.9303	292437.0942	269612.1904	342496.1747	748285.0046	326959.2469	6584574.429	6012093.26	9770291.121
Com_14310_neg	"diethyl 2-{[2-(2,4-dichlorophenoxy)anilino]methylidene}malonate"					242898.6234	778409.2267	919493.7892	934467.4051	598221.4288	582976.3787	1234866.584	1113580.273	913442.3593	746014.6222	826821.405	857034.0038	2980685.244	4023282.922	586067.1306	567372.1731	1935077.165	1880856.205	872397.6997	652257.3197	672516.2728	685170.6307	815991.4145	1170992.981	429595.325	447616.7158	9433762.905	429811.6798	487687.9697	486927.7626	652233.7578	13815073.26	695454.848	666139.6186	673047.2566	682446.2396
Com_14444_neg	"N1-(3-pyridyl)-2,3,4,5,6-pentamethylbenzene-1-sulfonamide"					216337.1251	13729205.71	340935.3921	631489.8447	141070.0053	379164.6746	286133.8097	1160751.421	557354.2417	524681.8632	1839155.406	838781.6774	288037.911	361816.8589	257545.444	174617.6956	351338.965	290544.3761	130231.1828	365426.6758	442759.3441	757841.4289	138030.2953	273762.0178	141466.0424	146849.9013	270237.8881	332949.1164	894486.2299	1143321.367	560494.5298	578814.5087	591770.598	675668.3893	972312.5689	1304741.347
Com_14635_neg	"(+/-)-epi CP 47, 497"	Benzenoids	Benzene and substituted derivatives	Cyclohexylphenols	Cyclohexylphenols	125687.3983	477260.0966	1593474.391	260385.5334	3618408.062	5577477.743	76511.53146	231497.0715	3145258.362	1002715.317	220102.348	1556143.385	90454.19603	80081.13384	148395.449	514274.4224	882500.3342	1001089.571	728527.3655	279297.8642	77368.99179	362782.4574	1669548.787	794234.8917	128280.1866	598331.7652	1534187.739	2790107.097	4374438.107	9584312.023	2859437.288	149133.1162	152646.994	540658.095	284931.7344	604317.3871
Com_14751_neg	"8(S),15(S)-DiHETE"	Lipids and lipid-like molecules	Fatty Acyls	Eicosanoids	Hydroxyeicosatetraenoic acids	906441.2784	3247170.201	2241900.474	6360180.444	4330197.242	2512999.094	1990093.887	2109007.417	4017096.483	8919884.872	2578133.575	2382708.229	3679099.324	3773827.469	2976110.286	4461336.604	2903950.815	2855340.871	3345330.455	3877917.451	3594985.446	5769717.444	2684118.33	3557909.628	4868811.176	4791031.858	4576454.292	5032854.474	4202897.838	4285906.839	6511563.647	6680570.631	5172099.174	4652961.979	4835525.572	5185421.488
Com_14767_neg	"4,7-dimethylpyrazolo[5,1-c][1,2,4]triazine-3-carbonitrile"					8792043.383	9874067.626	13026987.17	36729679.41	11798770.91	17658247.46	15963539.06	19554633.15	28564001.99	29874201.81	50117253.55	30379346.28	18882175.54	14243378.3	10488413.88	13206887.26	14818077.94	14623566.73	15015146.55	22516410.79	25030523.44	22974564.43	14886187.7	15774595.96	33141530.45	44051932.31	23308145.88	20408478.6	21164313.42	22482131.71	30223577.57	41177642.34	38682963.3	10565747.95	21959034.66	23455333.57
Com_14769_neg	PG O-21:2_18:3					69102.82941	1254721.629	417726.2143	103956.4696	6600323.652	2977244.105	80653.04611	98333.36408	128833.3587	139401.8476	86227.08712	160961.8926	111289.3506	153068.6967	479131.7942	445257.2627	138745.9032	121129.0512	137853.488	116004.8708	102318.6454	131427.8086	251309.4339	106031.216	1345577.268	1396491.532	6467836.2	768393.4199	1845914.036	1053664.637	165180.4908	119370.1205	177435.5363	90083.84492	80694.21819	109074.652
Com_14777_neg	LPI 16:1	Lipids and lipid-like molecules	Glycerophospholipids	Glycerophosphoinositols	Phosphatidylinositols	290185.6468	613036.8454	883809.3001	6587802.943	758147.83	466979.7917	368198.6659	718586.7905	1027573.409	406892.1936	429193.2422	1796876.971	621077.4316	349056.5745	2927531.884	438433.9435	404022.1997	243248.2207	588000.9619	1129584.977	436342.2393	2281245.858	502685.2172	344952.3188	1962288.035	1583090.846	1220285.311	863362.1066	811438.5475	1579985.563	650064.706	391993.4948	425941.0099	309365.8511	286013.4643	291360.2953
Com_14847_neg	Cer 15:2;2O/16:1;(2OH)					91940.14663	8278758.886	2176068.816	129419.4054	4801071.886	1969516.795	214076.4995	302833.034	165554.2737	218744.761	176047.1488	278125.5178	176473.2499	219126.815	2126205.629	1365944.687	215759.2605	214908.0455	209799.0444	229201.2704	124750.8802	321400.1786	420778.236	252442.6229	786400.1961	1445554.644	2415202.888	1429754.869	1312898.443	2240251.765	222551.2857	184620.3618	219160.541	175662.6882	142579.4904	159300.8434
Com_14891_neg	PG 3:0_16:0					6517782.356	6275731.86	1929797.112	1389888.61	6312556.729	10076562.87	1492913.417	1525789.268	1340349.413	2636495.748	1184224.451	2573953.981	1598677.198	1848811.874	4976940.828	1080098.973	2352046.672	1816379.265	1289021.673	2497011.965	1395605.445	3960122.228	1681901.243	1169792.429	5936163.532	5357925.849	8393446.372	5185401.166	5221996.647	5846322.952	2997156.876	4868330.842	2345524.449	1319911.397	1330064.641	1809283.835
Com_14946_neg	(¡À)19(20)-DiHDPA					6160166.23	4405442.038	4340695.428	9188540.262	3259610.177	8755906.228	3739860.424	3409031.128	4958582.436	3276350.972	8022857.489	5816480.31	3944767.642	3481210.277	6378941.332	5327161.684	2965057.606	2633854.025	4131596.899	11773159.53	6323991.078	12354085.5	4578955.454	4410941.533	7241964.991	6758366.535	7617548.081	6781353.342	6239422.532	7165107.632	4880817.463	5114869.066	5432263.796	4482275.404	5171342.108	4155694.823
Com_15105_neg	LPA 19:0	Lipids and lipid-like molecules	Glycerophospholipids	Glycerophosphates	"1,2-diacylglycerol-3-phosphates"	201529.339	201024.1607	278085.4013	2079569.376	587526.5136	421775.3398	189461.3627	596603.1925	559672.4289	1747283.865	1080252.985	1247643.114	233894.246	201698.0675	667773.639	477547.7189	188423.1876	165817.9956	222034.193	1895234.556	1120029.486	2456497.923	206916.7813	171318.9312	1234102.401	1346879.975	1361940.352	1418937.739	1680791.274	1650858.789	11349656.85	8781154.614	6784030.588	845797.9619	838903.2486	684047.6544
Com_15137_neg	LPG 19:1	Lipids and lipid-like molecules	Glycerophospholipids	Glycerophosphoglycerols	Phosphatidylglycerols	170319.7196	11902545.33	773064.6822	207008.5028	8951747.173	8959257.244	1572255.599	1795118.593	1848884.538	3347358.292	452914.1927	3748579.601	325721.6648	461840.289	4492571.409	3548489.517	11292822.78	9406079.393	1080561.545	2241076.563	1472598.27	2756162.941	1007485.74	1455293.873	2862414.215	5649757.773	8318298.341	3845654.178	5383144.51	6599852.77	2957163.919	1679318.784	1202143.173	1986569.868	848801.5458	743034.9923
Com_15171_neg	Cer 14:0;2O/16:4;(3OH)(FA 20:6)					226276.5433	2161750.37	1347210.823	301932.6021	3056398.043	4565424.668	214494.332	244161.6548	426952.8856	447083.6752	373650.6105	398660.8801	396643.5157	226469.8407	373342.1907	1132319.197	932744.0614	972782.205	325460.4371	394258.0666	232278.0871	426692.9265	369465.2763	272927.5431	311984.9499	840281.318	974807.8906	610745.8418	744976.0213	840810.5867	548899.7063	383358.3958	238735.5245	357935.1772	389021.5008	366754.7635
Com_15175_neg	LPG 13:1	Lipids and lipid-like molecules	Glycerophospholipids	Glycerophosphoglycerols	Phosphatidylglycerols	5138907.307	10332075.31	8988657.604	4164886.772	2680121.993	7316750.798	14394710.19	20681828.29	13850960.19	9301592.561	22305063.59	9376194.178	34844459.47	21194224.04	22305163.52	10984271.18	24390029.72	20053910.98	19203610.93	748127.7096	9502821.606	27693333.83	17114024.52	2375714.132	37515239.29	7687259.343	6257590.714	33214836.31	4435397.493	3209307.524	21545288.5	17871686.92	9917076.862	15270867.22	18177791.16	20276834.95
Com_15235_neg	LPS 18:0	Lipids and lipid-like molecules	Glycerophospholipids	Glycerophosphoserines	Phosphatidylserines	47934.0307	1208892.195	1029349.12	64475.97859	7724355.258	6058314.6	114378.19	346443.8243	702218.2544	412779.7588	100554.8124	2263866.254	76358.08521	261716.5659	3913952.098	4126617.455	1856675.466	2441817.883	342416.5793	597136.7827	110754.1527	1809464.755	1078977.058	561351.0866	2080699.185	3054192.006	6301859.094	2780581.524	2527758.758	4169792.203	1485157.654	107356.5365	1209937.287	320719.6753	237552.0736	443566.0767
Com_15331_neg	1-methyl-N-(4-piperidinophenyl)-1H-imidazole-4-sulfonamide					5197865.017	11089202.93	10344711.4	8169768.478	8930500.161	5743628.728	13353485.49	21132983.67	13490878.12	10125643.26	16823122.02	9590718.443	11424299.99	14576614.81	9598680.09	12377003.68	14193661.59	14773013.78	15365944.39	7334683.288	8510964.75	8110911.066	13680455.01	11624665.1	6396433.837	7245746.029	4104720.735	5503427.195	6570953.685	4473471.569	4029418.108	8341644.832	6340896.119	27166016.8	18810057.18	12816042.51
Com_15579_neg	PG O-22:0_16:0					57184.67474	1444970.411	210691.9712	94595.41108	461709.5666	3168665.295	2360061.172	2570891.708	392714.1729	344825.7819	284646.0234	2058217.812	1097407.76	2520865.578	2820847.793	2928052.624	2544418.528	3316430.145	2128338.25	581667.7101	133215.5796	361975.0385	600683.7172	125108.5619	874228.507	567751.9278	468032.2473	393787.1404	369483.8212	533570.4611	494437.2389	241915.7472	506296.2077	198265.4232	134356.5684	214179.6983
Com_15702_neg	Protoporphyrin IX					453201.6454	1260411.773	394744.9843	374938.8733	1646659.822	1919503.459	427817.9973	445138.6691	452777.1652	613942.8572	544843.3802	465244.8781	1126804.371	847385.3881	851636.3761	1059184.738	1077340.903	1027335.151	729187.304	557513.0561	670972.7331	637186.6668	730356.536	1008155.445	7722815.08	7747902.672	4866040.289	7770872.356	9639637.606	10328789.62	729734.9051	799374.3223	901798.9395	761086.1052	716661.0581	651109.9457
Com_15726_neg	SMGDG O-16:1_22:5					1588435.958	209360.461	217292.4079	288874.1632	229212.5051	186688.3614	243611.3598	238999.0016	266925.3339	270853.3065	335378.5719	297244.1257	280394.2822	251339.4988	388833.8583	265146.1248	171302.9951	163551.2715	233850.8577	320251.4997	268992.2759	312986.139	232872.795	331806.3628	262138.3426	258773.9752	284667.1176	293324.0808	245299.7147	257984.6927	312998.2839	338764.7316	345718.5283	260059.2998	281717.1414	277345.5695
Com_15769_neg	Nigericin	Organic oxygen compounds	Organooxygen compounds	Ethers	Ketals	4992600.472	3617044.315	2430328.34	2861440.223	3053285.477	4744514.524	9875705.852	11031545.36	23673568.13	37782323.23	48007436.2	34743235.94	3413492.866	2932000.955	3267719.017	3319588.981	2905857.783	2440408.037	3360903.179	25133431.32	43697970.17	34709492.16	1604910.916	3842002.307	3484148.933	3266250.02	3528308.772	4012707.516	2966803.908	2943171.46	18838001.64	20332904.71	19501919.28	13710827.06	15981525.51	12990058.6
Com_15845_neg	Lysopc 18:1	Lipids and lipid-like molecules	Glycerophospholipids	Glycerophosphocholines	Phosphocholines	4135951.535	14841152.24	18162400.46	25977342.12	26725773.2	4335882.783	43586847.24	44142585.12	63512289.48	72791950.7	67202395.12	63041109.81	21360098	11208250.3	5663431.439	2924086.167	17160040.9	13700642.37	26598834.38	69628485.88	59247101.51	84300275.99	32490560.68	20007884.74	42940117.09	41499777.59	6192273.317	30523743.98	31665676.08	27762747.78	82045595.74	91568987.37	86403180.16	60161269.97	58465701.1	51243767.45
Com_15880_neg	"2,3,6-Trimethylphenol"	Benzenoids	Phenols	Cresols	Ortho cresols	849008.4556	2368949.93	5246660.31	1441437.053	2539528.802	4930269.918	4001841.312	3549998.43	2963280.551	645346.3397	3548738.608	1771821.807	8720957.032	7741572.798	1329705.061	2989270.133	5911839.687	5119907.723	4953387.87	2752010.111	2320257.686	2384159.987	4950355.398	4901667.583	2679004.357	2899083.97	2675586.992	2294248.836	3913279.103	4057580.454	4414627.162	3001457.573	2456483.543	4948756.249	4763080.825	3758810.252
Com_16011_neg	4-chloro-2-(1H-pyrazol-3-yl)phenol					1777864.181	1447302.486	3130741.933	4477460.699	1575702.52	2758852.769	11981660.19	5374747.803	5403786.155	3793919.786	11489363.87	4082824.094	9103950.186	3387994.389	1346267.536	1512587.345	2169348.752	2194905.765	3354559.941	3672834.182	5574880.004	2732269.858	2837276.564	30310966.67	852157.7314	735472.2403	1477715.617	808832.81	1662672.515	1512561.758	7104293.405	5847416.061	4707784.305	4448978.902	4763978.195	7414323.468
Com_16094_neg	LPG 10:0	Lipids and lipid-like molecules	Glycerophospholipids	Glycerophosphoglycerols	Phosphatidylglycerols	815403.5776	2711420.882	3682492.984	1493787.896	1287844.782	322421.788	414036.029	407618.9632	520682.7135	580349.2465	610522.7044	514527.4727	1114513.369	1875618.218	4209372.444	4315120.027	311175.9466	294085.7051	474057.463	542311.822	506609.7886	554645.5433	471646.7386	393385.5517	3952372.129	3722694.061	5554619.582	823175.9179	2501597.349	3157794.251	687178.5471	644365.0587	614371.2858	5790227.61	4722106.313	4406089.897
Com_16316_neg	HexCer 24:0;2O/9:0					1095614.142	4051165.218	408228.1902	3211158.632	1890604.966	3155751.869	2426653.9	1528250.857	399224.9081	1388609.136	2179856.803	3563792.071	3241770.762	2912562.724	2513749.654	716374.0314	2101794.195	2504741.372	3672095.871	3780041.13	289870.5951	3560496.809	2896784.568	2306494.346	3361505.203	4140479.194	5861376.156	7839253.375	874934.3707	880799.7919	2858989.772	9323494.869	3055199.248	272963.9276	240986.0465	317311.3609
Com_16509_neg	FAHFA 22:5/20:4					131871.2675	1088049.39	344860.2379	74378.36939	1551710.358	3899550.482	122981.5662	175651.5876	96124.59822	117299.216	86232.06724	159236.8327	89784.04936	110789.4159	163823.579	165889.923	131104.0173	132063.0503	121808.2541	127943.5728	71315.26174	185737.9833	146594.4136	71722.50168	89328.37144	95246.83622	919762.2001	364359.7677	602256.7506	469485.0607	105300.5488	97376.14464	119414.2962	103773.923	91455.80366	104914.3665
Com_16748_neg	N1-[2-oxo-6-(1H-pyrrol-1-yl)-2H-chromen-3-yl]acetamide					51477527.45	254456691.7	258852974.3	42130544.32	18214911	421363987.8	45066272.36	100675343.6	140731475.7	91279696	139855206.3	68698264.31	382457312.3	306716359.2	69200282.01	317269307.2	64737411.41	89000477.47	78344720.03	104945144.9	49372307.18	101982979.6	31695169.71	88623487.42	422619958	409151797.6	316669458.8	390999002.3	422508505	388600909.4	186565261.8	169653940.2	190715845.4	142675524.3	204819827.9	175514295
Com_16819_neg	Cer 22:0;2O/12:0;O(FA 18:2)					118174.3324	136947.8773	121016.2547	106648.4019	188137.21	128707.3558	138554.3267	165735.905	156167.2459	162707.1783	119714.8794	184897.9604	122293.7164	115336.0371	151960.9354	199823.1496	134282.8357	361315.408	183364.2549	165528.8908	110206.8924	201668.0472	320262.0628	183643.1053	7215341.421	400119.8233	2609125.479	1523166.425	2084314.667	224246.139	205070.7891	174163.0429	651960.0534	116856.8657	115000.8978	135026.5144
Com_16850_neg	"2-[2-(1H-pyrazol-5-ylmethylidene)hydrazono]-1,3-thiazolan-4-one"					3684537.625	255153.8404	596517.7605	384914.1618	254493.9439	249907.016	347016.5359	336034.7875	325279.3202	323438.3952	1142349.629	347655.0661	282746.9003	311926.9275	343458.8538	346189.2589	252333.4239	259913.7535	8543892.514	277625.8421	277239.3357	1239870.173	6641946.861	332094.3446	8048839.321	7449998.935	6156129.352	5974655.625	8435274.657	8094309.727	312971.8071	349078.826	313789.0496	996462.9201	1044468	1017543.674
Com_16851_neg	Gly-Val	Organic acids and derivatives	Carboxylic acids and derivatives	"Amino acids, peptides, and analogues"	Dipeptides	149526.9228	10350710.33	2476599.672	1945444.963	4633155.098	18158023.73	1134373.392	1226862.851	1746005.035	2457517.399	1424393.79	1996988.066	4841461.763	5017013.309	6822657.351	5955625.896	4441666.105	4349028.102	3100262.872	2692170.642	1560771.778	3108163.474	2441561.284	4315232.11	11779549.88	10697160.43	6387610.045	8890963.512	5836403.907	6858584.524	3575772.82	3140403.511	5019883.605	2370908.364	2230037.973	2364821.978
Com_16943_neg	Milbemectin A3	Phenylpropanoids and polyketides	Macrolides and analogues	Milbemycins	Milbemycins	29104752.02	27180703.1	17302288.68	46373292.08	29729049.66	20017450.45	35610496.37	40149991.1	36048915.28	67478066.34	46204272.52	48041544.16	29071904.49	16836404.05	59873962.95	79120475.07	17995253.21	17530544.21	33967345.68	56384812.34	61595807.7	56979274.81	33850068.19	50603570.51	40961150.18	41041512.24	43672339.95	41299454.09	49096544.82	50652794.08	80693594.36	80262170.81	69071540.81	37108218.31	42839013.63	34700362.99
Com_17063_neg	LPE O-15:1					101348.36	216212.2621	1152913.332	130505.1843	1072135.393	325668.6562	133729.5151	148398.7763	845427.4982	1151768.375	140907.0285	194598.3685	156362.4797	137301.562	1131351.805	1569752.297	157504.1665	945653.6528	159369.1553	186069.7899	149475.3123	232124.7555	177881.751	118365.8407	239284.4367	591710.3666	1962611.041	1646904.618	4249989.256	5086641.38	4582396.147	5775058.125	5744704.36	141417.9554	145544.2604	148549.1405
Com_17084_neg	MGDG O-17:0_16:0					56379.65631	262220.8959	207725.9506	93263.74224	455209.8407	467797.06	128648.354	220199.9408	387185.731	339971.4899	145696.6802	490686.0831	115797.727	138373.3726	235713.3989	273762.3788	309259.3578	359956.4046	232350.1918	238227.6033	131340.2345	356879.3274	546201.7057	123347.3435	304107.0413	303516.4451	1916192.587	388243.5938	364282.4051	526059.1119	1531123.968	238510.1733	499168.8124	195474.3377	132465.1611	211164.5792
Com_17101_neg	17alpha-Ethinyl estradiol	Lipids and lipid-like molecules	Steroids and steroid derivatives	Estrane steroids	Estrogens and derivatives	6729554.815	3808425.637	10780830.08	8426468.904	22477682.58	17576484.44	1399557.246	2105917.412	12330777.24	11343599.34	6786931.558	7680183.606	6180618.578	1976577.785	1568430.812	3708460.768	8991216.343	7350656.863	6750965.522	8646065.948	1055354.861	5078133.334	9701518.372	7580522.746	2331477.479	6209942.361	16489534.19	28468779.75	35174007.21	1633302.228	22505811.36	10793819.77	226964.9809	6520486.633	7806654.712	8849086.106
Com_17107_neg	L-beta-Imidazolelactic acid	Organoheterocyclic compounds	Azoles	Imidazoles	Imidazolyl carboxylic acids and derivatives	823266.3613	2815307.142	6742165.887	4375176.404	3774198.298	2064708.289	4449287.807	4759007.213	10326024.04	8076378.609	11351415.32	5557642.109	5997679.239	6535721.307	3180119.234	3208751.586	3444201.694	2553803.47	2311317.43	4170614.393	3932537.885	4837609.34	1854781.019	2198382.208	1749545.164	2432031.294	2662945.079	3893316.584	2837570.728	3148560.744	6383421.167	5372281.124	4297053.826	5867560.555	4585222.909	5450342.781
Com_17221_neg	LPG O-18:0					713453.2478	4203659.629	2988886.446	13270640.01	4868796.222	2853836.06	125725.0705	1797627.444	2722198.132	29000247.8	13992503.65	4967252.854	3417564.398	3997114.295	10299337.9	3272803.288	1183269.674	1024910.703	1500860.582	8587473.413	2658349.861	16287643.98	3222072.256	1282183.857	4540946.087	5354241.874	8101734.955	5988046.937	3530547.091	3024290.554	12183709.52	13084706.14	7035749.088	686664.4753	1117000.832	916847.502
Com_17263_neg	Nystatin	Organic oxygen compounds	Organooxygen compounds	Carbohydrates and carbohydrate conjugates	Aminoglycosides	521288.3104	5705293.982	800885.2949	564987.7898	1297905.042	2327112.055	928700.5359	1196871.194	823404.9168	1130115.264	678542.8514	526968.8963	2044116.11	1147813.301	2308974.596	2136845.922	2085319.362	2036229.575	1943284.011	717898.5776	1844787.453	809560.7325	1888519.948	2122640.639	2037161.739	2116750.904	1549499.493	1940903.325	2189034.928	2183152.452	1609300.812	1578841.941	2670970.074	2966690.653	2151182.663	1893411.104
Com_17346_neg	FAHFA 3:0/18:0					46339.57791	1186672.906	1117313.667	165928.9823	3781748.936	2271967.126	231064.2748	519800.2277	882915.7592	685779.2919	220352.874	1794292.371	297174.5276	1766390.074	3332203.435	3616852.766	3527877.278	2573722.726	1329216.353	943663.8975	402543.3687	1771544.449	1691706.854	683587.6471	1397337.257	1341873.112	1539001.484	825259.074	873324.6987	1925837.08	1178813.907	233440.8918	1420085.452	861870.6459	491295.3847	854338.4182
Com_17446_neg	11-keto Testosterone (CRM)					335902.7959	1226996.729	297636.1975	297748.4446	687993.8696	785390.5153	336348.2119	335616.3223	337576.7893	516502.902	401549.4861	372898.9998	848858.051	617660.9388	4252589.223	3335430.734	806147.316	807232.2313	567465.4892	439803.0391	478291.466	492257.7745	535336.4032	818127.2969	823028.6079	662474.6618	636450.9654	743448.9734	645262.6727	726265.7502	613917.3894	613891.2611	710431.1495	622914.7091	508821.6633	442149.4881
Com_17636_neg	HexCer 25:1;2O/10:0					617063.6735	2771287.699	2004985.736	175397.8472	3275218.255	4185951.028	935542.6299	2198597.247	4462926.421	135313.5038	692741.3155	2520616.094	1526429.024	3252307.076	136191.0884	400328.5003	4312993.309	10633255.82	2056204.615	137921.0176	3140578.532	178021.0189	580541.2066	3377258.299	5971644.745	6927090.627	10084372.79	11544253.92	12183775.21	9182588.078	5717675.452	3828010.18	8754113.407	4711375.797	486558.0741	3570124.287
Com_17683_neg	(+/-)19(20)-DiHDPA	Lipids and lipid-like molecules	Fatty Acyls	Fatty acids and conjugates	Very long-chain fatty acids	3844468.627	1847460.44	1143905.535	1401753.517	1831398.84	3710633.983	1646857.636	1145239.443	1275489.981	2113213.031	1902326.323	2332051.363	1608470.718	288241.8165	1263553.062	852044.1945	1061577.56	1175733.34	1105599.793	2977386.672	2859768.374	7865504.666	1254061.06	1144176.606	3907504.538	5004028.812	3612489.945	2417309.342	2189111.535	2400208.945	4042380.088	2863337.038	3777222.723	4239567.554	1717061.551	2111236.48
Com_17797_neg	"15(R),19(R)-Hydroxy prostaglandin F1¦Á"	Lipids and lipid-like molecules	Fatty Acyls	Eicosanoids	Prostaglandins and related compounds	1180163.801	962363.8956	749247.8629	862521.2125	1202289.893	2309481.971	3053925.364	2736016.255	4611812.395	5360245.875	4672964.782	4055581.184	1733118.05	1105271.146	1212654.497	1582319.97	1368300.963	764270.6078	3999386.155	4955091.611	5279121.098	4933601.908	4008274.975	4106033.285	1259698.521	1359365.363	1376523.436	1687156.064	1344616.652	1236497.12	5228460.166	5707685.595	4344367.246	4833997.594	5705211.85	9117232.385
Com_17879_neg	Tauroursodeoxycholic acid	Lipids and lipid-like molecules	Steroids and steroid derivatives	"Bile acids, alcohols and derivatives"	Taurinated bile acids and derivatives	4490713.689	7163645.178	6127852.145	8668226.753	12659863.97	17066122.47	5842639.898	12485865.11	6280299.06	16105283.51	11825969.82	5813478.958	9349526.148	6722729.056	9488176.149	37660129.04	18201445.8	15408670.57	12463115.75	23740368.9	24128294.98	28670016.18	13132429.05	37495519.38	34383694.48	30029140.13	20079917.38	18820159.02	20699962.86	11538019.2	17290592.1	24431207.17	21820793.11	17782305.91	20057216.94	15497280.01
Com_18124_neg	Mevalonic acid	Lipids and lipid-like molecules	Fatty Acyls	Fatty acids and conjugates	Hydroxy fatty acids	12242140.54	12076560.22	15674502.52	32210238.02	13906679.07	13367101.91	11624053.81	10913414.03	8374839.115	8436816.442	10288726.43	12144380.15	18194399.13	17068263.37	15842389.85	21348770.9	13178207.26	13051983.38	6770167.635	16105038.98	15720066.31	11296034.69	6284115.81	21166556.82	16431046.72	18224447.99	15830710.33	17026371.21	18851526.46	20516391.13	12905236.52	11830696.77	12638292.6	9165649.045	7608090.456	8157659.638
Com_18169_neg	Linoleic Acid	Lipids and lipid-like molecules	Fatty Acyls	Lineolic acids and derivatives	Lineolic acids and derivatives	879013.2455	585536.8315	762586.4075	425029.117	759439.9504	713415.6499	362661.1288	415647.9129	466901.0374	490161.3977	675074.7355	427724.2128	897814.1522	264928.6545	1035091.093	462260.5269	402157.2735	572308.1613	2160849.777	1263856.551	421606.5528	1122737.158	1789780.831	3175399.407	689459.9708	661552.4559	763803.1313	926125.351	893842.9534	890674.934	829645.9338	5081801.181	657810.9874	2497137.494	1505416.145	2337642.617
Com_18277_neg	(¡À)12(13)-DiHOME					8437943.726	2828646.205	4048985.683	8394121.884	6274700.308	5000172.903	3695504.001	3009162.724	3958993.327	3884268.558	3931512.066	6312102.199	3749709.05	2947122.34	4364787.957	4852810.226	4105730.367	3463725.459	4073462.437	5410762.618	16641565.21	6515288.162	5509546.317	6299237.677	5686196.551	5489880.673	4340148.934	4019887.789	5464485.189	2524407.751	5389037.388	4823044.663	5786928.154	4900666.754	6198702.992	13147216.18
Com_18288_neg	4-(beta-D-Glucopyranosyloxy)-2-methylenebutanoic acid					318066.4743	486971.4674	2879345.846	1957599.74	462602.1069	590094.2139	3033149.106	2601622.03	4514589.234	3733889.275	4596501.965	3105835.273	764893.4398	2684424.638	598984.7148	475585.3686	874075.368	1103925.358	880229.3263	851757.1532	1381844.501	1396548.456	624736.1286	858947.5911	426774.5438	518822.4133	489131.4301	511881.0144	543711.3285	475539.5044	1888246.973	2196620.327	1447188.027	967697.745	1990328.511	2178832.061
Com_18322_neg	LPE 10:0	Lipids and lipid-like molecules	Glycerophospholipids	Glycerophosphoethanolamines	1-acyl-sn-glycero-3-phosphoethanolamines	625740.6205	485721.9183	1515729.507	345056.9089	1012333.67	358201.9957	395793.6855	385169.5931	477860.2244	590292.9416	591112.0689	495074.039	544900.1042	3203316.603	1233860.606	545746.754	629984.6934	874054.204	454251.8486	555951.8693	516835.424	550717.0544	445858.8981	418288.8989	5597716.895	4281840.49	3526694.961	3816155.42	2419085.013	4537637.204	564413.6679	539847.2157	552745.2029	486695.3531	470792.5033	499458.973
Com_18365_neg	LPE 17:1	Lipids and lipid-like molecules	Glycerophospholipids	Glycerophosphoethanolamines	1-acyl-sn-glycero-3-phosphoethanolamines	313414.565	4171472.587	2265748.261	416627.2247	6918927.14	1521262.509	599670.9561	1529251.114	3368062.397	1476737.151	969811.082	1502996.355	1020322.102	359705.7169	4128592.655	2318956.067	3798306.751	4249701.878	834748.7075	1633440.964	298790.0655	1568582.834	700327.0798	407360.1672	6826533.999	5460855.986	6897207.661	2673505.117	1763895.393	5386319.484	3118946.361	1625701.452	2484394.387	2370623.884	1140441.598	3799480.955
Com_18369_neg	Tretinoin	Lipids and lipid-like molecules	Prenol lipids	Retinoids	Retinoids	6111.172256	197353.1388	13948.63791	10400.68845	16067.67469	6233444.257	13387.89352	12740.59797	216058.4761	16822.97831	550378.368	10820405.65	16391.65371	14240.76329	17978.80988	8597453.708	13915.90035	10409879.34	14682.18334	9861478.483	14414.838	19995.80098	15477.43132	12378.9012	17978.54353	19220.60331	16564.32466	20710.14613	19030.68692	19564.87076	18272.21097	29713612.85	31413792.43	8355341.561	15164.87214	9314375.414
Com_18703_neg	L-Ascorbate	Organoheterocyclic compounds	Dihydrofurans	Furanones	Butenolides	288560.4199	1590931.731	3057658.966	2607914.982	2533154.864	1802449.208	2135912.937	3007760.281	1918518.836	2053005.592	2126301.943	4158788.584	3814816.827	6809199.179	4688284.6	4352006.767	1738197.642	1528169.331	2112644.95	1491679.314	1102022.528	1586340.511	2056550.324	2327069.447	2608828.601	2987144.132	3972668.7	4000566.76	6299053.694	15510440.83	1972755.191	1932137.658	1845815.56	2492460.285	2192030.606	2484981.779
Com_18761_neg	PG 15:0_16:0					89494.19447	416236.0928	329733.5926	178789.4292	722576.9129	742557.2237	204209.8439	349534.1691	614598.9063	539653.4251	231271.4885	778890.093	183811.4131	219646.8429	374159.4422	434556.4549	490902.551	571376.4606	368820.8586	378150.3623	208482.7979	566492.0651	5646611.591	195795.2899	482724.0263	481786.5439	732471.928	616278.1039	578243.3335	1599730.335	773795.8222	378598.8995	1853998.422	310286.0063	210268.4489	335191.8965
Com_18980_neg	Cer 18:1;3O/16:1;(2OH)					2540139.914	317931.7515	1004566.875	1664677.555	5538832.659	4898823.88	4825486.492	252039.4306	1308795.461	5214567.234	1357090.068	393519.0769	188971.0744	352937.5845	2575332.172	6594492.579	7433228.732	9569703.032	3563575.044	845561.6427	664206.3571	1249265.112	4537988.637	3077872.484	17161777.19	11336826.52	3492740.142	5786674.024	1757316.55	2051553.756	9167018.849	3516766.844	381558.358	1058941.122	3659622.387	427389.946
Com_18996_neg	"3-[2-(1,3,5-trimethyl-1H-pyrazol-4-yl)hydrazono]pentane-2,4-dione"					1302963.097	3926488.633	15828555.74	11150193.26	1298969.911	2843701.106	10350577.14	8412562.657	7773294.012	2700353.902	4372543.026	2966548.42	2788084.88	1983750.615	1803533.259	1449216.529	6453067.673	6225298.579	2855971.95	3092751.7	4409769.812	2109578.523	2362670.293	2621313.728	814106.2241	815267.5537	913088.6413	794465.3917	987266.0249	978117.3148	1619677.637	1763781.29	1523074.596	3264036.927	3208932.791	3665574.787
Com_19215_neg	Indoxylsulfuric acid	Organic acids and derivatives	Organic sulfuric acids and derivatives	Arylsulfates	Arylsulfates	364566.9306	1049003.691	1239132.767	1321285.266	806178.1201	785633.5103	1684081.839	1519964.508	1230977.709	1058880.235	1238350.012	1154960.402	4772274.311	5529823.42	789798.6846	764604.8936	3398368.538	2918484.242	1310805.837	914424.6391	906299.7051	995592.9073	1118669.743	1578059.352	687104.9795	603219.4519	714110.5979	599798.9776	722508.0469	687634.7598	878966.482	995890.0647	1008199.546	10512623.69	907015.2722	919681.5761
Com_19227_neg	ST 24:1;O4;T/18:0					94962.30272	441668.1783	349880.3629	157087.5082	766726.467	787927.5777	216687.0949	370890.7575	652150.9886	572626.3275	245402.2099	826480.3906	243714.4188	233067.2968	2194001.881	461107.9172	520896.768	606287.6451	391355.8665	401255.4043	221221.127	601104.8123	517317.6965	207758.4105	512218.5342	1192761.916	10385684.35	707724.3021	613574.085	886060.4677	821074.8591	401731.3471	840768.1596	329244.5262	223115.8816	355672.1699
Com_19345_neg	FAHFA 2:0/18:0					803920.0559	982306.0057	3608150.581	681386.6376	1630551.508	3045949.884	575388.4135	997197.9121	1031351.775	982445.4266	452340.9914	1158587.814	371114.9307	734522.6619	8955740.015	1688346.439	1003283.668	824764.5736	3568641.138	1046035.935	1596263.176	1154598.523	5743339.722	887615.9993	1125013.276	1138757.063	4649033.852	2012580.037	3184900.447	4539337.756	4438571.725	584706.944	1271217.318	1787839.691	815734.9783	881840.9342
Com_19585_neg	ST 29:1;O;S					7894664.413	20429289.31	17361300.98	16460537.14	18818610.11	21172332.21	42910644.58	1356764.502	51467668.98	59750382.24	69147380.32	58183503.34	26512748.39	17247238.69	21968901.58	19052850.93	17698628.65	14788282.73	31362695.25	70241373.58	64602302.53	70851288.72	33745504.77	32648317.91	32510150.76	8275252.636	23293260.04	28519980.99	26438853.71	25238889.93	62565124.72	64524591.35	59333600.01	42607173.29	47025263.06	38307801.28
Com_19642_neg	LPI 18:3	Lipids and lipid-like molecules	Glycerophospholipids	Glycerophosphoinositols	Phosphatidylinositols	233516.1601	202224.3999	187859.0184	284356.71	193415.2918	221079.7874	208932.5786	197957.5487	205313.3746	242267.2822	182573.1631	235843.499	242695.8084	217294.7353	252383.5758	264935.516	247550.1037	212335.6097	202634.0201	240370.4073	236118.0503	328538.07	185956.3976	203283.5262	891916.6062	1047083.442	874782.4405	581395.3976	251624.8582	243414.4645	247016.1584	246398.7351	259707.6355	240281.7448	197962.7266	199969.7707
Com_19844_neg	SL 18:0;O/17:0					904383.2963	995301.4152	1644203.596	383673.5027	826746.2037	432446.3783	419870.3472	464724.7962	516371.4687	609799.3924	506346.0769	586435.1401	562595.5657	560019.7528	678703.8217	589482.638	504140.0512	577071.2994	556074.3902	541842.0808	475193.2713	950997.5032	17951364.89	365835.9873	593346.277	622757.5966	985468.7675	663308.4956	693446.351	940940.8789	652572.2316	638937.1774	9589698.452	517371.6176	530875.2941	1695148.827
Com_19894_neg	LPG O-18:1					9222252.699	1630087.352	1684664.13	1162074.37	7060686.412	4704388.71	9494327.174	5107293.189	34363633.93	42684910.65	46082386.58	4835444.305	2468742.505	1298347.418	1455242.622	823310.4043	2358806.095	2202558.409	14245556.28	7913204.701	37400408.64	42245636.95	13574498.25	8626960.601	2304332.667	2394359.839	1741830.884	2195450.096	2476123.813	2469469.858	54821574.59	8330084.032	8488103.687	10462796.52	6225684.749	5264662.86
Com_19983_neg	FAHFA 2:0/22:0					432004.3776	1512628.49	5855487.483	1712485.715	3855245.749	4018162.011	1806916.813	1485985.847	2663173.943	2120847.078	2089233.057	3279915.22	660808.4282	498561.8501	1671689.53	4233094.686	2263469.841	4198619.118	1856937.078	15595447.38	2003610.218	3853066.02	3630340.522	3503106.453	2351525.002	2231060.576	3221106.749	1839544.747	2550386.164	4439007.989	3013861.739	1511207.247	2041723.464	2893688.178	2111256.586	2110456.286
Com_20032_neg	"3-(4-chlorophenyl)-5-(3-phenyl-1H-pyrazol-4-yl)-1,2,4-oxadiazole"					139133.8533	463538.2466	448159.3539	326310.0083	572144.5776	554662.6992	431966.0894	379520.6867	526676.9636	547195.5547	504004.4866	541488.661	1990121.487	2910310.286	472396.2609	565583.5748	36781352.04	30604733.59	785691.5571	377358.7908	824885.7933	1224123.732	804809.5422	626008.7945	606783.075	643121.4705	558217.2786	561503.6748	579253.8069	607571.715	664499.2659	598408.8451	663912.459	4226696.507	4019490.727	4554128.245
Com_20195_neg	"1,3-Dimethyluracil"	Organoheterocyclic compounds	Diazines	Pyrimidines and pyrimidine derivatives	Pyrimidones	489851.5084	443954.9551	1610276.116	2967563.415	455407.3708	992106.1003	1843329.396	2153652.789	2899982.764	2039160.455	2837647.503	1619786.872	1272672.863	3052882.463	430758.2988	461896.4548	1384120.583	1872066.368	759372.7949	930962.123	1137670.238	785812.5158	495825.6469	622527.6649	538116.4118	497646.7534	440932.1308	455169.617	837114.0442	832208.0066	834268.4386	868168.5912	367766.5595	2063575.3	1806230.237	922836.5575
Com_20291_neg	FAHFA 2:0/20:0					867928.1522	2169869.586	2555253.853	1796708.292	2855015.541	1652439.7	4361506.542	4135151.989	4120193.141	5279928.026	2697264.077	2319694.842	5445642.616	5637786.612	3427586.01	12577370.56	3517478.27	3182840.533	3552525.356	11906811.24	3574295.877	4347822.318	3964978.552	9932097.527	2460600.395	2255750.197	9874518.272	8086172.937	15056108.56	3574399.378	19776428.38	4716124.254	5483422.73	4450703.391	4397746.341	3748713.56
Com_20322_neg	"(¡À)8,9-DiHETE"					384622.8112	171619.6645	18882.95771	144453.5338	209509.2257	32349.76058	269176.6564	248077.6904	361931.038	745079.6236	303804.3402	523004.081	20898.60664	19772.82729	66497.05911	26241.65531	194402.3078	77860.7269	338798.3528	468734.9722	170423.6648	418381.1435	288143.5498	162870.163	115972.4583	30276.46801	103070.0804	27119.29273	38975.45999	38747.01721	373925.8003	427238.3102	329597.0402	215177.7605	285311.6508	222759.7121
Com_20374_neg	Cer 18:1;3O/24:1;(2OH)					306614.1015	705622.1974	558971.9882	465834.0831	958259.2748	813360.6268	427950.354	467566.5351	568031.4094	761678.0041	455579.2095	2803672.41	717086.6975	827148.4972	795573.1273	1836774.096	667882.5946	625457.7831	859478.3736	560316.983	576001.0387	760962.2026	1191549.091	634434.6037	939799.9787	917930.0381	1441830.361	1200241.776	1194229.88	1096407.051	960083.2691	752050.6608	1111784.862	2071724.618	3947776.858	7368518.03
Com_20483_neg	Cer 18:0;2O/18:1					142669.3836	254195.0264	241387.9498	184834.9935	290067.7541	213312.7962	191450.7337	223318.7921	294335.8255	428788.7364	225649.8101	247217.4048	208180.9307	233649.303	1000742.867	276691.7979	194746.7462	192729.6302	232390.4283	268479.1308	206582.2601	328371.9449	249395.9167	221868.2811	264956.9724	7649427.326	326764.1789	324776.5688	376451.058	413143.521	357464.8273	293734.3365	306261.2989	201695.7576	233256.8231	226599.9439
Com_20732_neg	N-[2-(6-amino-9H-purin-9-yl)ethyl]-N-(2-furylmethyl)amine					216779.6877	577551.345	1700943.741	1579488.783	711367.9591	18967084.2	746161.9061	899618.3168	1933711.86	963812.7996	1911530.81	1466719.727	692147.7349	517084.0415	4000643.565	481964.9113	3014979.262	2892822.597	328893.9765	841090.3719	693842.8279	837185.8801	341520.9453	298694.5378	2636929.258	3506663.341	6360539.455	499435.825	987914.7552	1277704.489	768489.249	3773487.401	2818394.124	1002856.142	1155978.822	1666736.16
Com_20863_neg	LPC 14:0	Lipids and lipid-like molecules	Glycerophospholipids	Glycerophosphocholines	Phosphocholines	221417.1357	2287096.862	2054226.513	451455.5018	3392745.741	2921922.114	309558.9455	185972.2091	259702.115	290401.0971	202863.9917	254613.0273	1050882.068	1393152.209	2239973.392	1885355.875	972087.9436	581691.4157	300856.6441	270085.6962	206017.6015	700007.7969	323023.8629	248988.7725	3358460.341	2100258.913	2905237.462	2974992.503	2833054.743	3521030.873	286716.2731	257345.7237	432131.6301	203162.3936	203143.9884	204502.9683
Com_21017_neg	HexCer 15:1;2O/4:0					249638.3057	214087.7668	317021.9737	273939.8756	376056.8134	475283.8654	222246.3065	279185.0747	266055.1626	319975.2022	305212.6876	359703.1647	276529.0551	202183.6553	6150077.751	3667298.966	211728.9952	178089.2747	225795.0627	464790.8674	319748.3795	522670.9122	236695.0767	224063.3366	528275.4023	512997.6785	358700.0184	526248.0219	369856.4393	348852.5656	356182.5949	348013.1997	402715.7602	3352197.326	2522920.339	4832024.972
Com_21028_neg	Irinotecan	Alkaloids and derivatives	Camptothecins	Not available	Camptothecins	24075166.74	14033004.86	12930954.55	10684746.19	18683723.26	14781370.92	9168545.494	9867268.001	9571685.728	15045614.74	19786498.73	13564457.79	20488035.54	18458942.03	14720385.85	17234987.27	11556448.78	11598934.5	16425056.99	23605780.6	25893849.77	16791655.34	17754752.03	31380602.78	15503708.93	18707451.21	19964500.28	22283976.45	22832254.19	22021802.56	27714589.38	23678005.47	23871583.52	17767418.43	19473286.05	16501677.27
Com_21060_neg	LPS 16:1	Lipids and lipid-like molecules	Glycerophospholipids	Glycerophosphoserines	Phosphatidylserines	269981.301	2389615.96	933904.9103	237577.3366	5340475.961	615471.9573	197271.4763	386501.6993	268853.8622	320244.4622	227704.8525	302038.2355	768770.2415	1117321.143	2324976.542	2139870.046	4343156.176	3177160.446	592590.2899	450937.5574	229539.2893	354834.3735	720377.2823	507302.9922	1748869.09	1713466.785	2053528.291	1346585.271	3019928.76	2842707.802	341861.9615	329609.4268	367029.9092	278700.5715	678519.0138	736701.439
Com_21084_neg	"(3R)-4,4-Dimethyl-2-oxotetrahydro-3-furanyl beta-D-glucopyranoside"					303781.7754	270592.0612	1933574.228	2927813.458	822617.5755	189696.0735	159717.5339	191069.7108	171302.3909	220583.9246	203047.7572	250253.1206	358605.7437	793238.4422	339206.6219	457015.1118	1479624.116	1696513.113	183273.3695	2194435.63	4799942.881	1265855.903	171975.2268	463824.7444	912328.2984	766220.8138	918167.3736	1064952.265	1482084.963	1248636.945	2208686.99	1963537.412	1450772.556	798672.71	688179.4629	843065.9759
Com_21098_neg	MGDG O-16:1_15:0					421352.0334	1234597.689	930284.5726	972605.2525	302871.5891	493109.5166	239180.8619	265184.4892	338772.2841	1756425.397	230310.8336	369166.2477	237444.4212	2375783.149	811732.5972	321563.2744	278577.0016	300974.1832	295675.5727	335591.3758	231827.3025	397091.4015	285942.3876	194822.9212	1339713.126	15033502.53	352314.5584	612314.5561	345676.7469	1871958.794	2060385.795	1225395.075	1572260.52	4508792.726	301532.6209	322398.1687
Com_21219_neg	LPI 13:0	Lipids and lipid-like molecules	Glycerophospholipids	Glycerophosphoinositols	Phosphatidylinositols	1359390.299	2333971.578	4201458.751	4183172.101	5109764.486	599857.4507	1056128.67	1720107.52	2213671.052	551959.5784	1122300.015	566380.4189	2425722.709	999285.7117	2071205.813	715446.1498	774040.0087	525687.6315	1178013.05	647472.7337	584856.5026	853444.8923	1596259.627	2238864.858	3293297.439	4246372.278	5128470.328	3480048.832	2795146.499	2493338.012	530289.4556	576945.3078	564665.9086	1080957.377	1531298.715	2553817.949
Com_21503_neg	"2,5-Dimethylphenol"	Benzenoids	Benzene and substituted derivatives	Xylenes	p-Xylenols	1937883.076	5164386.222	9277977.009	18318344.4	5488356.744	3866798.52	10770582.14	10204595.42	9868946.232	8278420.025	9836415.662	7392112.388	4971240.676	10749901.15	4490535.551	4194925.157	8943558.783	9464151.824	7422862.794	6418427.654	7483644.976	6795598.111	6693247.4	8336451.516	5176629.464	5209542.669	5101209.514	5315860.27	5258759.103	5306670.547	7667979.085	8408236.409	7653041.024	14117358.91	7473038.584	8133585.158
Com_21717_neg	Tridecylic acid	Lipids and lipid-like molecules	Fatty Acyls	Fatty acids and conjugates	Long-chain fatty acids	614965.6147	1719640.559	1480318.411	2483192.227	4895649.432	1230200.164	1267246.119	1389981.782	534156.085	804983.964	1069621.062	1598197.66	915678.3685	1083439.037	2176588.548	3163753.804	1236027.62	1032106.134	1733611.54	1406526.166	1551700.865	1964313.296	2489941.643	1559925.417	5212013.404	5249793.538	6024927.519	2663798.128	3034384.625	3599876.719	1494196.6	738391.0146	1521243.008	1628297.195	1908901.841	1382612.559
Com_21963_neg	ST 24:1;O4;T/18:1					778829.8042	640964.0207	862950.0925	354137.3644	887356.7711	1351652.566	572896.8956	592891.1494	750874.5189	675696.0211	529570.0435	972919.3811	772763.9899	671933.0597	657353.5566	712731.4727	620796.8215	4272462.544	655352.4709	743824.1695	513835.4653	880136.3899	633779.2754	431816.8105	23789791.03	2280545.19	1036108.447	1020460.99	874208.3135	1742365.316	832414.7694	790998.2397	990538.0814	728961.1398	675220.7744	787414.7631
Com_22021_neg	N-Methyltyrosine	Organic acids and derivatives	Carboxylic acids and derivatives	"Amino acids, peptides, and analogues"	Tyrosine and derivatives	299760.9883	465137.4057	659380.0488	555054.2489	585110.5115	400707.6037	524823.0061	759110.2224	1020882.659	906029.1428	1362433.803	742581.1225	926436.2862	1009540.406	6392469.335	8800998.271	844455.2935	1032134.304	920425.8264	784128.7631	776656.1409	850347.4779	954229.3014	683983.0755	1034111.605	990635.7653	989351.5133	935898.618	1095687.833	1346051.338	1177817.432	1336777.903	1243018.023	945146.8035	1470276.576	1255444.642
Com_22033_neg	ethyl 3-[(1-benzyl-4-piperidyl)amino]-2-cyanoacrylate					1569702.192	3316457.581	12289501.47	8080809.82	3661626.587	6093832.744	2552002.447	2921700.271	4012477.106	10913738.22	7721770.977	2895126.829	15067058.11	8502996.842	2313570.303	7717952.208	1926197.113	6147083.254	2230151.04	6719048.395	1705062.192	3225514.959	3447272.557	7489448.684	34282953.26	5283792.888	3121513.91	3883549.123	2924905.506	5364222.721	995872.8045	4129911.423	2343265.571	1125950.765	25557232.82	1431972.628
Com_22088_neg	LNAPE 20:4/N-24:3					194470.4403	11090206.13	23543055.53	563473.1827	7081454.521	16328334.62	319130.3343	376438.9732	573024.6939	421354.1455	340930.2098	687231.0151	496721.5806	3841169.937	19272558	19154896.06	9155463.923	40137065.22	7941918.588	426851.208	328990.5939	569874.2181	4478147.073	1486122.442	3788357.958	17407695.77	18247200.74	16089338.21	18716989.12	30529601.35	1891390.374	419699.4332	553385.7714	449655.5041	338767.5462	410888.9871
Com_22154_neg	LPG 20:0	Lipids and lipid-like molecules	Glycerophospholipids	Glycerophosphoglycerols	Phosphatidylglycerols	4438994.213	1206574.93	1412326.067	597119.127	330930.4272	8720088.734	1526731.429	1390014.57	1415218.141	1681644.417	783389.8618	1839406.856	605246.0774	294698.1386	1605224.605	3164124.73	7289347.726	4269677.651	1623113.028	1162832.096	1524000.828	913944.787	1189347.305	1576754.715	5948458.59	5641207.336	2528149.904	2215938.836	2365375.406	721922.904	3021566.68	3222642.373	729562.8563	2761576.721	475407.0319	241093.7464
Com_22523_neg	Trehalose 6-phosphate	Lipids and lipid-like molecules	Saccharolipids	Not available	Saccharolipids	46131.08258	225704.4848	202281.0005	161299.8492	211789.5638	158907.7259	922652.4561	324388.3786	126723.7299	339451.8455	148282.85	651691.8731	2859101.699	2403110.164	277621.0631	220427.1868	1058153.848	484782.8378	237510.2268	116499.0808	102421.0538	396378.223	579958.3835	98997.66576	197804.0501	240466.9541	226705.5974	234025.812	203656.4493	220405.9294	164456.5171	118808.4442	153802.4664	808865.5234	438679.7372	488633.9117
Com_22618_neg	Cer 22:0;2O/19:4;(3OH)(FA 20:4)					249064.0101	312905.5819	142344.8984	70626.50084	672347.6931	685357.9226	158453.4488	206318.0443	174353.7768	143636.3945	233612.7628	238353.3683	116208.005	101236.6635	153958.8043	174610.5078	3244014.881	1050377.058	133302.9515	474910.0883	98429.44705	197650.3336	772437.8505	275798.2039	170390.8096	1168119.243	1565759.734	5127484.152	6365143.786	3800617.309	344973.4509	2047748.276	191931.6208	141144.007	206131.4738	137526.825
Com_22635_neg	Cer 18:1;3O/18:1					786031.1556	4860479.395	556613.484	1139921.554	2253141.225	1253488.794	3347410.233	4343618.147	1037486.159	910972.9182	4327550.289	1314821.232	8274408.462	370779.3116	631607.4412	733561.8444	6338884.384	5437688.304	622595.5369	2483199.177	351933.6188	956278.4293	822984.1853	1382191.392	5201911.327	7186916.359	6699176.966	7314925.533	10234383.89	3559626.51	1306221.744	7856913.146	2504391.092	523784.5911	1976002.197	820298.5184
Com_22640_neg	HexCer 22:3;2O/13:1;O					115203.1478	198437.5794	3071678.042	147502.1616	265405.5403	170590.2783	144584.3082	175217.6149	240970.7563	351046.4481	163738.0074	200428.3208	170436.3247	191287.1094	243414.8275	216556.1507	159437.8484	157786.4491	190256.4772	219802.0547	140474.6159	267946.3523	222808.5709	224933.697	179051.382	220820.6004	297705.0479	267735.1288	300884.4342	335586.1388	353534.9743	240595.8512	276534.4036	165126.9571	171936.0759	185515.8466
Com_22670_neg	Cer 24:0;2O/12:1;O(FA 17:0)					29346.09482	65213.4372	72410.96013	36496.6155	91317.6552	100870.5847	58566.00265	58066.23772	94583.62818	78079.7761	61084.43839	112484.7489	63414.51603	68954.99007	73485.50278	88259.21235	99895.64981	85129.21771	60039.2185	240787.4714	57755.17336	259139.6155	88367.62712	46197.90499	3095537.001	96239.81105	90404.88704	103251.0069	294201.4936	125572.3392	94978.0705	70483.73171	88505.67328	69794.23847	57711.48883	63555.63341
Com_22710_neg	Cer 17:0;2O/16:0;(3OH)					544485.9915	622184.4052	639906.385	4780100.114	802461.7822	825235.2509	530049.3968	503402.346	592932.562	638390.8219	1890136.79	682130.0584	686018.512	790908.3931	689442.8936	1342525.4	2611329.05	4187690.331	525498.4683	848410.4951	598586.0516	982846.633	570839.2856	505893.6137	989207.0065	6973171.952	17492557.29	1777693.993	1309368.173	705066.9445	2565589.065	638186.0907	769661.0659	767206.025	585264.8633	1009646.107
Com_22801_neg	Sorbitan monooleate	Lipids and lipid-like molecules	Fatty Acyls	Fatty acid esters	Fatty acid esters	956657.7984	1381826.625	7560281.745	4286443.615	2322784.639	1394907.004	15828775.02	4422765.221	4742310.744	6869352.2	84289620.72	5512602.088	3008180.684	1445457.079	2898870.693	3115524.656	4610761.499	2122260.151	3301462.494	7040881.845	5485833.356	5875301.517	3588388.374	2148419.205	5159120.332	7729566.229	5408655.823	6052943.125	3228147.615	4133126.241	4969065.715	6107181.956	6638677.589	4542364.037	4408139.816	3730908.842
Com_22915_neg	Cer 15:3;2O/16:2;(2OH)					140276.9895	3359503.011	739647.9725	185986.3905	495623.3176	3506504.147	175057.8989	193377.7086	377505.853	334843.9974	213538.2206	299998.7825	244173.2208	239873.0694	1432581.709	4375950.775	211141.1761	218222.2704	251665.786	289048.113	174702.1546	357181.1415	324984.56	295858.1252	290624.7354	611972.5317	1998834.818	266663.9424	417174.6421	496485.1065	465009.0052	318981.7434	411560.5579	254478.8156	221881.1983	261286.022
Com_23024_neg	FAHFA 2:0/24:2					207222.8091	557539.8541	3353897.513	1180334.733	967877.2063	2542745.312	1344902.903	1226936.301	2236017.154	961965.7488	942212.6353	2112370.362	246211.6819	294212.5176	501179.029	3268981.968	657554.0695	875610.8452	754907.3935	4271065.942	1200707.808	1891296.333	2087937.328	2272992.272	931543.1021	687641.5638	1285436.139	4036420.305	938556.6312	5402319.124	3566959.351	859933.5727	1329548.778	1383768.004	1109422.419	1173421.891
Com_23275_neg	PG O-19:1_15:1					58555.47751	103922.6673	115466.2789	77635.83996	2717668.298	846457.6523	73073.98669	80721.17966	148591.546	131400.2589	89136.73243	124882.4667	87448.78632	89931.67716	1052349.008	569197.0131	84691.30901	91091.98375	103210.4044	116081.6513	72925.48921	139572.9872	135657.5028	86715.41157	929676.5584	887401.957	2274334.236	447798.6341	384936.2423	450175.4488	162736.8952	126299.6324	171796.7079	95050.31272	89412.78081	109067.9793
Com_23369_neg	"2,3,4-Trihydroxybenzoic acid"	Phenylpropanoids and polyketides	Cinnamic acids and derivatives	Hydroxycinnamic acids and derivatives	Hydroxycinnamic acids	1883130.376	3122437.23	2656470.785	2880113.836	1911585.374	1445301.904	2227948.981	1881461.536	2078040.101	2606414.131	2271222.582	2235805.114	1056496.459	1244093.945	4319741.107	5507419.14	918604.4072	1029561.66	3651994.11	2613934.744	2763254.898	2714964.426	2813862.274	1922145.832	4018178.053	2943958.1	1757689.881	2402225.121	2656257.042	4454402.276	2086834.091	2452796.358	2320184.367	1337488.426	2095650.383	1508062.787
Com_23392_neg	Cytarabine	"Nucleosides, nucleotides, and analogues"	Pyrimidine nucleosides	Not available	Pyrimidine nucleosides	352433.2434	2339271.056	4506537.924	1084442.522	7463219.038	9469093.456	4317995.856	3623510.155	5182681.258	6553010.264	3943445.202	1939739.419	6063639.285	2676191.159	6172097.484	6583220.701	2053316.632	2042467.982	6187329.407	5803354.212	579190.4339	5987303.198	4544685.584	9833701.06	7338773.992	9190776.494	6020016.586	10614103.77	9247924.259	10075143.55	8733571.947	9277635.711	12552609.92	6028556.276	6652801.424	7514614.311
Com_23412_neg	Valeric acid	Lipids and lipid-like molecules	Fatty Acyls	Fatty acids and conjugates	Straight chain fatty acids	852.3140861	1865.936616	1955.950569	1436.989713	2275.58814	35739.93882	1896.063513	1715.470362	2049653.757	2359.861736	438236.3822	2212550.453	2308.372834	1997.407451	2513.092296	2484636.305	1951.275429	1737904.569	2067.570543	1977759.565	1935.498283	2746.315272	2191.994788	18105.28087	2484.140743	2722.122386	2345.926308	2933.079231	2629.449337	2770.879343	2538.727239	2556028.281	2768848.333	1912968.18	2137.93341	1770027.923
Com_23667_neg	LPE O-18:1					40049.22888	352762.4624	637454.4511	56616.92173	1477885.489	3147432	75622.99581	88872.95906	167622.2866	108333.7754	77939.52368	103447.3873	70061.0836	60534.70042	3022780.203	2036894.044	302852.541	690271.1888	91132.37099	106863.1227	68404.32018	135443.8961	105250.5277	69290.48916	194350.685	342957.8805	1906892.428	430441.0873	423466.7924	834171.6524	595977.1311	106408.1443	722079.3241	97211.41367	92054.89105	100736.7174
Com_23719_neg	geranyl pp	Lipids and lipid-like molecules	Prenol lipids	Isoprenoid phosphates	Isoprenoid phosphates	5150585.831	18091185.27	22367573.65	18212986.27	17660207.95	11390672.52	48215247.28	47095281.41	34282881.84	29130373.71	38137752.83	36325220.57	19664698.74	17831879.4	10389088.57	1688041.361	16695111.34	14874240.48	27430126.2	25372122.76	25614601.69	27949644.5	31996042.05	33137433.45	15338103.26	6232286.255	26304444.94	13023285.85	17502792.41	6248305.517	46797911.97	30520385.65	28822629	23343518.57	24583203.39	25048767.17
Com_23793_neg	FAHFA 18:0/2:0					299611.8035	593040.2939	436275.3818	676338.1456	1230296.518	594085.0381	2904951.87	3578921.476	1454966.662	3638297.155	1780249.111	2828821.314	545838.369	712719.2772	750114.894	1003184.351	935394.0967	969016.629	1651154.981	2659887.56	1543418.259	3400392.72	2108611.952	1183831.321	2107842.649	1823801.65	1799984.138	1938361.505	1480630.077	1610797.858	2729312.583	4458022.783	6734019.794	5173915.959	3983028.571	4261839.879
Com_24261_neg	Cytidine-5'-monophosphate	"Nucleosides, nucleotides, and analogues"	Pyrimidine nucleotides	Pyrimidine ribonucleotides	Pyrimidine ribonucleoside monophosphates	72462.38079	354535.0209	1633940.694	253368.6713	332677.5606	249611.1408	1114083.096	993888.0877	2513785.812	1923173.833	2556506.758	1086196.043	3884556.221	2961713.719	436085.2178	346245.4782	3164651.428	2933861.477	588303.4225	467756.5647	160882.2726	3340761.686	900012.8906	155504.8387	637107.4677	377723.8041	356107.5615	1058118.277	510001.0594	885966.9319	301715.7873	662987.0984	1166628.247	2437481.367	2210631.344	1827379.066
Com_24410_neg	DGDG O-20:5_3:0					1653023.625	6496969.02	904475.2599	1118311.546	1663999.015	1250356.661	1063843.598	976258.3245	1293017.475	1495792.05	1637138.487	1171880.035	1486886.505	1522165.638	1345976.345	1161469.472	874670.5483	852455.8615	1062819.442	1371191.221	2401666.38	1555521.668	1001674.927	1122446.623	1300246.497	1223064.157	1321135.241	1392133.376	1030569.375	1099779.964	1512730.197	1635744.599	1493186.925	1182530.191	1405511.339	1088293.913
Com_24446_neg	FAHFA 16:0/2:0					1226560.223	1375983.517	1975639.64	1113183.828	1770857.132	3385772.043	914510.7619	1078045.219	1944395.859	1189145.202	913854.0372	2031846.915	790981.7313	1134338.031	2534614.513	2105398.03	1700498.918	1326535.974	1682669.91	1566138.806	1288232.403	2519286.773	1921233.678	1211711.941	2036430.49	1907314.357	1563777.134	1693810.051	1659289.759	2703129.477	1419987.488	735093.4947	1428175.804	1449959.125	1177449.676	1384200.457
Com_24519_neg	N1-[4-(cyanomethyl)phenyl]-4-chlorobenzamide					1023451.563	658704.7721	509850.7104	586931.3411	712520.6921	906856.9682	585410.6921	761022.6707	770410.4446	760589.6916	793496.0091	757756.8745	636819.7611	529803.9426	6246247.063	8701789.526	561691.993	446157.0139	666728.8404	783882.8385	1601336.944	1262658.257	771461.7572	788153.4475	685898.1401	642642.7355	663070.8466	794640.7773	694633.1197	644633.9637	7451652.9	7225292.943	5440387.542	6587059.02	4542310.837	6668641.599
Com_24848_neg	Cer 23:0;2O/12:0;O(FA 18:2)					89752.28812	120363.5166	108981.0961	92847.39943	203720.8973	117446.785	102899.4597	121712.7267	138358.9561	154328.163	109717.0247	162868.3472	105789.7249	100410.7977	138368.1158	161789.7475	124666.0971	135430.7838	410094.533	148352.2153	95945.39788	189468.5402	278818.0519	159878.4833	1364086.267	404096.0921	1263119.63	556594.763	4079891.037	273285.4565	178533.2844	151625.2032	238004.3001	101144.5895	111601.8234	125432.6334
Com_24887_neg	Quercetin	Phenylpropanoids and polyketides	Flavonoids	Flavones	Flavonols	410192.9165	413193.6953	321691.7161	370325.9533	449566.9018	572183.9128	1069424.435	1246299.016	2647443.414	1257788.876	1777950.069	1169790.768	367767.4324	321394.3016	403223.3087	408235.6207	339201.9135	278191.5574	420674.4062	1108290.263	469149.7224	1793980.896	486755.9298	425456.4606	459103.6673	405477.2117	418366.3849	417976.4612	447901.0477	406733.5827	1928780.258	3539126.852	4959599.474	1168529.117	616512.7009	498911.183
Com_25393_neg	ST 24:1;O4;T/16:0					335187.5759	707908.0648	1067510.247	238973.7743	793192.4675	262436.0228	298632.7563	289750.911	359079.6811	670145.1333	348836.399	384142.6919	1825773.446	952275.4805	482728.0477	419269.4867	336604.2445	410441.923	395507.8727	385385.1437	1526179.754	565474.777	390553.8848	260200.8214	12005581.27	2215256.621	1407105.651	1660427.631	1576051.352	1755286.722	1044255.066	1389159.202	3413318.502	1078189.153	377585.0173	561345.0583
Com_25430_neg	Cer 16:3;2O/16:2;(2OH)					198567.0267	3178554.994	648434.511	194016.8669	316124.878	315131.7225	305611.1204	430556.0488	329542.654	328179.6104	222779.5675	403284.9787	229222.0279	285573.3092	2116140.603	6856757.054	334410.316	330992.6779	308104.9342	304064.5478	189667.6147	461390.4405	538132.8101	308573.4834	300516.6428	541462.3487	614183.1367	409337.3437	557310.206	2385399.281	344578.1841	292644.2392	437849.516	244378.4252	215397.1108	284081.6783
Com_25453_neg	Cer 22:0;2O/12:0;O(FA 15:0)					56766.24322	563867.3269	120132.3461	81835.48648	149578.8095	143411.7341	87544.82688	118406.8973	161808.8229	148572.5444	99275.281	365357.4449	92435.55159	85921.04966	137640.6298	144682.4839	134842.1659	176071.5039	125707.6187	142301.147	85028.97666	186043.5992	155540.552	96515.90152	3004232.243	166303.5365	249938.2748	390282.6843	449231.9499	234183.3188	150478.2436	127888.665	233190.4067	102933.8519	97673.43605	114797.0659
Com_25472_neg	Zeranol	Phenylpropanoids and polyketides	Macrolides and analogues	Not available	Macrolides and analogues	290138.0562	651063.5802	213484.705	498868.997	486334.0885	589452.2873	256723.4768	255554.1214	280082.7971	447074.8221	335342.7861	312218.7754	466818.655	566692.0176	2707215.495	2270158.38	413074.8003	460884.4675	357495.9941	337772.3205	343668.8944	366171.5326	342590.3308	472490.7455	473634.2835	351535.6656	354277.464	433073.5132	393679.9914	412397.1035	451938.7448	448184.7686	513571.3705	447830.2393	346421.8819	310879.4687
Com_25756_neg	Cer 15:1;2O/16:2;O(FA 20:0)					25179.72412	941479.9069	81361.37973	29492.35989	543293.0399	28875.12792	37439.87648	35860.07902	46287.18082	47803.59122	45223.35413	44061.34935	47279.38079	44219.9716	61023.16226	52915.82797	37323.2834	53209.93017	51094.65627	45374.13402	41358.33618	54995.67912	49797.20097	30676.97716	43949.83029	55754.52597	116143.6646	54770.22182	63940.50779	75105.8677	49714.85157	52010.50399	63688.98874	43927.93055	44795.30969	40294.07251
Com_25926_neg	Cer 22:0;2O/14:0;(3OH)(FA 16:0)					203997.9391	343339.6754	271986.5639	293680.6377	596030.2988	612511.4102	1311959.329	2036180.849	506962.7374	445142.6366	197777.0149	642481.2177	172114.343	181179.5687	308632.0088	358451.5489	404929.6191	471309.9414	304228.384	590847.71	327340.5505	467280.9617	402147.3557	161505.1949	398183.4189	397410.1201	604192.3763	508347.8531	476974.2025	688796.9935	638279.1186	785277.7365	815149.5234	255944.8796	173443.6351	276488.942
Com_26001_neg	Cer 19:3;2O/16:2;(2OH)					77782.17573	113432.78	102705.7787	87501.08777	149962.0632	110683.9987	96974.3333	114704.3003	130392.0114	145441.6841	103399.3312	153490.11	99698.1721	94628.97265	2342944.078	2793198.699	117487.6106	119305.8658	150443.6211	139809.8417	83903.41445	178558.6184	249475.9045	150672.4075	137740.8411	157731.2558	299897.6155	357115.1478	291587.0117	183985.702	168253.0333	142894.3654	213796.2082	95320.51148	105175.6	118210.0084
Com_26022_neg	"1,5-Anhydro-D-glucitol"	Organic oxygen compounds	Organooxygen compounds	Carbohydrates and carbohydrate conjugates	Monosaccharides	3109020.467	7811993.179	5876500.159	12656278.12	13571794.86	6805013.684	9255813.992	3350893	3970420.126	5964184.572	6262621.151	11760134.3	12519106.81	10746597.37	10708645.83	9207496.886	9889553.348	5129758.197	5095205.111	6501312.289	5254571.819	6880800.126	5116700.118	6461038.678	6891079.993	7973080.099	6773788.545	7169974.826	7486883.761	8685741.298	7714417.781	7197200.329	7044376.88	6010023.151	5931562.107	6812176.653
Com_26039_neg	FAHFA 19:0/21:2					25866.54358	49632.0062	56442.85854	37750.50934	46827.32384	1666172.5	44867.59144	43959.02014	57231.69636	51850.59324	48833.96646	50030.96587	51820.46219	37670.84385	52186.87366	69228.04724	38556.5929	51145.04316	47172.91946	52849.76282	44618.22757	62941.7578	46376.08743	33787.6569	56590.79253	57451.41849	55343.78191	167007.4886	180228.2262	72726.12107	68619.86669	64269.74524	135509.068	50195.25504	52509.54781	42122.65264
Com_26049_neg	Cer 17:0;2O/16:0;(2OH)					35313.65873	64659.28004	1338900.557	45576.77789	71831.38151	58914.93383	62987.4723	54245.32658	965410.4022	69988.48363	62684.8313	1192228.181	80346.43447	1979808.656	68705.34939	2905014.492	79794.0788	75969.46567	969505.9451	71118.46881	266631.6778	100055.9324	71461.99071	46203.92148	93149.07901	102350.8227	1485568.153	98366.82158	91208.66033	105769.6979	1339504.959	73417.04225	89631.32436	1607639.639	60483.43773	76660.37331
Com_26280_neg	LPG O-16:0					2268489.526	623611.9155	620050.0045	402147.325	2426324.334	208993.3998	388628.8492	479444.2832	239202.3222	191579.0391	220795.6829	2160548.665	160313.7477	153127.2215	1303648.972	2172665.818	1555508.164	842218.6954	171401.9666	2987598.514	273006.4872	4970170.753	271897.9425	284670.9583	5139289.352	4749651.178	1498027.003	2582074.709	3291780.507	4650752.253	912191.0101	193304.4665	667154.2678	1913678.08	516764.4158	1750219.774
Com_26542_neg	Tetracycline	Phenylpropanoids and polyketides	Tetracyclines	Not available	Tetracyclines	544260.9239	1791475.805	2881730.464	3976399.127	4135441.018	994148.5089	1834910.931	1925581.031	2709336.713	2186457.657	2377210.215	2911300.136	2237220.287	1862778.283	3056058.597	1396528.034	498308.0817	975930.3843	1332064.193	1502783.886	3391904.816	1395005.773	902704.3324	1227731.889	1653441.623	1802229.073	2533160.594	1908800.621	2640485.872	2295520.725	1249002.686	1599439.437	999211.5579	1944766.278	2120237.989	2156067.032
Com_26552_neg	Cer 19:0;3O/14:1;(2OH)					43726.756	1622499.622	606308.9293	58872.20716	2136720.757	747883.6767	286762.8229	952330.7808	890762.1471	1212129.022	76925.32919	1154704.943	142524.6603	464349.829	2943933.805	3160359.523	3128075.264	2385558.615	259240.2783	2683588.861	334185.7421	3487925.941	873619.1124	913808.3219	3613905.778	3273115.877	3088486.765	1819001.427	1748849.521	4658961.496	7291320.588	115807.5365	1656203.522	1191742.301	89505.00653	881087.4678
Com_26826_neg	"N,5-Bis(3-nitrophenyl)oxazol-2-amine"	Organoheterocyclic compounds	Azoles	Oxazoles	"Phenyl-1,3-oxazoles"	46639.59954	396069.9468	463921.2149	811978.8858	592297.9679	616028.738	2756162.932	2492834.11	1331942.837	1564668.488	3186158.942	2393701.859	345670.3497	3456146.391	471217.5536	730591.4741	926988.1349	739862.9002	1363240.498	964946.987	811899.1868	1696461.229	1051348.916	1682782.618	455248.6454	449902.9192	785630.1943	459777.5383	459290.8339	397881.1071	1794740.435	1614526.72	2018273.381	1591640.659	1947013.797	1656021.735
Com_26841_neg	SL 17:0;O/17:0					1335748.356	1288907.4	1405196.387	1526992.786	1571752.477	1857304.792	1232670.317	1201907.448	1346997.069	1300972.965	1331327.953	1743768.101	1441240.86	1549123.277	1391395.566	1708909.285	1414169.68	1331516.325	1139117.621	1941694.648	1267951.65	2151480.37	8571494.22	1148362.309	2175689.274	2307229.119	1568983.338	2056461.504	1498285.051	2180834.665	1808674.439	1620615.873	7464772.395	1502698.317	1337613.172	2216565.625
Com_27016_neg	Orotidine 5'-monophosphate	"Nucleosides, nucleotides, and analogues"	Pyrimidine nucleotides	Pyrimidine ribonucleotides	Pyrimidine ribonucleoside monophosphates	150435.8131	325046.1272	380670.5426	474682.5272	273231.2637	374616.3612	547019.9637	496598.5633	415081.3303	400724.1963	493865.7103	394483.9809	437788.2078	590686.8697	375525.229	356187.2404	460611.2256	451585.6809	412911.1072	317659.3588	342032.5865	391370.3716	385593.4025	637464.0671	2668929.381	2308113.943	3857926.744	772491.298	6058181.69	5579876.189	406123.6365	413105.2915	378731.1373	315065.4979	304279.0208	319288.4595
Com_27065_neg	Cer 22:0;2O/12:0;(3OH)(FA 18:0)					29816.86489	174869.2564	585525.016	37968.91245	143034.6116	2302266.543	746729.0211	79800.80738	273665.861	77697.7806	64064.23843	192084.2615	54447.83772	59359.42899	355670.0403	1112216.922	405133.7837	692068.5961	141561.0821	88935.47192	57349.0778	122183.8086	104778.9544	70700.51047	286537.0748	303602.529	396064.5845	127805.142	262594.1374	915284.1396	561938.6314	75245.29248	463740.2797	81856.29106	64580.99653	71815.23209
Com_27128_neg	trans-Petroselinic Acid	Lipids and lipid-like molecules	Fatty Acyls	Fatty acids and conjugates	Long-chain fatty acids	2172876.359	2090550.936	2238540.057	3483322.668	4965896.111	1440578.068	2032788.392	1495917.406	2413789.941	2694395.659	2475466.775	2597648.693	3394238.164	2339283.079	1695290.923	2795416.48	1575424.287	1585671.001	1735914.908	2258351.565	2956204.486	3119418.535	1240776.333	4795084.729	4068617.338	3403080.59	2504891.523	3601097.82	2615758.875	2711958.017	2273480.057	2824386	2772425.788	3804632.352	2737669.023	2397598.986
Com_27296_neg	Cer 16:1;2O/16:0;(2OH)					58092.81727	141192.6442	132783.0274	77910.23818	164604.246	185613.7867	107043.7603	1179670.931	172779.5663	142339.526	110266.5085	236201.3164	176290.0232	100322.6149	152568.7365	173033.9794	149902.9615	2720952.878	132099.3819	141451.1707	97540.74438	195865.7825	134829.4845	93717.50444	168852.3801	174958.3403	189581.32	202421.7094	196365.3253	331495.5269	196020.3539	267752.0047	190198.703	154546.6076	114359.0501	136285.1188
Com_27380_neg	Catechin	Phenylpropanoids and polyketides	Flavonoids	Flavans	Catechins	452321.6874	1213423.736	1755162.146	2410326.254	626172.9655	1455649.15	4825682.385	4532445.732	1541440.931	1999948.189	5597833.244	2563695.062	1499989.682	1229843.505	1801887.947	1565709.802	1182785.802	1491239.048	1952189.118	4450181.28	2709581.184	1539007.578	1997138.573	3219378.808	1590244.385	1240706.339	1871382.447	1771676.241	1825641.691	1625219.524	3028332.938	3741643.006	3959141.735	1307320.119	1370300.894	1334977.239
Com_27917_neg	FAHFA 20:5/17:2					63289.07766	151297.0637	325658.241	91238.95056	319102.1795	272672.5609	97604.3337	142357.6008	392369.7186	167050.6527	110682.6982	212428.7757	103057.0366	109052.9544	165130.4437	166675.062	158728.7093	170468.4267	156921.2725	160989.9694	97323.87063	223575.5941	197125.8897	107606.2469	146929.0025	258027.9012	278657.9133	769685.188	609289.6703	2579546.684	200303.4278	142583.9582	203739.4447	126303.9693	112072.1688	127988.0437
Com_27922_neg	ST 24:1;O4;T/18:2					5247266.227	10615556.31	2873166.464	2729006.928	5952287.8	6952854.353	5413443.208	3334213.001	10844512.83	14214233.93	9268621.213	8701073.856	8201488.707	6167726.953	6198667.932	7994626.144	7841466.961	7477498.187	5307417.678	8750004.797	9898200.722	10561188.71	5447738.44	11024217.5	7340205.024	7170365.145	5731361.488	6738217.399	7344148.643	7295965.229	8441675.613	8715388.345	7412957.08	9482067.459	9786441.685	8637906.647
Com_27954_neg	Cer 15:0;2O/17:0;(2OH)					136516.7254	328561.7608	260276.4218	1271130.821	446198.2004	529087.3979	196750.083	217714.9254	261424.3065	326331.952	1877987.781	338382.0544	333900.0231	385148.5507	370445.9816	362215.6686	310988.9146	767325.1885	400202.4438	469780.3875	230351.4507	354329.9546	554825.8952	295414.3893	437602.9225	1527729.722	2346062.922	558873.5058	556074.1619	510524.5168	447047.5143	336968.0516	484843.3885	203113.941	189504.2211	858248.6516
Com_28075_neg	4-Acetamidobutyric Acid	Organic acids and derivatives	Carboxylic acids and derivatives	"Amino acids, peptides, and analogues"	Gamma amino acids and derivatives	458241.7796	1692793.174	2662047.403	3938352.489	2709591.167	1994715.945	2759320.66	1913758.5	4776375.766	5077870.236	7395872.964	6002750.716	2852467.279	3858535.338	4033638.918	4809534.367	1721096.871	1114735.472	2216380.7	4984129.466	642592.8335	2236579.72	1000413.909	2395142.029	2241348.065	5945208.322	2431693.187	1955260.249	4903048.398	1958211.795	2860877.489	2691742.171	1827385.065	3040463.305	1549171.57	2262548.516
Com_28080_neg	LPC 15:0	Lipids and lipid-like molecules	Glycerophospholipids	Glycerophosphocholines	Phosphocholines	140244.0561	1327252.887	1643576.147	205087.3048	2346875.549	767352.8525	283091.8049	200901.6003	291765.7289	358578.643	271986.3669	248418.8443	374867.8736	639152.9802	2155187.785	1845685.155	614135.4685	412809.4538	259281.963	285255.1452	166437.9605	362848.8291	292620.8261	191854.6005	4021301.871	3608362.556	3102739.126	2157932.702	2323549.29	2285051.662	296331.3722	295852.7393	687788.3098	209175.9942	227013.5243	232517.4015
Com_28121_neg	MGDG O-15:1_16:0					125989.049	542702.1012	419487.4215	202350.3164	653697.9627	817687.7532	278628.6244	467691.0578	865226.3107	607582.1162	297199.7768	977966.1633	224591.0627	667523.0647	1151643.508	469968.9096	1160279.451	663146.1433	2682940.794	394040.1494	293500.0375	730091.504	647054.0633	253801.2569	5207856.905	2174259.395	918364.5723	5537998.116	639206.8745	987342.152	1089342.167	564228.2144	894208.8498	760662.4306	4041050.477	388623.1248
Com_28131_neg	FAHFA 18:2/17:2					40926.22109	507658.5104	612333.2575	927976.7936	983050.6576	383763.3967	94733.0548	183272.3967	302907.3213	271801.6149	71573.55971	595079.6698	66642.38474	221486.9192	572514.5849	1204553.832	87894.98675	128246.0297	904181.2703	323813.5814	85015.46775	557661.2474	1221730.69	628420.2526	1482893.494	1180317.764	1573639.842	1515006.703	1835391.945	2300729.775	325178.6995	216186.3881	887535.4744	307967.0951	101005.8939	383339.1497
Com_28163_neg	11(E)-Eicosenoic Acid	Lipids and lipid-like molecules	Fatty Acyls	Fatty acids and conjugates	Long-chain fatty acids	48412.15306	1457301.312	222434.3403	54402.93145	1957670.436	665866.2043	154171.8995	112813.7032	345576.5391	526565.5224	163072.6208	2010771.058	135666.8777	1044832.246	392841.6046	377663.1245	2163871.036	1027939.387	215331.1812	838860.6432	222148.9903	3040324.702	575169.5411	222632.3081	1785016.119	1277292.787	925621.1934	405228.5565	493183.301	752497.146	203744.7196	209737.0997	642482.7167	750786.3096	250280.8959	450619.8207
Com_28176_neg	Cer 18:0;2O/16:1;(2OH)					545263.2364	534279.5504	415963.0397	478849.4745	581311.8761	739861.6368	477608.849	1665464.515	628541.3825	652138.2655	647375.8009	618217.9341	475541.1826	415578.4683	521387.3556	527868.5188	438604.5768	359715.2181	543952.4737	639532.8704	606633.4158	810360.1947	629399.0987	550135.9026	593643.3779	524301.7618	540968.0898	3987339.871	1347454.012	862545.3332	673600.5432	639549.8238	646480.1583	632609.5801	622889.0933	645116.4324
Com_28255_neg	3-(2-naphthyl)-5-(trifluoromethyl)-1H-pyrazole					1590573.909	7970056.282	13373796.44	9023348.038	7417508.146	9388383.115	24778082.92	31179832.98	24140723.26	25090923.66	33786737.8	28681672	11689931.41	15853133.8	6693560.747	7007067.245	10715492.09	9897014.383	8867993.631	11092123.04	11474138.53	17842370.09	7016116.5	11998062.3	6098822.839	6181265.047	6960545.11	7435439.118	7637768.131	8352966.768	20091860.49	23862642.09	19403920.66	13775210.88	13728870.62	16520275.19
Com_28425_neg	Cer 23:1;2O/13:0;(2OH)					290580.7701	477645.1052	486271.9801	357986.3405	566062.8258	925800.0006	435521.7223	437435.0701	580875.4365	805715.3752	470937.8551	533799.1604	497975.8156	8084566.806	634187.8075	558425.4911	385454.246	1063285.073	514126.6103	517726.0664	410022.9453	636737.0935	565280.2071	416901.5419	1323886.616	643190.9164	769951.5009	2247420.026	1958238.659	791371.4907	671694.2005	640421.3563	2234431.009	713533.9593	457728.6398	429904.519
Com_28691_neg	N2-Acetyl- L-lysine					574760.9465	4399034.778	2664006.164	10302351.62	4258411.88	9543448.785	1976591.383	1792834.603	2347376.591	3408540.935	2045980.842	2786370.727	2994068.921	3192114.643	4021568.546	7979901.293	3460564.437	2984556.889	2924803.424	4167765.708	2644300.243	5117239.348	2257840.03	2749757.419	9081736.977	8430717.653	8003058.403	8542986.397	5687672.513	7895490.609	3866308.397	3637357.205	4446477.091	2799729.444	3676055.553	2857507.536
Com_28715_neg	LPA 18:2	Lipids and lipid-like molecules	Glycerophospholipids	Glycerophosphates	"1,2-diacylglycerol-3-phosphates"	107814.632	761558.2961	589779.5825	139723.8904	4234214.745	495018.3943	1105684.573	1303055.546	305385.7957	406443.8961	329835.4585	1644233.275	787728.9698	927279.3821	3080480.302	4752088.264	1103038.323	1059786.147	2291850.578	873046.8558	152320.7312	884442.3489	1836582.128	2660978.094	1420378.197	2138450.813	3312859.823	3874940.465	1771316.199	2108348.905	556360.9973	298377.8969	534427.1944	455105.0544	495514.9876	429706.1049
Com_28748_neg	ST 24:1;O4/20:5					1223737.292	328434.3647	311886.8967	238817.2756	418861.3739	3274529.592	247365.1864	288540.5219	380298.5496	554019.322	291552.3292	319418.8825	268981.5481	301888.1268	384155.7676	357501.467	251623.8212	249017.5931	300261.5895	346890.2362	266915.9751	424275.1426	351635.1015	354988.9623	342339.4081	380769.2358	469836.2559	422537.9159	486396.0787	533804.8181	557946.6986	379706.8766	436424.8767	260602.3372	301381.0206	292779.9558
Com_28822_neg	Thymopentin	Organic acids and derivatives	Carboxylic acids and derivatives	"Amino acids, peptides, and analogues"	Oligopeptides	259812.3427	206361.6004	2376446.293	1486458.663	175439.678	209615.0731	3780912.408	3362532.196	1676272.344	276717.5712	675446.0926	829195.9061	318040.5397	503944.918	381462.2731	308176.2933	792899.7359	521242.9922	1485877.669	987295.975	1883607.813	320044.9887	1244886.529	324772.3503	226010.1116	213605.176	230413.3374	236505.5638	269675.1835	235617.5986	311208.0877	315120.6133	326623.4789	992859.7416	960762.7823	645642.4679
Com_29125_neg	"3,8,9-trihydroxy-10-propyl-3,4,5,8,9,10-hexahydro-2H-oxecin-2-one"					2016080.892	4834253.938	8282209.955	7152473.073	3396677.364	2806924.796	3497555.185	4133377.049	4732208.536	4666469.774	3255682.89	2541994.735	5503407.625	7309235.03	2972901.947	3843701.724	4699743.744	4944870.323	3224629.291	3328534.649	4736027.267	3155588.776	3520322.961	2171002.247	2250772.081	2343450.805	1886681.311	1866766.507	2062456.478	2217934.453	2434587.248	2213274.677	2098207.57	3526876.695	5552523.369	5221229.8
Com_29203_neg	Cer 18:1;3O/15:0					32034.81066	101293.3357	85084.06723	40793.25327	136715.5235	133964.7387	60932.16088	77979.39824	116335.0983	83477.37763	68829.69607	125375.524	155517.1681	63774.9165	108924.0819	120696.8735	1234113.693	138329.5959	75007.24406	93825.22337	61615.0241	131272.5261	112573.0011	62312.85897	91869.89078	118731.1735	140355.2034	123956.0893	119030.1308	175641.4454	96237.89188	80842.45968	121564.8285	87945.22144	69384.89353	77157.25215
Com_29278_neg	FAHFA 12:0/13:0					127551.8613	471608.1309	176385.4578	179548.1806	934948.6931	606975.3655	1719010.206	739810.9317	1561815.313	1226523.621	799448.0198	2084831.728	617847.1284	1216620.329	410402.5649	367090.82	1510843.215	901287.2375	1220260.123	1434050.66	836564.9953	2411467.42	824684.0574	548935.3162	646153.4089	5239980.868	2071194.358	1077574.394	1613771.58	352119.9674	1371432.433	959812.3682	1739846.441	1550111.875	1170354.757	1397891.338
Com_29302_neg	Cer 24:0;2O/22:6					1605297.199	351781.4293	2984352.79	907947.2287	487454.3181	3177735.593	1375629.535	278873.6599	484794.6634	3217472.087	3063764.805	667000.0302	261489.0082	284028.1688	378282.2331	446318.1838	1136271.204	990389.2079	7812758.221	1521807.984	3722480.48	1912660.261	3777456.888	523919.3468	2543820.494	4254593.081	1986971.286	5861464.183	2257813.037	2266068.118	4476668.12	5683702.764	1396889.998	5350601.945	4107456.059	2455440.047
Com_29427_neg	PE O-18:0_20:4;3O					6898812.608	6115431.829	4206256.293	2967320.616	6816608.177	12222012.05	11504310.14	10951255.64	36286042.62	4447123.281	15973245.57	28281931.27	10735714.97	6028325.093	12126753.97	11222732.72	10952114.8	10694294.83	10206143.94	14483328.11	9688839.191	15722843.38	9918522.622	11148126.46	10699190.56	11117193.52	8137984.349	10193640.56	11496829.82	11465935.01	15889623.39	13466635.81	14557547.18	15581084.22	11298029.41	9944211.017
Com_29441_neg	Cer 14:1;2O/18:1;O(FA 16:0)					40607.54723	96077.37385	1734604.487	47625.30413	112008.269	904008.081	204265.7413	79549.45041	117571.3301	147928.3011	79735.93665	160727.9353	78362.10932	68266.54059	103818.4646	1082589.899	907833.5472	944274.0386	179203.0998	96241.05935	63285.0202	133280.8101	91747.43383	116089.0292	392076.3064	486496.5439	626263.1945	154283.8948	283860.9357	690976.4435	257164.9383	188179.4951	129424.5319	191167.5602	77817.91515	92737.9495
Com_29802_neg	PG 5:0_16:0					1326267.284	1395012.383	1379601.965	317644.1725	7146796.947	2088019.575	1401656.234	1672452.462	1478105.604	2657905.685	706934.1884	2046018.681	678795.1389	1019259.848	3471492.02	379741.5362	2531616.097	2042304.517	1283947.599	4321187.121	658878.2334	3468056.709	1589044.346	1610761.094	5717836.451	5198457.211	9827184.094	4569815.459	7174199.035	8566837.101	4902181.924	2081809.943	3928346.729	1209617.362	1321030.21	2506893.3
Com_29919_neg	"cis,cis-Muconic acid"	Lipids and lipid-like molecules	Fatty Acyls	Fatty acids and conjugates	Medium-chain fatty acids	1108208.619	2057762.828	3419501.866	2266391.671	2429193.556	2229369.45	3150040.176	3388987.49	4579222.193	4795759.003	5735004.276	4980461.211	2516547.075	2632351.513	3033113.914	2597484.732	1367018.781	2604770.362	2110517.292	2763412.619	2734210.811	3092292.478	2038692.1	2362523.553	1730142.978	2023579.432	2016543.17	2417156.504	2257163.125	2432979.439	3431765.373	5144371.997	3690814.797	2744795.221	3110343.943	3176998.913
Com_29949_neg	Cer 24:0;2O/12:1;O(FA 18:1)					68404.66934	203264.8846	170737.818	88749.97187	274346.4309	302067.3414	124805.0568	161137.6201	233449.1225	167513.6811	138120.2439	251590.5045	125452.7049	127976.8403	218577.469	242201.8775	238977.1107	277585.3826	155840.6773	188278.657	123642.5939	263423.9923	225899.739	125042.936	3826229.307	238257.316	281650.1603	248742.1313	238857.2323	352458.9047	202399.7361	162226.203	243943.5987	176479.2834	144103.6604	154831.1135
Com_30154_neg	PG O-20:2_15:0					974968.5717	3472702.763	3783744.06	1376742.291	598759.6714	2111682.36	243505.6516	259822.2355	506755.8231	590652.0224	286649.1629	402711.9812	378549.8319	509480.3844	1825550.049	382361.856	321489.5494	315710.7682	378309.9233	388012.0354	234516.4543	479472.363	436252.3571	397153.6509	690076.7221	666987.0028	621938.0489	603892.6209	560006.3613	1642296.734	624218.1924	428194.3039	612709.8906	10203635.67	297848.5986	350744.7953
Com_30213_neg	2-{2-oxo-2-[(2-oxo-3-azepanyl)amino]ethoxy}acetic acid					1337926.055	697993.9646	1223124.54	618247.5929	607529.5902	3009612.694	486982.035	453935.4295	7364087.95	645329.8088	2777615.214	2363713.059	579556.5454	475350.669	721015.3769	23517201.19	555629.8195	522212.3928	477438.7116	814473.5497	635096.5355	965895.6808	518185.7954	546869.1326	912600.1546	800036.9796	704129.9385	902470.1158	691425.2746	687850.3131	644587.2724	623209.7713	677890.7153	3375245.797	5208866.707	20971077.92
Com_30342_neg	LPI 16:0	Lipids and lipid-like molecules	Glycerophospholipids	Glycerophosphoinositols	Phosphatidylinositols	125422.95	1000639.786	1452061.793	659377.845	1460111.439	838465.5764	425523.0988	564049.9289	2824648.687	921571.0925	634869.7708	1314553.396	325577.4457	400952.6445	1109406.997	1616834.727	604212.3835	506739.9578	1005590.406	1040335.819	679886.017	4115940.387	1339006.008	1283762.963	1721615.354	1620549.648	3091623.227	1947216.993	1947429.569	2887179.551	1175077.105	730632.7858	1566261.89	604322.6052	592569.0179	714425.5075
Com_30611_neg	PG 15:0_15:0					545148.3583	599952.4037	1024641.585	231272.4936	498349.9115	1013304.299	252540.4292	245564.0275	440492.4893	318433.8672	295639.0052	593907.2529	838714.4799	302461.6678	409112.2378	355331.0788	260915.8278	348099.9471	1933652.058	353976.4735	2872155.54	8205041.518	330994.5932	249015.9483	301054.9682	371101.8038	594025.4347	360959.92	417998.808	1917196.236	1407585.955	364748.4613	1705797.31	786494.0183	320003.4722	556249.2814
Com_30801_neg	Aldosterone	Lipids and lipid-like molecules	Steroids and steroid derivatives	Hydroxysteroids	21-hydroxysteroids	46623.75446	1645169.301	121770.6008	159972.4021	105769.056	103862.704	145157.6281	142875.6282	135187.8402	134422.7419	178576.4905	144487.3209	117511.1371	129970.579	152652.4465	120295.5173	104871.1322	108021.5581	105044.5195	115382.7977	115222.1635	127772.9633	93821.84988	151323.8293	1597509.288	2072515.143	132188.452	132901.2645	126588.2029	128400.9571	130072.7714	145079.0432	130412.4218	152707.7941	174799.8891	149596.4819
Com_31014_neg	N-benzyl-5-(4-chlorophenyl)-2-methyl-3-furamide					102635.3867	212934.2633	249666.9625	335905.995	235584.7549	187839.1575	310283.193	291124.8973	270510.0285	270432.5853	354595.4976	321823.8999	255233.1641	260029.2636	311299.7825	267940.275	215466.1616	217695.2005	205368.3185	250620.5568	232653.3084	257433.5125	189273.4552	277377.9846	297170.3289	302568.9351	294430.0085	296017.6917	281956.2911	285993.9301	3754644.449	295150.2664	3425485.126	1217776.909	4190848.732	2242044.802
Com_31121_neg	PG 14:0_16:0					202967.8417	310895.8846	280674.6629	285707.3689	739974.2346	470767.7612	472597.0825	668536.755	365479.0083	482902.7759	388643.1676	613992.2344	389583.8321	483746.2014	551279.4327	963779.871	476311.9597	474432.8105	463154.1365	505986.6539	275401.0934	709525.7399	556342.3328	254197.2651	2675069.38	378631.1112	368142.8281	3200025.184	350552.1753	383951.4415	491306.0918	407569.4648	483820.6553	387794.4293	326422.1455	380660.1131
Com_31496_neg	DL-¦Â-Leucine	Organic acids and derivatives	Carboxylic acids and derivatives	"Amino acids, peptides, and analogues"	Beta amino acids and derivatives	665.7580204	1457.104362	1535.656367	1120.083443	1786.610292	324958.3253	1488.637828	1346.850491	1325154.875	1852.775197	295927.1318	1423812.609	1812.350218	1568.205004	1973.07961	1740080.425	1531.98582	1294047.864	1623.291467	1082732.193	1519.598864	2156.187687	1720.979459	12339.482	1947.312091	2137.193362	1802.081178	2302.81985	2064.433876	2175.473436	1993.206122	1540860.895	1524678.358	1156206.017	1659.652857	1105335.627
Com_32029_neg	8-Iso-15-keto-prostaglandin-F2¦Â	Lipids and lipid-like molecules	Fatty Acyls	Eicosanoids	Prostaglandins and related compounds	3663554.594	5397571.777	9457453.364	3668539.519	7055181.324	8865100.81	542776.2233	867768.3344	2214567.604	2354816.33	3475252.387	2390539.063	4010516.476	661897.2628	4146600.311	8004952.638	1372505.283	892242.4066	1018999.621	4050276.806	7384353.718	2773415.271	620193.0968	1504836.234	6975893.237	13873266.48	8798491.823	8941792.68	8779023.254	8266679.269	4727609.018	2651820.085	5760470.756	2757198.998	3665354.59	2228830.388
Com_32128_neg	Cer 17:0;2O/14:0;(3OH)					921343.026	120986.676	560628.9004	1230762.679	1394168.556	3083212.087	2595083.34	138912.3281	1216300.168	1020526.941	551155.2984	191711.1199	124448.7854	143585.6998	280230.3293	5839846.07	145450.5297	2265896.669	2181772.216	174275.4081	120389.8571	206212.8859	1147453.744	1587521.859	3296747.336	7425401.268	5155323.979	10677427.06	4983867.339	1673148.901	1885024.742	794209.8551	197384.7886	339754.9677	982271.8141	184488.5322
Com_32712_neg	Lignoceric acid	Lipids and lipid-like molecules	Fatty Acyls	Fatty acids and conjugates	Very long-chain fatty acids	61758.58901	98807.91204	107518.8714	84493.99775	243690.1233	106768.2304	144350.2475	123783.3053	221942.8306	207206.5354	123821.5162	190112.2212	502084.9155	494538.6645	1259564.386	677220.2086	175571.3155	170716.0437	244492.1277	370684.544	277393.4491	480625.3546	279654.7491	582696.0174	145772.4939	127984.1694	138795.3997	141414.1436	147100.9962	156606.2752	184672.9181	126203.7155	162797.8611	204400.1083	183049.9976	112268.7165
Com_32779_neg	ST 24:1;O4;T/14:0					153520.8711	324889.8315	242205.575	294283.2962	342311.5555	392831.6049	179181.1711	218460.2837	286219.9657	312399.7672	192295.6007	357597.6581	247243.683	319162.9066	303414.8225	298127.1022	285959.6724	4102607.927	306259.3493	265604.1776	227314.1014	347973.1656	558316.404	235562.0571	443344.5258	408069.597	472361.7329	536965.8178	440691.2462	419293.3283	376561.2932	265196.1583	394195.9878	207379.4017	188574.2971	224547.3314
Com_32825_neg	Cer 23:3;2O/13:1;(2OH)					163484.0714	317797.9473	1701293.93	273313.2548	395938.9917	1440105.392	1775359.243	282313.9019	518112.5599	324823.6268	202493.4033	478104.3362	163181.3852	220167.5691	337397.003	1572535.859	340554.1254	1074725.193	345099.3307	261574.5019	194729.8327	405187.7045	468935.3017	202652.2086	1165152.592	896996.0797	2122707.148	2598048.807	1265951.196	804825.2102	811472.7305	296384.8687	417608.4727	379861.5161	182863.4065	227828.7626
Com_32857_neg	4-Nitrocatechol	Benzenoids	Phenols	Nitrophenols	Nitrophenols	393529.5527	3031848.489	1814085.452	1144058.333	4719704.858	1276552.268	1358681.522	1479482.157	2334417.991	2410870.71	3294215.679	8136334.552	2025037.277	2159118.445	2306855.152	1666068.224	2403071.451	2221716.334	1490854.749	1844995.399	1574559.337	1616157.207	1183263.753	1544459.799	1777855.466	1868121.818	2323339.196	3144491.056	2577388.806	2452876.598	1664549.438	1991947.982	1463492.499	1963246.36	1600098.225	1976650.083
Com_33186_neg	"2-[(1H-1,2,4-triazol-3-ylimino)methyl]phenol"					2442699.236	9040415.684	18524595.83	15016288.96	7000702.07	10987814.31	25254099.23	22441474.97	17896086.64	13345932.91	18657604.03	15178794.55	10142352.56	11481199.12	6540911.248	6537430.61	11664452.97	10834098.01	8182447.986	9894535.643	11916865.09	10276381.2	8922517.135	11782185.34	5753986.975	5497642.361	6195909.041	6105901.44	6750019.108	6417078.088	11485591.13	12921554.79	11569592.57	11655053.42	12511597.73	13748342.12
Com_33272_neg	N-Methylthreonine	Organic acids and derivatives	Carboxylic acids and derivatives	"Amino acids, peptides, and analogues"	L-alpha-amino acids	384009.2698	1185287.547	1316278.339	1097293.271	1426217.372	613652.2935	474845.0011	600137.6397	1030378.449	1254151.008	1298838.199	1435296.572	879056.8793	1703197.73	1073928.256	688525.4087	1457030.619	1082749.075	489140.5401	420464.3209	433236.1839	701569.1673	485845.5501	405435.4848	1174826.456	1520234.86	770988.6485	907760.7512	1277212.431	1307446.186	879843.7998	1196232.502	591605.7441	789393.7929	777357.7238	826123.964
Com_33462_neg	Cer 19:2;2O/12:1;(2OH)					83671.03498	8278758.886	2176068.816	129740.0743	4801071.886	1969516.795	184779.7908	274142.2559	161059.6642	218406.1428	178542.2032	280283.4851	178974.3433	222232.4223	2126205.629	1365944.687	213340.9304	217953.8618	212772.4525	229796.7105	126518.9306	325955.2704	347213.1806	230688.1638	786400.1961	1191361.606	2415202.888	1429754.869	1312898.443	2240251.765	225705.4269	187236.9213	222266.6264	172279.7832	149957.9405	174874.7975
Com_33521_neg	2-(benzylthio)-5-nitrobenzonitrile					188530.4008	351509.2845	1149151.057	886939.9073	352916.4322	246422.3481	2175954.022	623026.1238	222528.2612	2673382.466	2107344.217	782930.1964	465842.3748	410719.8084	440642.1846	392097.5964	271519.907	255660.715	319205.8433	2079872.048	2735998.555	1987641.449	255664.6868	695873.3393	509455.2242	402169.6701	403265.6821	398972.6154	1409184.013	1177877.355	308641.769	211337.3857	2166226.232	798999.1488	950981.7916	1454970.744
Com_33545_neg	N6-(2-furylmethyl)-9H-purin-6-amine					713251.8216	1374460.542	2702242.283	3507820.899	1247916.96	1516557.291	1929837.846	2089980.098	4103994.179	3244815.154	5529578.027	2993180.518	1498822.063	1222099.652	1609792.174	1319022.584	933397.519	994533.2117	1507794.374	1899804.026	2204103.465	2252320.07	1077863.314	1338256.6	1179912.346	1338411.334	1468484.448	2138638.821	1255997.014	1435094.231	2063502.756	3144198.546	2205656.039	2035125.13	2768597.849	2190408.262
Com_33676_neg	Cer 20:3;2O/16:2;(2OH)					58438.81794	203376.6043	136470.8471	78605.94902	165584.6285	186719.3019	107681.3127	130152.6835	173808.6409	143187.2998	110923.2555	237608.1308	98195.08347	100920.1361	2649459.975	2794018.205	150795.7832	159900.7586	206529.6998	147582.5675	302732.0762	197032.3586	135632.5285	94611.08952	346985.357	813587.3252	969860.8552	779367.4405	198192.8577	570099.2341	304019.4739	140141.617	191331.5259	378847.9614	115040.1723	137096.8326
Com_33702_neg	N6-Succinyl Adenosine	"Nucleosides, nucleotides, and analogues"	Purine nucleosides	Not available	Purine nucleosides	114060.6719	232036.7655	273274.6571	337813.9014	184093.9309	694196.6987	1161726.07	339308.6844	313844.317	262185.1312	376374.1069	303545.2304	250220.2295	456582.1924	288956.9607	274076.8781	315191.6435	272032.4167	277064.7382	236687.7335	247127.3412	253212.5657	253919.24	468463.2868	178252.0894	173406.5966	2410216.946	193057.3195	235665.4615	222259.576	2509401.657	277338.2266	281772.0206	220296.052	234134.8444	245684.2196
Com_33897_neg	FAHFA 17:1/20:3					39495.33	1034769.719	104899.1158	50293.5078	930463.9883	1784574.386	94152.1528	655820.6234	828298.2569	171478.0446	183992.2344	1840101.037	144520.5237	149979.7953	770155.5112	2000962.002	1749817.859	2420429.895	376931.0547	102367.2829	75964.41683	538110.6541	1199070.831	296215.6204	1669551.388	2241095.543	1671982.272	1081730.728	1377971.036	3690019.18	124351.7904	99669.68924	819047.8399	108426.5982	85543.79474	298890.7638
Com_34197_neg	MGDG O-16:1_16:0					174101.9237	897795.3756	638348.0271	324375.9137	317320.015	361569.6457	365190.8789	524640.6765	374125.9266	480288.6725	4881772.319	612046.52	1201805.194	498579.2354	1160379.417	2275826.465	579524.1632	667692.3802	437130.1632	1504545.515	276792.9788	642543.0145	509805.9579	240978.5783	347112.0374	1921069.787	379431.134	390208.7496	2321426.894	395724.4845	506370.9336	2223301.43	1147561.685	978316.3354	6086548.931	392332.2346
Com_34252_neg	PG 3:0_16:1					3755973.81	726332.4087	509255.6856	848902.3651	1559636.58	2832515.653	328308.0712	539836.6043	949214.7433	833465.5042	357186.2954	1202953.588	658466.5777	339232.6596	577869.0056	671148.9225	758172.418	744455.2469	569623.8523	740156.4628	462008.9766	874916.3309	752963.0302	302395.227	1190086.556	897327.7491	1131263.245	951808.173	803193.0858	1235486.054	1195085.763	584725.5071	1223749.633	474956.796	324748.2378	517685.7405
Com_34362_neg	SL 17:0;O/17:0;O					89498.90125	231823.4137	141686.0918	84485.17057	166966.5899	97626.41645	111091.6311	107787.5773	133577.9369	146099.7561	129158.5749	142901.3975	136981.0534	125008.4176	156232.5758	148847.5096	117581.4191	139607.4192	147129.2541	143363.5906	1684009.891	179661.974	134787.9423	96794.91969	148887.983	164772.6677	164715.4166	167005.8034	182346.5076	176126.9507	159632.8223	164302.4927	187435.1897	220664.4785	140461.9371	128455.6148
Com_34544_neg	HexCer 26:2;2O/10:0					203958.3824	428038.858	364800.4235	213619.6841	533286.2446	657292.2093	236117.6737	380245.7543	697840.5946	437501.6752	272736.3278	643953.9206	219787.3661	296541.4838	405356.7826	407739.4349	458688.9254	467262.7768	464810.8168	352312.065	262279.6527	545743.2429	631604.2402	324077.4186	4942980.841	2221724.638	1419435.959	2620755.589	1990211.387	766318.5582	683971.4237	399197.798	562472.6507	331704.2877	347571.0791	306860.2683
Com_34642_neg	Kaempferitrin	Phenylpropanoids and polyketides	Flavonoids	Flavonoid glycosides	Flavonoid-7-O-glycosides	52866.92758	258660.7985	231817.1265	184852.0991	242714.0857	182110.6891	133670.5542	159909.7702	145227.3365	146283.1796	169934.4185	209441.459	356517.7058	272200.6586	318157.9928	252612.9341	174929.5099	170323.798	153384.8682	128556.9455	1349158.747	164461.9759	143929.2439	113452.8421	226686.4728	275578.8145	259808.0888	268197.167	233393.4119	252588.5727	188469.6888	136156.2978	176259.9834	136376.8721	163166.3855	156746.9156
Com_34643_neg	"D-Fructose 1,6-bisphosphate"					274222.3917	1019464.109	768673.9462	286069.7596	1590995.655	867599.6141	500606.368	493437.1217	834848.5802	1582784.802	406831.2039	926444.2485	990070.6071	1070869.796	1349770.725	8799295.829	875400.5296	1070185.5	784183.2641	698810.2841	1063694.926	1676130.71	785700.544	336007.6424	1213451.473	1366416.048	1659347.814	2045355.942	1667139.993	1431587.762	1068883.901	1407816.276	1398866.093	933230.5589	633043.5209	583540.1638
Com_34813_neg	N-Tigloylglycine	Organic acids and derivatives	Carboxylic acids and derivatives	"Amino acids, peptides, and analogues"	N-acyl-alpha amino acids	30795561.67	21896981.04	147897702.1	605092437.7	21977053.41	4800423.63	6197644.647	5342922.865	9383122.807	8624831.88	17876284.27	17789945.73	93727092.34	58060268.23	37657115.3	26018110.72	30207505.65	32741314.93	5823323.454	18456052.73	16534432.63	8833816.379	5522472.938	5615668.41	54337109.17	50152481.98	25073718.92	22002423.73	67575550.97	64036890.5	7836616.257	7831903.699	8440709.557	6446662.366	6727613.634	6933155.215
Com_34860_neg	cis-Aconitic acid	Organic acids and derivatives	Carboxylic acids and derivatives	Tricarboxylic acids and derivatives	Tricarboxylic acids and derivatives	64021.95076	287495.3642	417920.4603	1595968.538	310168.7436	595062.3319	701359.5098	1305956.085	229547.5303	320219.2475	676930.6535	1180015.719	1019943.799	1453525.646	950018.2361	1108476.824	650796.2398	407631.9022	457067.7457	559335.117	334026.8429	936414.1256	365897.5591	385136.5582	543961.1832	598807.224	641403.1667	498223.2621	704252.0628	757850.3788	455162.3856	584662.884	471571.235	465930.9194	477477.8323	560911.5439
Com_35090_neg	Deoxycytidine	"Nucleosides, nucleotides, and analogues"	Pyrimidine nucleotides	Pyrimidine deoxyribonucleotides	Pyrimidine 2'-deoxyribonucleoside monophosphates	127450.5708	643494.4444	576068.1133	289099.8271	1826306.941	1741898.588	1571699.003	1249033.886	1927363.775	2937263.192	2345240.816	982059.4558	1020998.09	471686.5992	1178420.503	1574995.735	547946.395	519068.5658	1241799.926	1933402.005	1195450.317	1810800.101	1077906.317	3956437.546	2346121.614	2569721.463	3043620.251	2889913.615	2866172.47	2804855.644	3891558.025	3514168.846	5121101.489	2358299.851	3843446.03	2926818.353
Com_35100_neg	Cer 16:0;2O/20:2;(2OH)					442608.9657	1551075.697	451900.7143	2705340.68	650378.6803	441017.1179	2012107.538	1181897.113	550443.1898	488237.7229	554508.4176	437429.7391	1519425.844	486452.1238	506608.7724	495353.2885	1035457.75	398281.9288	547302.6536	1006116.297	770916.1972	520807.6254	612297.3118	431392.2257	1548715.119	1023898.585	918135.4723	6353804.093	5201317.545	3214361.795	678031.9777	8844174.259	648920.4527	371056.8456	323526.0953	380982.4675
Com_35127_neg	PG 4:0_18:1					451271.2459	420915.8813	386431.8669	135265.4874	4552388.876	1314606.844	177177.8505	172283.3318	213505.6061	391113.1007	207415.041	228407.8509	221346.2396	212201.6991	1531129.938	242781.7855	467906.0357	244045.1413	235165.487	584424.9699	200960.6251	458906.9254	232219.8895	148139.7251	1292295.717	1195665.79	2168673.157	1871169.572	2632467.398	2534283.729	887633.3755	262614.5013	485463.5582	218797.9712	224508.7155	205318.2923
Com_35187_neg	MGDG O-17:2_16:0					183399.8095	614169.3972	413323.4995	205912.8755	510159.2441	241923.27	259088.8691	278083.9266	311841.145	355379.5126	1341170.294	333275.8832	780489.9217	309629.0624	418806.9169	732980.9863	368026.0825	356092.6637	343136.1273	336906.1438	293226.9165	419009.2199	338838.1288	225745.9543	356787.8059	1560417.802	5464887.728	391264.2008	1896758.589	580625.2092	374517.5014	394268.1635	437137.981	319253.8559	2088795.984	408174.7686
Com_35220_neg	LPA 22:1	Lipids and lipid-like molecules	Glycerophospholipids	Glycerophosphates	"1,2-diacylglycerol-3-phosphates"	389961.3055	610111.6537	258199.047	2783583.644	384835.7267	438153.2491	432590.5181	882459.546	856634.5154	889656.2187	355743.5191	562016.2051	356604.5539	442795.8353	504612.2041	567213.2662	448272.7854	451551.9251	423946.9419	680876.7206	357351.8007	649462.5524	655097.8601	375643.0102	365834.9871	483578.3561	747677.9913	429402.3279	678443.5301	458696.7453	449715.7615	373067.6563	533017.641	354966.6287	312707.0298	358724.7461
Com_35228_neg	DGGA 14:1_18:2					199637.7641	344287.5893	462157.3831	320921.646	597675.857	614202.4705	168911.1446	289115.4289	1105937.569	1534611.293	191295.0478	644255.0206	152038.6853	196374.4149	309484.0996	359441.1847	521076.877	1209224.053	459255.7903	312785.1691	172445.497	468571.0607	403257.6296	161951.0887	637761.9754	398507.3151	2296466.512	2455497.964	593816.0459	2739134.196	1768914.726	313156.1743	886275.9725	1120084.763	173922.4893	277252.2902
Com_35413_neg	MGDG O-16:1_18:3					296168.4902	1103730.348	626105.9059	142759.0844	528841.4566	331167.2859	190984.6903	664195.0207	1554929.226	273162.6889	196734.6338	421424.2394	206089.5108	1426063.769	281445.9667	308722.7212	267452.9613	283601.6399	235688.2781	261753.9688	174029.6567	349458.6299	265388.3062	174715.3764	301262.0205	331625.552	963762.8915	361155.5439	362571.3497	1890584.018	349734.4122	1290266.101	4363187.398	275738.0337	224894.0391	254006.7721
Com_35437_neg	2-Amino-3-(4-hydroxy-3-methoxyphenyl)propanoic acid	Organic acids and derivatives	Carboxylic acids and derivatives	"Amino acids, peptides, and analogues"	Tyrosine and derivatives	754589.1374	6283895.334	6135676.994	2352418.053	5247281.134	11401958.37	5890970.041	6786418.03	8747310.452	8284142.421	10220839.63	7267992.357	15583101.81	16535354.06	9261278.156	9671416.88	5757285.613	6908821.447	9372795.722	7678697.677	8540437.21	7607573.638	8235654.331	8815950.047	6134229.652	7480493.26	7943983.781	7568841.066	7086854.526	7729149.128	6225607.483	6813204.453	6744329.35	8331533.44	10078605.33	9293423.945
Com_35527_neg	LNAPE 15:0/N-22:4					687894.0418	1018276.843	806657.7776	500925.6748	1767706.718	1816586.4	499577.4241	855097.759	6026682.629	1320204.075	565780.8276	1905470.858	2395776.789	1094491.399	915340.8416	1063095.638	1531489.478	1397811.07	902280.5709	925104.1985	869755.56	1385861.922	1192688.666	478992.1226	1180932.422	1178638.973	3073883.41	2313806.217	4840012.921	5521186.098	2707251.461	5415596.024	4022397.328	759081.3489	514399.1499	820010.9311
Com_35732_neg	S-Adenosylhomocysteine	"Nucleosides, nucleotides, and analogues"	5'-deoxyribonucleosides	5'-deoxy-5'-thionucleosides	5'-deoxy-5'-thionucleosides	270956.7653	3210953.378	948444.8249	617395.1499	2003954.491	876763.7279	404527.4922	476497.912	370183.2634	366821.261	238439.2866	805216.8151	1292571.133	875795.9974	1316063.099	1636806.778	533441.7862	517986.251	181079.7478	728857.2459	574470.5033	448800.842	179691.7452	203538.1743	1583784.569	1512414.203	944546.7464	1539663.417	1197344.05	842874.6325	289065.9239	242459.798	210227.5218	895800.7608	938956.3929	914751.9484
Com_35750_neg	Cer 17:0;2O/17:0;(3OH)					271741.8745	1896280.366	735850.8049	7011640.238	2273051.843	1641206.766	364655.5408	1013689.17	952847.1133	816712.4019	856488.6411	4282316.582	396521.4884	2448504.27	602759.9669	705219.8214	370933.4444	378683.5783	529193.7072	511371.2587	5671087.317	717834.7269	574828.5313	1425963.303	615018.5727	574423.3924	1004779.653	1537107.885	4008419.489	2440657.201	423820.6185	1337472.036	7170156.17	6863153.434	444283.4526	5003665.731
Com_35865_neg	Sorbitan monostearate	Lipids and lipid-like molecules	Fatty Acyls	Fatty acid esters	Fatty acid esters	2715884.069	5494407.756	955964.3689	3015336.426	3080789.674	3598663.676	6961160.013	5566732.696	6942672.797	11694582.64	12060810.47	8077797.132	4244932.8	3192296.836	3208311.291	4137864.717	4058592.469	3870209.233	4870603.586	9043230.41	9122013.115	9053028.667	4280099.93	3797954.841	7651342.157	6730540.263	8018833.616	8124988.051	6082886.929	4667922.798	8905350.089	8487460.939	9591975.074	7011185.053	6805499.595	5493862.063
Com_36257_neg	"3-(2-thienyl)-1,2,4-oxadiazole-5-carbohydrazide"					3402747.264	337543.8977	1377691.891	1651867.758	917978.6407	2197507.153	6938277.799	5716485.64	3156652.764	2545110.594	6987477.891	2125630.185	562892.5119	368328.1982	1382867.799	403688.4518	2228880.101	2109102.556	2050712.345	1142862.681	2220089.266	1325146.195	1894028.575	3316429.993	355068.5644	361004.0689	538414.1032	553283.6312	609180.7256	721603.958	3965100.936	3569422.911	2232445.56	3611043.356	1985529.36	3977210.787
Com_36419_neg	Cer 22:0;2O/21:4;(3OH)(FA 20:4)					29810.06572	61878.31715	70272.21594	42141.98887	86398.37314	71047.56933	50544.20245	58383.87344	88096.71017	76273.78631	52312.27908	76999.57031	47345.68501	45058.13092	83081.87775	88722.2197	69403.74382	80230.57792	60137.00041	72538.39493	50915.76884	100436.2759	78341.7118	51575.37594	68136.36685	95995.98686	107568.4029	104671.507	107029.8108	1551543.543	94794.15165	68745.22187	82161.13987	72357.91328	61323.90937	74379.3769
Com_37079_neg	2-(2-chlorophenyl)-1H-indole					216793.6815	358012.8352	326338.4512	981985.0701	388019.8473	2096613.675	199825.4192	219991.0055	214716.9895	222023.2426	241637.3844	254167.7547	750228.2497	1416012.549	3887853.816	7120801.057	239734.7558	234356.0094	199298.3537	583944.2819	324863.0868	222845.3562	188316.8498	770498.3997	613936.2762	1007798.154	1222937.604	1722007.018	2248054.617	3193717.116	228347.7093	218273.8647	228927.3818	192156.626	198831.3264	312521.6412
Com_37209_neg	N1-[1-(3-isopropenylphenyl)-1-methylethyl]-3-oxobutanamide					108716.3937	3433437.315	836619.0972	715529.582	6112491.717	6546113.715	1452761.493	1588129.874	1746390.334	3091908.657	1232871.719	1374023.749	2583415.994	1876432.075	5393679.432	5302472.925	2658102.882	2115155.678	3443649.154	3060449.12	1205952.081	3576109.009	3355720.097	4531899.858	12121376.43	11574092.91	9044963.238	12841981.23	9099722.569	8810450.347	4310849.739	3464009.551	5057075.089	2778597.631	3743353.653	2797216.898
Com_37406_neg	PG O-20:2_16:0					82948.483	221983.8282	195855.1372	122647.7077	307316.5524	478872.6724	160322.4491	179172.8366	238612.6393	220493.2163	652070.7351	234891.4766	146702.4138	127199.3585	227659.9844	243458.5367	323411.8899	447580.307	199154.4389	420646.9526	161479.571	283247.9981	212190.9273	139693.4863	829640.5402	5326259.382	1574551.689	283505.9846	2483361.03	368028.3219	270744.6549	222887.8983	283202.5659	214202.5286	663662.4868	204000.9263
Com_37411_neg	cAMP	"Nucleosides, nucleotides, and analogues"	Purine nucleotides	Cyclic purine nucleotides	"3',5'-cyclic purine nucleotides"	58504.0848	250611.1112	1017054.637	155983.7021	251614.3474	175688.6125	914589.0283	450732.8277	1735862.021	2346408.345	1255187.367	231774.0304	1052363.333	1701342.521	314159.0631	279548.8445	779884.4455	2026809.14	1602894.922	1131255.371	129891.8144	3903981.871	1153682.871	112786.2357	282323.7295	415928.0007	287511.2127	980845.7304	274208.0153	565975.8591	704967.0916	829649.2301	1108743.259	1291710.398	1030774.066	963280.969
Com_37815_neg	N alpha-Acetyl-L-Arginine					50753.82713	372578.0734	915126.4342	128367.8575	1274988.936	184457.8929	150861.7513	160895.6618	141852.5736	137302.8861	153152.4102	236377.4541	629547.9268	252433.2109	926598.5316	541210.8553	196868.9027	162025.52	149913.5247	173069.5237	129232.4317	250140.2412	162439.7977	100750.3241	1389246.066	1705620.221	1325136.996	1067113.808	791436.1834	837439.8777	212708.5317	334603.0165	192681.3377	149041.5637	230249.6598	152059.037
Com_38067_neg	PE 13:0_16:0					193286.21	454767.9907	222131.5151	224989.8599	1061561.253	376948.1188	1114106.54	526461.7129	287808.7155	3128405.588	2282532.972	483508.7989	707715.7536	380942.1874	434123.4977	487979.8885	385654.0685	388475.1489	364726.2745	2701579.59	216873.8372	558739.8652	2343676.356	210978.0856	2491615.263	2981503.834	373497.0372	1376568.361	964636.2672	561921.135	386895.4769	946350.1694	2137930.516	305381.743	1648277.27	1210087.152
Com_38078_neg	Prostaglandin F1¦Â	Lipids and lipid-like molecules	Fatty Acyls	Eicosanoids	Prostaglandins and related compounds	322331.5591	322759.7737	464299.8241	1318316.393	507017.3203	6689433.651	529576.0334	397102.3651	1451096.536	585002.4142	439892.4877	576169.4452	1324738.966	313387.358	1522675.67	1268171.922	2002896.247	1347027.409	2175575.543	1141564.761	648498.3877	710884.2342	1308351.866	2573402.122	1466567.216	1590512.531	596972.4455	679488.4498	915643.1096	1227817.178	1151028.872	799427.873	2218225.067	2819812.426	1405514.856	954064.9918
Com_38095_neg	Cer 17:0;2O/19:1;(2OH)					352266.715	200900.8575	203509.17	690868.5678	281331.4283	235316.1297	451654.0182	673597.8208	229784.5405	265833.6154	547172.4928	262665.6365	492267.218	191073.2694	244798.2094	272516.4699	219772.8862	792533.1946	237998.3027	1008738.265	325845.8532	296014.4684	229871.4421	313104.8403	258661.1072	1505309.075	542311.5261	1321598.074	6914125.787	8966955.916	3768060.302	5321892.826	1887672.971	220606.438	220933.5494	206495.4459
Com_38217_neg	"1-(2,4-dihydroxyphenyl)-2-(3,5-dimethoxyphenyl)propan-1-one"					594396.1932	1336946.855	5831276.249	11074104.91	1170943.531	2038828.195	5044525.573	3331789.625	3250528.516	12167644.66	9342295.321	6984620.36	3541642.708	3225077.603	564428.3782	1074354.432	6846231.815	6009367.493	284868.8036	8019882.894	3771644.944	6034188.129	265275.8182	323009.5004	8167365.259	8408950.284	4047694.326	2187386.553	2909692.863	2996257.231	7842485.585	8771516.869	6960879.969	5607154.73	7883399.949	4574487.206
Com_38557_neg	LPI 18:2	Lipids and lipid-like molecules	Glycerophospholipids	Glycerophosphoinositols	Phosphatidylinositols	228445.1306	304681.3868	2198069.932	373935.6084	1403939.459	937758.4951	938967.3963	242174.1828	976414.1924	599596.5015	889657.9306	782001.3265	3908660.394	2860747.1	3014930.113	4064784.106	2535591.801	2216640.121	4210610.227	2875065.836	405309.4302	3007686.938	3227166.254	6419774.412	2030380.991	2074714.245	13739143.05	4739695.423	5764219.47	3870315.339	2555448.587	1353506.198	2145475.646	1361045.726	851140.151	588723.23
Com_38649_neg	N-(2-hydroxyethyl)-N'-propylthiourea					460787.0009	1208155.613	2056018.4	1746567.849	724400.348	4805009.002	1564305.926	1458895.388	2119441.581	1756870.285	2922970.55	1869285.186	1399205.419	1572380.662	3326570.104	806108.0439	1551298.176	1283710.651	1585764.476	1243886.217	1329128.78	1272440.123	1119783.181	1821366.594	1518082.731	970756.2431	2033338.376	1382708.019	1687298.79	1175933.093	1497040.926	1591532.407	1485505.7	1630572.305	1887772.729	1883903.727
Com_38673_neg	5-Methyltetrahydrofolic acid	Organoheterocyclic compounds	Pteridines and derivatives	Pterins and derivatives	Tetrahydrofolic acids	168460.3761	363991.7363	426280.8265	531556.917	305968.6419	419501.2595	612561.5096	556098.837	464814.5647	448737.2215	553038.5454	441749.3307	490242.0812	791308.9346	430860.6827	398864.0418	515799.6534	505692.7073	462384.3149	355719.9175	383013.439	438262.6623	431793.522	713842.2309	1031034.078	920021.613	359317.8859	324892.0978	1761962.205	2369705.307	454783.599	462601.7655	424109.0501	352815.2715	340736.4058	1181837.301
Com_38906_neg	SMGDG O-16:3_26:4					2750119.42	6131516.942	1621458.778	1909086.641	3438025.519	3924733.568	1680260.964	1590232.455	2024487.192	2436675.658	2563280.05	3999964.4	3461285.004	2628326.031	3065849.928	3238015.127	3130056.251	3409164.717	2298201.111	2212053.75	3760307.126	2435491.983	2245961.698	3096477.508	3401164.091	2713488.835	2503976.553	3241918.366	2454440.629	2714223.155	2528722.396	2622831.133	3550148.526	2924683.251	2249737.121	1948205.472
Com_38960_neg	"3-amino-1H-pyrazolo[4,3-c]pyridine-4,6-diol"					844.3365596	1848.471741	1937.643177	1423.539714	2254.288991	14981.37117	1878.316655	1699.413828	835148.5317	2337.7738	215956.7413	883173.4927	2286.766825	1978.71203	2489.570145	984273.5531	1933.011796	659898.2279	2048.218406	769000.9826	1917.382322	2720.610191	2171.47806	5443.080738	2460.889574	2696.643746	2323.968804	2905.626068	2604.838102	2744.944346	2514.965149	982575.9103	1026828.712	762861.2287	2117.922687	752469.4626
Com_40031_neg	Protectin D1	Lipids and lipid-like molecules	Fatty Acyls	Fatty acids and conjugates	Very long-chain fatty acids	1549582.465	1017755.783	1473324.875	912166.3394	1107348.247	2862767.191	909803.0565	904691.3481	1197316.323	1269080.628	1233194.242	1177651.057	2024647.758	1359360.898	1666229.268	1930628.285	1825574.521	2472356.1	1105467.658	1218254.145	1495648.382	1543665.247	1198950.197	1093751.586	2073706.228	1964749.627	1703878.998	2096439.126	1769141.342	1847230.499	1632513.86	1680366.032	1771864.217	1534257.553	1414559.463	1290896.54
Com_40437_neg	Cer 22:0;2O/22:6					200982.7754	664267.7912	372143.5286	205112.6447	557116.1979	800853.4537	268118.8434	327222.6941	474065.8994	368746.7755	731593.1248	2295578.285	863993.309	259882.9898	443865.9839	491840.1477	485291.6034	563693.5478	769205.7525	382338.0869	2606299.338	534935.966	458735.3416	858915.527	416300.7793	483829.9137	600103.1382	505121.4626	506332.2801	715739.4549	464611.7679	654759.1431	1924253.974	2762588.314	836557.6754	4305081.477
Com_40823_neg	SMGDG O-18:5_18:0					30604.77127	850565.8767	62153.23643	42821.85897	70131.43885	326740.944	59494.7394	50940.91468	62306.63328	68616.01545	65970.13858	64548.98637	63867.66654	50324.11548	57837.03953	336633.9842	177943.7224	404703.7252	60897.90179	55649.1237	54313.37327	84889.93719	63245.39778	46258.96264	68687.2535	65423.45048	123684.8782	96189.19794	166282.2837	356615.9816	88128.01504	76696.94447	72504.24584	64017.00113	54738.72398	50750.01176
Com_41026_neg	CTP	Organic oxygen compounds	Organooxygen compounds	Carbohydrates and carbohydrate conjugates	Pentose phosphates	25666.36155	279364.2615	125526.9649	114219.5825	139632.7179	116537.101	59819.04636	130107.194	81216.83842	79364.51162	76792.23628	569093.1627	166578.0561	139538.777	176017.4974	885215.331	99130.55094	88052.51034	124559.7069	81250.2259	61142.95918	71441.95321	210999.9662	53737.7733	126698.3781	144958.7509	135733.3083	154507.159	128730.0235	140226.8944	73054.10818	67936.59964	138264.8401	56009.90501	76799.1099	76398.29272
Com_41255_neg	"4,6-dimethyl-2-(methylamino)-5-nitronicotinonitrile"					1256868.227	7430668.147	12342078.69	13595959.3	9944617.851	11055368.65	16610532.28	19130673.5	12497541.95	8039638.211	16314608.94	13961332.75	9935367.478	9822323.008	11912779.63	10103959.38	8995552.209	8161309.318	6963703.642	6550999.978	6288386.384	8274478.613	6129391.075	7036212.81	5779349.517	5439903.768	6963591.29	5544945.42	6727683.623	6788999.312	10664508.68	11332248.66	9800337.629	10292898.34	8903524.762	10206256.05
Com_41324_neg	Cer 21:2;2O/13:1;(2OH)					764809.1598	135733.2423	1261912.593	106383.6335	143210.4407	1651204.515	1462957.003	126554.048	151625.9209	1053951.432	150782.6277	160360.9902	145768.6743	117650.6827	141234.527	1496728.836	4077849.634	3651472.527	131267.2401	140933.1194	129518.5802	210894.6267	145302.2649	1838713.61	2848974.557	162533.4477	2068250.75	2258648.648	181537.2667	198066.1467	1264554.244	190540.5283	161578.9775	1016227.79	128561.2913	126079.7821
Com_41342_neg	PE-Cer 12:0;2O/23:0;O					72332.39748	284944.0269	120929.539	155461.412	223084.7977	114942.7646	315851.1927	176289.9575	118749.7759	138576.6517	595180.8396	247519.165	1188629.037	84486.98147	104992.579	148754.7344	100521.479	109111.7208	102805.3465	436230.1206	100460.2736	165167.6013	277168.9691	149699.5247	749034.2728	1995236.072	123620.0294	292807.3698	308666.0969	314680.4513	168523.2179	518983.1081	514468.3829	125571.4298	588901.9844	93727.62615
Com_41353_neg	PG 5:0_18:2					104285.8154	318226.7428	940574.2563	153257.0517	4029336.49	1701204.061	745878.3888	1014107.365	343900.2362	468280.6205	246589.6633	398544.9322	1172906.224	783071.6997	1605415.8	1655125.783	1317819.251	995312.8976	643286.7602	1047301.376	640799.871	1441301.162	954808.2259	521109.2725	1978118.39	2438472.472	2941484.633	2018629.358	2342821.237	2114488.913	1225359.713	658165.637	706560.9664	224036.9675	192994.8322	195414.5189
Com_41403_neg	Methyl alpha-D-glucopyranoside					557876.8349	1775436.535	3260309.687	3303099.164	2037307.749	2394431.892	2507711.611	2779009.463	2318140.517	1695748.596	1971126.872	2635026.571	2373205.566	2480178.797	2210723.034	2083968.682	3795882.084	4249499.534	1352073.277	2013702.463	1680000.562	2116010.027	1359901.384	1378128.753	1475412.627	1585143.575	1441472.898	1585594.139	1751916.673	2027427.472	1966745.101	1857219.638	1735454.113	1665124.332	1511924.012	1838587.559
Com_42065_neg	D-Xylonic Acid	Organic oxygen compounds	Organooxygen compounds	Carbohydrates and carbohydrate conjugates	Sugar acids and derivatives	223.269675	473.3178415	514.3270107	377.2939679	572.0894005	455.5190181	481.1393111	459.0461646	139861.8474	592.2148566	541.9460277	494310.1187	595.1135717	526.0992792	648.5205464	580818.6734	489.5802927	347365.9748	525.2600581	375831.2114	516.3548601	728.8840787	551.4506954	394.0453645	639.7490008	654.3761745	602.5701557	691.5537385	683.7325803	702.8531928	676.7231573	543262.1864	647632.3602	449741.8572	550.5089431	397181.2236
Com_42373_neg	Cer 24:1;3O/16:1;(2OH)					165213.8018	348999.8471	348671.2124	200156.8142	406868.6226	458799.9857	288857.2164	319806.5156	450594.608	356917.8018	290186.0193	583842.1948	309828.4996	294540.6031	377119.2613	427705.2297	370530.0012	400320.0689	333310.8297	396511.4199	301848.4073	528163.7632	378673.7984	259130.2828	1147948.483	4547787.097	468606.931	861666.9113	569285.9008	574264.8535	484522.9289	380940.8578	484909.1457	423880.6671	393916.7031	424364.9028
Com_42385_neg	Vanillin	Benzenoids	Phenols	Methoxyphenols	Methoxyphenols	371945.1839	75425.27344	83271.90749	730870.167	86853.98055	71927.23511	1478252.447	1531832.428	1750268.275	1709033.043	16824352.19	1049567.289	667359.3141	81936.52257	109353.0109	760143.6874	911164.2857	261064.8301	1271322.662	1407089.708	1321663.245	1777419.499	1277395.474	1057433.954	1112325.653	1751544.818	1159763.944	1658035.361	1093885.816	1317152.918	1629473.245	1764421.153	1856512.518	1433411.593	1480650.575	1556838.337
Com_42471_neg	Cer 17:0;2O/16:5;(3OH)(FA 18:2)					54958.66397	287818.2059	64583.53506	65414.58334	77116.83169	638737.4134	108204.2138	153065.892	83678.82543	110563.7702	83962.69844	140577.5649	86291.41264	101006.8413	126219.056	141877.51	112126.8319	112947.0458	104176.6218	115848.9761	62765.99753	158852.5818	127378.2403	61340.73584	80506.8982	81779.48944	85740.77015	80609.98054	80261.22872	88771.97123	103149.7155	88272.52553	103348.4501	88788.088	78217.66059	89728.10892
Com_42608_neg	PG O-20:1_20:5					62832.4517	105588.6464	114897.3991	91638.79399	1154617.16	106209.4395	98495.29296	138635.2501	155880.4793	135212.8305	100389.4697	149735.4396	94181.41669	84198.8339	117139.9487	125064.0696	140449.6322	120523.1859	120543.2091	117252.2715	99122.70815	164364.6839	134782.7501	84677.13721	127201.6809	124839.373	125754.8688	152416.3376	713409.8454	923073.1611	152583.5295	121283.6832	152598.7237	202646.9358	128336.0676	191508.6228
Com_42880_neg	N'-(4-methoxybenzoyl)-2-[(1-naphthylmethyl)thio]acetohydrazide					65454.51282	195992.1426	210775.8542	115405.1367	605409.4951	2808076.114	125608.997	140250.2287	138063.1472	139509.7477	152908.9456	143578.359	190790.1014	219755.6134	258309.7114	191814.4074	197517.1512	152794.1352	130369.7356	122432.7004	94637.47135	133261.6381	121403.0384	147824.7623	207028.9248	205897.136	185244.2012	255219.4723	185132.6635	190729.8947	145232.361	156792.5709	141545.1927	151993.3553	134223.8582	145269.5154
Com_43270_neg	Cer 16:1;2O/19:0;(2OH)					295557.1367	2986380.287	514338.2768	428637.3998	881742.6178	748414.0745	1724380.329	430231.5161	581346.0091	700858.2905	419201.3742	668684.6298	2038100.697	811257.3257	732046.9005	715782.7879	614552.4107	635436.3938	790849.3359	536272.4754	4515568.467	700199.6456	1096404.326	583775.2297	1230509.839	1123119.927	4072325.92	4889060.7	1098871.055	1008859.344	1126758.771	3128037.411	958110.2708	429576.1391	397155.8682	462099.6567
Com_43429_neg	Glycerol-3-phosphate	Lipids and lipid-like molecules	Glycerophospholipids	Glycerophosphates	Glycerophosphates	337442.4828	323832.0916	401454.0933	522510.674	1324088.127	601865.7035	347401.1262	353540.1339	370423.2428	405193.8519	386499.6527	530633.4386	350176.7394	256031.0096	771357.5615	409597.4952	717345.114	336074.5528	285930.8177	786676.1176	404906.6198	933824.7865	315022.7263	303579.9988	1738125.251	2121574.459	1777050.575	1539290.463	2188658.697	1530530.002	451044.3204	440699.179	509970.6134	396917.9698	703867.0031	613408.3388
Com_43631_neg	PG O-17:2_20:5					187761.5973	339162.7162	366871.7213	274575.0586	382180.6517	389517.6577	262205.6564	268971.1523	390621.8973	480072.3868	364140.8848	332588.2058	372947.433	255705.5903	493596.4793	2981369.761	267777.5213	282927.9383	732541.5256	381905.3953	222830.5296	427931.0817	391766.7188	256858.8447	522030.0923	539661.542	482740.3989	449883.7166	511526.3555	541633.7649	396734.4735	396093.67	309299.0441	280049.0792	303930.3277	311299.0305
Com_43997_neg	FAHFA 20:4/24:4					107993.1344	194230.2652	97637.45853	59594.41646	103141.6644	163109.9695	86535.83544	72722.0586	109752.4253	119935.7058	139921.8432	105080.7757	270415.2925	72833.55624	90755.87133	111264.9138	649751.9895	99334.70914	86201.97189	92991.73492	74976.09939	133920.3641	208900.2575	60414.44495	230099.2086	425923.7489	481036.4158	1603139.416	1848528.065	1147322.478	701954.3894	121234.2584	117198.4225	98828.69691	82872.6929	100238.113
Com_44039_neg	Hex2Cer 39:5;2O					61576.30447	89219.3302	102153.5004	86595.84101	96528.73904	128170.4008	93075.02159	131006.0462	127894.0654	154860.9643	92295.7745	128510.6743	676585.5702	79723.93372	95522.8631	102509.7978	117628.3624	113890.7027	527431.1221	105690.6787	88475.92937	136734.7255	695510.2486	683315.5978	100064.2435	105347.1481	105694.43	121906.2247	121606.9342	125060.3584	136259.2954	141986.1278	135219.7686	97010.25893	99265.55705	104833.5273
Com_44417_neg	"3-methyl-4-[2-(2-methylphenyl)hydrazono]-4,5-dihydro-1H-pyrazol-5-one"					1521752.036	2486481.476	2793083.802	2458524.438	4654566.682	3161245.506	3187408.046	4793456.387	6334111.447	5903464.255	4525328.184	9236001.599	5145970.224	5352661.593	11945075.22	5300098.938	3140654.875	6702773.796	4384892.143	4810553.672	3916185.44	5550102.525	4313604.253	3113284.534	9225208.881	5441020.832	4008442.903	4544022.704	4009496.278	4004158.884	3534859.132	3567869.103	3832212.978	2979722.951	3590510.884	3686226.288
Com_44880_neg	LNAPE 18:3/N-24:4					62429.96017	153113.0412	121291.3956	101081.3909	207932.7895	589109.8613	85848.06294	101457.3159	121826.3212	152073.9282	89397.06916	157689.3955	138349.3654	179483.0469	171431.6529	163589.7347	133598.8633	130326.2601	167905.5232	112861.4652	107346.0621	161611.3133	258554.3733	134533.8662	224564.2266	199181.7438	305372.267	260440.6	252914.5094	237909.4914	208328.5782	148825.5277	225941.8307	94038.19369	88310.84768	108972.4696
Com_44882_neg	Cer 14:0;2O/16:3;(3OH)(FA 20:4)					37913.12448	422002.3378	303917.7819	53597.14684	1075657.576	967972.5157	69305.63885	86666.1009	115244.4873	97006.74873	67142.91401	111311.0927	61470.6961	59727.9777	105665.4354	112838.9515	88269.27131	102039.0869	81141.60096	98272.31635	63177.0013	127737.1565	99636.78375	65594.74463	91903.73609	122089.8952	152642.557	135591.4183	136122.9652	544221.3545	130320.0933	87431.74801	104494.4199	100581.3552	77993.15277	94597.39545
Com_44970_neg	FAHFA 5:0/16:0					433595.5905	1032507.252	1928571.639	344240.7753	1297953.121	686498.4736	240654.8325	468997.5832	644438.3875	362071.7436	343417.6182	804239.3918	628809.385	971655.6936	1472942.553	1180953.553	502738.1532	416869.9273	961057.7716	429820.0715	366729.1749	544820.1431	1222545.824	1013814.709	440171.1671	593744.54	610475.0965	863161.1069	1100827.776	1226844.591	509338.6132	192245.9478	466652.0277	637118.6009	1086309.798	481545.7736
Com_45112_neg	Orotidine	"Nucleosides, nucleotides, and analogues"	Pyrimidine nucleosides	Not available	Pyrimidine nucleosides	2127563.873	346224.8394	386128.3474	1406264.56	763276.3608	934219.2762	276012.0363	352273.7952	284969.2837	266495.3771	330659.7547	305860.0853	355834.5477	362867.7154	501668.4606	381026.8707	290158.0364	275918.1542	236511.545	783283.5083	769800.1557	740482.8132	226616.503	255552.5873	650271.236	557843.3389	558040.1422	386107.6432	404527.6405	526343.1116	407546.2593	341609.9222	527605.6429	285139.904	282545.9917	376081.9147
Com_45522_neg	MGDG O-14:1_16:0					256508.7673	870496.2499	231481.8727	289989.5564	280864.6734	574315.582	182649.0598	220765.0026	294814.2446	2623545.052	188148.0438	403030.9496	166558.5163	1512133.638	1446279.304	295248.3503	467025.1617	271223.6923	492762.5227	250329.5747	166434.0378	334206.3182	253805.2894	167089.8289	839596.944	3019135.688	348491.6147	1174403.013	346746.7262	2159778.012	443155.7592	2123797.526	1475983.075	3526202.489	350362.8018	240968.4298
Com_45547_neg	"1,2-Dipalmitoylphosphatidylglycerol"	Lipids and lipid-like molecules	Glycerophospholipids	Glycerophosphoglycerols	Phosphatidylglycerols	668321.8756	1241163.343	743703.2091	283527.3451	794815.9238	250045.6618	309600.6633	301047.9789	370963.0561	390382.3907	362437.1448	400441.4969	415747.3111	1815784.527	501549.0809	435616.3408	319868.4408	426444.6001	410928.2878	400410.8846	4307214.316	456936.8259	405781.1493	258859.4286	369076.8173	454950.3815	728242.4805	442516.9902	512443.5268	695337.2265	422258.0999	447161.5333	523501.7469	382327.6826	392306.64	342976.9106
Com_45565_neg	"N1-(3-cyano-4,6-diphenyl-2-pyridyl)-4-methylbenzamide"					110018.4527	343159.4966	292698.9711	4849406.863	455847.1555	985112.3807	237468.8954	283566.0181	259113.6695	262585.0502	317533.5109	301964.1136	394494.8313	377555.7014	413461.5204	388639.4267	257665.1803	254072.5672	211431.8753	244428.4033	225790.0762	279500.801	229875.7107	266181.2035	412969.3377	427408.7878	375533.037	395417.0341	342717.4315	435313.686	275331.3244	264633.9601	264185.0757	278913.0621	270882.2837	379435.3966
Com_45859_neg	Cer 18:0;2O/17:0;(3OH)					126760.6622	239471.5917	262945.4098	182144.0488	240052.3191	303500.2131	227339.5713	206655.1352	277545.1767	253083.2457	368146.73	258378.5751	363608.8442	243897.9581	557692.4257	334021.3692	270412.8519	262131.6267	236309.2513	255680.0059	203360.5172	344058.0544	243497.5036	188553.5916	2643991.79	2989768.44	808657.3437	819458.5004	848962.43	368452.5135	321750.0516	991957.3585	372949.0169	340118.9241	347341.9794	275603.8625
Com_45980_neg	FAHFA 3:0/18:1					53911.00008	231233.7286	713525.1496	96495.93233	411374.0063	624853.213	96365.08421	126995.574	285602.8308	132020.6671	108855.1491	321880.4067	208123.5111	120166.1635	1928802.435	368189.2233	234362.6119	569175.2741	372603.1234	3324210.641	1388075.735	2361852.048	600840.3198	776802.9746	161566.9004	187775.0496	814195.0656	519573.3265	851647.0135	972757.1551	332923.9179	127853.5066	195360.0678	320265.8174	113570.7916	126038.8178
Com_46309_neg	Cer 14:0;2O/17:0;(3OH)(FA 18:1)					44264.45245	118458.979	104515.7198	65449.46249	403691.6937	835980.1223	85554.13154	95613.41229	118130.0062	117663.5321	87656.2989	116313.1633	78285.9648	64858.40211	121487.991	153300.2659	210657.0978	112112.395	250803.3625	115629.1025	86171.61558	151151.8606	111963.2416	68728.07217	226543.4608	939451.9114	1069665.185	141888.0147	161565.7368	169140.5653	126462.5563	118941.4251	151127.6163	94992.39622	99036.67374	108862.6214
Com_46347_neg	Meclocycline	Phenylpropanoids and polyketides	Tetracyclines	Not available	Tetracyclines	113958.3256	246229.3495	288366.0264	359582.1027	206978.4892	283779.8553	473322.9874	606852.3416	529223.4657	303557.0952	738767.9306	806240.7482	331633.8716	447457.8576	283813.3254	253006.3293	348922.7927	342085.7507	312788.9392	240633.7155	259096.9534	385767.5289	292095.1974	482892.5787	208397.0761	199124.9759	243067.6317	219779.6321	255602.5239	254945.2869	430985.534	434708.0091	580315.4628	238668.8107	230497.8251	241867.7939
Com_46453_neg	LPI 17:0	Lipids and lipid-like molecules	Glycerophospholipids	Glycerophosphoinositols	Phosphatidylinositols	128902.1517	1191318.228	2394344.993	759500.5511	2381441.654	357962.2569	264719.6265	529307.5788	1440909.69	1390644.012	384784.6545	2452850.061	273559.1057	238447.6337	1857028.371	1881267.257	623675.8684	351090.6727	620203.947	2180443.707	560145.7497	3581273.146	800965.7222	845532.1965	2038396.884	2023738.765	1404720.344	1746740.791	2463888.32	3046197.63	1261639.905	625381.089	923511.6758	501879.1657	595054.9334	1112772.01
Com_47111_neg	2-Oxobutyric acid	Organic acids and derivatives	Keto acids and derivatives	Short-chain keto acids and derivatives	Short-chain keto acids and derivatives	2512700.968	5075487.25	6362094.779	4664057.323	6136768.586	5939435.4	5831225.013	5384128.39	6845624.882	6916284.755	6100980.456	7903521.765	7057902.898	6490013.13	8276416.934	10256319.67	6395403.93	7133675.587	6061832.82	6999474.308	5516142.697	7234500.457	5881400.246	3902895.705	7693579.806	7779475.484	6686662.538	8976529.126	8180613.681	8235943.095	7542875.1	8221482.057	8709412.55	6957845.947	5463952.577	6662252.918
Com_47254_neg	PG O-18:0_20:4					40195.7789	96341.07501	96344.49186	56824.09703	116499.2368	98497.63769	73478.35807	83439.52608	118789.2679	613377.2964	74424.99011	116936.75	70317.45441	77924.61697	913075.9728	119632.7026	93583.74341	108182.6052	86026.93386	104189.0468	68654.62848	135939.5188	105635.6654	69544.04018	807267.6567	262412.8372	145044.8242	2078734.376	144318.5885	183216.6773	134785.6486	450519.6217	116946.5658	595335.3264	186638.0228	101105.3379
Com_47406_neg	DGDG 16:0_18:3					71392.61392	328465.7564	157256.8668	81118.07894	484399.3308	206926.886	323398.3228	222794.7009	188882.4504	157410.5811	252776.8658	217555.3282	470630.7855	111842.1572	180226.4159	192902.6026	522370.9984	180551.4121	147267.6908	390336.1363	112496.062	419094.7517	155718.0417	101754.4035	2278886.748	1610266.11	211349.9913	803121.8005	949535.767	946466.6991	197144.459	964719.6563	910514.9319	138350.7147	873201.3184	204820.3076
Com_47615_neg	L-(+)-Tartaric acid	Organic oxygen compounds	Organooxygen compounds	Carbohydrates and carbohydrate conjugates	Sugar acids and derivatives	830.0584012	1803.419632	1786.527351	1388.844314	2196.94968	15041.13002	1832.537147	1657.994651	485240.1434	2280.796115	131415.7748	562716.9429	2231.032314	1930.485623	2428.892785	630961.2697	1885.899224	442189.8559	2009.699759	532556.0635	1973.105483	2656.984008	2055.092276	1694.426107	2400.911234	2630.919458	2267.327583	2834.808333	2541.351359	2678.042846	2453.668846	627903.4776	698125.5732	493178.6784	2066.303351	482446.0474
Com_48084_neg	3-Methoxyphenylacetic acid	Benzenoids	Phenol ethers	Anisoles	Anisoles	7631.808624	31482.65392	17138.85875	12732.07246	20226.00746	2577352.24	16306.72754	15558.40505	347865.2901	20671.91414	64997.97144	3628124.387	20139.09843	17909.10696	21996.36222	4329620.15	16949.85065	2615106.511	17894.90405	2736729.675	17557.56688	24598.47091	18851.82724	15077.75431	22139.91507	23411.08711	20353.5903	25225.38066	23333.53705	23919.30398	22255.92588	4108942.31	3396780.414	2440088.573	18907.99376	2392733.942
Com_48270_neg	PG O-15:0_16:0					128100.3348	380650.9121	319737.9925	189151.8009	513764.1918	738535.029	247255.1712	301759.8548	502041.4839	340052.7391	258655.581	471149.5308	253069.4952	275179.9685	409326.545	453567.5985	447528.6293	519829.7251	307143.2925	352586.4423	249039.727	493309.915	423038.8434	234165.9148	1037538.394	2236428.51	2362666.901	465815.4277	801778.575	2814811.309	379030.7623	343745.9056	456829.2922	330489.9433	269860.6297	314617.7234
Com_48317_neg	NAGlySer 21:2/11:0					158747.797	205319.4653	237781.4061	1576805.33	913657.7286	651653.6152	185616.3263	168288.1921	161012.8859	184718.193	307647.9197	178162.6249	444958.1222	916550.0489	482136.8843	664567.5175	609777.8131	321909.9922	415962.7372	342612.8625	233636.6494	660034.1839	583084.8021	443603.2031	662659.9743	814555.2187	537454.6009	707564.3474	636024.4616	780604.1451	239898.5542	211428.4676	307926.4643	320147.9341	383721.2846	237664.913
Com_48580_neg	L-Palmitoylcarnitine	Lipids and lipid-like molecules	Fatty Acyls	Fatty acid esters	Acyl carnitines	52273.13573	129361.4688	124800.6356	71844.48312	175025.8886	202538.3985	81744.02385	131559.5706	207454.2921	140148.308	92828.0072	194843.5369	126963.1154	220703.1955	576688.4592	314177.9199	558666.0251	371872.6132	149470.1689	133326.3747	86800.61388	187640.2818	184440.8359	97578.02659	235673.8774	446096.8863	248381.2349	197538.594	311049.5735	279704.4035	186233.0582	111459.3406	191699.3655	107514.2671	88249.22898	106251.1545
Com_48593_neg	FAHFA 20:4/22:5					112336.1142	52103.38579	54776.2158	33894.84245	73558.76699	1374970.918	45151.16094	47424.57263	78857.71722	66346.31965	49442.4221	74327.13573	54999.31016	42349.84388	62109.20455	61563.47973	57583.06709	70025.77556	53282.8237	62350.81126	47332.64421	84125.03274	58469.88133	325621.6413	61672.55883	72345.31943	69354.1526	80630.50286	83891.44508	90050.11606	79441.70603	67163.488	74110.07182	54445.7473	49302.84601	50365.79467
Com_48626_neg	"2,5-Furandicarboxylic acid"	Organoheterocyclic compounds	Furans	Furoic acid and derivatives	Furoic acids	134612.7898	1260533.435	613626.4783	905700.8459	1206425.741	1955088.101	478357.4015	709673.9791	693694.1383	522323.186	556116.3439	839170.9417	778053.405	522247.0479	1250200.357	1629547.738	696591.0525	541191.4674	551168.5535	690935.2006	594040.8374	1057983.599	430485.7979	1532119.477	2675926.729	2397430.478	2210202.989	2197847.926	2188246.195	2433005.639	1147875.373	1322418.132	1054117.22	866507.0243	1113947.51	851413.2549
Com_48862_neg	(+/-)8(9)-DiHETE	Lipids and lipid-like molecules	Fatty Acyls	Eicosanoids	Hydroxyeicosatetraenoic acids	3100988.093	398785.7604	507320.378	1262309.933	2649386.734	649730.5275	352997.0167	335425.4127	387838.1336	365874.4646	340120.2543	388528.5233	445917.4743	479296.1108	417807.2965	528733.6304	1748336.347	656793.5958	541109.1089	396500.3158	368719.6174	446451.4919	886005.8273	526213.1698	490520.1487	472703.2227	468033.5384	895727.2063	1018024.678	545324.3442	423625.6912	378886.6456	466420.0794	464932.3071	424675.0897	557273.2117
Com_48981_neg	Cer 14:0;2O/17:0;(3OH)(FA 20:4)					55469.996	112848.7903	658916.606	78417.00101	160768.4283	924060.9432	104546.4298	126799.5803	168612.0925	137710.4281	98235.56413	171854.9582	90693.71488	87386.90702	154597.1575	165092.5972	129145.1494	149291.5137	118716.7859	143780.4209	95593.80285	186889.8873	135714.8813	95970.46594	152700.634	178627.483	197410.7849	705595.9622	199159.0099	508452.5557	448580.3079	127511.8814	158922.7814	151461.8125	106644.4734	117515.3844
Com_49159_neg	MGDG 16:0_18:1					174111.6997	330849.9792	326120.9238	265566.0759	353379.0843	375293.9479	313759.7981	323101.2365	366471.8924	423964.7622	380324.7614	418912.3109	370852.1846	496468.846	390416.4434	434622.9133	350504.8047	359184.1144	2893084.468	355836.1251	307400.3396	1097667.571	366610.4874	271496.2705	412525.687	494878.3338	396061.2763	521886.1785	432248.921	485976.1146	471048.8037	518080.9496	437524.2964	754466.4073	427557.4542	329329.278
Com_49199_neg	4-Hydroxybenzoic acid	Benzenoids	Benzene and substituted derivatives	Benzoic acids and derivatives	Hydroxybenzoic acid derivatives	746.9447291	1634.792807	1722.923936	1256.673443	2004.480756	79947.58161	1670.171661	1534.64941	390203.3333	2047.670927	66923.05782	940338.9112	2035.745914	1759.441758	2213.689313	789897.0042	1718.805779	597685.2817	1810.069875	652562.6957	1721.115274	2494.523885	1930.846489	3187.137199	2184.779541	2340.031068	2021.83826	2574.566247	2320.376355	2440.764312	2236.270178	837203.7432	969184.6986	673832.2871	1862.041336	620596.3036
Com_49219_neg	Kinetin	Organoheterocyclic compounds	Imidazopyrimidines	Purines and purine derivatives	6-alkylaminopurines	298032.7099	1147083.383	1670242.014	1384218.803	945044.7935	1894831.966	1671560.457	2249774.816	2391710.257	2949862.954	5204371.424	2354989.057	1107688.594	1939465.545	1518647.835	1403071.37	1028710.599	1162824.41	1320049.294	1208424.71	1432532.541	1793077.797	1114842.088	1023333.049	1090348.17	1290212.408	1234432.103	1547359.071	1442641.707	1663989.622	1384484.369	2794286.129	718366.6048	1892619.682	2049303.022	2336408.671
Com_49540_neg	LNAPE 20:5/N-24:4					159951.5841	550214.4998	1486046.21	254143.3362	522793.8829	608606.7988	233475.2536	255088.5035	306301.1643	415545.7836	248548.6237	396469.7033	391218.2734	451264.2726	483262.98	445628.1213	364374.1774	1579567.692	913303.6075	283761.3239	269894.2516	415155.2665	650068.9241	346126.0836	512723.1146	959977.2651	1475659.411	944111.4709	1510284.882	1614486.93	523788.9925	410293.4304	568073.0166	254699.924	222035.0675	273983.4379
Com_49563_neg	LPG O-15:0					59281.0136	125453.9424	166245.3268	367689.2326	404957.4632	1659904.98	69189.55945	84356.9148	110521.8434	119588.1977	106271.9825	138083.8415	95471.42369	123242.5303	117161.5174	405171.0348	110421.333	103912.5748	118259.9116	143034.0379	182793.5104	236379.9992	215589.9852	111893.9823	171194.3964	342354.5226	906271.6658	207345.6053	170169.851	161907.1942	141702.8363	102403.6468	152216.0312	539184.2188	134029.43	200813.5179
Com_49835_neg	5-Aminopentanoate	Organic acids and derivatives	Carboxylic acids and derivatives	"Amino acids, peptides, and analogues"	Delta amino acids and derivatives	705263.2681	246787.7366	357031.6978	287073.7424	237522.4652	196435.4869	264160.2816	284421.28	319303.4347	366721.0671	406300.03	376894.1453	373593.3232	416656.5123	638690.853	566666.94	335868.4506	609982.0519	285231.0509	397246.3308	353495.6136	420791.6332	287064.0039	266529.487	330458.3494	459944.3639	323017.6997	363534.8255	305630.4392	332595.6681	400946.0326	431399.3599	415027.0454	343643.4614	343229.2657	382618.0717
Com_49978_neg	MGDG O-17:2_15:0					122581.792	228838.2825	259321.2212	182076.193	225855.8935	268098.0037	258113.9982	218494.9687	264767.8549	1084660.771	263295.3037	259647.2807	252683.8281	185206.0923	234094.4201	325750.346	213392.0875	232236.0833	210273.5648	246096.1784	215700.8167	313934.1531	236752.3155	188574.5561	288244.4643	352635.8343	275626.7098	363227.6986	293944.0577	390194.3833	359895.8763	591463.3269	342081.7905	1915331.197	224492.6006	202486.6979
Com_50003_neg	2-Furoic acid	Organoheterocyclic compounds	Furans	Furoic acid and derivatives	Furoic acids	1129.828703	2410.585074	2540.538902	1922.88425	2955.708743	38402.49934	2462.752992	2349.736236	296558.1518	3009.888477	44620.85225	769195.3155	3041.543731	2668.38612	3265.838524	655665.9275	2483.050399	559466.7959	2669.040018	553773.9133	2580.054235	3715.028517	2847.131273	2065.876347	3343.72068	3439.998538	3017.13065	3796.32877	3467.00978	3599.031017	3297.494025	673831.005	750633.1083	585750.4666	2834.800649	438177.2884
Com_50004_neg	PG 18:1_20:5					178025.4297	326535.7596	254232.9161	231876.4324	340992.8403	402910.6425	215477.3747	292690.8574	344915.9786	362264.1168	222989.2698	348074.2089	227197.964	282573.6141	799817.7819	2140256.959	310772.2181	257223.416	294363.6172	307999.1502	241785.4986	403515.6385	493672.3922	255730.8836	405926.5488	380140.7582	418114.8522	462049.8328	396351.2777	391491.4797	436666.9206	306927.0375	416528.6078	252046.9769	220271.3344	265464.1255
Com_50006_neg	FAHFA 18:1/24:4					34464.70106	87753.97045	88031.82102	42308.33456	126212.5529	135781.436	67892.04973	72634.80846	110083.8184	90889.20079	70811.52104	136861.402	70961.01018	79935.37894	104453.2024	121519.1623	544206.3167	119565.5188	72823.53472	73445.99848	67259.68761	130588.2534	122886.0169	56255.90269	111518.6469	1158127.398	630091.5417	230250.4723	156105.4668	191732.2751	212785.1746	81707.55732	114444.4253	96002.04183	66901.46318	75299.31267
Com_50069_neg	LNAPE 15:0/N-24:4					80480.63267	163297.7289	153446.3521	104529.3569	360523.4412	990979.9111	111821.9594	151242.4176	206680.1693	712049.0408	126805.3961	283051.9826	118068.9353	109747.8911	175809.8733	184804.5102	601973.6149	591801.5652	161050.7185	181762.8027	108608.4366	237635.5125	238023.0196	150285.4231	159987.1951	212421.3158	355157.8872	479159.0409	322270.5142	299124.9	1490766.512	341820.2138	263741.5581	131478.5285	124759.3421	146631.5408
Com_50372_neg	2-(2-pyridyl)-2-{2-[4-(trifluoromethoxy)phenyl]hydrazono}acetonitrile					493252.5053	1486110.085	2043789.357	2124003.645	1053567.842	1757941.884	2072818.627	1886728.071	1620192.612	996808.9288	1251942.405	1302261.141	4428147.023	5881150.287	1810453.949	1049997.641	3781503.695	3978737.228	1573546.12	1160884.987	1410841.849	955569.1842	1446455.322	1597654.735	1164507.242	1172873.273	1011089.449	844499.4589	1085085.588	1038185.91	1101433.824	1089958.113	1078841.275	1317358.399	1103032.889	1236662.377
Com_50405_neg	FAHFA 5:0/20:0					366009.4574	438062.8749	955613.404	991178.653	1134395.533	1302324.877	2020944.93	667066.6137	1374830.185	1112213.415	535208.3562	1443050.811	216006.1409	530160.3262	685383.9224	1730245.384	505119.3035	914036.594	1199015.472	1769505.291	635391.6557	1132792.795	1109841.582	1116295.027	836897.969	638794.4008	813968.1027	1261426.065	1320264.209	1403747.855	2123611.51	1062241.725	877371.8171	1083286.559	633826.2919	811723.2197
Com_50657_neg	Cer 28:0;2O/5:0					11489907.83	10185194.47	7005480.488	4942044.714	11352997.12	20355646.68	8123502.235	10469236.79	7202463.468	9885311.271	5935330.235	5967087.293	17880232.81	10040119.02	20196995.23	18691356.31	18240644.69	17811247.94	16998237.21	6339557.463	16136670.99	7518170.693	16519206.6	18567100.28	17819401.74	18515581.76	13553736.77	16977412.95	19147862.47	19096407.44	14076829.12	13810400.17	23363431.52	25950149.94	18816762.24	16561990.38
Com_50823_neg	Uric Acid	Organoheterocyclic compounds	Imidazopyrimidines	Purines and purine derivatives	Xanthines	76415.5168	1410183.183	1954229.959	531380.9766	2679786.549	2388232.974	920578.7943	719270.8134	860082.6828	924392.9244	1564101.396	2325569.452	1160288.561	1065504.069	2211196.758	319533.3826	784973.9634	665150.988	246654.1731	731725.8666	344280.0488	994447.9583	382593.0784	305967.9338	293272.7069	323469.9078	324087.6344	323427.8153	170927.5166	368989.5207	1394043.582	1786748.823	1140596.696	1599392.951	360143.8357	621027.9034
Com_50889_neg	4-(4-nitrophenylazo)aniline					1128884.592	4582639.142	8408274.05	5330567.767	3601064.474	4767632.171	13310210.62	14115191.71	13633302.32	11302433.03	19805156.89	10785495.91	7370969.435	6510671.491	4483991.287	4247667.414	5452689.049	5069621.862	6030912.912	6551200.823	7633135.817	8199640.005	5735954.896	9788810.63	3152904.513	3194590.911	3418478.215	3390540.278	4126677.407	3979630.461	9577734.819	11619973.21	10062836.35	8745067.334	9924813.517	9951031.313
Com_50991_neg	Cer 16:3;2O/16:0					306723.927	436211.4813	28039550.12	781683.7568	510368.2271	1169296.451	548909.5797	776488.5625	552097.4687	560879.3824	451399.2272	713136.4789	452491.7852	561858.9998	641338.3645	1105806.679	568808.6445	572969.5105	537941.8363	587690.724	759933.4776	824096.2336	831246.8165	476649.483	702518.8223	567433.5917	948720.7759	1826916.452	860869.8928	2803194.287	797122.2748	473381.6435	676340.5046	1396740.897	396790.6764	455182.0749
Com_51150_neg	Cer 16:0;2O/13:1;(3OH)(FA 20:5)					58897.65122	409157.1341	168265.5251	84908.17195	1886755.616	564618.0406	85434.92076	132479.8627	175592.3479	155459.5428	103002.7802	197689.0232	89494.31583	101486.1191	153672.571	155110.0132	147715.0324	158640.1684	146033.0079	149819.391	90570.8789	208062.3996	183447.9555	95308.4891	136734.0695	175907.1084	243671.3911	176971.3258	219270.9788	414897.6489	186405.0143	131851.8612	189602.617	117540.1413	104295.8399	119107.3632
Com_51613_neg	Cer 14:0;2O/16:2;(3OH)(FA 20:4)					25266.96677	51524.77862	633665.0028	35228.35255	287497.8659	90404.86213	48066.50466	58329.74065	77564.13393	62188.27359	45189.85762	77651.35168	41720.49195	40199.30991	66906.11178	74934.2396	55763.65293	62315.65008	54611.53197	66141.1863	42520.64028	82305.50072	60643.89094	42401.27952	66065.11025	78343.67605	85942.23344	91258.42953	133788.2251	457501.4525	88372.48588	58657.41006	64976.02895	69674.74359	48328.59834	54058.86897
Com_51842_neg	PE O-28:3_20:4					67468.21158	182246.1615	160794.8077	100692.3528	252303.3434	384317.191	131622.8808	147098.8314	195898.2235	181022.3864	213766.1182	178944.8779	120440.989	100194.5224	186906.2203	199876.6494	224806.3108	178406.5223	163503.4963	225462.6	132572.8645	232543.3381	174206.3029	114686.7404	167555.9753	679667.8274	294598.1074	232755.142	321163.3094	943186.4969	210791.1394	446921.2028	398260.4633	160900.2952	517377.1887	216797.3474
Com_52305_neg	Glyceraldehyde 3-phosphate diethyl acetal					68603.35427	287550.0812	284803.6559	259148.7391	316807.6962	264406.8741	135721.3019	149612.7848	184269.9896	180067.3113	174231.1675	198630.2298	377943.0134	316594.557	399359.8254	304263.2028	152020.5113	199779.2019	381964.1427	146162.651	138725.0805	162092.1009	510575.7325	135810.2748	287461.4337	328891.7425	307960.4646	350555.7854	292070.9616	318155.8019	165749.8619	154138.9292	181703.3092	127078.8769	174246.7628	173337.363
Com_52737_neg	Sorbic acid	Lipids and lipid-like molecules	Fatty Acyls	Fatty acids and conjugates	Medium-chain fatty acids	1198.274486	2515.312273	2650.911909	2006.423422	3084.118689	33244.5412	2569.746612	2451.819875	254978.7476	3140.652246	41069.84565	889465.5345	3173.682753	2784.313414	3407.721971	757915.2541	2590.925834	624188.355	2784.99572	628408.7863	2692.143975	3876.426899	2970.824101	2199.518316	3488.987696	3589.448319	3148.209053	3961.259219	3617.633057	3755.38992	3440.752737	788699.1016	831351.5466	678154.9287	2957.957776	525303.9689
Com_53460_neg	"N1-mesityl-2-{[3,5-di(trifluoromethyl)phenyl]thio}acetamide"					115497.1024	1436964.67	841819.0148	146713.0518	1111766.843	1435894.382	147336.3724	168492.2772	162376.4223	167175.5991	187884.6778	616866.0617	1325732.428	612771.5041	2161523.662	1900393.266	259433.7157	280852.9122	132496.1031	330277.8146	353711.8694	216802.7601	128251.8767	177380.9799	1622837.607	1746139.163	1246853.145	1485394.925	1225344.066	1334258.242	460290.5597	427904.5166	289590.1797	155605.0974	151058.5736	225551.9639
Com_53716_neg	FAHFA 17:0/24:4					148909.3945	918082.3873	203337.5671	624989.587	291528.1446	313630.532	156818.342	982168.5224	824008.8975	405596.9341	163561.7921	316125.0577	373005.646	310955.1411	241267.9848	280687.2621	300276.2488	276174.6993	168209.1794	169646.958	155357.7	301635.2203	283844.4486	129940.9492	257587.8823	279284.2963	297585.9096	312546.0588	280574.2187	453152.4427	254316.5466	188729.663	611188.0828	441920.1575	154530.2664	173927.7782
Com_53720_neg	4-Hydroxy-2-Oxoglutaric Acid	Organic acids and derivatives	Keto acids and derivatives	Gamma-keto acids and derivatives	Gamma-keto acids and derivatives	75078.79809	738966.8431	337906.1808	759936.9348	233361.4525	669793.4922	116780.8572	251421.8127	164264.0427	268152.7132	229640.3203	533345.1994	211841.0129	279220.2725	703545.0345	1948413.247	264984.5041	174401.7473	150220.2634	149263.0275	72112.13226	189132.742	151505.8709	188426.9139	305562.4746	350043.8242	1468121.126	470443.4605	497478.1595	1443975.377	258203.2502	141716.956	177636.3934	175577.1106	137456.4239	184369.7204
Com_53822_neg	Cer 17:0;2O/13:1;(3OH)(FA 20:4)					48165.8944	123185.2639	110819.4249	56670.49141	981661.0385	214256.2057	78789.49742	91525.44101	131846.1826	110927.7479	92057.25342	142602.1424	91956.11217	77517.89669	108187.9492	130499.6604	101409.7311	127235.1666	96967.93193	106156.1981	79137.82787	146626.5214	103527.9351	71706.65871	116301.2465	134671.8343	130540.203	134810.1921	140262.3253	163940.4779	132822.5829	113326.3524	135314.8026	96182.28425	84250.9041	97329.04711
Com_53826_neg	"Thymidine 3,5-cyclic monophosphate"					90984.14712	445156.0403	398957.9972	345915.2733	422879.2361	344198.6406	230047.4404	275205.2128	249936.6987	257741.5344	292457.6638	360449.4037	613568.0827	468458.1818	547550.8971	434747.6468	301054.2317	293127.7871	263975.8362	221246.9039	769103.0828	283039.5731	247702.6773	195252.6948	390128.1261	474271.9986	447130.5306	467926.6461	401670.7892	434705.7208	324356.9219	282252.49	501552.6417	594512.2635	280809.8579	453893.631
Com_54042_neg	"3',5'-Cyclic dAMP"	Organoheterocyclic compounds	Imidazopyrimidines	Purines and purine derivatives	6-aminopurines	141125.9168	920164.8137	1296524.658	227544.0812	445309.8544	1577111.272	227488.9293	252401.0971	252590.4531	254529.5337	299055.7479	283058.6972	949250.4279	391197.3499	2048234.657	1384980.769	534466.4715	499782.5583	477818.8925	372630.0776	652507.1706	263376.8236	399048.4818	424304.2289	1655732.316	1587695.157	2051822.73	1952104.016	1371913.971	1319338.029	523707.4178	534179.9153	678944.1442	280633.1428	365464.8248	397898.1956
Com_1637_neg	Pentadecanoic acid	Lipids and lipid-like molecules	Fatty Acyls	Fatty acids and conjugates	Long-chain fatty acids	1499304.767	19704845.53	24788786.57	7702908.475	47194599.92	17388617.45	7010918.116	15114876.61	29825877.28	16204022.94	6225111.512	56386667.89	6583544.556	12010274.33	35683897.9	38142510.47	14273755.99	13033537.81	22257730.73	16242507.7	6075610.702	32020661.48	41861976.15	14522133.9	51446681.89	50005913.38	52743236.64	46738146.79	44935911.13	81195393.31	16295519.38	6403566.533	28268792.77	26174568.7	16693792.17	19342941.93
Com_197_neg	(+/-)12(13)-DiHOME	Lipids and lipid-like molecules	Fatty Acyls	Fatty acids and conjugates	Long-chain fatty acids	174038598.2	226364031.3	301351416.3	696170615.5	518780661.8	224664442.8	142767357.8	95070373.87	156006690.6	239298395.9	155163053.7	163250179.7	237357650.3	427614814	497299204.9	816289488.8	279728203.6	218177323.4	355628615.8	255526872.6	365023115.1	358805781.1	383486579.4	518974889.2	534222035.5	567566251.7	583081648.9	620562384.4	528570519.2	425490209.1	276144245.2	242779147.1	656131595.7	289251851.3	287962857.3	264794055.7
Com_163_neg	Docosapentaenoic acid	Lipids and lipid-like molecules	Fatty Acyls	Fatty acids and conjugates	Very long-chain fatty acids	46101863.84	130872271.3	80877456.95	15237706.86	130996493.8	684253853.5	11149493.35	24297109.08	67312520.51	22624037.32	9064075.608	39938164.88	14853264.66	11200182.23	90302464.17	70331628.35	11587532.66	11228360.46	14061781.43	14618910.65	17281049.93	14041119.13	20683187.8	6289776.218	50252211.18	54204510.28	86336577.54	50613894.12	68623931.78	79227285.56	64340190.92	21527168.6	48151673.37	4446367.022	4241017.991	7962538.047
Com_33833_neg	L-Ornithine	Organic acids and derivatives	Carboxylic acids and derivatives	"Amino acids, peptides, and analogues"	L-alpha-amino acids	107964.5949	9579339.952	5899605.687	2379441.162	5164237.64	7115629.482	539993.7801	940607.5312	1015292.53	983018.9753	909383.6344	1865133.763	6424367.471	4706795.934	7733471.04	5595744.271	3419916.75	3062162.474	365531.752	359672.7883	431298.3575	726546.0628	486986.9275	213182.3098	2728186.242	3436093.353	2494422.848	3478499.801	2488867.56	3039556.476	1239769.448	1322144.314	1665938.266	926754.9067	1000268.828	1497393.203
Com_4102_neg	Oleanolic acid	Lipids and lipid-like molecules	Prenol lipids	Triterpenoids	Triterpenoids	1052450.183	18689942.38	11139659.37	1347182.936	26470671.2	45356350.03	43518702.5	59456452.09	14601860.34	28061649.8	16496744.38	18073110.81	17016561.85	56512991.91	70005571.91	50456257.44	76886363.16	67708945.6	38021786.71	14798105.23	6221802.338	24985281.15	34404976.1	12980462.54	39240903.81	32357064.98	39169217.23	28153204.57	17933216.04	22683501.01	47249479.01	15854025.13	36139729.71	9933326.375	5396905.175	8729680.429
Com_186_neg	13-Hpotre(R)					31350671.4	112459958.9	160390068.5	125831002.9	170063431.5	190744418.8	60403479.2	29501914.99	47170480.61	41350736.64	38252385.54	73913349.88	500153976.7	546261309.4	235025261.7	516674238.2	338837047.5	296148498	201486624.2	151911200.3	103453864.1	117705375.6	223872940.5	300659295.5	272783823.8	245298952.8	240259878.6	227765292.2	180151899.4	175377951.5	37442931.72	58203466.06	32225677.94	65103071.48	95446158.85	93426594.58
Com_1023_neg	Tetradecanedioic acid	Lipids and lipid-like molecules	Fatty Acyls	Fatty acids and conjugates	Long-chain fatty acids	18541122.28	47151188.26	46861225.31	78561759.01	57698001.94	37216505.14	38543600.89	71133042.32	49143380.82	35270232.52	53440216.12	75082461.41	73125177.31	98595403.05	112897889.7	79051903.37	57939550.99	33387151.15	83073825.92	42827998.46	29964241.5	57710819.31	86538529.66	79414080.61	115597107.6	129914226.8	135800754.6	139710881.7	138087651.4	119271244.9	27613796.77	48904956.36	33847441.94	38581616.48	62561877.08	56901878.41
Com_6011_neg	Prostaglandin G2	Lipids and lipid-like molecules	Fatty Acyls	Eicosanoids	Prostaglandins and related compounds	7042271.537	20178988.82	31882657.4	24740048.26	13883158.68	15436319.06	25880693.04	18064631.98	24404030.23	19057880.96	21605062.61	13165984.3	19745771.72	15252425.09	12967591.34	10079393.08	14526048.72	17882040.46	6800458.198	28519418.96	38513342.94	55489542.74	6020395.523	8245168.015	15770053.11	15946004.11	13757747.8	13515591.93	13493827.09	10689169.77	18026069.08	19355346.62	19181203.12	21079244.23	20967571.48	21534883.33
Com_525_neg	Luteolin	Phenylpropanoids and polyketides	Flavonoids	Flavones	Flavones	1566776.037	78841176.8	34276805.32	2548136.907	140158671.3	47514208.72	28231806.9	17110447.05	28693010.32	64153324.3	37840699.98	39375781.35	86621704.49	125224427.7	143350123.9	198997625.9	47445540.94	42702397.57	68333969.25	91472602.02	104761807.4	169169377.5	64364287.53	24211472.94	187647478.7	89666322.95	385218463.5	128872500.8	142243016.3	117763424.5	149411494.4	87455156.91	136646543.6	166239225.9	133712503.9	132282617.1
Com_1761_neg	Uracil	Organoheterocyclic compounds	Diazines	Pyrimidines and pyrimidine derivatives	Pyrimidones	166599260.8	556614125.2	546133257.6	196562688.3	547997908.8	516645565.4	170677295.5	160756664.4	225041113	224129903.5	192821388.9	413961333.4	523018849.4	463162545.7	592720753.2	564375382.5	383351949.9	349122506.9	215724567.6	281708790.9	212222339.5	335713237.9	226840296.3	211669526.1	549218067.9	612631848.7	516416325.3	588168673.4	478615050.3	562824102.7	361798566	263259946.2	295679281	263111942.1	274693890.2	283651472.1
Com_12686_neg	Gibberellic acid	Lipids and lipid-like molecules	Prenol lipids	Diterpenoids	C19-gibberellin 6-carboxylic acids	1187446.383	1041974.874	2500389.392	824305.3046	879570.8524	1366769.244	867388.4211	686630.4654	3798508.312	1031420.304	1106772.892	794096.5315	3936492.417	844631.9869	1242830	5013665.109	12171506.17	8591244.862	1014810.509	955120.4232	1623625.165	1051596.569	674347.0112	1564326.575	1003691.227	940920.3087	1016412.509	1155954.986	633180.3288	847849.914	975941.575	1111607.148	971596.5764	871324.6768	1424531.364	2349357.335
Com_4209_neg	Bisphenol A	Benzenoids	Benzene and substituted derivatives	Diphenylmethanes	Bisphenols	1700132.96	609439.323	674554.8515	878655.5646	746625.5999	1585481.026	594299.7963	575357.5645	668005.9517	3831256.769	763965.2626	822236.8565	5585250.722	922618.2894	1852132.647	609147.2214	469623.6528	489049.1339	577142.8409	739951.7836	663338.479	754364.5262	587611.4753	691243.9364	628901.826	609347.3767	650093.4049	38086853.93	517291.9856	649556.4896	5498267.051	5825298.542	6923011.705	559797.1393	644854.9222	584039.5192
Com_331_neg	Thymidine	"Nucleosides, nucleotides, and analogues"	Pyrimidine nucleotides	Pyrimidine deoxyribonucleotides	Pyrimidine 2'-deoxyribonucleoside monophosphates	67434482.97	292208359	168395766.7	46668010.62	290689628	289886273.8	98396843.8	90013556.15	136059788.8	196431334.9	124340538.5	185212340.1	267394899.5	140835405.8	375803663.9	337798059.2	122385943	142934295	76240387.77	180425930.2	176825137.5	142583634.9	84203954.17	222454220.6	463507993.5	532104445.6	425151579.8	447722859.7	392568640.1	383407748.8	300682784.7	243656817.7	259310198.4	162687777.4	148278782.2	203933813.6
Com_38790_neg	Citrinin	Organoheterocyclic compounds	Benzopyrans	Not available	Benzopyrans	274117.4743	1390275.096	1399245.703	1219653.447	971559.9236	970903.9485	1245866.554	1234886.452	1077851.577	2778159.37	796486.2913	766880.7294	853598.2738	781848.1406	1135326.06	1207656.444	866504.1368	911124.1256	1120803.623	628402.2082	696743.2815	2036425.346	1111258.253	918063.7158	915653.9062	907472.0424	952519.3155	894637.4277	905245.8096	973760.1169	1642055.537	3463511.589	2094698.82	899504.3437	829869.5921	875539.5214
Com_1332_neg	O-Desmethylnaproxen	Benzenoids	Naphthalenes	Naphthols and derivatives	Naphthols and derivatives	930869.3461	481376.8518	69565905.91	741078.9349	32612531.04	424321.5443	486183.9331	562658.2901	648886.1801	694264.2196	105945187.6	730658.1763	621233.6416	515021.5661	6258454.45	17105656.33	414936.8164	401956.3853	651697.6019	1093936.225	1670874.371	1184056.332	621242.2568	985536.613	762208.8887	705739.1513	633969.9431	718437.2329	699325.797	731010.245	747471.3696	941486.3251	720745.0714	57147350.9	12413443.59	2448250.09
Com_12468_neg	Phenylglyoxylic acid	Benzenoids	Benzene and substituted derivatives	Benzoyl derivatives	Benzoyl derivatives	1236243.467	2871461.725	2597370.954	2350839.895	3699625.902	2988728.419	3010046.843	3245451.587	3620023.276	3997213.342	4229874.974	4254836.016	3327477.587	2895833.716	7244822.136	6157709.347	2574348.39	2755091.284	2865522.661	3227905.742	2889549.136	4316587.01	2842672.815	2753835.215	4507550.079	4708532.229	3818985.919	4282993.082	4178132.271	4142349.388	4652149.821	4679616.585	5067346.9	13251205.41	17556516.92	16895983.3
Com_3103_neg	8-Isoprostaglandin F1¦Á	Lipids and lipid-like molecules	Fatty Acyls	Eicosanoids	Prostaglandins and related compounds	8137893.6	18435680.01	14822295.06	19399008.03	18897212.21	34667504.9	19028289.11	18630545.25	17703124.38	18483931.92	35847689.77	16569382.57	61888741.43	17749301.88	27046616.55	22505233.1	19029033.66	22072476.93	13929814.59	23536606.73	22012746.9	19139472.67	14396612.93	18610868.68	27503764.06	24115301.02	19857556.67	20378792.02	34254935.87	19477920.28	18339918.52	18748195.44	21508659.24	14484939.29	14430781.16	10867045.86
Com_131_neg	Delta-Tridecalactone	Organoheterocyclic compounds	Lactones	Delta valerolactones	Delta valerolactones	8394072.569	331752243.3	336155036.8	428627155.8	340442473.5	151333020.5	67295318.86	64540469.43	72618617.11	75517094.14	199940247.3	157197060.1	455967839.4	297038268.1	1183525725	876652665.5	694541145.7	604579988.7	172695739.2	191527771.7	231431084.3	276047612.3	151230627.1	268641609.4	1068631488	1054199444	1078153873	1041821246	1007609111	994694436.4	62669361.21	63920455.26	80003299.04	130814966.9	84001141.11	85682312.96
Com_1355_neg	LPE 13:0	Lipids and lipid-like molecules	Glycerophospholipids	Glycerophosphoethanolamines	1-acyl-sn-glycero-3-phosphoethanolamines	1091985.475	19887455.34	12756399.3	2382115.96	39303532.7	14373788.68	15618947.79	23854263.94	10446726.36	5323835.295	9451493.79	9565379.785	30136063.36	28749278.95	22534234.57	15660257.98	112646674.7	77238735.3	17121003.08	14401612.91	7645984.393	25800062.91	17562714.77	7233035.982	55624145.79	47962034.28	44018104.64	25370021.5	27966314.05	23361081.8	22838245.45	12919802.7	7217342.731	12380288.56	8747857.272	15016675.78
Com_11545_neg	Royal jelly acid	Organic acids and derivatives	Hydroxy acids and derivatives	Medium-chain hydroxy acids and derivatives	Medium-chain hydroxy acids and derivatives	8430002.138	5553342.19	29234546.5	30201876.34	14081878.83	2913243.316	41475167.99	33870224.05	17828987.88	49945101.5	22464601.41	35119791.3	11627626.36	7561933.946	16468560.25	3587588.473	6995474.198	6980244.128	8068519.091	39985799.18	13812960.18	36630621.79	5964311.399	6418587.695	20206318.74	3508894.753	1776385.12	503558.5856	1938102.682	508186.3238	41592912.86	13350194.42	18652522.57	40448437.92	48065499.15	42157685.6
Com_1426_neg	"3-Oxo-7alpha,12alpha-hydroxy-5beta-cholanoic acid"	Lipids and lipid-like molecules	Steroids and steroid derivatives	"Bile acids, alcohols and derivatives"	"Dihydroxy bile acids, alcohols and derivatives"	14478083.74	39297990.76	41944708.62	33009302.82	74857287.07	52542175.12	28473347.33	47891685.18	36662864.04	34760458.12	49173744.27	43433178.19	40269420.79	55151072.56	38838079.93	39005288.7	108471533.7	92702441.14	50368108.54	75952871.58	29327151.99	60929396.36	39864986.3	43068366.96	61563650.36	63074257.18	56897704.22	74692731.17	60662107.96	72969399.03	32865618.08	47166083.49	38125277.47	49873252.85	51280135.69	69857001.31
Com_48764_neg	Ursolic acid	Lipids and lipid-like molecules	Prenol lipids	Triterpenoids	Triterpenoids	1268.291483	2706.007124	2851.887056	2158.537583	3317.936796	24138.76072	2764.568326	2637.701139	485915.0094	3389.427757	74942.59945	240203.6584	3414.291034	2995.402207	3666.073605	207072.6638	2845.070436	657965.8262	2996.136241	271896.4062	2896.245072	4129.08558	3196.052938	2311.269004	3672.160161	3873.359801	3386.88608	4261.576498	3891.898803	4040.099509	3701.608551	285965.4065	209453.2722	204273.1082	3182.211171	117908.8746
Com_8488_neg	Capric acid	Lipids and lipid-like molecules	Fatty Acyls	Fatty acids and conjugates	Medium-chain fatty acids	1132848.622	3640148.943	1250033.879	1425761.625	2665881.773	1888692.38	1976648.929	2288715.756	2382358.885	1905743.225	2133582.569	2743284.789	2775110.587	1333958.29	12852291.82	6302914.474	1115180.268	1164028.501	2287328.964	1712537.35	1123558.707	3043029.303	1455442.7	1506025.616	5432022.088	6192596.595	5775853.11	4446503.596	5543333.67	5172103.737	2289789.949	2874601.521	2541188.39	3586910.112	5016926.869	2946042.069
Com_3115_neg	Glycerol 1-hexadecanoate	Lipids and lipid-like molecules	Glycerolipids	Monoradylglycerols	1-monoacylglycerols	922343.5679	6164536.188	8148856.175	11420145.58	14110650	5305372.995	14214305.7	13379746.06	16423601.81	46019948.18	21531324.15	26539759.64	8235774.153	6477281.778	5865373.983	10059369.35	12345759.93	10012541.41	13025029.5	29479850.9	19343432.34	49560594.03	13300803.37	9511740.34	20240650.67	17628910.39	16381349.11	15077224.48	9582167.399	11023468.78	46656746.46	44078385.01	55465743.53	36760522.9	34234736.04	30972217.32
Com_483_neg	Miquelianin					424773.3838	2154375.085	2168275.969	1889979.189	1505532.609	1504516.108	1930599.11	1913584.306	1670242.522	1001822.066	1234237.905	1891160.805	1322738.83	1211554.576	1759305.179	1871388.592	1342737.8	1411881.088	1736801.161	375888532.2	2757882.595	1924433.979	1722009.622	2368063.082	1418900.452	1406221.808	1476027.217	1386333.244	1402772.03	1508942.036	909857.5568	1723071.455	973234.4056	1393875.034	1285968.783	1356739.063
Com_90_neg	Arachidonic acid	Lipids and lipid-like molecules	Fatty Acyls	Fatty acids and conjugates	Long-chain fatty acids	32306888.08	323577182.1	198133244.8	52108941.15	398079071.5	1224519281	30542559.82	65970182.55	147403622.9	90165526.27	33404239.95	212417773.3	63139523.61	45528812.32	245449685.7	186018426.5	65303513.67	59879060.4	59903828.5	64617572.69	73987225.87	82009989.31	91606484.85	26179366.6	165432039.8	193684126.7	392783856.3	165887597.5	204952663	301451422.2	176801502.1	81379405.8	209952008.1	31927232.47	22387424.16	41098958.64
Com_11036_neg	Mag (18:1)	Lipids and lipid-like molecules	Fatty Acyls	Lineolic acids and derivatives	Lineolic acids and derivatives	453941.4424	3738026.929	2600276.552	5385169.971	1779710.751	1674548.246	4616957.129	3285441.581	3002966.194	3813381.901	5786816.428	6980887.325	4204261.171	974111.5792	3796410.201	5448924.598	3360235.951	3470508.708	4886408.37	6372869.53	2711641.193	5184737.496	2661450.116	7553967.911	3172400.932	1954031.262	408676.6783	1340874.921	1005607.998	2748336.875	3923652.294	3305261.869	4174595.355	4675025.47	4656951.578	4881602.102
Com_3848_neg	Spiculisporic Acid	Organic acids and derivatives	Carboxylic acids and derivatives	Tricarboxylic acids and derivatives	Tricarboxylic acids and derivatives	10765613.7	34542364.26	68156354.81	99665538.13	17627436.94	35599204.48	77005910.27	105702404.4	114747758.9	145494956.1	112205626.8	120094524.3	101688583.7	60940025.71	72164559.1	36878751.63	47922581.14	69947199.91	85618093.58	146668798.4	168186037.9	169414798.6	79670844.72	57709135.12	94853654.89	82764447.4	26585100.79	72012744.38	73158012.03	85196386.68	168117682.7	73276649.65	188103726.7	89050239.44	101627851.3	94385633.07
Com_1128_neg	Traumatic acid	Lipids and lipid-like molecules	Fatty Acyls	Fatty acids and conjugates	Medium-chain fatty acids	23454490.74	149885812.6	94375122.93	83409186.22	121170449.5	39610731.54	103607411.5	90134341.54	88491674.83	121694826.1	60178179.39	84981291.73	40479093.7	92939717.85	65549766.2	60282459.04	62375869.66	66792208.36	224571019	77592215	67910471.63	50050659.96	234474807.7	81712925.64	62718601.82	42116833.96	55412693.22	33609858.76	32301450.27	42057655.42	28580231.65	69327797.11	34675640.9	147955112.3	108601016.7	119406728.5
Com_520_neg	12-oxo Phytodienoic Acid	Lipids and lipid-like molecules	Fatty Acyls	Eicosanoids	Prostaglandins and related compounds	200674.4512	263282.4214	203506.9771	322861.3658	1154185.726	396686.8953	199488.7403	256674.4504	419749.394	1081716.405	477167.3637	739396.0196	498075.5876	221988405.7	1962617.315	892415.6723	279942.9499	321713.7394	24848749.27	605318.3105	616433.5297	810168.3625	24947279.59	73653289.13	1019900.187	970212.2552	1412724.828	1127953.316	1346385.429	961386.0103	528475.2773	232693.7928	615015.3177	1296812.691	1177054.699	1461403.848
Com_4497_neg	Hippuric acid	Benzenoids	Benzene and substituted derivatives	Benzoic acids and derivatives	Hippuric acids	586872.1828	2750075.402	1464228.28	976774.4655	1722590.328	6129049.764	1352672.117	1592159.409	1484670.464	1712792.284	3947366.265	1715596.202	2131911.812	1141055.149	7733379.487	6888957.348	1287526.488	1340326.32	1487608.417	1376424.259	1364039.227	1556366.091	1417501.428	1145742.084	5475347.253	6773955.286	4666927.396	3582352.12	3297540.184	3468431.7	1784569.235	2019590.714	1854176.991	9772237.995	10430129.94	7158678.451
Com_715_neg	13(S)-HOTrE	Lipids and lipid-like molecules	Fatty Acyls	Lineolic acids and derivatives	Lineolic acids and derivatives	164785247.6	175357059.9	102042544.5	738801861.8	479942554.7	98104748.29	154617993	109657318.7	123129198.7	59463943.76	220543201.1	254779761.3	176214106	168018059	117548373.2	200064536.9	164629081.6	47505120.73	195136672.6	292416443.4	491204097.8	862873425.8	801616555.2	1015608766	708502201.3	362926417.3	858072247.4	418667518.3	545294779.7	234689584.8	66642857.95	167102608.9	80807652.39	39075543.8	305812308.4	49853226.34
Com_29821_neg	Taurochenodeoxycholic acid	Lipids and lipid-like molecules	Steroids and steroid derivatives	"Bile acids, alcohols and derivatives"	Taurinated bile acids and derivatives	12852677.77	31774117.31	3394226.227	33421154.16	25744575.09	16672575.13	8012480.571	9933167.348	8679288.86	39205075.04	14190431.51	15948101.96	21652427.49	13109822.65	37928524.41	38941739.84	5451852.909	6167714.415	8551963.921	21232664.98	23121024.5	29525065.96	9986687.023	16094177.45	35423412.14	39160602.6	40395860.94	34589726.82	45058811.41	42661392.79	61201279.12	60552092.85	41251708.97	7299426.938	15039585.65	10630542.55
Com_42634_neg	5-Hydroxytryptophan	Organoheterocyclic compounds	Indoles and derivatives	Tryptamines and derivatives	Serotonins	424950.7127	10058615.22	3847734.305	1528477.148	1613676.324	22662396.55	451583.085	867725.5221	612819.7138	436693.3677	1144811.391	2001916.715	5431571.558	6938550.132	8870516.505	5594427.133	2138362.499	807014.8535	1338491.436	925527.2908	562180.2915	1027394.279	1378927.473	1767513.216	4950580.96	4717960.977	2804799.24	2399496.531	2726162.739	2530942.142	733586.7389	719455.5862	669072.9096	937227.7279	1235498.983	1259348.551
Com_1651_neg	2-(Formylamino)Benzoic Acid					24507851.2	2068042.297	40553306.32	51107305.35	45210447.11	71102245.52	22689658.68	4031917.216	45456990.87	44774046.95	39770912.82	33235855.28	53481151.16	43783824.86	77105314.14	73273425.19	30557004.82	34242776.98	2754214.032	35256188.32	38440223.99	31660073.91	2312485.174	33607716.79	104927862	104757358	105168349.9	120498283.6	141003347	130836427	45054385.21	42449694.78	46145818.53	34802326.17	38823692.75	32970260.83
Com_2823_neg	"12,13-EODE"					4270236.969	14016531.15	5662711.837	29150005.25	13680760.36	8024784.174	14789541.16	11955910.47	7482323.326	13701073.26	10041913.25	13681832.64	9465031.897	6476376.206	16948405.66	26996423.21	4696075.781	4763379.629	10758717.02	12119579.82	9268979.864	12364310.25	12012263.3	19776525.42	22721578.67	20116272.58	30270776.5	24153790.61	26028323.66	19261067.73	9562977.805	9027890.394	12492856.29	10287223.68	9602303.531	10612670.29
Com_25975_neg	Dehydrocholic acid	Lipids and lipid-like molecules	Steroids and steroid derivatives	"Bile acids, alcohols and derivatives"	"Bile acids, alcohols and derivatives"	1880758.151	981188.634	877998.1231	869087.0436	854020.4629	698635.4352	684563.5664	821346.887	719702.0799	907157.2329	816342.2574	1059041.505	814698.0116	676535.9738	1013550.444	1355902.564	781063.5783	734087.815	671148.2634	1144927.077	892772.0492	1357785.184	728427.5202	768748.4482	1282866.249	1124633.207	989814.1353	1268626.185	971954.8522	966929.4339	935268.513	6007391.169	2026292.606	819865.7244	823395.1964	751558.0345
Com_8480_neg	Monobutyl phthalate	Benzenoids	Benzene and substituted derivatives	Benzoic acids and derivatives	Benzoic acid esters	3522962.787	2723814.837	10210502.01	3146423.063	3603652.481	14743888.84	5535270.714	4438996.156	25153799.53	2768445.272	17007001.06	10803842.63	4120997.997	3399849.354	3188768.066	63462632.55	1796290.31	1802602.879	9070648.849	4140104.76	6323581.558	4481172.802	9306593.134	8400786.753	2884651.388	2670936.344	2645491.116	2718993.431	2646664.4	2766577.18	2828875.858	3563143.745	2976012.632	9461302.481	18624264.97	24287175.21
Com_31232_neg	Thromoboxane B1	Lipids and lipid-like molecules	Fatty Acyls	Eicosanoids	Thromboxanes	1226483.548	240139043.8	10480045.39	3155017.957	72496896.99	40145951	2950182.027	3685162.747	3208337.288	3644146.297	6258702.239	4314657.072	3020085.084	2397838.081	1045060.491	960588.828	1907694.611	1884986.531	2427087.77	4329034.617	3622068.416	3192232.564	2308322.099	3646696.406	1689985.538	1553093.731	1594105.761	1436907.682	1357551.956	1391266.699	3273989.404	4480688.251	3249053.125	3436532.304	3523234.547	3205078.425
Com_1834_neg	LPE 18:1	Lipids and lipid-like molecules	Glycerophospholipids	Glycerophosphoethanolamines	1-acyl-sn-glycero-3-phosphoethanolamines	950732.5658	23986973.21	32956792.46	436945.211	84912777.38	30757426.04	12981934.44	15067714.87	31213688.07	19944987.21	12640176.95	16729863.32	11474298.44	11144049.79	58414718.88	28714414.84	57238279.76	51294863.55	15152110.97	14240411.97	10942602.34	20199360.63	15341661.9	6095210.407	36353433.69	36551393.66	55547080.91	33517026.24	39849728.16	57888088.93	34408711.27	10666402.52	33540836.24	7546620.452	12600930.14	19482845.6
Com_8984_neg	Gly-Tyr-Ala	Organic acids and derivatives	Carboxylic acids and derivatives	"Amino acids, peptides, and analogues"	Oligopeptides	1116356.285	16638841.29	16892766.09	15797972.45	15786893.41	5969450.139	14294586.03	14848282.08	22163192.01	20463046.18	20871052.03	16852515.32	10065196.02	7956030.854	13494041.94	16166608.95	9079642.771	7847608.562	9813754.596	1715626.887	15165365.93	11606647.95	9564795.884	7129950.968	11672961.52	11596620.53	12503078.58	13724250.22	18683882.95	18588706.53	10387991.22	12514896.13	12739813.86	12385600.62	16909135.23	14442838.75
Com_16419_neg	Arachidic acid	Lipids and lipid-like molecules	Fatty Acyls	Fatty acids and conjugates	Long-chain fatty acids	948323.2096	1528774.05	4445257.233	1635342.079	6008037.93	2190782.759	3221704.685	1080290.145	1943249.255	5021690.579	2131803.269	1303147.925	1550257.935	1287466.584	1820305.07	4745818.402	19025820.03	6139453.865	6975788.537	1554734.104	1203033.069	784705.6735	3706664.925	1631774.589	6588420.973	4796793.381	6995756.718	8813004.182	7401093.082	3156541.16	4013055.564	6774337.343	2418425.178	2754822.886	2676077.213	2188581.826
Com_19583_neg	N-Acetylsphingosine	Lipids and lipid-like molecules	Sphingolipids	Ceramides	Ceramides	195371.3712	4370919.614	3257680.825	1878194.929	5736149.266	5731361.507	179563.2745	200472.0226	743847.4945	451930.5062	548913.732	1269051.781	955681.1345	1210135.125	3969271.624	3419434	839520.8776	771775.1215	1035950.694	979053.7711	788389.1635	870096.5686	1432000.153	1640569.688	5150363.817	3576543.504	3095930.914	3471990.626	4386470.737	5238065.696	690176.1541	832657.1918	1139509.296	1072238.986	1285097.529	616794.7206
Com_6495_neg	3-Hydroxysebacic acid	Organic acids and derivatives	Hydroxy acids and derivatives	Medium-chain hydroxy acids and derivatives	Medium-chain hydroxy acids and derivatives	671355.4941	2498860.155	4001101.37	4267035.85	2463035.673	2560999.823	5761044.832	5662589.746	4231806.261	3333580.696	4162801.163	3425286.929	5166421.216	9603667.324	6424765.916	6800496.438	10916770.01	10773624.61	4627573.799	2879327.808	5161871.126	3278498.26	3877179.299	3814366.661	3935384.163	3212979.698	6678551.085	2997708.087	4372391.65	6764653.483	4218732.123	3874570.445	2624965.828	21698387.85	21923036.86	15653437.16
Com_19822_neg	J147	Benzenoids	Benzene and substituted derivatives	Anilides	Anilides	1339214.235	881402.192	854948.1518	707744.6286	625874.0426	565004.6823	829133.3029	2213711.724	2565366.737	4730973.083	4304544.78	2612824.71	749099.6502	621045.1567	768029.9835	740855.0361	546072.616	569620.2095	832395.5383	3609071.289	1122305.52	4512948.053	809715.2472	667165.6794	2815202.53	2321953.403	1163246.898	7078625.979	1040625.663	662449.5262	6129551.393	6398011.089	5399780.814	1986038.825	3288935.077	1742802.224
Com_2761_neg	MAG (18:2)	Lipids and lipid-like molecules	Fatty Acyls	Lineolic acids and derivatives	Lineolic acids and derivatives	234736.6107	5405370.072	1718900.993	692039.3727	3161272.736	2243205.931	1807807.614	2502813.103	5468971.881	4625044.882	2179406.254	7534288.805	1889475.053	2712153.592	1803947.135	4624226.017	3037735.653	1136862.759	37573704.92	6565776.986	2130823.856	7256679.894	78234504.91	42279646.13	2768570.711	2752443.396	72138086.87	7918870.309	3313642.844	3003650.633	25441638.4	3812848.643	6857326.182	3466180.876	2892564.61	4373588.594
Com_4818_neg	Lithocholic Acid	Lipids and lipid-like molecules	Steroids and steroid derivatives	"Bile acids, alcohols and derivatives"	"Monohydroxy bile acids, alcohols and derivatives"	4028092.839	16280110.61	9445834.769	7084601.84	12026893.76	72654108.16	14975223.25	19368338.33	12565987.69	22145348.18	7006008.906	28770774.78	23662436.35	12290121.28	17864117.54	16794989.14	21139782.55	20042592.27	17701801.43	30480274.55	18938455.35	7514754.579	18411403.72	12332320.78	12332935.91	11322732.3	13448606.23	13782052.67	19131890.39	21205681	24460450.23	21218644.19	37169926.75	29599109.71	19018785.98	22080890.24
Com_1044_neg	L-Adrenaline	Benzenoids	Phenols	Benzenediols	Catechols	3151511.747	65820895.97	38075502.05	8137056.313	58874471.16	118645688.1	4367727.137	6171255.396	8263671.427	10415568.78	7402855.915	16661985.71	66586794.76	326110840.7	83658918.02	63265832.72	165690447.7	177970363.1	9504473.156	13419601.71	12349894.65	14422934.53	9192273.388	14922996.71	66306071.92	73995467.54	41154912.68	57789396.38	37580288.73	40696664.76	14909174.07	15308752.98	20667044.43	7991060.5	8096099.399	12731159.79
Com_803_neg	19-Nortestosterone	Lipids and lipid-like molecules	Steroids and steroid derivatives	Estrane steroids	Estrogens and derivatives	7569022.307	7472233.426	548478.7215	9913809.688	10424984.56	12279157.88	5756847.607	6141929.497	5757636.188	7049045.156	6834834.043	5829877.803	8671779.545	10223889.78	8272580.811	6285436.945	5918942.6	5467209.884	11642042.88	17564588.09	17254044.92	107912147.7	12963688.54	8016726.751	194655751.4	196669160.2	428873845.9	140862913.9	160710674.3	151808604.9	88452420.44	26724561.31	47120140.85	9443274.161	10312049.39	8964171.109
Com_5551_neg	LPE 16:1	Lipids and lipid-like molecules	Glycerophospholipids	Glycerophosphoethanolamines	1-acyl-sn-glycero-3-phosphoethanolamines	715748.7322	5746757.645	8390974.141	238254.581	8033095.131	2096375.777	3884617.822	728426.5153	7504417.574	7311277.013	3814290.476	9230923.3	1974183.511	2050782.842	5152648.499	3495404.116	13905929.1	3459578.546	4043049.177	8508993.9	2683905.948	1443611.379	6391384.356	4427512.196	8556655.569	6748889.12	23381611.46	4122338.182	16494361.72	8546310.129	349536.9708	3771211.358	9951542.084	5335614.505	4379561.639	5562095.097
Com_3033_neg	LPE 18:2	Lipids and lipid-like molecules	Glycerophospholipids	Glycerophosphoethanolamines	1-acyl-sn-glycero-3-phosphoethanolamines	6333825.639	25203799.37	26323266.17	6740023.763	64686891.45	43659301.32	24694884.96	21884331.11	21821082.16	17356513.94	15562699.55	16871772.52	37605872.38	32607713.62	56636140.59	74686656.62	57430547.39	51464585.1	32314903.49	19572078.32	9935762.105	28396063.78	34199414.16	36219129.79	64644538.77	49849495.17	63968453.28	80352926.64	50167421.15	51135308.28	20293135.68	11492708.84	22716218.09	14790953.85	13577297.56	16555850.48
Com_2429_neg	LPE 18:3	Lipids and lipid-like molecules	Glycerophospholipids	Glycerophosphoethanolamines	1-acyl-sn-glycero-3-phosphoethanolamines	3245970.019	11068022.45	24008869.67	5751579.832	45392038.97	18477335.31	13521948.93	9490761.864	14005409.79	12416392.67	12640850.72	10489343.02	33488831.97	29589668.62	35013113.76	35018178.35	63982511.28	47957931.85	26130284.25	11417027.24	4845014.071	21701377.88	19886322.06	21538083.43	64564356.31	56962445.99	81679270.01	68989517.46	57160306.3	68798720.3	17815848.36	13307409.56	13580718.94	11605621.46	11717768.86	11125037.94
Com_1568_neg	11-Ketoetiocholanolone	Lipids and lipid-like molecules	Steroids and steroid derivatives	Androstane steroids	Androgens and derivatives	9112120.01	48168821.82	31098147.6	44349777.14	51641861.59	22342904.65	47297038.4	35708544.69	45856562.1	49628034.88	18046094.56	31122457.97	44195697.73	63180344.73	37561048.72	24204790	28472348.48	22373579.3	55651130.66	37760926.23	41285092.79	114280420	54443208.28	47980067.54	83160219.2	49894579.99	39359196.19	14614720.77	52783778.1	35785850.32	30925438.43	33296807.68	27283665.71	45858833.78	95275108.18	45819275.41
Com_3071_neg	10-Undecenoic acid	Lipids and lipid-like molecules	Fatty Acyls	Fatty acids and conjugates	Medium-chain fatty acids	14440527.96	30837445.85	41171186.6	27447517.1	32154683.27	3354408.918	55983545.13	21769456.01	68030835.6	39973128.24	30381373.69	40922707.9	25511491.51	30172061.85	26606928.06	28619621.37	26782355.09	30936377.26	51412300.06	33013702.99	32955978.41	24381091	53804350.73	21351343.82	30545253.26	23416467.45	27206963.57	28579885.08	32814361.72	14528150.93	66456804.73	65562963.37	69480237.17	33750593.74	11290435.82	14068062.03
Com_2810_neg	Leu-Pro	Organic acids and derivatives	Carboxylic acids and derivatives	"Amino acids, peptides, and analogues"	Dipeptides	472242.4572	12325975.74	8769830.589	2121534.295	15632254.01	48328475.71	1273441.422	1554350.683	1420437.548	3846915.962	831838.5704	1667315.715	15917172.3	14098098.15	96860289.27	82362742.89	9445573.194	9155524.277	7330522.459	3920074.514	2782269.182	3809905.394	8446670.706	8050581.03	42647622.62	50496597.83	38676171.14	53902009.67	25195159.66	26445725.12	6303259.92	5749368.575	8158419.623	6716597.056	5413823.418	5892359.874
Com_578_neg	Isoferulic acid	Phenylpropanoids and polyketides	Cinnamic acids and derivatives	Hydroxycinnamic acids and derivatives	Hydroxycinnamic acids	2272640.535	8392636.239	8524190.476	7085214.364	8779250.082	6073306.736	7330178.386	2013667.814	19456444.69	16144714.45	22445333.88	4241741.178	8856328.894	7190782.817	8785379.758	7426960.719	4333425.709	5971792.629	12439628.37	10132835.87	8291023.749	17532820.34	9306338.543	6513272.062	6612825.593	11519169.3	12503786.79	5575937.496	11270100.65	4542925.057	19910327.13	34283421.73	20404899.04	14339118.68	13223942.73	4810913.655
Com_2643_neg	¦Á-Lactose	Organic oxygen compounds	Organooxygen compounds	Carbohydrates and carbohydrate conjugates	O-glycosyl compounds	11475854.65	11986978.35	99076230.81	469819559.1	17309471.74	12543173.41	15446271.62	14380668.09	45064947.24	44789698.29	89303803.37	33229443.9	32716826.11	49889521.94	36895048.71	17498192.23	19268112.04	16663685.61	9679521.89	35097079.98	31585320.95	34091310.13	11985843.92	20053100.74	20907848.5	24988436.82	22004811.97	35393126.83	15412549.26	24735254.02	58207430.12	41487080.42	18217670.83	28975104.39	41640749.61	22880417.27
Com_833_neg	"4,5-Dicaffeoylquinic acid"	Organic oxygen compounds	Organooxygen compounds	Alcohols and polyols	Quinic acids and derivatives	1457248.357	4981899.096	3927226.502	2024337.179	10944211.39	3053763.712	14447507.4	9739344.491	5949207.735	6361894.337	5660317.165	10628301.34	17146421.34	13724329.17	7547830.124	7054803.529	10215167.09	15263534.57	102408199.7	5410008.113	4652299.172	15585913.17	50404105.82	144405931.5	11108592.21	3748160.518	17262186.36	8159056.039	23820361.66	8821659.037	2629288.646	1942480.167	4260863.229	6910346.977	6738820.998	5299555.312
Com_35988_neg	LysoPC 12:1	Lipids and lipid-like molecules	Glycerophospholipids	Glycerophosphocholines	Phosphocholines	318758.9386	760293.4683	545493.974	330329.5854	878465.8147	650144.0641	1268707.08	1656942.019	897242.7015	849060.4707	1263776.421	901151.362	1918304.059	1140588.61	789462.2916	664328.6249	1025856.704	1246255.339	1520110.841	788852.9327	1203439.565	432662.8213	2017474.067	5280092.368	381173.399	264878.269	664296.3027	363473.9336	805555.7414	758242.4526	992228.2336	1440935.506	1117847.461	1614308.683	1583306.407	1461198.76
Com_7390_neg	5-Aminosalicylic Acid	Benzenoids	Benzene and substituted derivatives	Benzoic acids and derivatives	Aminobenzoic acids	3981365.863	6618574.293	8051841.059	10021769.62	8990310.124	7857082.191	6000856.599	6136873.291	8243920.446	9453241.715	10874364.55	11132225.65	8216959.301	7231143.603	9739604.5	20962552.44	6382347.349	4560384.733	7266180.999	8572436.585	5318483.359	9589730.212	6760574.162	7100767.818	8510338.253	8374501.127	9966624.475	10375364.9	7397501.067	14132072.04	15353032.41	15437791.11	14968261.74	8283192.212	4131970.205	4296758.202
Com_11740_neg	Deoxycorticosterone 21-glucoside	Lipids and lipid-like molecules	Steroids and steroid derivatives	Steroidal glycosides	Steroidal glycosides	10242072.32	21850590.2	78419930.84	64033540.69	38591879.23	37018409.9	94518451.56	104455167.8	130512100.4	143847300.6	164742424.6	124050414.8	63084568.53	34250711.7	40858889.48	33336468.01	60229627.89	54959877.12	103462252.1	135611997.3	150553707.8	130808366.8	95086101.58	91397053.04	81038908.86	71356179.74	73248208.14	79318943.76	75840463.5	70414738.76	152732398.7	164045547.6	156035536.7	104548204.5	120917351.1	102930619.5
Com_7382_neg	Tetrahydroaldosterone	Organoheterocyclic compounds	Oxepanes	Not available	Oxepanes	14979221.91	25968128.68	23447979.47	26771894.69	29162114.71	28256419.2	38437884.21	27200483.12	32692697.03	43193452.2	47264509.98	47979042.66	66899796	35390938.95	18297080.67	15163527.98	36019770.38	22091274.86	20181426.49	58964583.26	56391123.62	54108838.96	36470064.08	114834136.8	41585559.66	39600732.5	37843712.18	41915839.31	38845568.5	38916893.4	55853115.2	56697561.8	57963669.84	39364504.24	43698976.42	38618542.72
Com_5019_neg	3-(3-Methoxyphenyl)propionic acid					7216694.506	43021072.79	28653171.8	14217944.5	42441596.32	23750301.39	34619192.68	29095997.21	34313314.27	45421202.3	40272640.21	42323921.57	30931262.13	26663541.74	10311712.84	12700008.81	15631702.28	5140057.05	34703471.69	29837959.15	29720178.19	45990323.75	34172373.41	26568191.27	22640812.66	22428350	21407330.55	23837798.42	27295842.91	29426443.62	48782069.44	37781265.78	48776689.71	89855247.52	85838246.65	62968263.19
Com_122_neg	"7-Hydroxy-3,4-dihydrocarbostyril"	Organoheterocyclic compounds	Quinolines and derivatives	Quinolones and derivatives	Hydroquinolones	949511.4918	1726135.314	1987015.358	1748917.024	2003049.432	1908639.768	2890712.095	3443069.645	2340234.862	2635978.909	3442654.652	2558045.322	3021266.697	2948095.072	24083284.6	25161121.83	4325275.672	4050028.242	4609287.737	2223415.239	1990474.871	2581034.451	5353240.04	1955772.598	3105419.07	2831063.872	3719160.152	2783908.66	2907840.69	3078123.306	3868724.335	3245660.633	3530817.485	1385563041	1430915679	1436419952
Com_853_neg	Octanedioic acid	Lipids and lipid-like molecules	Fatty Acyls	Fatty acids and conjugates	Medium-chain fatty acids	20809937.19	24067686.02	244285358.7	88044467.38	19002664.09	28117546.76	318437538.9	164821404.4	200211131.4	94718959.11	76063855.31	55380226.4	30308318.37	21669690.96	14765853.4	17205909.88	168480846.9	203107704.8	25020436.91	83766572.06	59313052.37	46827808.1	27962384.26	19828806.35	17328255.87	18400369.95	18823546.49	19001276.85	23517691.6	21110277.97	45796635.37	46030957.16	42071329.52	29992725.69	45792619.53	45002735.68
Com_4214_neg	Taurochenodeoxycholic Acid (sodium salt)					1577627.876	21533535.77	22639096	36231783.7	29913502.74	60763598.8	13615534.33	32787435.19	14429125.12	34383406.81	29043356.5	16960873.06	45238070.5	22411397.67	34396028.27	142865095.2	61380241.27	47790547.9	43752110.66	52243782.78	54601581.75	63259104.03	43703715.72	124983076.1	91888958.61	73955514.26	54767588.44	55547458.4	66780160.91	61934157.25	45017891.66	71784212.18	52169210.49	41863329.69	46139976.59	36078161.03
Com_2856_neg	9-HOTrE	Lipids and lipid-like molecules	Fatty Acyls	Lineolic acids and derivatives	Lineolic acids and derivatives	7488583.436	4444541.205	4217863.323	42593273.85	11173726.93	6419796.2	3889502.631	2796229.402	4235111.294	5213278.613	6919082.004	14903084.26	4164219.058	5225251.877	6453954.357	8287462.24	4534593.12	3517325.087	5175208.843	29028583.19	21784448.1	32682854.51	13506460.49	16147731.86	13032266.13	9112864.079	13140022.51	12905433.29	12181682.45	8741931.829	4423162.258	6078989.268	7078428.437	6449008.445	8243500.54	8742317.301
Com_3141_neg	Ip7G					57189.28967	1531289.124	115915.484	140676.2137	1085607.11	95091.1636	146453.2907	151580.784	113902.0923	741662.9013	1304860.952	306375.2319	175701.6113	148351.0895	298445.3241	1161140.415	112544.9735	115966.2256	116728.6309	991581.6835	8395406.465	376137.7944	115833.8889	344968.1608	387789.6001	293736.714	50041736.35	251008.3709	103972.0684	109274.2209	121642.6871	4071154.221	119068.6109	577456.0523	605275.2751	589672.472
Com_9979_neg	L-Tryptophan	Organoheterocyclic compounds	Indoles and derivatives	Indolyl carboxylic acids and derivatives	Indolyl carboxylic acids and derivatives	920259.5675	6275146.754	3614963.524	603679.6413	6649601.961	18608446.06	926366.2913	834094.7839	642533.0966	956444.7501	620260.9161	1255480.253	3808480.438	2154851.042	17337423	14267403.72	1415112.655	1229517.307	1157601.248	1248036.207	1446870.715	1503903.403	1557146.323	792576.5375	7030467.891	11270534.2	4494346.947	10031242.61	6788027.198	7490698.258	1625325.138	817417.144	1352562.023	592136.1677	733618.4864	890302.1002
Com_5200_neg	N-Acetyl-D-tryptophan	Organic acids and derivatives	Carboxylic acids and derivatives	"Amino acids, peptides, and analogues"	N-acyl-alpha amino acids	22910561.48	11268384.51	29070355.17	106493133.7	9318228.95	42257247.16	138238943.1	165802398.2	70223290.33	64830228.03	225905931.6	118526498.3	165259897.3	165853571.7	76318792.05	72928437.85	44729841.16	62659387.24	202122536.6	74198552.06	50849761.46	75369632.33	162158900.3	164677581.9	38917357.23	41557049.65	46248296.37	32048346.71	56312771.18	53031844.69	180550429	104728748.2	82414496.58	90532847.68	89858761.92	221941818
Com_4646_neg	Lysope 18:1	Lipids and lipid-like molecules	Glycerophospholipids	Glycerophosphoethanolamines	1-acyl-sn-glycero-3-phosphoethanolamines	19498453.93	6294502.313	6126060.884	4176166.52	22813749.78	27915342.02	3822956.223	5123832.442	4816757.928	4045074.995	1948145.043	9985294.592	4215843.572	5330346.597	9152028.455	12427450.18	13757672.4	11899072.12	6028807.912	8197715.817	2252789.213	8065494.817	6332397.933	4579320.979	10016345.46	9876704.199	18618321.15	11276234.44	7958534.92	12017494.21	5091418.623	1440118.406	3020581.647	4262025.179	2552830.595	3700302.569
Com_4550_neg	Myristic acid	Lipids and lipid-like molecules	Fatty Acyls	Fatty acids and conjugates	Long-chain fatty acids	576969.5366	831494.6822	696572.6955	604909.0844	803781.77	1692528.914	699676.0731	696922.4782	747431.5952	760899.7362	909082.3536	681493.5281	4179503.75	2336427.524	4120165.602	28712390.09	445462.0823	470113.9075	679463.3044	766184.7475	752926.3993	835700.254	686340.2746	1255526.043	601184.6632	579960.6501	580764.4441	661037.0242	601602.3681	588641.092	839064.5466	902070.8796	935112.9095	792685.5647	916365.8246	804307.8253
Com_66_neg	Hesperetin	Phenylpropanoids and polyketides	Flavonoids	O-methylated flavonoids	4'-O-methylated flavonoids	46692033.34	1155668020	335049902.5	382908160.6	1116734539	1184172875	179119901.4	222997564.4	455543334.8	319874744.4	373486580.6	363656734.2	995958904.1	649447108.9	1304245942	1198514985	606360095.8	634318029.1	294582797.5	249594798.5	185284969.1	327402324.2	294215546.2	433504389.6	2209217898	2248034812	2420756246	1607203071	2585520642	2569500089	235141556.8	271804445.2	291437349.3	399123560.6	431596097.8	384725213.8
Com_2405_neg	4-Methoxycinnamic Acid	Phenylpropanoids and polyketides	Cinnamic acids and derivatives	Cinnamic acids	Cinnamic acids	3257353.47	8159188.761	9792530.475	7157851.511	10634390.68	10674244.84	13917914.9	3769268.948	17029221.31	17476650.62	20053218	1444077.996	2056238.338	10112412.74	10450920.83	10961362.24	7979601.701	7959185.456	13226392.87	12423733.96	15088746.57	17940021.54	12982784.43	8738633.93	11639055.51	13272184.72	8828202.447	3854981.422	12826098.64	12212982.36	20307942.05	22557838.34	21472902.46	13901458.74	16377557.94	15202683.96
Com_9747_neg	Methyl EudesMate	Benzenoids	Benzene and substituted derivatives	Benzoic acids and derivatives	Gallic acid and derivatives	2081973.752	5567156.639	7863006.668	5287077.653	1135633.079	7407952.89	6156752.189	3919875.439	17813998.11	8779589.945	8286829.956	11299738.84	13324131.14	4457413.003	7161254.592	8804454.123	7292766.733	7990416.226	5102157.516	17447681.27	11162496.45	23105427.63	5263297.507	7402802.577	24173065.43	24223999.74	18897532.81	22988975.95	1203034.324	13823864.34	16777660.66	17156227.7	16362372.98	7434678.917	9319152.582	7217878.45
Com_10585_neg	DL-m-Tyrosine	Organic acids and derivatives	Carboxylic acids and derivatives	"Amino acids, peptides, and analogues"	Phenylalanine and derivatives	2509378.681	12542494.99	10273377.01	11941316.13	12806503.77	10655923.52	10228283.17	12955362.71	15906377.9	18489691.07	22662837.55	8024009.729	12743225.91	10774987.37	13153794.45	13567462.23	10680502.32	10169906.19	10753173.86	12298004.33	13755251.1	15556930.72	9659899.065	8520417.289	11719111.83	10874217.71	11750461.75	11011173.04	12768660.36	13826031.27	21012136.65	23052375.72	19579555.97	13268540.05	15909329.9	14544394.13
Com_23925_neg	2-Isopropylmalate	Lipids and lipid-like molecules	Fatty Acyls	Fatty acids and conjugates	Hydroxy fatty acids	3095791.939	6961547.095	20750960.76	18223011.22	5975210.923	10273247.48	24604175.25	20270678.37	19665988.3	11099256.4	16730633.18	11632656.22	8749095.648	9529531.752	5957150.146	5194417.609	11388211.84	11430554.81	9087613.668	8158408.169	8988653.865	8245954.1	8068199.125	8358299.031	4950050.928	5188785.317	5164150.071	5663304.58	5852324.368	6096683.921	9445211.021	11338060.7	9514714.506	8629790.78	9091626.031	10315373.9
Com_12989_neg	10-Hydroxydecanoic acid	Organic acids and derivatives	Hydroxy acids and derivatives	Medium-chain hydroxy acids and derivatives	Medium-chain hydroxy acids and derivatives	1301635.765	11594490.71	8314340.504	4914208.832	11177786.74	5320999.247	4232391.039	3693822.365	3688049.287	2877767.9	7720667.209	4306221.644	16168916.86	25170525.23	15659480.75	10606358.37	10737033.36	8705301.106	9102796.263	4151749.565	4494452.265	4025169.22	7609884.417	9247914.944	7575379.849	6787019.687	7600641.419	7696475.856	9175693.149	9758011.01	4685077.506	1749879.564	1771278.657	4344076.738	2826307.49	2977378.334
Com_3005_neg	Gamma-Glu-Leu	Organic acids and derivatives	Carboxylic acids and derivatives	"Amino acids, peptides, and analogues"	Dipeptides	23340346.9	58617464.83	142713476.9	31540996.99	25925018.27	20730505.49	103701738	88024595.35	82561279.03	41654929.35	2161475.934	31870941.57	23202706.01	25493563.78	16682814.45	44420705.26	89390090.21	91198508.78	24957802.58	3919562.195	1212587.382	42373679.34	23823316.5	21455453.44	10695866.02	47082609.11	4958995.261	6631462.178	4252631.88	7629339.62	30510976.27	29552801.86	31130924.68	31951764.3	32259142.93	32587680.05
Com_40913_neg	Nonanoic acid	Lipids and lipid-like molecules	Fatty Acyls	Fatty acids and conjugates	Medium-chain fatty acids	1264.30788	2697.507769	2842.929504	2151.757787	3307.515418	114505.0443	2755.885036	2629.416328	770293.811	3430.005166	162251.7323	1762757.949	3403.567016	2985.993885	3654.558757	1928715.627	2836.134295	1440669.272	3005.166589	1498245.189	2887.148195	4116.116448	3186.014389	4674.231854	3660.626196	3956.542751	3376.248139	4263.16371	3879.674657	4027.409875	3689.982091	1768894.077	1935485.315	1672525.258	3172.216098	1205900.754
Com_11865_neg	o-Toluic Acid					1616390.904	7684831.998	12172783.48	6707468.492	10470528.2	8307610.015	12481527.3	13078179.63	17043101.56	12959654.61	16963721.54	11035678.77	23293652.19	17982638.14	11927858.77	11860668.33	13929389.23	13743931.52	15104094.81	11182031.41	10082862.26	14443122.25	14839415.79	15721439.62	11578365.79	11336498.25	9527400.398	10972003.2	11464866.62	12131614.84	12841985.95	13148727.86	14459909.63	19126387.69	19022767.64	16463351.89
Com_44538_neg	Nicotinate ribonucleoside	Organic oxygen compounds	Organooxygen compounds	Carbohydrates and carbohydrate conjugates	Glycosylamines	323857.5014	3499011.756	2458197.99	4417524.507	2786266.667	3620273.061	3172719.199	5588717.078	4232149.231	4202736.62	9039604.809	9924075.916	2346646.901	1970925.135	3297673.048	3946535.812	2057940.747	1571665.48	3037954.502	3108943.226	2144030.972	5913719.424	2792015.779	1881737.56	5241313.489	4312903.538	4440917.159	3377527.883	4122281.878	4100713.293	5484403.657	6594348.393	5371727.727	4646533.686	5052278.255	4984514.02
Com_4220_neg	2-Phenylethylamine	Benzenoids	Benzene and substituted derivatives	Phenethylamines	Phenethylamines	70562.31736	160490.3329	184292.6611	242108.8464	160075.2617	157190.1098	219687.555	216233.882	204598.8659	203440.9344	270265.0429	218673.0844	14882062.55	37073212.68	216033.6905	182060.2087	18465286.94	20077479.77	150689.7817	174625.0958	272502.7488	193376.8846	141993.8661	446123.4319	201921.4622	205589.7101	200059.4678	201138.2676	191583.8192	194327.3165	196857.5093	219568.6214	197371.5502	117741.146	431353.4602	360648.4175
Com_6775_neg	Milbemectin A4	Phenylpropanoids and polyketides	Macrolides and analogues	Milbemycins	Milbemycins	29030426.79	1763212.089	3087757.011	1259634.01	1379789.936	2131907.284	5043485.964	16280672.84	4006503.148	2011303.695	6570664.189	6694087.421	3479552.986	2703021.512	2861133.427	3690097.994	3521443.116	3078241.836	9473485.802	12620359.12	28662070.18	5880181.634	7748216.606	8413748.807	3388035.331	3309641.947	2470164.168	3110174.517	3389855.596	3265302.81	15409720.41	12999105.64	15251256.89	6120700.26	5587358.185	4402837.98
Com_3633_neg	"DL-3,4-Dihydroxyphenyl glycol"					4447221.59	11171810.05	16258131.63	15670490.83	10717665.37	14821530.18	22727885.59	27291127.7	21500559.68	22348622.59	29136067.4	23001871.55	13238934.8	11883020.18	2649091.143	12796516.29	12728536.48	9906738.137	12086125.41	14537164	16235849.84	16320245.82	10730537.54	4092943.754	11691716.91	8758945.75	5644455.988	9182735.927	10613931.7	5035867.639	24430843.72	28027724.16	27993270.52	16781058.44	16107649.12	21976890.69
Com_33543_neg	8-Hydroxyguanosine	"Nucleosides, nucleotides, and analogues"	Purine nucleosides	Not available	Purine nucleosides	279158.0031	895854.3057	734518.1704	988854.2111	630960.0481	1023986.787	966456.6417	912015.8351	730545.3563	592283.8337	1697252.163	1457207.216	2669367.914	3545264.824	1310850.568	1418950.721	2279559.504	2398455.481	761198.1332	2447533.644	1599052.285	4429824.568	677150.2696	882686.2677	2921103.367	2675664.347	1093251.574	653887.672	2325777.896	1797931.455	2911017.568	2652336.633	3641754.627	2294724.622	4784830.572	2705990.764
Com_2693_neg	"all-cis-4,7,10,13,16-Docosapentaenoic acid"	Lipids and lipid-like molecules	Fatty Acyls	Fatty acids and conjugates	Very long-chain fatty acids	2964482.948	15360349.72	8015351.604	1406055.017	12027652.03	72098843.07	1086085.929	2370567.733	7576265.54	3482376.802	1096812.176	7069236.153	841840.5227	995172.0923	7007972.162	5890398.21	895255.3718	1014864.385	1163497.242	1242371.992	1511410.044	1145185.504	1670809.846	502212.0503	3836590.251	4758565.493	7228991.077	4135815.718	6136442.373	6785815.327	6437523.237	2109781.322	4856326.024	333557.1299	313565.6592	686419.2545
Com_16233_neg	Lysopc 20:4	Lipids and lipid-like molecules	Glycerophospholipids	Glycerophosphocholines	Phosphocholines	8215367.186	2211921.16	2802139.977	3779291.959	4612264.52	5368448.96	5420640.509	13099697.81	5085574.63	12425609.86	9594893.714	8235313.842	4916445.145	1244164.248	3202641.02	2861088.112	2260367.425	2207156.892	8530682.434	12135217.65	18936161.33	6143353.149	5405615.965	5113044.812	2208167.305	2811266.33	2185334.159	2289607.312	3032674.591	3031643.174	20044803.3	17653549.51	15906628.2	7195440.634	5618240.781	696415.8275
Com_22158_neg	Estrone	Lipids and lipid-like molecules	Steroids and steroid derivatives	Estrane steroids	Estrogens and derivatives	622018.0105	1001824.195	255730.3166	287430.786	641074.6456	158490.2221	206707.3997	208777.5318	201945.3573	278656.0929	244596.7911	284908.7165	252105.9595	249667.1812	261384.3988	361192.081	303341.7703	283612.5052	2698590.915	326875.7881	295264.0633	430860.5711	3147396.718	1947294.673	327882.4076	280344.9972	262835.4575	287901.4589	321451.9757	273229.7068	267715.9589	266285.8814	285070.8676	1949701.107	1054616.127	1203590.627
Com_8235_neg	PAF C-16					966164.2302	919842.2716	894474.3386	1089754.402	1121697.624	967983.6053	879708.0878	857753.8447	3222254.053	5351450.439	11459922.3	29809203.58	1028556.642	1105548.059	967222.1653	1219581.018	1009237.011	950250.5773	23452058.17	7203493.731	35520041.67	2279131.772	828595.1041	819540.7949	1131437.51	1106172.895	1079569.724	1261707.742	1013503.031	985557.1121	1192828.614	1642172.591	1075848.107	1072416.4	818095.2929	909553.5402
Com_18931_neg	Narasin	Lipids and lipid-like molecules	Prenol lipids	Terpene glycosides	Diterpene glycosides	1435920.78	842116.3443	1601471.674	1352009.147	5021698.772	494550.1211	4811751.405	7308694.567	6767147.682	5289795.631	6785565.637	8385752.242	3132293.383	5901588.894	860340.9562	1038041.411	4023000.86	2828756.657	3110350.867	5384092.13	3923894.888	4613630.346	4312954.726	3551484.666	982126.8325	860988.0031	757774.2593	971225.0342	744101.6874	740254.3664	1518212.522	2466136.086	2422197.192	3509306.667	3024076.991	3544859.474
Com_543_neg	4-Methyl-2-Oxopentanoic Acid					99215930.28	187473530	39939519.03	83612495.2	180061266.8	390573869.5	30872065.82	35168965.82	43093075.45	59705851.48	32147526.24	179551017.3	154396807.1	27279977.48	368199451.7	226438246.7	34235271.38	36455374.07	59138061.87	253775383.3	229277085.2	186736126.3	62022040.21	38043588.71	444136286.3	538014643.3	341322495.6	355209467.9	265417789	327407609.9	96864217.89	82881678.33	75861584.88	38801184.04	48700069.53	39434160.45
Com_16996_neg	Acetylcarnitine	Lipids and lipid-like molecules	Fatty Acyls	Fatty acid esters	Acyl carnitines	4247195.088	2952112.454	3928086.378	7453147.99	5569804.969	3087969.885	2406602.914	1535830.048	1799078.084	2315713.781	3401807.643	3028084.373	3438622.064	3998936.902	4679827.939	5636429.059	4005420.606	3925762.363	2274551.158	4983686.003	3322768.152	4492359.407	2464237.078	3679154.414	10850939.77	11884424.74	8401723.618	7071462.607	8311773.743	9266467.846	6123053.025	3631443.117	4586155.918	3692199.023	3354788.205	4609047.483
Com_28410_neg	Glu-Glu	Organic acids and derivatives	Carboxylic acids and derivatives	"Amino acids, peptides, and analogues"	Dipeptides	492123.1625	1242203.397	1005830.416	2397101.337	534955.7116	2964558.44	780578.4552	966995.2799	875652.0888	848453.4088	1917116.697	1205092.422	2778859.793	1486115.23	823913.3099	1014437.378	1129973.066	1200018.465	770047.0272	780560.9467	813598.9814	865339.5084	457294.4637	429014.5162	1011815.298	997583.3938	1098637.206	881584.3847	1143015.243	895139.3888	826992.7718	1107446.672	658349.8507	855364.6016	961090.154	721899.7198
Com_1375_neg	Taurolithocholic acid					8488081.86	10783927.23	10840297.92	20557272.83	12008580.78	18272371.61	5961601.28	18951293.88	7656553.359	17496472.04	5835010.317	3838817.35	11067745.56	7166997.18	17261919.82	63970268.91	14132850.24	11135706.7	14186087.9	116573017.3	49605233.82	81655626.16	12757224.15	16393400.6	25755428.98	22096930.4	22193331.59	25047535.9	32818818.91	29370534.16	40651190.35	98599479.21	44491681.85	14484831.54	25746066.2	21838658.56
Com_5519_neg	"(3R)-8-hydroxy-3-(4-methoxyphenyl)-3,4-dihydro-1H-2-benzopyran-1-one"					826390.1011	364133.2731	304543.1812	394928.0458	393686.8734	302684.6415	409100.1889	409359.9352	477021.1138	588168.7126	590495.1928	521460.0743	693990.5362	1129874.948	886213.4341	561997.2955	303576.0165	273797.9898	476647.5853	2777064.786	513435.7095	1636978.496	462669.4549	398685.9204	447597.4659	594579.6371	1483510.17	2403692.365	2408938.046	2360265.407	9394547.24	17474764.05	23642678.05	1044367.483	665124.9206	761077.2078
Com_6209_neg	D-Glucuronic acid	"Nucleosides, nucleotides, and analogues"	Pyrimidine nucleotides	Pyrimidine nucleotide sugars	Pyrimidine nucleotide sugars	1689428.573	5532345.936	27732488.21	2556348.605	7386621.66	9318926.633	5774152.871	4216303.087	5474408.288	4975313.658	15746491.44	4260527.128	14959056.24	34373455.33	27759197.19	21795979.49	7829674.631	6990552.614	4400985.348	2891888.599	2301551.047	6018751.743	3893275.33	1726332.889	6422845.697	6185080.677	8572526.644	13769212.88	10386278.64	10349913.61	6068529.56	5223695.996	7161976.92	18886278.14	5678772.285	6297809.277
Com_16301_neg	Deoxyguanosine	"Nucleosides, nucleotides, and analogues"	Purine nucleotides	Purine deoxyribonucleotides	Purine 2'-deoxyribonucleoside monophosphates	3912751.796	15921920.06	22771585.45	8231589.062	14413389.93	9339077.716	11467045.04	1795273.314	3016251.225	4830471.783	1231437.349	7149836.37	19947592.22	14207894.85	31113450.91	20889390.91	19460904.27	21699743.67	9100430.479	5811085.463	5522041.851	5265290.082	4671660.991	2504950.152	7801709.17	7201098.66	8676165.7	11841626.5	12211169.3	11163758.5	4423692.597	4735241.396	2938818.146	2838809.831	3019699.304	5161742.962
Com_6906_neg	4-Methylvaleric Acid	Lipids and lipid-like molecules	Fatty Acyls	Fatty acids and conjugates	Hydroxy fatty acids	3594770.441	5169017.464	4821987.135	7418904.543	11001947.34	2677281.44	4755576.585	4732292.268	7739548.11	12041072.57	10726687.86	9616936.2	27579977.99	18084602.2	29743263.04	30320603.45	6409426.021	6981676.753	6609113.605	27991527.65	15471998.14	17689233.83	5850999.566	11344723.18	35686116.41	28841120.2	26161336.77	31993101.39	26861332.92	32068212.13	22015546.29	15144890.21	19776005.13	7416902.979	8713048.49	6280780.217
Com_33645_neg	6-Deoxy-D-glucose	Organic oxygen compounds	Organooxygen compounds	Carbohydrates and carbohydrate conjugates	Hexoses	2276237.153	5741773.261	9425651.12	8034867.475	6392916.156	4817939.958	7033417.161	6916080.895	7268933.496	4965141.599	5487962.001	5624880.149	11025240.96	8624634.036	7026300.724	7548085.728	6725852.236	6679717.869	4191431.052	5569945.502	4654046.418	5787710.694	4397286.811	5051006.481	7038912.229	7984915.636	7182604.878	7625478.878	7450432.959	8274203.319	6694064.662	6028706.38	6136209.194	5047982.599	5216601.883	5323859.555
Com_28203_neg	H-Gly-Pro-OH	Organic acids and derivatives	Carboxylic acids and derivatives	"Amino acids, peptides, and analogues"	Dipeptides	128211.9052	1885867.69	1200804.897	1927020.481	1190180.717	3383602.132	686890.577	715894.187	899213.3584	955037.9643	2379055.956	1252179.133	1232634.787	1163098.187	1487894.139	1039809.735	1280482.793	1108621.129	419698.8142	685673.629	548698.4445	1039004.96	516824.5988	510099.3612	1313837.85	1486486.114	1351578.858	1733620.841	1302494.921	1512146.69	863052.3569	1155467.429	1171024.452	1605471.314	860671.2888	897543.8489
Com_18508_neg	2-[(carboxymethyl)(methyl)amino]-5-methoxybenzoic acid					2397046.405	5352338.297	10151288.29	7984939.453	10552041.11	7867770.934	7069208.171	9692404.654	13355748.92	15916811.81	24238305.33	17029898.36	8435123.423	9068427.895	14018252.1	6845251.974	6160966.366	5980017.43	9857027.46	5700888.056	10301683.58	8064413.779	8596732.261	6634751.679	15657367.54	15030936.64	15347133.77	16235420.18	16377600.48	15895157.46	17062978.38	20733018.22	16336470.89	12064785.72	16784646.48	13111596.5
Com_1027_neg	Homo-Gamma-Linolenic Acid (C20:3)	Lipids and lipid-like molecules	Fatty Acyls	Fatty acids and conjugates	Long-chain fatty acids	1447529.546	19504884.99	8872483.599	2604402.377	11991172.63	146890904.8	1183085.133	2093596.963	7240665.937	4309692.837	2116667.938	5674118.811	2364180.559	5157121.034	13620564.65	8654895.456	6680055.759	7216817.101	6708704.551	7096465.597	4364475.935	7662467.589	6533688.76	9423648.033	6451696.281	6908469.62	11551262.16	4970294.393	7061679.209	12192196.24	10227960.47	2127632.94	9054883.636	2039092.458	1114284.044	1608290.046
Com_1518_neg	DL-methionine sulfoxide					71306.96107	19556123.41	21288341.43	1826274.077	10994155.76	55717042.32	898917.9376	1584995.231	4366092.874	5558304.392	4586931.31	3597619.639	19313660.86	22509227.01	16069288.23	9385611.735	9152860.762	8314318.972	971417.525	1225407.866	975173.6486	2373461.372	1168992.395	4668924.489	5563083.73	5621939.995	3350334.775	4663258.376	3461628.274	4303931.561	7027913.371	3506571.971	4897183.231	2089471.087	7114996.818	8301798.746
Com_4909_neg	1-Methylguanosine	"Nucleosides, nucleotides, and analogues"	Purine nucleosides	Not available	Purine nucleosides	4107253.944	10202113.76	9816352.774	5925060.819	13862966.23	17414866.37	1220627.377	1675493.699	5429824.324	5928219.538	6735110.412	11099760.39	4593594.143	6141486	6812883.465	5443428.947	7385672.733	6416830.436	1322252.24	1463444.223	890931.0446	2559220.044	1459827.735	1191785.804	2806853.213	4442937.497	5456924.765	2758232.191	3019132.595	3002377.768	2690192.195	3273901.33	1072984.199	1426253.304	2330028.537	2295203.7
Com_30176_neg	N-acetyl-L-ornithine	Organic acids and derivatives	Carboxylic acids and derivatives	"Amino acids, peptides, and analogues"	N-acyl-L-alpha-amino acids	243398.9709	5723628.901	2615729.611	8648822.891	4852254.512	4521150.564	1200261.684	1414038.965	1778259.585	2230934.396	1930412.621	2666220.535	3630340.255	2530150.046	4641505.993	2921221.79	3315925.392	2815479.27	1638304.251	2468176.866	1972268.388	2389410.765	993164.6853	1911672.203	5569283.302	5917078.793	5400598.731	4904790.684	4022711.017	4639453.225	2491662.596	2258821.342	2681357.802	2045657.742	2354105.031	2043919
Com_35558_neg	P-Aminohippuric Acid	Benzenoids	Benzene and substituted derivatives	Benzoic acids and derivatives	Hippuric acids	2557557.857	14848728.77	46354241.24	33040638.71	11338112.39	3493486.578	46936430.78	42846675.98	32992160.96	15518519.14	19947805.23	18589339.49	19484601.59	17150760.08	8086619.875	6195140.277	31702900.21	30437242.49	18181597.24	14697448.37	18360073.23	12404174.3	16020272.09	9393546.515	4832830.874	4512515.796	6839603.371	5723489.55	9304665.018	6807378.381	12406641.08	11794023.63	11914344.1	18528315.86	18617678.82	20948031.43
Com_18230_neg	"Dl-3,4-Dihydroxymandelic Acid"					470931.9799	1185927.889	1391557.852	1130385.754	1852242.395	1709332.901	2007675.774	2447326.796	3830157.76	3739619.175	2715754.678	3680545.571	3072776.218	4005718.273	12306813.53	9165807.578	2299991.911	1311714.862	1973544.306	4620733.728	2345931.729	6030879.17	2928731.59	3073664.305	4369988.294	4127681.161	3259989.15	7017060.806	6180263.976	5259905.665	7248662.891	4334007.762	5194846.762	3300854.007	4143963.571	2925429.586
Com_25647_neg	"4-Pregnen-17alpha,20alpha-Diol-3-One"					1961948.216	926949.5048	2807304.567	885221.2625	1091022.674	2913755.571	949417.9099	331890.9699	1111637.301	1291684.061	1185461.11	1205181.458	2060708.5	3091033.079	1695906.265	1965014.458	2844912.055	1599390.33	3783787.327	1472188.302	1522287.184	1685295.017	2091065.028	5357317.377	1858560.862	2075554.76	1734226.568	2133778.535	1800651.292	1880131.285	1661590.356	1710294.817	1803422.664	499322.585	1439754	1313888.533
Com_12043_neg	2-(Dimethylamino)Guanosine					1198478.556	9267448.318	3677980.965	1020032.446	2784760.62	2522162.374	413276.1896	590100.9738	2193408.162	5079307.643	2126596.965	1772981.88	27965728.25	1941106.34	2371384.624	1689847.095	5276407.517	8510963.006	772351.8801	862837.7821	324381.0218	797894.7516	1378428.069	3199566.534	1865590.195	2673066.008	1391047.033	2074006.911	2083822.57	3014621.28	1167919.482	2228191.308	754362.1975	445137.5914	703277.9745	652490.4265
Com_15599_neg	5-Methoxyindole-3-Carbaldehyde	Organoheterocyclic compounds	Indoles and derivatives	Indoles	Indoles	948256.0918	23994788.99	16978511.88	173471752.9	38136777.2	15417027.88	14849919.41	14594916.01	11414523.76	9084926.409	11776820	16610762.47	24465683.4	33178586.35	37748232.86	26904488.67	17213110.92	12569526.15	22439827.77	5439614.558	11978852.88	12731082.23	26488967.35	16665293.26	38506534.81	40021356.04	36422621.24	73048949.8	42255537.72	43169435.17	6817406.612	6616185.618	4208303.035	14078207.54	6102806.35	6981706.842
Com_28616_neg	N-Acetyl-L-histidine	Organic acids and derivatives	Carboxylic acids and derivatives	"Amino acids, peptides, and analogues"	Histidine and derivatives	804563.7851	245996.7768	880410.5888	2690182.415	1444611.513	2028734.545	1416487.494	988699.9673	1517503.48	2151254.268	2130442.364	514554.1535	1871592.143	902586.8147	1235955.341	1345306.027	190017.803	328416.8752	1614827.985	2193677.166	1284130.031	2006299.351	1365807.003	2309455.967	1782088.881	2423251.816	1736587.485	2364916.577	1812338.248	2266468.695	2850420.288	3425883.611	2138164.778	2144101.795	1904148.843	2272892.896
Com_11875_neg	Lipoic acid	Organoheterocyclic compounds	Dithiolanes	Lipoic acids and derivatives	Lipoic acids and derivatives	1376542.533	10014051.66	7544692.099	15982954.04	8117339	12660604.79	11176832.59	12497330.7	7078482.606	2795027.09	3357299.915	4710438.808	6925629.532	8757616.132	16945687.61	8819801.769	8939654.709	7899791.86	2555784.603	2446391.984	2381392.934	3191374.172	2906235.119	2639120.277	7006650.531	7788493.912	5706729.25	6225323.456	6190382.477	7921727.208	3388187.052	3527934.491	3158095.278	4107330.217	3764951.854	4591538.57
Com_4410_neg	Lysopc 18:3					5549459.978	15866495.18	7284878.906	15515623.42	22065086.1	3580658.455	10314312.6	14402696.02	14843022.18	19361462.93	20879966.66	5491383.581	17398793.15	7654952.04	19283146.14	21219787.96	7129378.56	5720731.863	8807191.473	47077177.07	29825598.99	39002309.54	8946349.168	10518574.31	113283452.3	122061554	131444668.5	147601389.5	142478109.4	151095208.1	37101098.78	43711954.2	55294569.94	40959477.28	33333288.6	29492659
Com_2889_neg	Homovanillic acid	Benzenoids	Phenols	Methoxyphenols	Methoxyphenols	15673444.25	58929324.6	6028671.284	17164951.68	49714212.89	118762839.2	21337993.39	17658114.75	14905265.26	1111784.541	40180058.25	7261198.103	27015749.93	14094431.47	32824726.31	22936539.54	27108958.33	31276599.92	57207829.82	13644694.56	31176267.08	34844268.97	38270164.01	973703615.5	15478688.56	12664044.12	48124046.71	22539392.31	42216380.4	43393920.69	13224079.6	6377779.915	4065139.162	10520510.41	19962058.83	24410825.19
Com_3920_neg	4-Butylresorcinol	Benzenoids	Phenols	Benzenediols	Resorcinols	2141796.111	6623116.543	9229386.97	9004652.51	6671749.395	6467790.619	6958410.408	7016300.871	8366915.083	5996663.912	6384489.096	5499200.161	4684016.541	6220978.003	2941860.181	3811176.334	7672817.891	6513748.227	5997550.386	5686823.603	7650970.72	16563713.75	5667426.004	11016916.66	9475620.15	6726103.042	9268354.614	11475675.9	13125987.22	11564551.96	7468957.92	6603061.108	7323549.845	6752508.46	7236171.708	7113599.636
Com_20079_neg	Inosine 5'-Monophosphate	"Nucleosides, nucleotides, and analogues"	Purine nucleotides	Purine ribonucleotides	Purine ribonucleoside monophosphates	660074.9314	953348.8821	816866.9216	1098965.278	2358417.741	831689.5505	4229513.036	15151771.97	9799320.763	10361264.05	11497581.21	11225530.54	1631993.542	900544.0992	4600715.338	3879367.694	621420.184	600207.6069	3871909.175	5730552.412	4177990.741	13736705.63	3854781.504	890900.4093	3113961.321	2356620.465	3622135.936	3456479.679	4593686.785	3762969.199	15453485.63	21636719.91	18230503.79	5224458.332	7700978.332	5764958.926
Com_22747_neg	S-Lactoyglutathione	Organic acids and derivatives	Carboxylic acids and derivatives	"Amino acids, peptides, and analogues"	Oligopeptides	466941.8909	452216.4045	501385.5099	662242.5274	576190.3234	385397.3237	472842.0528	479371.5607	556563.5622	535955.1527	636514.1312	553333.2139	804346.8396	607704.7224	573774.271	472272.7774	389850.8893	407461.8308	469470.2995	604283.3432	526363.2584	628515.0706	442144.212	571674.0455	499785.0879	469900.8479	461510.2976	541192.7753	480406.2839	471332.3862	595212.6652	570543.9034	543301.1464	1045091.924	2247359.357	3911875.764
Com_46402_neg	N4-Acetylcytidine	"Nucleosides, nucleotides, and analogues"	Pyrimidine nucleosides	Not available	Pyrimidine nucleosides	624601.3886	377199.7563	729928.6284	1891918.691	286657.2871	818165.6515	674061.7429	588665.1162	941990.9085	316523.9467	353285.2814	392111.3403	1400513.601	685572.6916	993273.0676	587330.3783	705198.5638	722452.4724	924869.0332	825852.5588	531633.3936	266860.7648	461452.8655	1063502.11	504044.6185	310967.4755	293447.2355	220156.7577	395385.8233	682957.1527	458903.4433	475132.3697	387680.605	401852.7032	469135.5771	818884.0365
Com_44114_neg	Gentisic acid	Benzenoids	Benzene and substituted derivatives	Benzoic acids and derivatives	Hydroxybenzoic acid derivatives	777927.0827	3682457.458	2522654.067	2017176.375	4028865.599	3457941.855	3157090.757	3163941.564	3168432.173	3196534.391	3963992.186	3779652.93	3036530.848	3198523.281	3261611.989	3573415.123	2887972.574	2805932.925	6186771.876	2482291.373	2196622.692	3227943.052	6151734.321	3498529.138	2657399.858	2708270.25	2327750.768	2803058.057	3009863.99	2867100.013	3364437.976	3933483.142	3739379.303	2853938.185	3179131.263	3266644.843
