Table S7. CAZyme																																				
CAZy_Family	CW1	CW2	CW3	CW4	CW5	CW6	OW1	OW2	OW3	OW4	OW5	OW6	PW7	PW8	PW9	PW10	PW11	PW12	CS1	CS2	CS3	CS5	CS7	CS8	OS1	OS2	OS3	OS4	OS8	OS9	PS7	PS8	PS9	PS10	PS11	PS12
CBM90	0	0	0	0	0	0	2.01875075	0	0	1.99854667	0	0	0	0	0	3.28894428	14.4926786	0	0	0	0	0	0	0	0	0	0	0	0	0	0	0	0	0	0	0
PL39	0	1.54734313	0	0	0	0	0	0	7.34844126	0	14.03762501	0	0	0	1.80278869	0	0	0	0	0	0	0	0	0	0	0	0	0	0	0	0	0	0	0	0	0
CBM52	0	0	0	0	0	0	0	13.3978784	0	1.20717584	0	0	0	0	0	0	0	1.14623217	0	0	0	0	0	0	2.30015294	0	0	0	0	0	0	0	0	0	0	0
GH119	0	3.76794668	6.33346333	7.84935174	3.05975092	0	3.05357256	3.35509896	14.20286967	3.02301177	15.9854935	9.1726372	2.91610253	3.04281589	15.17513206	18.70102204	9.80860899	9.94083978	1.12406207	1.12823567	0	0	0	0	0	1.85243169	0	11.82725857	1.8764088	0	0	0	11.08525752	7.44224321	0	0
GT112	0	16.31175685	0	3.72923336	1.21083739	7.38995562	5.82954761	2.13506298	0	5.36922986	0	0	9.3283925	56.50316081	1.77386695	5.24295075	15.36234086	0	0	0	0	0	2.3428403	2.12297574	0	6.30062753	0	49.73129276	16.36773617	0	0	0	1.59999037	0	0	0
GT108	40.00871081	53.60282096	45.70678449	102.3828973	54.73983969	43.08427589	25.04143236	83.95839783	56.1799505	66.94421837	43.41235067	80.81907338	52.99923533	99.61923663	91.68785431	48.97630484	103.7196652	61.22655108	10.13727218	3.43853805	4.12558023	6.42756678	0	3.27843138	84.16177673	39.95422432	20.01130188	4.89631254	81.13071379	25.56520411	60.75573321	120.331313	35.74897301	35.30967433	34.77655976	36.71385185
GT91	0	0	0	0	0	0	0	0	1.88842625	2.00971174	0	0	0	0	0	0	0	0	0	0	0	0	6.16468035	11.17230807	0	0	1.80103019	0	0	0	0	0	0	0	0	0
GH169	0	0	0	0	0	0	0	0	0	0	0	0	3.98869197	0	5.71919171	0	0	3.92617457	2.53346297	0	0	0	0	17.94731027	0	5.07281294	0	0	0	0	0	0	0	0	0	0
GT59	0	0	2.07055532	0	0	0	0	0	0	1.97658462	0	1.99916452	0	0	0	0	0	0	0	0	0	0	8.08408631	27.47037286	0	0	0	1.62462343	0	0	0	0	0	0	0	0
GH68	0	10.82551849	0	0	0	0	0	0	0	0	9.54281897	0	0	0	0	0	0	0	0	0	0	0	0	0	0	13.73886837	0	0	12.91715671	0	0	0	0	0	0	0
GH147	16.16974811	15.47117203	28.32112988	10.07959854	27.12955422	26.0752211	0	15.93925895	39.50542323	32.50395839	35.15401074	26.28686854	50.0031298	25.62108415	36.96117623	21.27078228	29.67252128	38.49744723	3.02156134	15.15025967	16.76981023	14.23619857	23.53805047	28.77989341	0	33.89712476	52.60822478	37.88893239	1.88700998	0	31.60334996	13.22044265	60.907904	28.68558774	10.50577358	3.75477427
GH131	0	1.73076679	2.29082716	1.10022889	0	0	0	0	1.02744164	1.09342979	1.12154711	2.21184159	0	1.10059298	1.00824656	0	0	0	1.0010644	0	0	0.89999281	8.9440955	11.14400942	1.0417106	0	0	0.89872786	0	0	0	0	0	0	0	0
AA7	0	20.49686226	11.93943758	5.926108	0	0	0	0	1.26602359	1.50518159	3.20829742	18.0392291	0	1.82876309	0	1.23851458	0	0	2.74463253	0	0	2.57451922	34.85791711	36.32635367	0	0	6.00005347	103.8509659	1.39749275	0	0	0	0	0	0	0
CBM59	14.08869807	8.54657096	9.15878599	15.23038401	12.55808162	30.10847298	14.63594291	24.20268683	33.29866162	15.20583494	37.63553762	12.86462368	21.68851257	0	30.07718114	34.82411591	7.33835631	21.34857423	15.13644453	1.88898887	5.11151472	0	52.95658345	23.48300662	11.11533366	13.25514052	2.77341475	7.93460481	61.69861025	0	4.18238078	3.0711548	21.05172517	13.16471518	13.62463051	20.31300619
GT95	0	0	3.78734742	0	0	0	0	0	0	0	0	7.41026625	0	0	0	0	0	0	3.48518715	0	0	0	16.83093831	15.69453178	0	0	0	1.4858365	0	0	0	0	0	0	1.77346721	0
GH22	0	0	27.57373671	0	0	0	0	0	0	0	0	0	2.53296497	21.1442389	0	2.16062033	2.1157195	0	0	0	0	0	16.22761444	4.90157633	0	14.58994871	0	0	0	0	0	0	0	0	0	0
GT45	0	0	0	0	0	0	0	0	0	0	0	1.85164347	0	0	0	0	0	0	0	0	0	0	0	0	0	0	0	11.28555207	0	0	0	0	0	0	0	0
GT76	0	19.84527515	53.14533347	5.00381951	0	3.44687196	7.71875285	9.36003869	22.3642713	2.00971174	18.36046787	119.0105529	3.87727599	11.17233572	0	0	9.67078181	0	4.73133334	7.2920526	0	0	64.0248595	34.98031584	1.30312847	7.10156776	11.60251649	255.1141121	3.51939521	0	5.38173997	0	0	4.07464983	0	0
GT24	0	8.59592986	7.35163126	4.05483878	0	0	0	0	1.23819889	11.57131466	9.50672283	26.42969526	0	0	0	0	0	2.20372379	4.02113599	0	0	0	75.92093301	77.93412502	5.71204647	0	19.97297866	6.67949771	2.15484365	0	0	0	0	0	0	0
GT21	13.76402705	4.01001601	6.37388376	12.72482153	3.94222868	9.97130818	21.75974543	19.99698936	14.53173286	8.81275172	50.24847424	32.62111717	3.0867835	25.80458581	12.61700488	31.48534558	25.99037928	26.09042768	15.42485779	0	1.59597841	0.89999281	14.53415518	9.92664752	0	1.4274149	32.80053113	242.3073104	12.06200005	0	35.45203597	27.71226014	5.07987281	6.92702947	16.19507507	10.15739241
GT74	13.61105684	1.72552204	11.94647676	2.19378972	26.85688757	63.09478523	10.90125403	0	17.86328405	1.05186667	15.8777085	26.77871035	8.89785131	0	1.34842731	0.86551165	0	0	0	0	6.29030787	14.49428973	4.87186659	2.20733239	0	0	12.69229936	3.98486184	0.97947439	0	5.95609464	20.71658815	0	1.00357522	0	0
CBM78	71.98385276	76.46473408	259.4233815	226.1633847	61.11811597	156.0417317	165.1833875	132.1790245	307.6813567	155.5719123	199.316682	92.37594297	10.20889318	78.74125766	173.0576805	55.93220078	271.8885838	50.11790468	36.16019604	19.69188207	28.84306869	1.41360426	8.62835748	16.2290608	0	28.14565423	84.96277385	122.8441177	146.9981078	0	111.7650136	121.9200272	104.4484438	71.86800844	137.6212933	92.62386607
GH159	107.4294877	112.4797409	88.08010649	59.91949463	118.7765612	70.77358919	130.0989435	58.24275339	67.48655603	21.30820024	29.53328991	82.61204389	87.5889298	37.26169791	97.22238384	23.40767507	48.89563949	41.64391311	33.15461648	28.47018306	59.96567891	122.0714498	27.47965566	20.17842521	992.2226121	45.75692168	100.4079215	118.0457548	30.38110449	81.57686842	44.27546402	20.91843483	42.77758238	52.66413664	40.3567106	48.18074608
PL31	55.23711764	38.57710271	111.1951133	80.70080535	51.39877734	189.2030394	92.76517763	55.2668688	92.95260076	55.9042783	145.9704563	102.2563283	5.8998379	19.5456593	151.095817	13.74498061	128.8923665	12.43305935	38.69778924	6.58337718	14.37543341	2.54233489	7.8137784	9.0392077	0	5.25742418	18.9272876	212.3158796	39.48071623	0	75.06772162	63.95592684	33.46216648	41.19050416	74.9789947	76.91601849
GT80	64.13001855	7.68720171	0	16.06855718	69.25421092	45.8638858	27.58836424	47.44396856	41.18588752	3.02301177	48.26918671	22.70533725	15.40682297	10.1256302	8.86151633	35.05232113	22.09114181	16.36542024	14.2846879	16.66754881	12.51747773	20.42500296	12.57892101	2.80090076	0	15.61907201	6.75039223	5.05586136	14.54864182	0	27.0463114	29.87750874	16.95990581	20.36656783	32.48182129	34.96434329
PL30	0	0	0	0	0	0	1.62221042	0	1.5090549	0	0	0	0	0	0	0	2.58797832	9.14938895	0	0	0	0	0	0	0	0	0	0	0	0	0	0	0	0	0	0
CBM17	6.55388858	11.55022217	9.77290438	12.17498404	22.0206185	28.56029468	3.44431407	6.27977927	21.59835691	10.90439268	5.5466122	17.91050021	14.9921082	12.14770912	24.97632448	38.95134367	8.0227328	5.18465374	3.52246188	22.14670033	3.76408751	0	8.6547277	8.08919237	0	28.74298316	6.85063499	0	1.58294202	0	6.6537876	3.0796233	2.9527095	27.810853	20.63820972	22.98803645
GH46	56.07360607	8.7760319	109.7615674	51.90743683	58.53912439	119.5339566	45.38223693	52.79067944	98.20239654	67.88044563	27.91364342	9.42408993	73.08027685	69.47595914	49.25829758	81.41730681	33.41354448	55.20320911	7.98389201	42.78633732	7.6877766	9.03492464	10.57819347	15.9478515	119.0680108	8.67718002	20.68337311	0	0	1.48075531	50.75117744	53.03350087	61.9333772	38.77655687	88.21027852	94.69672546
CBM10	38.88476463	111.2565287	59.14008076	73.45371627	22.19495667	44.83128351	17.40160593	31.56480149	50.66881637	72.04703323	78.36426201	141.5583851	16.11619105	76.74929554	72.99869404	62.88351655	60.13966719	54.79476198	36.15691329	22.36724034	15.38383891	18.79770244	6.36353899	4.81935374	2.26968734	47.40019239	35.61398092	325.1250109	28.39433697	82.9864834	64.01614433	48.66775698	76.65181542	34.91918084	18.60643511	24.3467792
GH70	7.46060602	7.05784432	23.85281893	3.18463546	9.31060569	3.3718154	32.44831503	8.65343979	2.09198963	13.42429677	2.97676019	34.19507644	0	1.57775639	7.84932875	5.51541522	4.86373634	10.80129622	1.43507706	9.81900153	14.37290368	7.66367797	62.74459971	43.16105842	14.62841168	49.37207189	5.24760778	38.43231176	52.06476667	5.27867582	4.90844466	3.97072496	3.21582223	0.72152467	0	1.18144729
CBM73	6.6217138	3.89956882	3.98008855	5.93706886	7.6379107	38.93769798	16.62900312	6.69145435	5.04519848	0	12.23627972	0	3.45289752	42.80517953	21.25996369	0	8.10064917	5.09816698	1.83994517	8.28140055	11.83846633	12.61161137	0	1.10549649	0	9.35399315	5.0088352	6.60740702	1.1077969	0	30.78460493	17.828682	21.982794	6.59064324	14.07250858	20.50044987
CE13	0	0	4.30675507	2.16751679	0	0	0	0	0	0	8.43403429	2.0791311	0	0	0	0	0	0	0	0	0	0	6.30558732	13.69724332	0	0	1.84219659	1.77054769	0	0	0	0	0	0	0	0
GH129	192.8307528	246.669008	244.1101006	184.0362079	208.3682733	357.9928055	272.8337275	286.6212186	211.0958291	349.1366114	300.7882723	473.8774342	162.1007756	240.2360751	152.4475323	205.3312586	200.0689855	124.1132175	176.9220318	135.2611032	88.72053014	43.41222217	92.38108982	99.77929298	227.3873718	142.4495136	137.3920387	153.5078927	167.8901528	35.49156328	165.7664138	166.1964929	153.9116608	152.3554806	134.1269148	180.1702597
GH149	0	0	5.69595481	13.12309151	1.24141409	0	32.55136291	13.16268848	16.37402112	4.59240512	3.14033192	8.5828579	0	40.29498083	0	24.26937191	1.74610586	22.5628529	4.65375735	18.87669782	10.39241755	0	32.08205692	22.13088267	0	1.98634241	5.82622417	27.22981508	3.0363706	0	0	0	49.91695767	3.01072566	0	0
GT49	0	9.51521601	12.54115018	28.33606829	12.74791891	6.57002073	17.25230478	30.69401667	33.31113473	4.16564547	19.96109605	36.93552483	19.8718012	13.63685327	4.84252729	1.64447214	4.58780754	15.60065036	17.25771748	7.46186789	14.43523739	8.77226661	27.18270021	33.22626428	5.26404282	7.59136804	9.18215362	28.94375332	19.19740324	18.90849026	13.41255387	2.42105634	18.98660431	16.67278766	4.10594123	8.53661322
CBM83	52.84488556	6.16372245	7.54271968	17.96967299	42.18828687	28.68947828	23.98875718	33.03617966	14.1051147	36.08410697	2.84644431	8.58581446	14.73422296	6.08697032	69.94052838	34.74637484	57.2413486	28.2333052	16.74745209	73.43867769	25.67555067	27.87789135	20.01645944	11.83191095	27.90626108	71.6295485	44.55851197	35.41542298	11.29230792	10.05261769	15.41071826	8.60815803	7.3522074	4.64704527	11.42799231	3.65631199
CBM11	0	5.22405755	0	6.64174869	0	0	29.38702835	31.91220642	0	9.9010569	6.77044037	0	9.55090462	3.32197331	6.08647925	0	2.65920708	0	0	0	0	0	3.37454979	3.05786413	9.43273728	0	0	0	0	0	0	0	0	0	0	0
GT57	24.93404809	115.0799862	68.68085111	42.08577049	21.88626114	30.94134707	22.50689281	22.39534007	37.90686474	69.74010961	92.92708978	48.6825427	61.82368954	19.59252953	23.80964225	14.51884829	51.63508439	33.01211735	16.05858975	23.20110643	17.56635876	29.22887396	125.4823919	155.3214209	15.30549754	3.39930764	35.12248767	42.21317897	6.60839723	69.44592364	23.15548972	10.69844876	26.99632899	17.58045693	3.10356762	13.04745442
GH126	71.32965871	85.8170163	37.89591543	102.7537793	129.6424034	72.67808292	87.5357847	59.0432117	51.03926844	53.53698928	73.47939435	72.07801535	61.61029781	37.96012179	57.23931871	87.9499372	66.16757009	101.061201	38.01214639	151.7604794	95.41837572	76.12864251	32.56857557	23.67355966	396.2209792	26.39609002	38.31370269	85.03374435	54.0320007	64.47421306	109.0452247	65.7310726	52.14450176	54.13199875	43.74859175	51.76260719
AA5	272.2964408	185.1778777	311.7456922	229.0728369	176.998771	201.9037688	227.1755198	207.0688367	203.9834958	164.8349662	159.6563176	207.4685709	139.1006909	189.270302	134.1014082	266.298658	245.4901244	229.1746525	158.9786394	320.9108587	112.9365597	183.2171323	247.6592931	300.4950245	138.6217155	242.6784491	224.8913134	174.2534277	185.4074421	65.05699294	248.6781552	247.2406079	247.3775608	255.3908739	221.2194735	247.2127095
PL42	248.6313637	118.6377705	114.9942551	249.2406919	187.2005597	269.54256	194.2014175	225.9367755	176.698772	232.0995992	382.506259	57.79912415	185.9174644	200.232191	196.2583195	158.0075866	131.9253911	183.2502244	153.0244805	174.8535844	162.1377011	60.10962648	48.17278567	57.99431071	119.9479486	12.51114102	264.8367533	91.89158322	46.10921908	10.31685122	142.065215	143.8460466	156.408413	183.5928393	115.6799616	125.2612593
GH138	139.6837748	42.74161312	51.47459223	92.6310837	128.1846957	210.2900395	164.1050235	101.6952522	108.1159163	81.30065381	111.9001048	56.43603096	43.27076197	45.55999005	62.30791702	48.42521702	90.5502114	119.1911847	129.6248434	86.5900709	154.294672	31.68029574	35.59392675	36.29867853	0	23.1448473	221.5676624	45.92749951	60.99248629	0	72.52628858	72.87604587	68.97665008	55.60311426	23.14716507	27.92525838
CBM75	4.38863292	4.02962122	11.49445937	4.76283294	11.24368057	10.66020559	18.70252343	33.65938275	11.83644395	1.76225363	9.02762079	0	8.82244579	10.55365555	54.01748161	6.39516943	0.78979175	11.61935447	10.51363839	2.9413184	0	0	4.54106083	1.0287259	0	0	4.21189737	9.31037324	21.23851334	0	12.47428146	22.01781396	14.99775241	9.1570458	15.76579645	20.19475977
GH139	134.9851148	41.13600408	55.31721478	104.3043505	150.3852389	247.3417142	164.1146319	95.00922037	103.7218592	124.0814184	115.8908041	68.9312227	37.19081083	63.50763903	50.94673104	58.36891548	61.53488258	113.6855051	181.3172753	114.1003231	179.4793561	39.02235978	48.19740705	42.77562511	0	60.90833164	191.8055771	53.01166457	80.05035274	0	73.04062904	80.08686741	107.3152461	78.45747093	40.49760224	38.59600342
CBM56	65.10439825	39.4060908	62.86949052	55.24133333	74.37902511	87.62118664	66.55395344	108.45621	74.34694647	44.99291759	39.4204566	69.30229907	67.0875181	87.10863121	99.74645505	48.67116564	207.0443417	87.78766529	69.5864069	74.74826429	28.53029309	72.8640619	46.60522256	63.721458	2.78636413	33.20663693	34.56906953	66.45283011	51.22658093	48.9962549	85.55112627	119.9345466	57.2258464	92.34523482	106.220536	118.306461
GT107	22.56094004	1.39907192	16.70810195	38.81741622	9.91227882	5.56185694	22.82223968	30.92077005	22.08004783	29.3990336	27.03329873	7.37602919	14.13914387	27.62463849	2.97615274	24.6855737	23.13399517	66.15602098	8.13199866	0	0.81620814	0	0	0	0	14.02977299	35.38444498	0	0	0	17.13048402	12.58461186	1.09359611	3.6935697	1.75489687	6.1889284
GH144	136.1560678	162.9861792	139.9371208	72.37375577	95.66787733	201.3468707	199.6435039	170.0295983	149.6156783	404.047085	122.0646971	57.98041205	128.7915772	144.7560878	156.5020965	94.47105689	340.1701175	69.17418979	131.5001398	184.1511344	213.9376977	97.11168572	77.81133605	57.33544408	2237.538118	100.7890316	208.9707747	150.4205877	81.6480224	164.6572886	302.2982482	272.3209291	414.4695303	215.6082448	106.9742684	137.2908254
GH135	21.39307879	191.8931636	93.15258268	160.5911588	21.89396013	17.24706932	22.41714296	50.67132581	58.54378106	52.36427422	107.651333	579.2678813	27.25528517	50.22566105	30.95462528	13.90609597	36.91797013	35.94094263	39.35468649	10.40274965	9.51373825	12.75323732	54.77041653	39.68262898	0	56.66890639	40.87683271	1000.906953	16.30215227	42.86292771	20.59696672	29.18920093	8.50756196	8.45793646	18.86414546	21.67814054
GH93	40.33347821	225.308679	98.58167645	107.7118795	47.85752342	76.1702017	97.7099273	110.1223427	120.827038	35.48800983	74.09664323	360.6210592	32.3751038	146.8604771	56.30499762	25.34820838	47.57255046	30.89544694	46.93630863	26.59699388	10.5200791	24.86221615	33.79262043	29.66158237	17.33617215	37.53564817	42.99432103	906.9604244	72.48341801	0	76.5067909	48.38629783	83.08495117	73.08841578	89.23057128	77.24165723
GT50	31.78702524	69.57048192	71.57388615	81.74120499	74.89277296	71.26358304	41.36292664	73.03701459	88.88424357	74.40268603	67.02085837	199.1104637	124.4939744	116.3316673	138.8680344	203.9377531	54.15377476	153.9873143	115.5070751	107.7029887	79.00263001	369.0083132	1114.220604	1330.753951	24.23738379	309.8974508	78.9875038	76.40701373	162.0582199	627.5124436	98.68738894	128.8520094	82.00670312	114.5247177	142.6842903	112.9874466
GT85	0	1.31203289	0	2.30925234	0	0	1.67453979	0	0	1.72123637	0.5884992	4.06209824	0	0	0	0	0	0	0	0	0	0	0	0	0	0	0	44.61876086	0	0	0	0	0	0	0	0
CBM89	113.7242211	149.8233826	322.0752502	119.370172	101.9442213	115.1295741	202.6346175	157.2293078	105.5934009	139.0988356	130.3430458	17.84364105	191.5012409	182.6069856	271.9081526	51.49946028	244.7234429	342.1315669	126.8921643	166.1166422	82.70668797	154.9625795	57.33407894	61.63423987	0	10.88951435	87.79357997	71.08684787	19.89130145	0	113.6615667	108.8517206	127.1607169	178.0140494	191.7693399	187.3447218
CBM60	14.8197072	0	0	3.17577178	13.37687022	0	32.88957892	3.70325126	4.3899779	8.09168777	8.1145633	3.15019864	9.26769913	3.17682273	1.47428053	10.71924697	15.20592048	19.64470647	5.74105375	0	39.10147105	0	0	0	0	1.4274149	2.82842305	0	4.39474693	0	20.14045026	4.64054786	0	2.86735777	4.64325961	28.87457173
CBM97	134.8438955	62.91571645	78.50728669	92.03780082	133.6354878	229.1952409	184.4386994	202.5031037	145.3798514	114.6030269	170.0810072	83.88388824	50.70907921	106.9797276	63.71979128	77.21896387	78.97845817	187.6747497	166.1912384	130.3118107	214.1989265	61.43038661	51.51060335	45.44555268	0	64.6950165	282.928937	64.08993015	63.57461437	0	119.58171	127.552026	95.09096356	107.0727503	21.56210158	40.61058422
GH96	74.30777656	75.07933914	68.81687108	89.59986352	59.95421141	28.02445751	95.71902444	90.03466006	85.96617439	112.4155847	192.8784782	98.5917885	45.76964871	114.2620066	140.961251	69.92107821	87.67958029	85.21101676	65.3985781	95.81958662	50.37801851	15.85134703	50.13151884	56.40598368	0	57.01826737	52.2124527	60.76922243	120.8672422	45.26566984	52.47436252	70.8338376	36.83328064	89.87618173	123.3703243	86.30284395
GH52	15.98487716	22.10470555	32.45982272	12.28433682	22.60286063	26.80929076	4.79261863	10.74502944	26.63199387	9.86757158	15.24241002	6.42204209	3.20717376	23.74227865	13.28094824	26.9821878	6.60981072	3.17101469	24.57097463	1.62843868	9.14770238	4.30422969	7.34550621	3.16385799	0	5.21453588	5.32875083	10.93299086	16.07296717	0	12.22387646	6.00856303	20.19968865	12.78195775	6.66363199	12.43555728
GH86	180.838092	173.7037056	235.2622271	174.9034634	166.948029	211.4922726	182.5056996	198.6409137	130.4008393	183.6849405	198.1170091	104.3623426	167.2204799	200.3836771	143.1714174	134.1783917	117.24667	152.0091157	207.8488775	122.9732337	113.1142296	175.637805	159.2684395	140.277365	40.24688845	194.9421701	112.9131991	174.7226968	198.0330327	77.88059486	200.8736075	189.8828728	155.7778001	170.8581113	134.0297322	120.1685626
GT92	186.3456569	137.9118267	141.091256	215.1309112	142.7784171	152.0638105	150.3809011	189.777437	207.5145127	177.835547	143.1270854	114.4471527	150.0301941	140.2506657	133.6349459	79.98235396	110.5173459	137.6227391	158.1488551	143.5326526	130.9039469	105.32616	66.3082204	49.63727926	0	139.1874137	154.6268403	102.3090952	150.0085204	7.25059494	166.2646682	161.0400376	106.8338561	121.2652515	142.1805905	134.9745833
GT10	420.4088368	431.220122	794.3960995	372.401558	422.7865176	301.1267587	401.8195471	700.874769	393.2565992	382.1648917	442.6447344	315.6518138	526.0458597	452.6435147	436.8103574	410.4013055	434.2085703	503.6477471	390.7979806	496.5574158	219.8520831	408.0588372	323.7569353	380.6165766	1322.467753	218.2336222	273.6393498	254.519576	396.8668964	596.0018591	423.5779016	400.5264131	454.1238325	534.0606055	377.6599172	393.8965342
CBM63	30.14597442	115.3688493	124.6248732	128.5879752	25.44122939	120.7936819	125.3392208	87.86352872	84.53536845	161.1131747	134.6112591	63.33536812	12.94112597	83.69020771	160.8429722	17.31092488	181.229618	21.10490992	27.02603859	9.46047797	23.16880142	0	8.76341034	9.73809949	0	11.05636528	24.0865629	53.75060499	37.66186217	0	34.97531064	43.96809231	61.8687672	71.93004363	36.22944015	33.99301765
GH176	59.5896628	234.5493559	130.5669544	187.183566	73.05975549	74.53379734	78.3182637	101.9502145	124.9086429	99.09712534	128.0002795	668.4841527	87.58852748	96.82037127	118.2373111	169.4326944	82.18603069	192.3187158	103.3497138	54.31500047	55.07467632	52.21678751	180.536187	180.6394802	99.02433572	61.7852622	93.79572367	1076.526248	203.62108	73.10302867	179.7449734	177.1985859	103.430881	144.4301394	163.3075818	133.7822754
CBM18	31.30081614	37.04690187	31.74400698	42.87291161	13.54715138	46.34954299	34.6152681	33.01768802	50.29396381	35.27844086	58.80030825	39.21300082	59.15470185	22.42842804	38.14023274	70.57052174	22.42000944	21.64092369	36.20694008	57.99950137	62.80292246	61.44866049	115.4195647	89.07719786	4.71280873	64.67153634	45.02314786	30.04636585	90.9065843	40.78063339	58.57081887	36.5231296	32.90206902	37.66014086	16.57147561	37.79685417
GH98	298.2035011	133.646669	197.9615734	228.4288335	240.3020831	136.5013371	291.9637872	302.4886264	240.5852566	281.1649263	387.014561	65.43130337	122.2298042	175.1667763	352.3935913	219.5668117	184.5814942	194.5227746	160.9125787	97.81658518	79.15920603	74.17639104	65.52824396	58.85977583	192.865274	16.09482855	199.4043353	120.9021096	50.53186643	0	101.1332256	104.860216	187.9066197	125.119452	227.3961455	233.981502
GT55	0	0	0	0	0	0	0	17.87716909	20.18079392	0	0	0	0	0	0	0	0	0	0	0	0	0	0	0	0	0	0	0	0	0	0	0	0	0	0	0
GT23	47.11242345	55.46325146	65.83673165	60.42552615	35.19206337	25.48450718	87.37260227	89.84011194	63.18731624	70.7729829	142.4657398	33.23241783	197.5483344	80.08316242	63.63849663	83.18731337	88.5892454	119.1773087	37.5229453	136.7281691	50.34758494	49.55175282	114.9387027	98.74560472	493.0376229	38.66107775	29.42017509	77.14606528	50.48745445	66.94830002	20.34039269	21.30325824	147.1918835	154.9748914	64.11532363	48.91534279
CBM93	399.6745511	839.9393989	607.1892751	457.2544118	281.6846254	270.3238366	656.2053555	572.9155624	483.7264054	757.959347	780.0957091	341.3450213	588.1480277	835.2307595	706.4789965	580.1037134	588.1227799	480.3080641	974.6606699	702.0012989	766.6641517	807.3822872	398.6751217	347.8248756	1053.295264	654.5184969	975.3756986	359.5817208	528.2047172	54.39941785	790.3652365	773.2721536	515.6303802	673.1980443	412.7364291	489.8770285
GT31	201.0969362	470.9746451	669.2633137	482.3842658	226.5311959	313.4643556	353.5811279	317.0326152	460.571691	433.3427028	412.9263419	360.305088	609.9022483	452.9890631	336.496119	541.6357627	543.0966238	298.9304883	416.7070764	268.9113809	176.8003006	206.0124777	382.3888169	399.8346623	77.4960168	220.5176627	306.6111574	503.9543642	324.0606621	88.04989686	465.4208042	425.4484337	288.1786769	334.6905613	239.5496936	326.1073725
GT56	38.95302423	3.5149523	0	2.39718744	17.26357523	119.2492067	0	48.13964998	37.13520629	4.23221648	2.86991445	10.3594337	19.87551205	17.55612563	5.72078903	0	9.5978004	0	12.89793922	8.77695629	21.99579134	3.8454238	6.56832013	11.24777396	5.42644414	17.63329364	5.28352217	0	10.97827544	0	0	0	21.3719926	0	0	14.79518852
GT97	0	0	2.27012692	0	0	0	0	4.81032261	18.93256975	0	8.49273517	8.61178562	0	0	8.34498413	0	0	0	0	0	4.07793723	7.88092559	4.43163768	0	0	21.44109583	20.7377864	1.69931876	0	18.70425542	2.10320872	0	0	0	1.82165925	7.01163282
GH114	219.0959329	573.1098788	477.3070882	546.1265012	282.7092659	97.02788539	192.9878877	323.079495	248.2801915	46.38326516	283.5336395	1490.113068	279.8296397	162.6092117	50.59953632	280.5096159	117.4858251	54.01212693	145.9958144	78.64790806	1050.776813	192.8734005	58.20435825	64.92982666	0	231.698273	112.8216952	2615.405205	118.8912524	48.30277299	176.9826088	166.2282021	39.8382304	73.3075238	45.37288376	33.9229634
GH166	25.64321649	0	15.81357275	4.7030297	20.94816552	16.33646029	29.80477501	4.51715851	11.13736492	3.3937585	9.37220529	11.31020917	0	1.26165537	15.42208393	13.31967004	4.75084643	7.94727682	78.22092417	40.30940934	20.4684911	44.75526131	216.3330823	189.2073289	2.13534447	74.54680542	32.18575502	41.30998955	116.8294829	152.5685059	7.38247878	11.91142666	15.47988457	5.81515047	7.58461148	12.06273726
GH107	12.78236564	9.23793927	5.34526338	2.18057412	12.84666224	7.79457267	11.72127773	30.26108269	18.40733574	12.17552833	12.81069398	0	15.14457548	19.70924648	3.90250728	7.34280212	9.97498291	12.43367063	5.9284923	0	0	21.06434578	0	0	0	31.59348366	17.53232732	2.07495764	16.22485138	0	6.08408152	12.19334222	7.7052527	15.96088517	17.4084354	25.263348
GH59	45.84522177	110.7545721	243.9769892	73.46720898	85.55286038	116.9077349	169.2465594	107.0637711	65.37612456	81.75258372	82.42726059	58.90867924	55.38478037	84.25255048	106.9967521	130.2494801	191.0047342	50.89101473	38.36018038	72.34792928	110.3257301	30.93215997	25.98922409	30.87766083	64.07893172	30.87118488	25.62115403	84.38130423	60.76528649	20.10510111	140.1474106	123.2338471	101.9382739	136.9627332	113.6320883	131.8629831
GH111	7.33556793	1.59056501	4.11848162	1.97800712	9.40218542	7.77199565	10.13308101	4.36346204	1.84714917	3.93156722	11.1009121	5.96472037	0	5.09993086	0	4.85254074	6.3355972	5.59962603	1.83994517	5.41923035	0	1.65417672	0	0	0	3.68416582	3.52332682	5.88334311	0	0	12.33567365	23.33183376	0	0	11.04000112	0
PL40	92.73554143	183.9572326	133.8976634	229.9482184	74.65778192	38.32227515	132.2169897	41.21484393	133.0774621	114.0276291	91.21806917	29.9226897	99.25668595	95.11220305	201.8655856	98.7802167	120.9353194	64.20918565	179.2991573	113.9467398	39.04483459	155.2021435	36.22715857	33.69013221	8.78069874	6.66116051	26.43142478	68.93222483	64.12392221	3.44570324	20.93482696	32.64460022	52.10619629	33.32532477	97.84143603	147.4138953
GH44	202.4125561	387.7746473	318.9578244	256.0898205	177.0088132	504.2072046	580.5098352	580.6363819	380.0504684	449.3658726	506.6294139	150.9379858	69.12145195	265.5753194	415.1066284	94.58828638	489.6590375	169.4675225	127.4288429	72.16618076	71.50832986	7.58414703	26.06936687	28.46544163	0	39.56529762	138.9927158	327.3537252	285.0196948	0	271.0067788	272.1328435	254.8328689	227.6800371	232.6029536	169.7623992
CBM68	45.58449823	43.66367398	45.65988887	40.36256239	35.64992907	21.79142915	62.30052989	40.70107045	57.35756552	43.69828325	34.92119377	112.2367853	36.92077232	31.6986824	69.32573633	55.4666999	35.69343311	31.36531285	40.25818854	39.29546712	17.72770782	29.89790127	39.2618363	37.39016974	182.384057	15.57067318	17.82221152	100.2573322	35.09488856	10.11281075	31.96149572	34.01625077	34.11990849	55.16609601	43.40804977	41.84659998
AA9	142.4904636	167.5615052	190.1426932	113.7767218	199.5067816	192.7442057	181.9175205	130.1865334	238.7572315	147.8705595	156.7327684	250.9217862	173.0623257	165.439244	71.87530298	155.1989935	136.0497084	135.1568059	191.1742095	159.0523445	129.3359326	148.3979453	286.7064095	285.3453405	45.20453131	219.4053964	197.5681455	230.1246115	202.4762525	67.06875685	123.5045142	160.0946617	127.7122681	105.0412023	148.739602	101.3678234
GT15	52.72615378	123.3477412	49.23207431	116.7936329	70.4352258	142.5430982	115.5274057	82.6088247	49.07719743	58.89426986	47.02248784	122.7915773	46.24748006	70.41884572	46.40126782	36.28939242	42.73201994	83.84211177	104.6730853	69.24770222	39.62372032	65.69573076	134.3572589	95.63537508	39.79178437	28.49867627	51.82175712	75.93058341	51.57750558	1.1510981	38.5702306	80.54124307	63.03979319	91.30414802	124.604277	139.7967839
PL26	138.0151993	162.5973625	200.0329135	162.3381844	100.0264959	76.50057544	340.3385362	236.7730075	262.6140858	173.9183659	188.6894041	120.1974384	159.1663849	254.2201811	243.2824552	143.2257571	299.7849516	182.908903	141.4748907	148.0451506	67.29902195	68.25671667	160.6164165	176.8213756	59.0872246	18.95308064	126.6544016	350.3070403	94.17460929	28.31680349	65.36002778	64.42481968	69.71308918	96.52489987	110.1587291	93.12875501
GH102	7.64400954	9.03844878	17.64573256	21.22657984	15.55976838	13.51210106	28.39897041	48.06767247	72.74850872	47.10921555	80.66910825	13.37399206	29.79695893	32.974228	9.15392118	19.98869064	60.44269372	44.87475207	35.82109727	19.35701666	0	6.71423204	13.59247804	21.94972695	0	37.75487151	63.04666668	22.92976911	10.60319893	15.01908953	54.38377918	33.96997802	50.50226399	38.54717209	24.57283989	17.23319042
GT64	22.44343021	105.0490543	136.1367234	90.11005086	63.00231948	71.84130466	22.86445737	42.67192755	99.0697013	68.66887036	32.18936161	179.9807357	77.17151328	82.78202018	68.36304671	109.5400862	87.95815508	167.7243084	60.90499984	65.62293239	29.43074504	215.052589	666.4753523	831.3842629	19.03699557	166.1973853	63.18049033	111.994195	80.71195959	408.3845845	87.43506421	47.07428972	59.98289616	46.83264117	68.63635794	48.67550963
CE16	0	0	4.12856182	6.73305182	0	16.17871312	2.1004343	9.31347403	3.49041306	5.34976182	3.81010712	6.33750344	18.21778354	6.18659578	5.68688414	11.77292555	5.15182631	9.8393006	2.9940926	1.92193635	0	2.69179666	39.70738435	20.9878267	0	10.95082786	0	15.9472718	4.57535296	0	0	1.83251226	7.17785736	18.4887104	8.59449494	17.27318288
PL4	86.34827363	324.5300833	203.3907586	257.2254322	78.51335907	136.5106204	79.42078872	108.5693021	90.60418695	51.58318906	142.1641967	829.9654887	17.55787343	90.93050033	60.75371547	18.25481333	55.66673223	33.47282002	35.64748	49.58849026	18.19452028	55.80577788	48.6922857	45.25247013	0.97920797	19.3304054	61.70226313	1837.078275	24.77160189	14.68137844	8.87010016	21.30816397	134.7933498	71.08503951	11.67979752	23.43785243
CBM3	862.5494338	882.8511848	1483.018435	1465.854361	846.6988234	1376.497807	1511.544611	1860.849643	1400.345565	1525.008303	1834.670292	814.81103	436.0102064	692.8565084	1513.65416	602.1149831	1481.095264	649.9805185	517.1835671	673.9657521	547.8525072	331.0642265	381.3551597	376.7961618	63.80024908	435.6973038	902.3771705	970.8819263	1216.339998	60.4618117	793.2080844	883.7740011	717.4320361	1188.498443	1187.874768	1029.523564
GT105	776.055678	923.7394332	841.6710502	996.8451533	1003.113317	974.085018	920.4541681	917.5138848	868.6692327	735.1270828	988.0857061	998.1109505	804.7924737	934.1974646	728.5711245	659.7263674	648.0297853	695.6224549	653.6202112	732.3860233	742.2995847	624.5294963	518.1536368	495.7301041	191.9480059	792.5887014	743.2179968	1098.700456	920.1437655	421.1298243	1112.927867	1017.415844	789.2507427	888.825793	948.8888856	785.1168039
GT99	49.2728436	39.58974331	67.46623948	28.41121809	30.42639815	24.27558702	19.01634378	56.28984954	24.61374922	117.7753209	34.300867	27.69718895	11.12172025	21.17444645	23.26301437	4.77427396	23.73269288	33.19380381	28.32731893	30.18770337	13.38232164	17.73993603	24.73010703	43.55652263	1.83274218	4.70371579	34.7802417	61.29379086	43.24807603	8.96025228	19.82738436	28.58666714	36.7621131	34.18434639	32.2638469	29.21978531
PL14	10.94222217	157.2571857	0	66.07624247	5.46222201	1.03406159	75.39799793	106.6476891	68.87749268	199.1634977	62.82894115	5.3657973	0	100.5757949	40.95784449	0	81.25875517	15.59311269	25.19374312	2.21870677	13.88840866	0	0	0	0	2.74777367	20.25168253	65.54967789	0	0	18.1870247	23.61517088	39.62681164	21.84046313	18.97800435	7.39123406
GT113	137.6455804	144.7017795	192.6856664	123.8648584	141.538756	268.0556107	295.1368391	192.5477382	207.1314869	246.8482814	133.4759558	269.1729634	165.9612205	128.8848657	229.2706876	253.8525445	285.5025076	202.4022796	481.4831082	685.3050777	149.1812724	383.556501	804.6898829	733.733811	183.5650026	700.368781	479.0158895	127.7734626	349.8412658	548.2059129	175.489602	226.5243106	148.5312397	153.3635858	313.9069341	292.2304869
GH172	1019.21281	777.6006632	788.2502416	936.8004414	1231.537119	1091.610672	815.1299578	821.505871	930.3696091	731.9173649	618.0936333	877.4271112	636.4591458	835.5588496	655.4722048	875.9302166	647.6954741	752.6721056	679.0316374	659.745262	831.3231795	803.7066378	553.4659819	649.207982	3019.77562	780.799548	753.7372212	433.0063355	930.7053248	1122.256982	1149.093562	1009.12619	718.6186704	886.1180537	1176.593766	1086.16121
GH137	330.9596893	273.231308	269.3674103	325.7519896	334.0859112	416.7392388	347.8977133	385.0162008	350.5607536	239.6997579	351.7760125	245.6274515	189.9118446	246.3581575	171.3837464	191.8850956	191.1387082	285.978824	351.1677001	279.0307389	384.2743869	189.7284829	212.0859385	185.1422753	74.02001042	171.7667384	424.843496	184.6397494	201.4047829	16.31383863	309.2959888	293.5173168	199.1085797	285.3514994	212.5380021	196.5361424
CBM47	251.0285428	195.9762692	205.9368711	236.8798974	363.1970217	286.0358299	265.8436065	261.0781536	192.568149	242.5561832	353.9980078	411.3319435	177.7908032	260.6041914	254.060691	274.0545679	187.0682617	188.4171839	168.7732828	149.039911	90.49897779	181.1059368	93.67374786	101.6888788	54.18624103	215.2984119	210.7056752	717.1181162	207.4913833	55.51019609	222.8371282	202.9868361	217.9439577	191.050909	166.4036885	229.34638
GT62	38.18833754	12.63005065	47.01988657	24.09805988	38.06359587	13.12567778	24.96241187	23.92550095	34.61851327	12.18980785	26.25676705	82.13063672	8.23651915	25.73121581	20.06987714	26.13737978	20.39952716	53.9229561	48.6409533	20.03634733	28.5927743	16.11283612	40.67926163	47.07376361	1.95841593	22.04628333	16.608622	135.9819817	70.30502789	34.18137617	9.40535756	16.41522473	15.53151004	24.08501382	27.21502434	25.01112986
GH177	405.8208086	671.288701	830.8067128	586.5913355	341.7955193	323.0054392	741.7581971	697.3591024	638.8424916	593.3486166	773.0331319	365.5980871	1123.788786	837.5508657	563.0071034	474.6358006	552.1824105	494.6519638	635.2620918	588.696476	1203.762624	621.7172394	423.4173015	445.0968029	4.12919022	284.9721964	758.959477	274.8851475	272.6043388	49.60530274	513.7777676	456.1055611	940.5480737	615.8751895	651.3872972	653.0637397
CBM27	120.428899	124.5134038	115.1273433	119.6766131	90.00875795	45.37425143	115.2636312	96.18213999	202.9880874	101.4058042	135.9275952	106.4779236	67.38827268	49.42724073	84.36090813	112.364411	104.482601	86.83011869	132.2115656	63.95090733	84.45422024	96.58035923	76.6638355	66.89210301	33.94765702	142.4044957	91.46180727	90.20826814	132.5473006	49.97628771	103.5079825	137.0232364	92.36137274	61.93390466	129.8481134	133.9560916
GH108	297.6699279	177.4929656	306.8697765	275.8051245	327.5776081	103.9598639	307.5617025	241.6470296	162.9368408	350.7894149	687.0163873	123.3583437	176.0366638	378.0744368	122.6422993	336.0393662	167.8383688	155.0171166	172.9609539	247.3406087	93.47651236	493.9683125	160.7213281	183.0749312	13.76792433	599.1436778	150.8563837	231.7060472	76.53642901	229.7079706	157.0500642	145.2123659	230.5971474	138.0998562	91.49501374	93.83365443
GH120	706.0889479	984.103739	1476.559913	1989.810393	1057.768489	861.3587157	1260.275659	1645.652711	1545.276265	1927.407921	1899.121025	1655.310142	986.3706168	1508.85348	1911.786266	1185.53712	1499.531753	1532.6239	936.0257225	1191.740093	1102.715559	931.5451798	1101.237676	1111.229957	1443.818736	1102.734285	976.1371321	873.0480121	1851.710961	2156.305635	998.4258735	1165.715232	835.6221534	1428.624501	1350.769283	1223.816631
GH151	2087.979632	1764.092489	1635.10153	1733.596212	2097.252908	1830.954242	1141.383094	1431.904673	1629.840079	1236.931439	1198.441728	1314.379756	1514.936745	1475.526917	1513.833323	1797.692601	1506.201278	1399.584116	1180.428891	1187.505307	1071.687933	1017.872852	1087.498546	1175.352229	294.0372314	1253.087142	1375.710808	992.5463366	1563.572408	584.0666584	1895.554268	1586.076879	1429.978928	1446.767044	1977.334701	2184.615354
CBM4	1746.252704	1493.10833	2172.586134	2230.652452	1523.373585	1984.034273	2617.723245	2759.793204	2099.226409	2945.633687	3097.458722	1606.068293	1373.703973	1743.722649	2788.459276	1758.935733	2707.131809	1435.423943	2191.628533	1923.72423	1783.625126	1816.638535	935.0746699	987.1384517	361.0570478	1436.665153	2981.010714	1705.069111	2356.968667	491.322373	1849.736731	2040.84442	1773.728769	2246.296636	1765.722806	1512.479679
GH175	991.0183325	1013.239525	995.3350927	1106.157679	1064.561	1156.155351	1000.505318	1181.828954	1196.256625	1063.023961	879.7738243	1081.45255	792.1658468	749.5740527	893.4194274	1047.54034	881.4736621	1096.130746	1062.897462	1055.712418	1197.810935	859.4237958	1092.872951	1032.158386	304.0601743	766.8735175	776.6049949	687.4294778	1088.598369	234.2043468	1011.342958	946.6920566	928.3207576	734.7418199	1064.779368	1065.842833
GT17	593.3055559	379.8221136	546.1070164	505.7640956	634.5612676	734.1421107	520.8325171	560.4680195	520.2159162	660.2928038	480.1643869	574.9075725	488.9719327	441.2754284	574.2282646	795.6422728	631.213186	567.2338086	577.8734016	540.8303091	505.9248597	474.5845042	474.3774795	493.6313587	81.94271259	689.1932515	500.2114079	237.8995582	608.0059344	305.5729219	373.4010073	443.6554703	448.5242319	479.3611314	520.5891746	504.7476753
PL10	878.5424813	582.9671978	817.6976134	788.1608166	708.1446447	1012.121949	1246.014287	793.319459	814.2745908	811.401857	854.1469277	336.4973638	726.306631	649.5424854	897.9249213	632.1045204	790.0992409	1023.969891	810.4970227	696.2893338	696.3169278	632.956943	220.4432337	200.1799214	369.4697166	169.5462917	846.7106072	405.2896591	358.0481548	16.07728046	528.1825873	482.1028048	667.3138136	715.2950841	529.5454603	612.5081428
PL41	0	0	0	0	0	0	0	0	0	0	0	0	0	10.75529974	0	0	0	0	0	0	0	0	0	0	0	0	0	0	0	0	0	0	0	0	0	0
GH128	418.9149056	484.6328871	526.3085688	312.675071	352.5383433	257.6459167	481.2522031	538.3577183	378.110827	796.8337451	457.3400205	205.6859654	335.6524391	423.2026164	571.1175289	614.2201083	570.7844308	791.3231056	805.3367484	658.5508844	560.7186557	781.6141014	619.2739889	534.5898281	159.4114992	351.367027	782.074136	289.2909365	314.4572811	70.0050864	513.536359	530.1531098	526.5011086	654.5858545	415.0122504	413.7799866
CBM16	697.6254566	686.9674079	607.527037	905.477308	713.8760924	638.8931744	642.1115497	669.9134511	571.3320356	650.3666772	740.8163031	823.8238891	466.8110639	710.1788582	694.8594909	859.7097457	697.4596993	800.1214203	618.3254531	507.2400222	412.9091627	527.0911438	495.5150168	493.537135	161.0524354	493.1483433	433.2223269	779.8468064	844.5084225	246.6349864	660.6993729	753.1640829	444.8489396	519.5034117	664.7346626	646.5702969
CBM23	408.3588217	339.9932376	320.5204386	415.1191774	452.5470895	400.6597036	284.1960518	341.4271721	460.9734379	207.6398684	349.9099407	336.8291976	176.8570777	233.3458518	346.7843261	322.3797928	381.1902931	262.8405141	290.8484124	256.8405191	222.1100592	304.6729071	229.565537	209.4713217	299.911673	237.5029462	298.3930162	309.574443	395.3947341	82.66453369	340.5310221	359.4271196	270.4822916	276.75793	413.0387018	370.3797163
GT7	72.35325954	84.21906229	155.42662	136.7267886	80.07728018	245.885517	93.26596464	137.7095205	99.28389905	106.0159413	126.0042004	112.5970338	56.39798256	91.11809799	113.8941217	78.41896946	231.9963474	79.13477429	101.2215742	79.89325032	64.71288957	130.884322	178.3240311	200.5527254	55.40832417	95.15152278	62.26717448	208.1451354	86.22543746	133.9178494	59.52007079	83.52148303	72.49922098	89.70246621	48.10735108	48.48666817
GH37	495.7049268	452.234995	595.4600613	435.325808	500.4833089	741.0523941	499.915103	715.9710641	669.9169513	517.3433854	448.9500893	667.7906151	715.6167464	334.5472283	565.8295269	499.9789341	318.3423021	497.8175932	606.0699068	565.1979428	352.0958978	511.1934829	395.5279624	378.8310341	227.5634795	433.6133316	415.4519595	428.1803022	589.0826044	13.9374395	572.8488685	511.1325617	445.341934	434.1669058	471.8437039	463.3652503
CBM37	2532.979409	2381.514244	4029.287232	3387.696526	2618.069475	3740.840199	3173.560047	3565.874956	3297.725306	2612.637162	3752.525026	2737.019342	1400.538818	1907.801007	3361.10436	1791.824656	3669.706357	2042.161205	1613.572437	1763.179865	1822.307244	1464.008635	1787.323179	1910.512932	670.5292412	1422.264507	1827.811867	1897.969024	3062.158817	1037.132451	2419.799314	2317.693396	2064.001609	2428.096427	2867.487361	2619.871095
GH123	4466.199338	4285.702078	4017.868872	3674.812908	4210.611002	3636.195777	3586.208488	4157.153519	4041.81716	3479.190945	3413.263567	3131.794637	4438.842684	4094.64746	3633.104854	3588.835541	3341.299502	3571.5383	3343.172402	2768.046617	3713.123074	3110.974068	2320.624636	2284.036195	2963.471857	2092.897706	3116.523503	2791.157507	3235.439167	912.2030589	3596.446535	3342.308394	3679.817127	3418.985193	3943.456643	4249.49321
GH130	5388.084051	6396.177502	5948.653709	6411.816116	5437.443353	5663.865362	6587.845044	6770.232535	6822.928722	6652.12161	7370.827487	6392.52584	5868.003263	6797.26606	6423.323221	5673.966987	6750.20163	6221.242621	5609.714293	5814.425257	4775.13804	5303.429899	5234.041528	4966.008326	8859.729383	4587.921675	6782.653482	4447.430985	6094.437077	3834.04191	5812.625179	5791.43127	5719.597109	5960.401235	6164.40488	6187.543571
GT93	0	0	0	0	0	0	0	0	0	0	0	1.85164347	0	0	0	0	0	0	0	0	0	0	0	0	0	0	0	11.28555207	0	0	0	0	0	0	0	0
GH74	702.9836942	881.1099007	894.6504341	1262.404492	674.0682815	1196.428618	1275.708345	1512.46236	1089.125818	1168.434309	1421.67901	706.2139408	292.4121172	529.2752408	843.1871043	711.8141183	1084.091299	838.9561641	431.7947022	607.2292031	536.7753425	351.9513855	352.3015218	337.4653585	112.7161997	420.5325257	980.1895513	783.9244446	980.6156954	33.62043487	765.912918	849.341964	595.5597912	1039.304694	1015.664718	863.0884145
GH12	3386.603168	4186.097842	3818.960946	4654.012742	3765.375217	4234.869501	3797.160013	4148.428369	3919.249355	3183.929131	3454.183828	5006.670936	2982.842374	3543.630196	3546.679176	3512.668561	3183.091912	3387.923887	3785.434073	3707.2651	3237.290401	3039.97709	2754.062618	2743.867265	656.8465916	3004.200853	2919.138273	4725.432875	4026.6482	2422.836923	3904.246966	3596.787654	3504.012084	3795.549315	3882.168228	4166.917077
GH77	15015.36232	14872.1325	13081.00901	14539.06364	15469.35662	14721.48178	13932.11273	14437.12374	13366.83548	12669.0654	12430.00155	13841.67751	13200.68024	13569.49629	13911.67007	13637.67134	12989.31612	13690.2008	14205.01222	14364.90978	14079.7707	14438.14831	11265.95743	10998.86233	9645.286731	11437.12914	11720.84223	11442.95265	14531.73425	12832.99226	14409.29864	14129.69276	13560.4318	14196.45445	14551.22949	14618.21073
GH18	7814.875705	6230.357651	6553.299455	7033.52534	7588.053773	8696.585081	6965.555862	7947.021731	7481.571423	7800.340235	7047.354645	7253.70648	6393.750645	6960.342091	7315.505761	7883.325906	8419.971617	8316.23221	7687.244386	7673.184544	7435.95869	5296.162388	6337.859423	6488.245921	8266.883487	6610.928794	6918.489576	4943.127829	6605.767881	5682.877211	6705.331338	6533.084505	6461.560733	6742.931508	7083.691391	6919.207036
GH121	46.52410119	86.3505912	54.6165478	69.45658905	55.67654814	71.96939161	51.82085153	92.81137957	101.6110161	164.708747	72.64910339	161.9783386	137.8415508	136.0096346	101.3344945	94.56677829	98.11488142	58.82833776	29.91842135	57.96214378	0	3.60508482	5.18064686	17.33610238	82.94941951	12.58960586	14.52712687	19.26153539	18.93124221	14.94787888	5.42205464	20.61167865	32.51718668	10.13151891	33.41783426	17.60653698
GT90	2576.792822	2441.09898	2902.923045	3002.551761	2718.220859	3016.480266	2647.901496	2681.383076	2763.114132	2465.884686	2297.561221	3590.5957	1943.445756	2121.734387	2342.96724	2528.944688	2421.649522	2689.618447	2435.912285	2562.721328	2053.906627	2053.997568	2475.385762	2686.689598	1576.230452	2277.489286	1988.132277	3518.543395	3032.3858	3764.989541	2462.903093	2530.054246	1892.832877	2455.329975	2589.783371	2595.536846
GT60	0	4.38017133	4.48620319	4.30922981	0	0	0	0	0	0	0	0	0	12.93196754	0	0	0	0	7.84167109	0	0	7.97226148	0	0	0	26.00504082	0	0	0	0	10.57279658	10.12623449	16.02807396	18.6260933	14.55104938	13.18888383
AA15	9.66326114	0	4.83129575	26.30637311	13.02084706	9.2782669	21.06559345	38.59194107	17.68403633	42.55801388	16.84103642	15.25959291	33.81530167	3.85207544	7.05772594	25.27220209	11.61593638	5.99258224	4.91567442	0	0	7.592247	11.73912534	11.36481147	0	20.57037782	19.88876214	49.65015566	7.46302079	106.8105153	15.35282981	3.52856084	19.50541568	27.85307743	12.39257969	9.17253943
GT5	11601.6332	12444.10405	12486.65805	12922.23791	12352.11996	12915.14378	12439.86172	12827.62759	12802.6686	11885.1578	11299.92786	11930.39257	11105.21256	12099.87813	12560.60088	11647.57375	11675.02484	11945.33329	12543.60043	12608.04556	11311.3005	12078.59659	10843.64092	10424.74458	8887.404182	11412.03663	11318.49532	7871.672829	13227.45861	8236.838048	12267.46454	12319.94446	11800.0321	11905.12722	12682.74877	12737.74683
GT22	1538.809619	2099.458439	1662.960233	1919.008686	1731.661605	1562.03398	1288.038737	1615.784953	1563.05116	1158.669344	1419.17482	3300.495301	1059.27923	1365.446105	1472.939038	1507.621982	1293.298109	1473.48529	1657.337691	1463.701034	2376.559356	1335.376581	1868.45541	2094.070824	1316.014298	1591.564255	1290.448692	3852.549188	1497.195852	1415.782035	1728.65257	1652.285221	1378.450864	1337.562217	1604.80378	1766.435087
GH164	2.12694357	44.00789914	49.59834658	25.17497963	0.76217051	0.57715065	60.25786708	19.5245244	82.34023753	87.38126869	21.15329888	2.13241543	41.85451005	29.10672292	10.22412286	12.04432778	19.45731378	19.57237714	56.1681364	20.25473411	6.7430275	14.46006744	1.86713669	10.75184486	0	64.6193375	131.533286	41.06027517	1.81522156	0	10.78101522	21.72308618	19.8534667	23.28059149	7.27561626	8.76506664
GH153	37.1663356	26.20790314	23.3028622	26.41820524	36.27794622	68.08971246	36.15036605	44.18824661	108.5586622	60.14648185	12.5627555	23.02105949	18.51541596	46.97977551	20.54510611	63.02074956	24.69095918	28.19096554	49.28050869	7.28840069	7.00978753	2.90291797	13.38645178	14.33432432	2.10356054	20.68068813	18.39178546	4.78211083	0	0	30.17100641	15.67014419	32.24418333	9.32766657	15.71120812	9.8917104
CBM20	5092.269282	6239.884898	5752.927017	5068.478105	4601.138693	4786.267432	6744.488977	6248.361909	5667.343678	6705.507247	6269.824978	3491.969706	7202.016498	6962.176975	6209.541138	5309.594208	6354.168203	5724.21623	6156.91437	5791.500787	4919.918646	6230.179487	4355.900921	4142.652391	7070.376501	5200.178961	6972.06175	3933.490397	4420.420188	1610.032038	5995.735282	5697.135954	6492.582611	6349.830161	5846.925006	6160.314601
CBM58	148.7740299	72.18197411	98.29482217	117.1443818	91.3506172	167.0088465	188.0886653	127.0995942	196.9490582	156.3972801	187.5790977	53.11574754	177.5057289	106.7638629	121.4742286	78.86793179	122.8065192	197.6901701	92.88055773	100.7381598	27.74628811	107.4262612	30.30225394	46.39011744	196.2374193	31.30808981	90.86196023	68.88926062	98.82981552	2.28883077	86.34382617	83.10606537	141.3453716	126.531716	59.27796822	83.9565913
GH15	498.102413	1293.783982	782.8591801	1255.684249	523.1070554	558.241572	476.3483546	422.0744877	539.6070173	439.3469754	797.1459981	3494.445233	511.6843943	596.0375002	444.6152307	347.3088284	426.7070897	614.5125731	576.3610151	479.7564094	429.3592103	290.3959855	436.9305905	342.08734	272.189747	623.3433892	505.0454468	6377.557567	438.6857687	1253.031987	369.8309316	394.4827307	495.3546906	376.7344867	390.6142087	397.9930681
GH109	5334.917029	5738.774351	5950.433873	4617.742602	5322.58469	4877.123393	4650.028313	5000.743596	5013.378528	4826.950726	4205.151792	3411.117409	6224.042037	5700.121597	4684.57878	5249.807027	5252.640923	5245.341426	4772.050972	3965.067346	3886.29149	4100.198819	2667.644959	2536.855359	5696.770718	3634.447255	4345.439157	2970.55659	4107.665241	464.4623098	5352.557902	4727.261725	5024.70185	5067.588299	5795.344988	6221.586861
CBM2	3296.436674	3733.308985	4023.319388	4492.291074	3339.84406	4275.49132	3769.681796	3320.128293	3594.859569	3579.920298	3551.585675	4990.307374	2561.553673	3386.964743	3740.166308	2862.470379	3426.234965	3131.944202	3499.775762	3559.340088	2914.901728	2719.593945	2658.102742	2574.985775	955.9888914	3215.980246	3330.636204	8870.486068	3636.531679	1718.988503	3407.800116	3240.0395	3434.863205	3906.408575	3545.978419	3335.828132
GH146	2498.248887	2177.785593	2171.85546	2764.647279	2252.868368	1597.577576	3307.34816	2874.037565	2597.224591	3345.717616	3309.212928	2050.375445	2505.474585	2647.015958	3808.59377	2376.904354	2964.727471	2398.634186	2694.945346	2085.443957	1883.770935	1954.135914	1240.338438	1168.790247	960.3840952	1840.788536	2251.584439	1900.470141	1579.410345	429.2146941	1819.533966	1946.357815	2163.05342	2830.016362	1976.469146	2006.823773
CBM13	14437.4407	16134.11826	16358.87378	17247.98773	14718.47708	16190.7851	17472.11928	16628.60514	16524.97364	16615.70864	17295.1666	18342.83481	14607.80288	15470.19999	17539.48328	15079.09807	15827.16377	15504.74203	16948.02279	16315.37641	13641.41149	14560.36462	14116.69736	14281.80255	17814.33653	16300.19264	17082.92523	17309.94555	16104.30592	9437.756656	15375.00052	15531.86376	16713.35584	16716.4427	16554.00062	16800.63672
GH160	15.99391205	13.64411645	25.02719275	9.62885993	14.66996254	1.91887718	22.19914314	8.90236335	19.70434123	50.09005215	23.65780608	0	20.22348002	26.68020526	6.17122859	6.33981766	35.68097891	19.0609038	19.23612258	33.86346476	5.84671348	9.4093562	2.87364006	7.81188728	0	24.08435107	31.53302699	22.28881254	0	0	7.91377632	5.71406515	15.87804794	13.73731273	5.5913402	7.29850136
GH170	2352.13589	2151.659361	1656.671347	1556.130171	2141.460687	1871.878235	1788.08431	1934.427394	1621.289606	1520.580252	1493.300914	1891.560142	1475.382077	1509.206347	1649.395969	1654.742413	1372.071802	1483.213082	1879.420434	1671.381155	1402.854945	1838.669883	1427.293403	1475.410043	2336.597641	1501.299041	1442.405144	2127.23696	1898.602768	1331.378035	1757.941577	1965.189373	1622.074074	1730.385817	2058.612731	1886.973355
GH29	11688.333	12678.15556	12754.47753	11197.23077	10874.84778	10180.86985	11228.96296	11762.85498	11941.04052	11806.32377	11158.26659	7852.075766	14609.98483	14668.38382	11438.02154	10561.11564	11758.49132	11487.88043	12052.21111	10099.22031	9293.052126	10646.99396	7111.470557	6898.459887	15976.25647	8040.751433	12318.84985	7106.448138	7915.387029	2702.411235	11452.48471	10666.93856	11841.33944	11779.64669	12092.429	12907.6124
GT94	0	18.3562514	3.16673167	5.08686749	0	0	0	0	1.9539208	0	1.45845455	19.4814094	0	0	0	0	0	0	0	0	0	0	0	0	0	0	0	173.4521908	1.32016113	0	0	0	0	0	0	0
CBM40	505.9319404	1211.046339	1007.35546	396.7236903	306.2535508	476.4024379	716.9440075	791.6918915	897.6121079	953.0694664	696.6711353	227.5772981	1082.64462	1152.978061	620.0180244	417.5248343	764.152001	489.976754	619.9247823	385.3183415	602.9909408	573.1357591	206.1144143	223.1313697	955.1630639	258.5945597	819.6801415	603.6507905	286.8769794	467.8914154	537.9131515	378.7728115	1021.527502	775.3621402	732.5271095	836.9297223
CBM70	187.9808651	161.0259556	197.147156	134.1636971	159.2022762	173.7274923	182.8403396	244.7833105	229.9468424	284.7064956	183.5842128	261.3424889	129.3618438	134.322121	175.7625889	212.5764565	276.8915867	243.704326	128.5883344	249.7412347	151.347335	21.59413538	155.7291471	220.4812132	2.0446231	176.7404736	96.19643416	200.0699696	172.6867739	0	181.162883	154.4392469	108.7085301	171.1593464	165.7460061	163.1355838
GT111	1425.150945	962.3596986	1292.164624	1247.632972	1556.143915	1899.9779	1559.209957	1470.816895	1056.428399	1098.943891	1094.402075	1164.259635	860.483364	839.2370145	1379.906101	1318.950435	1038.091044	1112.047694	1268.328955	1698.198781	1298.191161	1942.078441	2293.338447	2094.09735	861.8985574	1828.751195	1388.961516	1074.735081	1736.074035	2997.829736	1062.768471	1060.396494	898.9026116	838.5250279	975.0675326	988.1809921
AA8	2.09087048	13.14051399	0	13.08344471	11.84578267	4.48508641	0	9.62064521	0	12.40477244	0	0	0	0	0	3.56632512	6.98442342	0	0	0	0	0	0	0	0	3.97268483	7.76829889	0	16.78846612	0	0	3.99620143	3.91322946	0	0	0
CE20	4293.284373	5436.332108	5079.88586	4697.031801	3414.717894	3787.301591	5940.584841	5685.809753	5346.611764	5327.294676	6135.101983	2755.097535	6602.585293	6433.846535	5864.752554	4752.030688	5591.016328	4689.271312	6477.737671	4994.369283	6003.111675	5513.438709	3123.279355	2763.470334	5103.315204	3696.558431	7116.341489	2927.053816	3846.828879	1479.641188	5209.783036	5101.289915	4899.5696	5937.018657	4410.017603	4593.694851
GH156	92.81638677	123.5603851	167.9979726	141.9407287	133.0655186	71.86650484	101.0822386	86.42057181	71.3164265	116.7003074	107.0977446	58.90721725	163.5909567	99.56104623	129.1482819	80.48917958	119.681933	128.2693262	60.84186236	145.4825653	48.94178376	8.68739131	91.30375412	92.73357991	41.42068782	84.18987633	70.43912781	41.55583612	32.8281115	0	97.50649565	98.37710712	72.99945913	89.05081662	122.1306266	171.173678
CBM72	742.3745918	1227.116007	999.6724817	805.4466601	587.0277869	459.6857559	1433.758327	1351.988779	869.8187953	1242.191688	1131.599844	457.4998279	1053.839143	1206.271316	1488.278771	818.2564274	1581.46931	1087.050059	1557.4994	1138.707148	996.791438	1076.058163	483.695346	442.8272427	378.4678966	1255.831948	1430.226208	474.8866276	410.4474719	21.49965553	927.9885188	958.8036706	732.1573561	1266.638615	833.8906731	891.6531426
AA6	0	2.12470997	25.75949057	8.9631067	1.59610383	0	15.53808898	49.32314099	21.51161555	8.12089893	3.38522019	17.89500415	1.6524581	16.49630088	3.04323962	2.31253895	2.26448103	35.47959066	0	3.03278029	2.32142314	5.01860395	31.96645757	40.77616247	0	25.80802652	0	7.77492841	0	0	3.48531732	12.63560833	21.51918868	4.73114033	2.61863518	0
GT96	467.1308801	498.295563	355.006412	484.2431784	547.229614	480.538374	463.433248	520.9834103	467.9263777	407.0352896	492.0144015	531.9314225	355.7539882	535.3662875	412.1633821	404.184773	427.6696396	459.8908156	316.3621016	497.3882062	384.4598999	272.017642	233.0673183	305.2781141	18.40876473	365.042704	292.4362482	249.0900764	346.1616627	360.5928154	419.8524698	350.5262088	306.5746392	351.932561	479.3789397	486.3736033
GH5	24357.04115	29371.61185	29382.0666	29439.09703	23591.56444	26975.87301	31658.6333	32905.6176	28685.45146	30538.05675	30869.08893	26790.60394	25661.3853	28243.52949	29380.05034	23590.94264	30083.36668	25897.35146	30879.89399	28095.38311	26055.78649	24967.60443	21664.68382	21476.03469	17284.68865	24862.34829	31039.92506	27141.83368	28725.54938	14505.37414	27112.82004	27678.41296	25626.51979	30146.80792	27186.08288	26462.80359
AA4	239.7785736	389.6230189	390.865109	332.2053905	306.5922159	277.9915662	213.947537	289.2291926	251.8573801	334.1968059	263.6215986	653.3401274	299.5994764	392.3701139	442.6343084	499.0633972	348.8890968	552.6273063	355.8284875	354.1982772	170.3425378	471.3590857	1185.721344	951.3895535	110.4399505	356.119725	262.172928	1218.435705	245.8840413	629.6535893	213.2149678	270.679269	329.0423903	377.340331	401.8529924	405.1704644
CBM25	454.8385808	255.3993094	249.1170534	459.6554463	460.5539822	751.6977318	510.3020267	691.4276545	578.8145034	597.8683901	517.4024163	457.8102778	485.9721888	369.7457852	509.3653906	550.0140263	305.5392834	486.5298646	650.6051938	786.3420025	713.4240831	502.6843325	530.8005791	452.0477212	68.91087777	563.5629411	475.1364662	305.1289827	522.3327733	75.10228466	564.8486904	546.9103157	591.3984205	1011.239989	606.0468396	561.8324262
PL17	374.6830091	319.7026792	272.545055	298.7131732	309.0603382	414.3278257	288.2656655	313.485294	259.3945337	344.0441764	179.3224457	273.6741209	300.1647864	206.559349	248.4725904	284.8509985	317.9081189	238.0816127	176.4324124	386.9005466	247.0211425	224.4529896	150.9742648	187.9244391	337.8284563	124.2674561	280.4174595	194.3191174	378.6331985	319.798676	229.6063889	189.9938753	172.8020315	226.0197431	169.2371176	171.3000907
GH1	5727.360321	7751.042826	7225.185688	7838.367941	6817.960482	6886.147764	6872.259585	6596.08545	6343.357512	5414.011065	5924.35447	12060.34182	4632.670577	4934.175562	5667.388636	5971.446126	5518.533109	6109.449389	7406.591347	7627.81524	4815.524754	7108.670282	7820.108927	8018.595266	3562.749723	7541.878332	4729.097858	14564.65857	9875.356485	19320.84267	5164.451848	5064.71149	4854.072865	5147.272574	5013.871256	4805.957742
PL11	2782.555025	2561.283877	2894.773763	2920.127595	2691.167168	2571.993287	3364.761281	3606.398934	2264.837928	2802.924246	2906.768021	1432.845327	2060.337595	2369.19854	3381.079262	2574.243484	3212.324444	3125.109655	2131.344024	2318.887435	1178.396667	1556.867557	851.3990242	728.0802875	1361.539866	676.3962776	2112.466399	1438.989688	1097.857421	465.5984731	1702.431528	1712.50882	2467.540493	3119.008187	2325.725747	2421.079265
CBM32	8676.11152	10142.28949	9609.421875	9691.548894	9355.578958	9800.308336	9942.615226	12759.04758	10005.24544	9030.172727	8377.086126	8082.048792	10715.07352	11009.16472	9706.183715	8778.210811	9392.077653	8859.491189	10085.9157	8543.821315	8350.5664	7583.229049	4447.269712	4347.576284	18725.58327	5978.717469	6950.63428	7252.382824	6661.936428	4535.146205	8690.502562	8508.454507	9076.605673	9656.402654	11319.70996	11661.80209
GH82	10.72766879	0	0	0	16.06535884	0	0	0	0	0	0	0	3.69166171	0	0	0	15.41774319	25.43659908	0	0	0	0	0	0	0	0	0	0	0	0	0	0	0	0	0	0
GH34	16240.51546	18064.63199	17314.17605	20199.024	17323.81307	18277.41864	18098.84819	18900.75414	18662.68263	17213.82458	18989.57904	20619.73747	16727.84157	17864.38663	17780.61428	15237.70169	16630.12809	17455.87228	19180.92309	18057.27305	18406.46015	16133.37906	12428.36512	12417.81347	8421.034708	17821.02744	18610.96099	19354.44286	18961.27799	7813.036879	18688.21053	18978.03147	18672.89366	19198.32062	18544.03103	18320.78546
GT104	94.50241095	198.7126719	242.581257	152.8505303	153.205869	124.9922486	191.726473	144.832837	196.9046786	121.6967459	173.5315078	164.8640124	239.2890809	161.3753189	164.5504693	159.1892981	199.8720833	173.5837627	134.0037312	122.0227578	70.1110056	142.8564998	89.90541953	53.79332822	109.3502932	97.37159347	167.011106	263.0377239	104.9135534	17.22186095	236.0867954	172.2182042	130.8042906	83.43614875	80.57910015	118.7354137
PL37	71.83939239	107.8918249	111.7916424	87.33408441	95.35851394	119.9806643	76.51812916	64.55107219	68.7434891	46.02019931	50.38642842	55.85477064	111.1249885	48.14394289	114.8256712	88.34039199	91.73864546	122.9285651	116.9894262	53.19498591	78.80477801	84.00895746	23.60478965	10.61626026	124.9294294	78.72011342	74.83496196	24.20690685	94.02374482	5.43794621	137.3834212	99.43490268	132.1415894	171.7256187	93.52751252	97.50685033
GT106	8338.101027	9908.40645	9116.299973	10047.3445	9663.487249	10470.88132	8929.040262	9830.301195	9465.139611	8475.338071	8231.543516	9081.193758	8682.187328	9102.689057	8960.992935	8250.670694	8460.965674	8105.017765	9486.968246	9400.438523	8262.036226	10290.22329	7077.093604	7196.237162	5390.383416	7669.137153	7756.363064	7766.601715	9367.685096	3951.311168	10214.14405	10201.57294	8800.068355	10326.7921	10449.49789	10496.72633
CBM79	89.45263765	109.0608197	340.7655426	300.5624287	77.54018222	268.1899827	270.6093131	225.8833344	306.5922267	196.3006523	320.3329589	193.6840511	27.99388653	108.6409089	275.2033854	76.29919477	321.7982774	68.1635361	75.81945263	20.05592657	23.77750233	0	22.29369454	24.61238512	13.70891152	16.14330838	61.29577111	122.3403545	191.0061501	0	162.3457331	138.4855104	112.5379448	113.2509137	149.5468408	108.2134922
GT12	57.04021642	52.51683908	42.83032877	16.21498205	77.36465876	63.4564136	115.2785952	8.62745103	18.20125156	5.77773125	20.80507743	54.44467071	44.70416312	60.55139816	26.64552851	53.25052917	27.81191954	40.58595627	83.81018085	182.5560116	59.52721195	42.3328274	171.6971836	143.6128674	0	48.96992152	37.63097885	27.59330013	128.4550511	82.5883318	22.96242685	32.66765545	48.61392936	45.06707824	58.04709016	66.81967794
GH72	5968.626689	6299.581099	5882.96082	7026.569763	6446.015676	6314.213118	6413.332918	6509.91565	6295.520947	5859.148834	6559.704023	6742.7527	5931.511859	6460.912875	6471.777992	5946.631392	5914.635538	5953.025168	6957.827475	6650.56601	6965.566702	6287.936767	6328.246621	6510.649874	4826.330758	6840.445654	5987.610793	5646.400555	6921.758691	4266.916336	6594.317342	6875.802307	6677.696524	6762.53445	6598.605225	6515.910417
CBM62	1402.512477	2915.556043	2757.377335	1715.910687	1078.866805	1394.037519	2093.237385	1980.882357	2566.880976	3551.515594	2770.904265	1477.728126	3543.51369	2994.797769	2593.730278	1919.734797	2351.307447	1733.99419	2334.580542	1948.650796	2033.812602	1556.088251	1236.9097	1128.989044	4549.61669	994.0410022	3031.724703	1192.188164	1575.822533	465.0291756	1727.165302	1735.303025	1915.225259	2356.408995	2060.221369	2155.248299
PL3	24.03065342	0	16.83350574	18.95945932	29.36482199	9.2270111	0	3.95303739	9.09107551	8.66150613	4.34928599	7.0011214	1.99434598	9.29516134	8.10561703	11.55718648	18.32707248	1.89765104	14.6177959	7.83320758	17.91170014	22.37782613	75.95774164	64.77400634	0	10.35942259	6.91337287	8.55570332	11.13144889	26.75828362	18.3278634	5.21172492	1.80443359	2.34879307	20.45243539	17.78078169
GH36	12494.94885	12812.37196	11555.99094	11791.56521	12872.6774	12329.41039	11837.46617	12660.28034	11673.62881	10223.97117	10221.3352	10710.66986	11357.92189	10990.17851	10586.93632	12085.57089	10956.23829	11285.19368	10899.02365	10425.6235	12286.16085	11640.86884	8429.445845	8410.473061	8154.088049	8377.73137	8920.506956	8710.045561	12362.26127	9869.507071	12160.4489	11631.29987	9740.362829	10507.46348	11353.02267	11551.87781
GH94	7042.711214	6684.884483	7386.843017	9460.688671	7553.240007	9329.477869	8559.877106	9424.548837	8390.510081	8643.520812	9549.134522	7756.287576	5840.361588	6854.823154	9045.904649	6309.720068	8605.19619	8342.985486	7282.441529	7864.024372	7408.200482	6285.239903	5445.893348	4746.084385	1725.106845	7357.105334	8904.474531	5037.736454	9258.716308	3831.762081	8163.807224	9125.033755	6912.827798	7928.271502	8391.930935	7726.791309
GT47	3158.046042	4761.92659	4866.711013	3573.648732	2945.337751	2580.374013	4734.277265	4268.030798	3994.174926	4654.078956	4832.104886	4652.399613	4887.35887	4358.422256	4031.645028	3553.248045	4084.720276	3572.507737	4618.712502	3567.88107	4557.874984	4511.817201	4500.639996	4552.138266	5419.312059	4319.178481	5076.730051	5167.127316	3417.063925	6735.935975	3079.26981	3096.027559	3498.825326	3711.568047	2884.881182	3112.340652
CBM71	37.06631682	76.39086393	68.58895566	151.5478983	60.66497537	24.88649322	103.5324982	194.3493213	51.70824945	77.03669502	88.52182901	144.9317161	66.43993476	73.6104182	78.72202132	48.9976542	46.98819319	30.97961519	92.30785563	38.05993164	16.61084606	81.51780387	14.06108229	14.93895272	77.07859018	8.29378126	21.66021211	87.86053887	62.29433805	0	32.07970807	57.84079542	42.06802699	47.98911231	150.8979562	151.7189264
CBM22	3212.225377	3959.441947	4988.860748	4847.904592	3475.129744	3459.689557	4501.942048	4801.534766	4732.008249	4438.361753	5247.230503	4529.907689	2864.52911	4035.050927	5338.609195	3711.832088	4696.425184	4248.934982	3113.338534	2527.486175	2708.051599	2239.179154	2448.144207	2476.369311	1613.008074	2604.123191	3279.702473	4456.949899	4198.359476	3105.02911	3537.649939	3679.748425	3162.051224	4098.585663	4323.389082	4004.063726
PL2	8.75096221	24.1516255	0	0	22.67143054	14.44703133	1.67453979	12.92130353	3.18894621	13.47344055	16.19951708	3.43252776	17.07960145	1.44838036	4.23183874	5.40027638	0	1.66623018	0	3.15181679	0	0	0	0	0	37.26095747	1.37771113	2.62618339	7.93411692	0	26.26247589	14.79528886	9.96718568	7.39240676	16.45354014	19.79318024
CBM9	4616.212241	3155.03031	3544.532134	3414.518811	4318.44189	3111.294563	3151.086449	3389.090166	3150.488987	3666.721093	2935.568723	3067.073045	2518.633879	3356.533792	3364.062355	3718.483168	3318.345239	3468.385407	2422.24495	2449.548355	1856.441285	1497.327514	1964.184941	2050.116707	1428.121603	2231.05237	2317.856348	2151.40208	2943.510398	306.1339277	2550.629726	2564.525251	2312.005036	2382.633954	3016.821486	2911.093205
PL36	0	0	0	0	0	0	0	0	0	0	0	0	0	0	0	0	0	0	0	0	14.8957985	0	0	0	0	0	0	0	0	0	0	0	0	0	0	0
GH79	2448.349433	3794.280307	2281.861192	3178.074124	3155.380904	4279.523784	2809.387684	3137.038907	2085.151893	1605.83597	1869.238481	2925.588216	2273.165737	2648.655164	2290.598641	1465.436754	1659.572935	1615.432219	2601.015447	3400.033757	3061.33058	3808.519937	1289.135102	1191.396404	1678.864897	1212.16108	1419.632127	4609.8189	2395.521536	454.1451609	2876.759786	2941.461806	2589.017663	2669.38959	2961.453807	2841.706593
CBM28	6.55388858	13.62840564	12.52356911	28.02791705	22.0206185	28.56029468	3.44431407	6.27977927	21.59835691	10.90439268	5.5466122	17.91050021	14.9921082	12.14770912	32.47266615	47.17370437	8.0227328	5.18465374	12.59524526	25.88198905	3.76408751	0	8.6547277	8.08919237	0	28.74298316	6.85063499	0	1.58294202	0	8.72134872	7.92173599	14.27088132	37.48033689	22.531912	32.09919775
CE9	13727.64602	15939.76446	14004.68697	15204.42648	15053.49819	14914.91119	13257.90412	13747.69628	15107.87849	12893.63868	12528.99611	17459.82223	13758.43084	13936.84951	13760.2772	15214.22809	12891.99081	14132.38206	13462.57137	14036.58033	13693.10386	14152.35962	12228.27402	12651.5783	8955.911124	12617.53937	11866.6087	16158.10727	14375.39615	8991.53235	15578.26216	14924.53252	13651.49694	14019.74392	16421.35164	16577.13488
GH8	1174.364948	1303.903634	1408.324967	1567.800115	1046.157852	797.9465143	1482.269911	1740.295374	1194.500346	2156.476403	2191.496791	878.848064	940.0665507	1575.190637	1901.563536	920.7358804	1631.249729	1282.83318	1564.787046	1050.142913	933.4965206	1027.257772	737.3212444	714.4596976	295.5745999	855.5097908	1534.912766	907.4380099	1182.241803	33.78070503	1169.71362	1284.568571	941.9277659	1656.5697	1372.9029	1164.932762
CBM6	6150.40808	7343.706755	6769.86443	7758.03999	5710.217328	5904.646129	8735.998578	8756.292819	7376.308416	10674.16719	10216.32092	5623.86147	6455.190657	8194.634434	8705.10264	6532.977793	8002.334018	7078.696654	9351.17558	6793.431651	6763.38575	6900.855342	4937.860332	4386.923901	3584.137493	6094.47053	8463.867877	5140.852836	6982.93349	2058.175384	6969.84655	7408.028892	5970.355385	8301.286313	6614.997325	6121.363101
GH178	0	0.7843282	0	1.99435429	0	0	0	0	0.93120743	0	3.04949587	1.00233593	0	0	0	0	0	0	0	0	0	0	0	0	0	0	2.68914149	40.14178289	0	0	0	0	0	0	0	0
CBM86	91.02628424	83.7066683	309.556824	187.760953	94.53696331	63.80524811	85.09116249	111.3183101	159.4010605	240.2113251	225.6934223	177.1814059	158.7347569	207.7852837	433.5103772	92.49191231	216.6482381	101.1778312	76.99064256	108.8580011	78.54211375	16.1577217	71.4739828	71.77452015	31.58508452	31.61069942	134.4558537	126.5134606	163.4367102	52.37260099	38.54766339	47.5347851	44.35487453	96.95645009	112.7546094	70.78448851
GH3	54196.55798	62265.30937	55359.6193	61455.02525	56360.03366	60520.76769	57132.0327	63432.77466	55524.06475	53681.34563	57100.45359	66483.88876	48514.33565	56214.74987	55073.78915	49567.55966	52134.95161	52669.54301	55922.53098	59947.74705	53759.12712	56179.00723	44286.87509	43301.83489	33541.91388	45062.01927	47645.75482	58321.49886	55434.27461	38095.32521	53229.21798	53861.20472	47607.25284	52530.63361	53785.03589	52650.16785
GH78	18598.29476	18957.94829	17009.26122	16948.73804	18124.27864	17222.28004	15740.50997	17133.33657	16778.59012	14611.6907	14811.86739	15045.48169	15985.63886	17703.41817	14961.30737	15654.45816	13751.50094	14885.67622	16387.37048	16834.73936	11703.75875	16096.50591	13281.403	14038.30815	6198.603796	12044.23147	14059.74429	10572.25561	14277.24689	6675.701417	17168.31459	16628.72366	16132.28468	13903.25044	16681.31511	16987.16121
GH117	948.405886	1250.772815	1143.623423	933.2856952	896.5612451	869.8269977	952.1349598	943.4667617	1126.793283	925.7260464	983.0676227	756.3769355	1352.259975	1090.443476	1106.841359	1044.402082	896.2464716	937.6489807	1298.489935	1268.38855	1773.964924	802.9736016	1108.114264	1017.794927	2309.391486	894.8155132	1195.42525	787.0052519	1265.221549	89.25603355	1000.973264	944.3004853	1491.483853	867.031927	1151.351566	1100.00884
CE2	1421.502053	1609.946757	1790.518914	1834.184809	1195.566605	1527.293875	2118.181898	2300.869075	2072.193111	2301.080186	2429.98447	1253.451249	1539.160487	2006.401058	2090.591273	1395.834721	2315.223612	1793.093591	1807.998713	1540.877208	1651.485221	1401.48172	885.143742	827.8264138	479.3781926	1167.12356	2588.01134	1414.378583	2026.516274	266.4867453	1747.337387	1871.725312	1281.563624	2258.886662	1866.207681	1751.600181
GT1	27469.24694	29935.47902	30657.25294	33136.98245	29515.91995	31469.35016	30770.17586	31683.36018	32433.97648	30052.87512	30667.85016	31494.58174	28686.29205	31415.03244	30499.5544	27315.38162	29421.70218	30435.95712	31088.28984	31040.20549	27925.74618	27371.60989	22124.30144	21571.24319	13740.51036	29664.81417	30769.54039	29126.48273	31640.98321	16999.20921	31652.11781	31842.17816	30166.04189	31500.47539	31626.82596	32196.1174
GH154	1634.993497	1427.392998	1622.714733	1843.535704	1866.10487	1388.955524	1620.132036	2012.556715	1491.498238	1728.963994	1576.453235	1718.935435	1093.645573	1407.118736	1545.19213	1856.113288	1737.445884	1897.543633	1331.737625	1530.006697	1234.825291	1709.07267	2095.379192	2120.188325	2235.109338	1509.484126	2087.2345	1341.348358	1366.103057	1051.559206	1221.21012	1281.394948	1362.21649	1434.755913	1382.600428	1434.597542
CBM64	2.15964911	2.9281047	0	19.37710961	5.37868214	9.81969709	72.12814005	19.70931393	6.73995162	30.0049028	49.18843934	17.18399502	4.65189286	3.91454153	17.80753666	1.54169263	12.53420852	0	12.09002001	2.41294198	0	0	0	3.18954249	4.50951037	31.24114076	1.69676002	11.7242362	41.09234697	22.53686844	8.90392202	5.93765815	9.07210774	10.61043464	36.0127438	29.71426718
GT28	16740.29127	17742.00081	16442.74653	19045.39337	17687.0255	18106.61975	17814.51872	17934.11418	18564.52749	16195.01763	17691.47711	20280.48272	16131.80437	16846.29363	18035.88772	17062.68212	16363.45647	18338.71622	17751.55521	17444.36207	17933.55913	17176.75656	16459.75706	16446.60776	9600.960717	18638.59623	16609.01253	19152.27064	17803.52764	11244.31227	17424.7497	18029.11618	18342.03513	17853.33552	17909.49733	17981.16523
GH31	16063.97503	17380.73283	16405.76631	17829.24234	16850.27186	16435.1361	17956.45729	18610.423	16554.47694	17577.20633	18642.66679	15534.72044	15533.92299	16977.70869	17447.34666	15901.31036	17381.68064	16930.51152	16867.61889	16867.15601	18370.875	17204.84556	12021.84047	11539.42842	10966.18295	14441.01669	16817.19836	12696.92196	15239.08904	7715.295321	17131.6516	17365.99057	14194.58991	18362.97316	16937.38165	16340.12417
GH158	72.35303491	99.98212584	53.24648839	134.8764566	51.11762524	75.85870348	101.5200216	84.17678495	63.36962779	97.23521382	57.8336137	60.61980909	39.99528766	107.9762564	128.9749103	72.35232031	44.56119165	84.9963728	76.65148543	69.67767511	43.50445838	51.16037478	62.04980541	59.85066635	62.03145272	67.74028526	39.88408258	36.69293525	40.28866869	21.73898799	56.25777635	34.49643005	148.4600019	69.67239401	39.09041139	42.01905711
PL21	216.8748108	182.4458373	147.6656575	86.87181177	177.9662118	177.0495447	142.1344815	181.7061589	149.3007576	230.5290859	181.9411736	196.8738948	221.876709	173.5032044	153.8250968	258.6691549	228.7871918	285.8843753	184.795986	189.243363	115.9734145	144.5906128	234.2440441	185.1813703	10.28877935	197.9130078	274.599144	117.2766964	144.8992856	0	168.4280454	133.4516734	185.8228939	131.7268013	167.4713353	212.6698404
CBM51	1675.180455	1624.881025	1587.076025	1785.348343	1880.690605	1630.96292	1595.471088	2041.383576	1719.627129	1557.003958	1589.246911	1198.854795	2333.179378	1785.291938	1723.995147	2091.96078	1589.57881	1743.229061	1497.080842	1338.351372	2692.049564	1260.885616	846.7766547	835.3911577	499.2865969	1123.265082	1236.2035	1025.644216	974.5593214	1700.845353	1490.224735	1419.515378	1802.341604	1601.227031	1581.620038	1642.215624
GT116	8526.55316	8581.196149	8955.294494	9293.05238	8448.086306	8915.341714	9148.393492	9063.44598	9490.768467	9520.64086	9319.013629	8832.101853	8243.248291	8959.467659	9228.494209	7922.302787	8383.608854	9184.437834	9760.143765	9224.685338	9390.37699	8568.589776	6761.821416	7563.733229	6735.965893	9883.094978	9413.541294	7295.845076	8973.861171	5223.080832	8803.303582	9084.691397	9234.947149	9232.717999	9218.49824	9340.802854
GT14	744.7343222	636.3335078	696.4008778	833.6200313	791.0338991	478.8971711	924.365854	789.3125711	917.6447655	1076.346921	961.6261599	752.3580503	778.5607082	890.3187021	934.7025147	615.4058896	846.8026421	741.445252	705.5269341	550.2743653	637.5001257	634.7010691	515.7228263	702.3972769	909.4066077	883.8008261	641.8591902	428.3643732	582.9536101	499.1088688	700.5135856	740.7749686	625.4891554	592.383413	961.2715386	904.122571
CE14	7979.523185	8318.674248	8018.048362	8602.123157	7802.224723	7722.893448	8099.618146	7905.254784	8532.401005	7945.530406	7797.079627	8515.416882	7299.031404	8092.396209	8131.901939	7329.058263	7735.665309	7679.756531	8547.659737	8113.625589	8421.081846	6712.85372	6738.387269	6748.373358	8459.625742	7140.213696	8447.593315	9370.006689	7854.98684	3100.011785	8292.744562	8422.518755	8437.295437	8797.751308	8402.717436	8625.766964
CBM48	29870.10914	34400.11099	30857.96893	34018.83169	30796.9926	32785.49848	32449.33844	33384.56338	30411.43165	29924.86634	30896.24514	36461.18353	27977.61331	30800.14905	32386.3877	28185.23921	29650.82055	29048.19947	33136.37512	33150.83557	30719.4605	32763.03378	26434.80035	26517.67478	20244.77606	27114.91448	28381.22379	37807.13873	32835.487	25880.30444	31043.63856	30787.56721	28717.41259	32052.02945	33997.67417	33161.08438
GH54	19.25535563	22.36730778	39.96532284	23.52913681	5.11469721	3.39792631	79.65743349	55.29180521	51.43389893	121.7527189	106.4385895	86.9134794	69.23031596	108.5496466	28.43548071	24.07798052	32.21066993	9.61600406	78.55233425	81.52633071	19.48451417	75.96560241	58.8251819	45.935917	0	14.02481082	11.21610947	10.54879009	9.16737355	0	36.42413861	55.81555685	50.43451548	34.76737943	16.68006514	33.06962302
CBM74	159.3982308	94.00983767	83.4565168	94.6993593	184.6413082	153.0411379	130.7281331	288.3132709	199.4433907	153.2795928	77.36269227	57.68650977	67.150353	50.05389208	98.36867817	259.997444	109.4319461	85.06770811	138.1781373	238.8141134	90.12671731	80.12353121	177.7501878	157.8165247	15.23212391	162.2540786	126.9104999	89.89514251	326.1751558	89.83601222	71.7615066	47.59540573	107.2216707	445.218529	147.8896052	181.7140983
CE3	518.2158622	495.1125605	637.2488747	665.9607665	522.2349012	668.1003242	740.3351677	731.6268283	810.1570034	672.7112928	790.0674121	554.3143098	402.7937246	546.0505157	734.8210116	431.0563501	748.9726001	508.4259139	321.2925971	275.8090433	405.1697247	186.9961566	386.4775297	364.6464945	206.1791695	267.4173658	592.9266859	490.6868503	823.5843729	1.6677041	674.4287904	602.8759758	441.3114954	656.66493	809.9419652	743.5092017
CBM42	120.2386024	169.6302107	162.0018729	115.6141207	90.30546757	63.96777438	126.1724268	136.1914838	129.1884438	84.12557739	124.2131153	526.3690506	84.26524109	184.57969	88.40169258	136.663043	81.94288817	106.1770839	110.5881024	46.95556806	44.80293186	49.26367093	82.86184368	102.6888573	1.37089115	125.1327062	150.9058259	1021.500595	60.51028307	19.53810762	90.34701142	76.10734844	31.95149645	92.70125837	134.498307	141.353071
GH167	152.1695792	161.5212686	128.354653	97.5852249	150.2143631	126.5416678	140.697287	146.8086101	101.1890129	90.58514363	96.21183879	124.5489524	172.5366401	179.0103495	256.5990012	244.396759	143.6565553	254.5943256	125.4323648	100.7303394	77.40135936	20.17387976	111.519874	109.308934	3.40309535	155.0683051	92.74623049	24.47299695	240.5105471	62.49488919	150.2597713	155.0930889	150.2935109	136.6642307	138.0111466	169.7007073
GH165	655.6524439	854.4860434	767.2349341	612.9544622	652.2282037	674.3735277	660.0972366	663.3142625	800.2970735	673.0087124	630.7671287	707.8385706	831.0877097	746.8033942	682.3327662	1047.516544	797.1386598	925.7125632	889.4161754	663.9220152	578.4511928	514.8747635	812.2484223	913.1846446	58.61945904	516.7700128	624.549679	321.8743006	791.349275	3.09245842	982.4996249	902.0333398	744.0646466	906.1497169	765.1297338	777.7441497
GH71	119.1897371	168.6862351	168.7544875	170.5282835	128.8281313	234.2150899	103.4728543	164.3539637	161.7719627	111.5874661	85.14533136	100.4275889	114.8016525	134.5803236	111.8041337	133.4508775	125.5969983	118.0432263	138.4119383	125.5286907	120.8934806	209.1010416	95.58980907	160.0996098	44.23349847	107.9851531	105.6894801	83.49098533	137.7065553	0.91686302	130.9334373	128.5322082	178.1583129	178.5840853	139.7364628	177.7450713
CBM14	5114.055409	4587.872434	5212.798707	5208.963841	5255.493819	5304.872629	4665.501146	5100.203826	5000.035979	4314.699931	4263.960922	4511.070279	3963.720359	4432.283821	4633.93417	4563.350534	4600.179689	4497.252167	4543.543304	4456.646544	4753.268195	3944.498803	3297.843155	3508.810026	2370.199406	3642.867638	3641.436445	3723.282148	4951.959604	4059.812328	4477.957878	4397.027929	3873.893185	4330.576626	4888.304005	4798.643411
GH125	2490.24668	2658.22599	2293.653358	1668.28196	2230.185636	1523.941503	2149.169698	2155.518577	2017.284372	2738.958804	2022.911816	1270.471491	2394.896244	2561.244775	2130.98112	1763.208689	2494.161306	2074.462557	2346.522	3145.481831	1761.068971	2220.068062	1632.641756	1470.72341	4126.484052	1873.174514	2865.869375	1491.44948	1526.186706	1404.529115	2084.695878	2072.777517	2179.569323	2236.31511	1723.822471	1921.210673
CBM46	26.57404071	2.45440635	34.57595823	10.07118577	14.17958959	0	0	6.47443421	0	0	0.72350784	8.71492078	0.68042392	0	4.54401533	0	11.91179063	0	0	2.84976768	0	0	0	0	30.82615824	0	0	0	0	0	0	1.85298726	0	11.10099965	1.31445217	1.80187212
GH103	1099.146926	878.4674755	942.9322772	980.1097946	1107.176408	1005.995669	988.183827	1173.296099	1174.727496	1105.144637	1125.25987	935.4723764	1018.120617	894.9918816	960.6479742	1072.777406	972.4636013	1237.589868	1210.984114	848.3612809	947.5976734	768.9755206	689.1428892	763.9845915	175.1410136	1114.910768	957.9623312	562.3173938	1057.257568	543.4165431	1133.785085	1014.576379	1121.55261	1009.271409	1048.344585	964.8140387
CE12	7185.462664	7288.730699	6347.443596	6658.65608	6910.811348	5951.199249	7503.253903	8250.398089	6623.267339	7432.984542	7403.804441	5373.581925	5891.815017	6397.646031	6984.010588	6844.338446	7462.005483	7064.26835	6854.308249	6108.537937	6322.787639	5614.2111	3251.628926	3285.495726	5465.783201	4543.848477	6602.360633	6105.560398	4898.903255	4040.838645	5603.40577	5830.93638	5520.014478	6676.151207	6248.692942	6080.549488
GH92	8611.166846	11849.40097	10745.73108	7570.065352	7255.524677	6185.254535	10116.32756	9875.950923	9502.095519	11008.09411	9429.530152	5752.241801	12854.83291	12460.15026	8918.666733	7475.32506	8999.085433	7596.142973	8749.336248	8751.961545	6379.740609	7967.834918	5270.319746	5008.400421	12600.48207	5754.398977	12028.81713	6295.50076	4782.237501	1074.668313	8060.738738	7520.821356	9647.385895	9410.171268	8628.594584	9560.230016
GH58	1.86515151	0	0	2.05667786	0	0	4.12926289	0	5.76184599	2.04396819	0	6.20195356	0	6.17207542	3.76946726	1.68184651	3.29379059	19.40779475	5.61392362	0	0	0	0	0	0	0	3.66345913	0	0	0	2.07930863	1.88457227	0	0	3.8089239	0
GH142	423.2643435	438.9099908	420.7496293	418.1737026	415.43047	531.1174682	425.4455216	572.7996653	462.4701551	322.1731149	421.630498	228.3909664	596.2600278	531.9147125	374.6076952	457.6126803	329.6388742	674.0099382	474.2345314	374.2950572	346.212527	237.2720713	409.7855554	418.29599	1026.209079	327.8687031	642.4891183	199.7515131	328.8182476	68.3465184	492.1093767	459.9025357	463.904435	415.8370248	363.0544594	420.3231856
GH99	2.49232249	12.47656944	0	6.39466469	9.72678251	2.28381701	0	28.48427944	0	0	3.84363542	0	34.71040866	4.68876484	9.2564278	63.0368101	0	5.68457719	12.02007978	33.10412894	0	13.57891596	9.56247344	7.00832062	0	0	7.05951249	2.15825886	0	0	9.99139455	12.99410389	12.86646758	12.76365564	16.04962112	13.98445918
CBM76	113.4378638	68.5644255	157.1173436	101.0956894	110.8679471	203.3149535	268.7365155	205.5297558	172.7842942	82.65544656	218.1018509	107.2228187	12.53476035	70.95896559	193.4507271	76.77202568	225.9823614	107.063101	52.62815477	29.59625992	39.26918745	4.7905245	16.66397988	18.51481099	0	15.24996512	64.25942171	144.495161	142.7018485	0	98.19769571	100.0128808	77.94158354	113.5342267	140.7449586	75.41482537
CE4	15692.29294	15007.81913	14975.19743	15893.07248	16093.17062	16685.3718	15462.45217	15636.2944	15052.67956	14488.01001	14685.39052	15468.87995	13425.17664	14091.62275	15685.62043	14888.17898	15282.64672	15577.71458	14856.3051	15900.68832	15739.92223	14196.2917	14230.73135	14086.72848	12012.79021	13301.44298	14748.76832	12319.997	16484.66	12266.36442	15722.87431	16166.14385	14171.16783	14255.42107	16343.435	15705.94202
GH13	101861.5933	115347.2327	105352.4126	112961.1188	105447.052	111866.5568	111026.9372	111820.984	107580.1073	101518.523	103532.9509	121454.6221	100007.3282	106706.1608	105741.7561	97386.15328	102041.4773	101597.2807	113202.2218	111524.0108	107752.1358	109739.9714	85540.89181	84724.76458	77874.86335	97573.07805	102942.3304	129298.8885	107932.4895	81463.72758	106286.5654	106334.9411	104716.5975	110226.1988	114083.5641	112870.1924
GT9	12922.9691	13452.09266	13176.01025	13578.72091	12494.68214	11908.26598	13521.68327	12908.59262	13536.56279	13646.75853	13299.7959	14198.11386	12344.22244	13124.28797	12952.07647	11284.47675	12722.64984	12723.24199	13833.49168	12880.50348	14747.89677	11181.43971	10072.01591	9840.810993	10093.6539	14142.24373	13842.06143	16051.69725	12994.83596	6800.680543	13176.53916	13129.52363	13537.39904	13396.89271	13006.23897	12483.94525
GH88	4036.858102	3400.82154	3527.30891	3583.468823	3898.375474	3203.026793	3396.305064	3600.726217	3133.640969	3810.291896	2953.013463	2767.444081	3645.847944	2992.315212	3389.621326	4543.767831	3738.382006	4348.207421	3302.815811	3949.647899	2828.308163	3006.753811	2553.790785	2771.142269	4553.213098	3238.26885	3588.844556	1857.802528	2520.911966	828.1805625	3278.612316	3355.994426	3891.546259	3383.994095	3572.275671	3524.371799
CBM34	4459.582376	3851.642464	3532.116772	4316.520429	5055.702141	4584.224401	4029.903468	4040.693178	3842.169888	3833.460211	3493.771139	4380.312703	3214.427878	3478.535093	3850.301981	3729.708633	3802.641072	3970.611373	3793.379866	4151.605245	3721.173915	4578.234984	3334.455598	3444.819424	2232.560274	3629.588594	2812.658561	3230.013204	4040.766238	4321.63999	3564.531927	3828.937508	3992.406786	3400.223833	4140.268228	4259.792813
GT25	308.1583945	77.80529101	157.2985421	109.0802855	457.6210585	98.65547266	23.16310953	226.2488491	173.4140637	43.35025992	209.4971503	47.9357542	337.3721632	76.62485583	32.44629891	454.6215521	34.68505736	44.01912768	113.3207647	44.7795333	64.06337482	14.39622767	36.78259273	57.30537797	703.2187918	357.1240836	91.48108912	75.0946697	80.82580824	43.65423027	148.0492314	166.5718854	84.69001338	54.13199194	25.33992604	28.75446476
GH104	397.8823788	371.6684198	654.9572339	331.4723059	348.4383844	265.891912	356.1911061	314.9303574	396.2381772	691.6935329	387.0302974	120.3861115	775.0116579	635.5612965	572.7947005	177.020631	510.8528863	256.9424011	314.2279412	115.8280092	196.4186758	372.9222331	340.4793602	404.95268	70.75148463	186.5777287	336.8323484	238.1077771	51.63248663	52.39514559	346.4199176	338.6976054	682.0470138	497.8528443	608.9641627	642.8311219
GT13	824.7010908	1023.525547	989.2751455	850.4717338	676.666364	875.6733085	937.3743369	1132.910987	1070.0121	1033.103445	1003.165367	763.8001079	1126.985143	1092.471913	1090.76406	784.7519473	741.2933226	830.8918503	1109.315683	925.4183078	872.1772348	931.1137711	689.5548672	684.804359	349.7621045	700.5490348	755.9001106	568.4543241	748.8138405	677.6329159	731.9367869	648.6890734	1008.573705	913.8127594	1130.15698	1002.331918
GT2	153721.6613	164880.7554	160237.9913	162262.758	154509.8673	158463.0915	164716.8801	160366.9044	159750.566	156878.5377	159717.105	180130.7439	150266.6962	155723.56	161722.3587	148028.0767	157406.6582	153377.3232	161480.4495	158258.3563	155547.7888	157523.9667	164205.7931	160013.1576	193370.0654	152158.7224	157822.7447	182450.3799	160515.4354	154381.4495	151041.0181	150110.5647	155085.3099	159711.3945	158886.0042	157669.7167
GH39	5457.811776	5747.022132	5489.626634	6363.22771	5838.617029	5950.402164	5275.649816	5256.743911	5911.830727	5401.503753	4566.233494	5331.257371	4971.018821	5279.798931	5340.03285	7392.125387	5830.420512	6244.678294	5415.159618	5272.928686	4585.521301	4837.591507	4672.077469	5029.651064	1583.293247	4777.943589	5264.226516	3363.57443	5807.060945	1491.029046	6951.198959	6562.419835	4937.189607	5762.798515	6935.798229	7032.762464
CE8	21654.17335	21824.72256	22232.03857	24312.18363	22216.74902	23310.15303	23200.25541	24432.18072	23629.05358	20925.92957	22857.27131	22760.14706	20400.41537	22358.61019	22168.20173	20943.97704	21235.41471	22411.77304	22770.96138	23069.73673	22191.4382	20890.95037	16891.94745	16938.51988	12144.90362	19130.29984	20174.61158	19218.21695	21707.08759	12360.56483	22255.34606	22401.19957	20661.20796	22123.73925	21815.66163	22197.90418
GT77	9399.809209	9315.274333	9273.585351	10723.25223	9243.025168	9645.837836	10244.24968	10473.87493	10680.42162	9833.981074	9860.735341	9675.792942	9065.561229	9526.723839	9663.720876	8895.11012	9607.726647	9959.83954	11250.67401	10371.889	10322.65256	9372.157097	7733.080487	8038.773124	5941.967255	10576.98429	9939.658583	8524.354288	10030.87239	5855.157301	9967.284726	9825.151204	10131.87733	10102.82607	10162.7398	9808.622178
GH35	23258.40556	26060.24542	24236.16039	25449.48168	23344.69151	22939.61583	24960.70863	25659.40223	24913.72559	23741.08968	24892.9758	24002.66892	22895.68633	25198.15334	23712.50667	23515.86018	23515.14222	22836.42321	24374.30082	23597.84888	20414.43992	23351.80415	18647.56563	18777.01431	22141.06714	19693.03891	22942.07626	20655.46392	22208.95713	13617.1043	23365.87515	23573.37565	22147.4585	23723.20978	24652.53676	24644.33476
CBM44	43.17099647	65.99968715	157.2407024	89.03989585	34.04195981	269.4467259	83.91237002	97.57938299	76.88941567	45.72165192	102.8498832	59.13656986	28.4296155	29.52540701	67.74286349	27.83557228	50.29380874	73.61331464	99.83654077	74.33742261	68.75446239	70.0586866	54.30157966	39.74027754	1.51647251	54.25671332	127.2301736	80.9128534	117.9979501	0	129.0574783	94.45640854	84.00580033	66.0740271	73.18138583	93.81381407
GT6	72.75445492	25.92185356	75.76873049	90.69475099	40.63652448	85.56751049	191.1593465	132.2847006	104.3870345	105.1856687	375.1680372	19.0968578	219.0185523	111.5445608	52.01504745	52.84363569	92.75813049	37.09634669	76.35288868	26.57400473	19.98473957	67.13299989	20.29040475	49.57156261	2350.670682	27.91959852	72.19651434	29.22317746	2.03659004	178.0720614	68.37932277	29.0586664	33.17113154	24.24879466	44.14273803	85.55664237
CBM24	0	0.71715651	5.749745	4.3907539	0	0	1.18750044	0	1.95612431	4.16351551	4.752233	2.74948067	0	0	0	0	0	0	0	0	0	3.06762254	36.72178893	27.84556964	0	0	10.96605033	1.88332143	0	0	0	0	0	0	0	0
GH113	332.4536721	425.1355658	399.5865543	606.6897648	388.317904	452.7547182	693.8795801	808.4863585	590.9523418	380.5691613	581.2811743	441.2969837	145.5579132	265.5028211	391.9561019	325.9519264	696.2024493	517.3250768	256.3856709	470.5376821	264.9849505	173.3558168	391.2168536	321.1068913	56.20711265	218.9151553	520.4345713	732.4650008	719.7020173	136.9391858	465.3934701	448.7863119	346.1398485	432.2216828	503.1333433	476.063863
GH2	60805.46562	64694.20953	59190.99858	64317.86907	62930.21585	63412.62285	64316.65999	69407.09218	59994.59562	59880.73065	57917.14563	56594.80882	59000.31522	61816.82028	61888.99019	58143.39828	58186.80997	59500.18006	60067.32338	62860.51768	57250.19009	60433.40656	46177.9645	46079.58284	51710.64262	45511.45633	56917.53661	49256.39596	60437.61763	31378.01996	62202.0454	60934.6977	57178.52503	61469.86421	63699.53939	64277.29842
GH97	8137.777962	10269.05198	8756.743029	7959.761952	7246.238701	7714.831608	10723.62247	11170.9151	8768.512204	11206.01019	11670.08865	6206.152974	12223.96997	11734.89968	11059.65514	7350.192473	9261.728937	8577.502185	11362.87825	8225.839423	7872.681173	9252.223374	4463.122978	4170.873068	9109.423803	6068.62985	12210.01431	6038.091869	5530.400122	1882.388378	7396.02898	7408.053184	10650.08294	11353.55801	10845.63318	11721.09214
PL6	124.8908195	243.0385793	197.6481408	167.5285115	173.367662	68.58317277	67.72724164	177.5669414	154.6952979	164.8496088	94.91565418	80.40594456	174.7278916	208.6789429	168.3967115	176.2055439	167.9277531	109.4881793	194.7804395	317.498258	95.74947439	101.7481088	76.27152508	86.86416112	49.37999105	51.56529873	196.6783715	118.9476617	92.97665001	0	113.7749917	104.3893652	311.840559	130.1085537	115.845512	197.5080732
GT71	0	3.09468627	10.56687041	8.99378585	0	0	0.94138636	0	2.29602205	4.73340001	1.57687607	21.64857921	0	0	0	0	0	0	0	0	1.7270491	5.48237065	82.22522623	95.80484227	5.18400978	0	13.84182236	15.84755189	1.70659871	0	0	0	0	0	0	0
GH43	45957.01771	45749.92499	42790.53386	48113.36416	44236.82336	37792.30028	51718.10278	50532.82683	44928.23398	51251.43197	53160.5943	38566.23336	43053.75498	47563.50351	52268.69328	43001.48568	46418.23541	45106.50576	47414.70701	43576.08032	42222.94303	42852.9217	29058.31184	27573.89375	35392.93747	33593.13855	47106.22625	31936.27656	40192.05797	14518.84263	40132.40992	40994.99892	41297.20829	48996.85699	43291.31671	42895.96411
GH143	196.309401	104.979926	91.12144546	111.8846734	149.9022541	265.3625498	226.2622786	175.296671	197.5951607	121.5585689	176.7711003	103.5547185	109.8925572	149.6521016	96.16055098	121.9983421	109.6330986	142.0776196	165.8533973	122.3397025	196.8889254	65.45204413	75.91864215	81.31869036	0	73.11259001	215.7697963	140.3965217	83.68288565	0.54099636	125.9810472	123.2212869	89.15461472	70.63190399	69.53324571	66.87347736
GH133	4025.749833	4702.896209	4135.512457	4136.007242	3884.343489	4299.160366	5266.883792	4746.068089	4596.492348	5181.856624	5160.560269	3448.93836	5285.393211	5262.800199	4777.144132	3732.960154	4878.848828	4830.105321	5794.337654	5433.237961	5845.235673	5293.131089	3552.624683	2813.555561	4594.482089	4634.097215	5970.754123	2896.165159	4377.122841	1315.581733	4748.009552	4993.103624	5450.244828	5320.108884	5059.782753	4930.178809
GH4	7048.29661	5778.655073	5748.946449	6996.841385	7883.698933	6618.248045	5558.27018	6614.887426	6098.922497	5115.465876	5150.272837	6619.548782	4561.94869	5330.337232	5381.059167	6288.743859	5181.576095	5520.356777	4868.085947	5439.311457	4738.585821	5092.686918	4898.294425	5018.092532	2025.867153	4620.491639	4229.438755	5113.294623	7154.013356	5000.287736	6183.122973	6345.269148	4420.031124	5380.608171	6279.957435	6244.82521
PL1	5894.900295	6284.666009	6795.00667	6168.28888	5267.014522	6512.053441	7965.124767	7129.519567	5874.517352	7202.383973	6688.568725	3719.942398	5167.857475	5845.055965	6669.453453	4651.138618	6944.435979	6669.029272	7474.870354	6280.598406	5830.768945	5885.680223	3279.358699	3234.646651	7230.702446	4115.065132	6365.720769	3431.151285	3714.585062	1772.878254	4869.350135	5007.318682	5552.853678	5883.748963	5228.063605	5082.864467
GT48	0	6.2514389	12.8169709	3.28251542	2.21441433	0	5.04621149	3.5969079	2.64146907	2.29132739	9.87850013	25.49927535	0	0	0	1.59142465	0	4.55596108	11.90422359	1.94454736	4.33298508	12.61157661	110.8010377	101.5561671	0	13.86860695	30.04443087	22.22419084	4.55531576	11.827533	3.52332639	6.05103208	0	5.96720402	0	0
GT33	481.8458722	609.4455236	458.033927	527.331081	390.7198798	513.6717032	782.2743145	334.7617918	438.0423952	419.0992093	699.2883728	563.8124386	529.717709	482.6887021	681.5330435	350.4336389	451.4361122	462.5027059	541.6340834	466.1101194	467.0513714	328.4371621	770.9344255	671.2408105	397.0804194	316.243085	489.105712	372.756558	628.0681317	702.5536997	493.7824494	557.2115254	434.73549	541.1132332	538.7430233	461.9540533
GH89	2376.474265	3226.986493	3364.586511	2331.222933	2086.79152	2070.847583	2696.31224	2797.58644	2443.285173	3062.883129	3008.417679	1548.85989	3807.189404	3061.095439	2157.920967	2596.820192	2802.749806	2545.849183	3152.693469	2179.313495	3595.559053	2994.442805	1268.66644	1266.314019	3010.70674	1731.266914	2713.805048	2037.561467	1847.069698	846.9978934	2341.287512	2432.897942	2615.606108	2717.592899	2729.834162	2734.633811
GH173	585.3127858	754.6940275	1355.54047	723.8428676	452.8137586	310.9972578	1013.116278	742.5750463	703.5238156	1064.126701	1029.391627	191.316671	1939.894175	1271.885373	851.7328313	731.8562328	1469.902695	1010.882889	1047.430491	760.0741812	547.8152825	769.8943592	690.9417454	715.5524925	231.3148774	374.3809429	529.6646265	407.1934241	398.8661344	33.04682077	727.7080972	544.5248156	774.0205173	870.8340083	720.6498199	829.2242855
CBM21	0	3.48170443	0	0	0	0	1.19925787	1.31767913	0	6.20839254	5.25045215	5.23688246	0	0	1.09476277	0	0	0	0	0	1.95354734	0	61.4567112	32.58520296	0	0	5.00638204	9.0119394	0	33.49389877	0	0	0	0	0	0
GT103	35.30040225	38.92138895	34.3765253	3.15950911	36.32488091	48.047809	35.70824491	7.4699726	10.8236807	10.1629134	5.1808128	51.42078037	29.31611464	19.08495915	32.80048141	150.1163089	22.93620771	35.96877284	105.7064827	52.29637365	9.73622789	30.46667374	41.60712279	13.9103498	0	21.41137651	17.96996191	19.40500056	25.91205585	0	6.82406982	4.2748183	5.05186	12.79998098	25.09179864	25.9813696
GH116	1241.987926	1162.864823	1327.414973	1084.457879	1360.23894	1165.833598	1059.770449	1094.098377	1065.739611	931.9189637	866.2530305	984.0207558	996.9568905	935.1091896	940.3033435	1240.708258	989.1674682	1104.668346	902.935773	747.5923508	727.6857264	793.2749887	950.2919736	994.5657546	192.3253095	992.5708738	850.9756282	470.0624285	812.1649636	16.3804085	1261.983432	1147.789932	1003.737434	1049.518111	972.4242664	1181.553508
CBM50	58179.72847	57135.73463	55129.65109	62031.10583	61683.5483	61950.35707	59843.42768	59797.84714	60129.2968	58769.43967	60498.9943	61688.1513	54794.59136	57713.10733	59645.70051	58053.19816	58327.81305	61674.58755	60323.95959	64513.54981	61126.88213	55585.97984	49394.10243	49562.0524	53625.92672	59167.44493	55678.87959	62596.0148	60115.64474	42755.78213	62439.8275	61261.96898	60778.88269	59943.37776	62799.26271	62498.649
GH95	8017.00242	8647.164127	7861.539434	7746.641985	7525.470591	7091.960392	8987.093664	9146.273558	8115.359881	8648.126108	8695.784134	6329.730236	8571.907112	9292.671325	8246.205282	6879.45845	8072.25715	7235.253192	7720.870906	6862.399031	6501.576412	5919.192051	4078.439508	4332.851812	8257.827695	5153.510178	7826.721637	6549.986279	5973.110199	2517.570858	7257.707641	6819.900377	7914.740033	7090.552939	7476.127867	7592.861749
GT102	35.30040225	38.92138895	34.3765253	16.94904448	36.32488091	48.047809	35.70824491	7.4699726	10.8236807	10.1629134	5.1808128	51.42078037	29.31611464	25.98200851	32.80048141	150.1163089	22.93620771	35.96877284	105.7064827	52.29637365	9.73622789	30.46667374	41.60712279	13.9103498	0	21.41137651	17.96996191	19.40500056	25.91205585	0	6.82406982	4.2748183	5.05186	12.79998098	25.09179864	25.9813696
GH100	1070.523156	497.3991683	593.0283407	506.9659764	899.6677746	572.0857887	455.4264165	354.2403536	424.4629588	507.2546797	629.1985288	947.1112543	553.1265931	396.8018446	332.1676054	470.8961086	366.4962773	394.4588542	310.2355709	294.9178626	607.3937591	710.4034895	410.0294633	422.8186394	184.4051186	372.6367378	983.5677428	877.660923	494.5529535	120.7146796	446.6214829	470.3918773	349.1341285	415.303638	349.8853407	350.5522187
GH20	12723.1083	16530.89015	15997.34674	12578.56852	11691.21771	10802.63833	14424.24571	14511.12532	15803.41658	14990.92927	13940.65811	8072.568306	20259.80806	18145.77395	12819.16625	12787.9427	13640.25933	12758.37446	13863.96034	11686.18995	14130.15081	13394.51994	8715.379293	8929.061115	21249.70588	9100.476496	13655.98668	9071.789567	9345.387858	3501.705363	13263.70766	12778.82263	16263.59385	14975.61379	15313.70694	15996.21573
CBM91	9456.639839	10606.34881	10583.78096	11928.93725	9892.022637	9884.789649	11869.43932	12062.89278	11455.15651	11636.22175	12281.15164	10068.41103	9291.705144	10697.22682	11981.37521	9694.038233	11189.31505	11066.21963	10733.75733	10384.06538	9321.699948	9081.500195	7156.009456	7006.802891	6025.957256	7958.695699	10333.12359	8526.80714	10137.46568	3237.305187	9118.464524	9453.523157	9592.034443	11863.9008	10022.61856	9577.232689
PL9	836.4067738	819.6692593	1195.063981	1437.969545	884.715226	1370.380138	1509.051407	1479.276459	1320.887847	807.8402344	1100.049029	989.5217147	588.9547786	722.9308886	1024.974037	856.6312266	1415.012925	1056.490537	635.5928817	730.7225987	712.6717134	592.6862471	387.072303	342.9755329	502.7360749	467.2872011	648.7604973	626.5540295	1010.16527	358.7563729	1064.493408	1084.112075	734.9388965	1053.943819	1108.873006	1048.552375
GT89	0	0	0.6127497	4.70862184	0	0	0	0	0	0	0.59998211	2.95811335	0	0	0	0.96261784	0	0	0	0	0	0	0	0	0	0	0	41.60565781	0	0	0	0	0	0	0	0
GH48	92.71157262	88.24781033	237.6143597	180.8448075	97.37051412	148.505792	143.8219301	191.2936032	145.7577624	180.3315103	259.7992961	115.2659639	16.41410251	72.38434835	225.7746881	24.89257456	240.8489614	87.34752901	87.74990519	12.36810161	31.29849768	0	28.63518417	13.49222088	0	37.57731409	48.97892426	118.8809585	148.5983341	0	92.78326583	99.83151553	66.09309918	98.52399496	114.8204615	78.83625259
AA2	156.7337056	182.6904667	226.1574197	249.5281384	151.7116639	153.8811768	207.5301838	225.3758769	293.2229307	184.2343453	224.2237099	350.6511836	202.2399642	157.1365706	247.4068642	190.5761722	207.1349064	207.8937323	185.0245201	244.4120481	250.7227804	140.7972436	343.7863656	319.2458857	84.97169403	144.6151855	108.268517	184.6804478	209.566521	124.2478466	251.5834187	245.5112187	190.9907923	167.1962216	216.992715	136.2392489
GT35	20737.94729	21559.97085	20868.90589	23829.70287	22092.34919	23314.7501	22991.92582	23572.93567	22855.06418	20421.05698	21716.40705	22242.17197	20964.76474	22083.06389	22366.97225	20724.57222	20749.35277	21426.97687	21225.80497	22077.67162	21656.64687	21340.80958	17692.93679	17899.64892	12319.4464	18393.51454	20830.83941	17200.10438	22630.16466	12982.20117	22294.00426	22045.96879	21343.20622	22673.45225	23036.81234	23105.00866
GH57	2639.999427	3240.081423	2959.376524	2616.506791	2286.463651	2484.388264	3801.767639	3453.752715	3213.954755	4201.062835	4332.802464	2040.761635	4277.703792	3882.833449	3334.597454	2674.865227	3007.711736	3318.111036	3904.921975	3273.919099	4385.04202	3286.200554	2194.01867	2066.383077	3455.445079	3125.031227	4548.728051	1838.50229	2490.786724	453.547891	3090.042331	2984.235192	3768.431895	3624.079609	3031.941725	3253.079788
CBM77	340.549193	574.794766	1205.397155	821.032036	360.6944271	500.0351967	1005.127	975.409265	720.8972777	1049.854988	631.8638256	410.0659552	374.7569201	435.7185756	792.9009023	292.6880871	1193.154531	687.3110391	363.1223174	301.4715247	239.6930218	367.4557482	109.0854985	101.5517633	159.6008404	57.9401438	206.5516179	245.2328488	267.1446641	27.09663459	406.9242103	424.5872527	483.3754829	407.7698999	482.7299075	465.4462706
GH11	270.3343324	391.1977511	874.1517162	991.6455812	186.3476253	401.7416832	636.4146164	896.7222705	811.0997003	1024.046982	989.1135474	525.5586192	315.7129986	737.0315098	1013.488168	260.7637755	861.8503522	210.0643971	308.9212127	210.3603992	191.1864355	31.04948335	135.6026915	127.7496458	1.77576574	99.20304914	386.2624666	754.227999	485.7394992	12.9495904	254.8818285	335.5429674	387.7432748	590.8526304	558.935191	409.3528866
GH106	7295.812335	7929.66892	6882.496301	7248.319944	7703.795356	7176.372993	7315.37666	8005.957681	7121.023022	6123.930421	6445.596568	6305.854285	6109.74387	7187.785943	6421.02848	6865.004348	5873.718306	6221.835843	6528.628141	6997.338935	6296.607712	6942.628634	5265.635075	5317.152173	2389.150766	5030.288044	5601.361626	4391.390754	5950.799907	718.6328577	7611.223287	7504.474865	7062.003637	6357.091471	7402.910869	7566.324437
GH28	44771.23164	45696.07899	45024.76538	50490.79771	46042.88023	47919.71151	48455.01435	50069.5779	50685.54634	46953.41727	49886.81624	47055.69978	43998.15386	47400.80521	48324.71543	43506.34709	44762.44966	48953.94345	50400.47907	48019.1678	45697.75884	44741.78479	36964.33109	36260.98975	28461.77906	43134.69036	48026.15644	38187.0373	46087.77479	20519.69915	47681.86053	48675.3848	47910.50179	49749.06041	48163.27418	48986.6825
GH76	1303.074056	2667.172856	2148.413861	1933.321772	1215.793325	1358.978392	2066.792551	1784.231124	1808.680394	2217.459409	1810.525811	3129.838107	1898.53064	2042.509606	1646.41116	1498.006594	1687.698004	1711.077856	2061.868248	2097.538049	1209.613952	1495.081921	1190.740839	1330.224863	3577.909053	1309.492769	1955.198481	4522.827541	1114.348883	1914.551654	1381.739256	1321.463311	1760.463494	1525.513056	1777.389137	1808.818797
GT19	8281.18828	8891.82413	8266.324295	7719.007751	8102.624712	7480.75986	9182.222258	8570.094449	8698.447233	8948.969055	9132.942754	6365.975066	9581.965105	9133.28901	7824.968796	8324.021488	8894.245446	8679.014647	8959.313062	8118.245585	9396.212596	8259.787174	6328.751355	6864.156064	11746.36899	7865.834634	9080.155711	5919.401075	6510.517377	2737.746373	7890.031358	7759.227223	9227.683327	8556.227376	8236.174403	8649.00906
GH25	7682.056219	8860.234898	8827.906181	8672.352201	8341.762949	9550.305833	8866.558044	8313.210244	7597.260661	7796.307721	8144.013542	11311.01956	6393.41519	6522.427183	8211.293438	7335.649417	8094.272686	6781.957435	8215.259218	8772.644666	6893.061039	9178.530839	9406.571465	9151.417775	6388.469065	8806.435893	7689.391398	14910.05077	9678.650502	12572.48841	7527.211119	7480.507928	6342.159968	7153.17694	7763.992582	7592.667412
GT27	3473.68443	3906.972668	4178.126048	3493.607515	3152.693333	3126.387907	4195.935772	4002.622771	3801.822285	4232.324459	3983.25342	3178.835803	4282.674302	4067.443954	4430.639608	3990.649005	4055.473742	4370.33494	4780.36833	3846.570621	3949.451844	4210.569792	4843.323459	4658.532115	5428.217682	4676.00147	4988.842902	3041.275497	4134.784424	3928.036785	3632.639467	3850.027012	4825.403727	4670.020592	3996.974316	4218.708827
GH105	7128.447672	5860.112024	5950.885269	7354.403007	7154.956217	6287.995743	6861.249271	7568.685343	6033.51251	6794.311017	6849.191307	4375.807661	5745.147698	5826.524818	7007.610785	7058.77437	7430.729288	8080.20622	5756.635532	6208.50034	4911.418347	5102.259209	3030.220221	2987.151529	5228.806962	3567.820726	6708.347975	3642.172928	4609.610166	2430.308253	5494.349399	5849.805441	5868.899059	7275.727612	6277.130348	6157.191904
GT51	24825.50552	28117.41786	26522.0428	29127.53063	25236.40752	25992.96477	29218.36369	29037.58633	30275.29123	28337.14151	30613.88834	29640.66743	28046.93618	28423.75095	27578.06433	26812.80215	27126.06312	28203.82617	29900.41311	29792.34472	30439.11198	26807.42021	23442.08642	23098.46561	20741.4964	28235.92084	30577.27109	28374.07609	27821.70007	15994.81125	28962.87781	29241.44747	29346.07669	29215.89667	27940.48918	28646.96416
CE1	252.1299784	365.2642772	431.9726799	437.8636679	293.4217529	270.1619629	453.0273083	565.8256367	305.8867292	618.3043113	518.7216837	204.741603	409.4170767	420.3885046	406.8184011	204.9671028	688.8633261	479.9799359	341.7243861	234.9563854	284.0967776	377.1507753	133.4583514	99.94660077	293.8498084	187.7938858	356.0273428	614.9542032	221.8276691	38.67745643	401.7224668	369.296206	361.8607023	552.4005598	330.9105455	379.2863916
GT84	2437.187039	1432.405385	1432.94037	3064.767295	2760.769029	3497.115491	2402.312474	2582.51429	2753.769572	2633.417761	3323.302714	2865.662751	2165.753954	2255.355356	2913.419037	1645.0511	2030.112757	3631.900875	2811.280442	2829.670041	3013.323488	1808.8092	1960.629338	1429.988308	218.317733	3123.369734	3310.634724	1457.798696	3086.646486	301.1110495	3197.948741	3507.440637	2913.767301	2478.628331	2945.857761	2855.500045
CBM8	0	0	0	0	0	0	0	0	0	0	0	0	0	0	0	0	0	0	0	0	23.45699463	0	0	0	0	0	1.79102447	0	0	0	38.7982293	14.49941687	8.6940891	0	0	10.75117033
GH55	788.7543891	1195.472682	1017.522279	1283.401271	864.1042374	978.6885732	1037.354953	1093.343191	1196.686179	1209.329979	1070.639167	1416.766371	945.4400609	954.8174415	1008.952255	952.6013701	999.3728657	1036.223864	1088.570317	979.5546114	708.1710293	822.0413322	927.381828	819.5923329	407.4803865	847.3013967	791.6844275	2103.182158	940.6581627	830.017023	958.4617184	985.5115746	808.6598851	1120.832581	972.1653819	908.099576
GH62	28.44204651	35.02958474	59.2729604	37.61727949	25.99268068	15.88845987	18.78617016	98.08568778	89.05562729	32.9234695	20.27194629	43.97587598	12.48414564	27.67781462	13.05865135	15.47261154	10.71643806	25.75537554	43.81492081	10.51989902	20.31923179	15.65881245	79.48738494	64.43952054	0	57.81283505	29.99299555	41.92064412	75.23331156	0	31.63656744	45.3325478	22.88580431	14.63323952	66.59640576	41.10761052
GH33	9119.260789	9552.330048	10233.26844	8212.941781	9047.552988	8851.882499	8877.385797	9309.478884	9491.650304	8868.027263	8190.303606	7389.288035	10164.95679	10505.98668	8203.782698	9536.473815	8627.495986	8946.04046	8397.710946	7415.126685	9022.803931	6783.900651	5827.843218	5690.259711	8957.222933	6526.032506	8297.29865	5848.14878	6368.418044	3455.56126	8824.434507	8180.328204	8795.118731	8165.815364	8470.14742	8629.916279
GH148	230.5894535	377.6382402	502.221341	440.8449312	203.9369797	266.974903	360.8405864	305.5554038	424.8498421	247.4573302	157.6630471	195.6312443	257.2846597	389.7790506	290.2263855	289.481687	248.9306676	261.2343653	264.737111	306.2687156	162.9375736	197.8124794	139.6555074	137.3004429	6.01679313	152.6392685	356.7741679	230.2131773	199.2104309	0	439.4930301	423.5595249	389.5932527	394.2062593	246.482452	331.7876547
CBM85	56.17718622	67.72956986	48.31694454	41.99541213	53.2053228	11.82425687	73.95058892	68.88299762	104.3026405	62.96723374	88.8187905	24.45598773	84.18247699	55.46951414	70.71934732	62.96035781	78.41414791	44.85513122	62.44207752	53.23933143	33.46376285	39.4527918	12.01522769	16.36153748	0	37.44859851	62.79355764	58.67383147	24.39991885	0	50.623341	42.41672676	13.25044408	31.37188857	46.28645411	43.80775991
GH110	1054.509296	1474.731491	1338.469363	885.2266608	982.6229651	827.4831282	1732.493496	1710.249808	1624.499945	1372.518914	1318.994678	749.6288794	1926.85031	1783.171658	1244.186107	1366.719039	1305.900609	1152.934895	1316.498629	970.1800982	1415.008229	968.1078953	416.0593772	454.1094239	3136.804119	714.070386	1368.355032	912.3790719	726.286294	480.3620426	1065.792473	995.6810395	1498.633348	1172.837803	1368.817673	1379.122603
GH47	8878.093536	9273.756191	8369.532635	10880.19596	9636.030993	10708.75701	8949.827241	10060.64252	10370.44871	8154.528116	9271.088396	11140.52975	7457.005656	9050.24904	9040.316068	8243.092011	7803.059329	9380.109444	9068.053311	9184.651747	8006.198401	8203.735197	7633.322295	8015.138096	2297.917552	8262.71209	7937.673061	8625.131252	10366.43285	4362.562637	9419.674868	9627.419245	9011.195358	9866.354903	10162.64372	9957.181743
GT100	192.5656967	193.6325578	332.2049873	218.7876674	146.1621718	197.0369906	310.1982588	232.40404	163.8399193	256.8565044	265.4184022	295.347974	100.6225379	106.2599876	349.3937516	162.4884233	268.4589268	192.1718034	174.0362184	321.4620364	283.0638537	101.6399522	501.5166728	338.8694325	93.37392331	229.8879236	266.2294163	179.0863319	382.357222	30.52667163	101.7105329	115.2969445	137.2088531	280.0197501	178.2186011	119.2386262
GH65	1970.097365	2714.684608	2299.301566	2223.915017	2128.811627	2243.583917	1911.99076	2202.833618	2165.876579	2228.058787	2314.318415	3271.479385	1853.782016	2111.100823	2330.8737	2252.203349	2305.371877	2409.095409	2287.904464	2853.694029	2211.412527	2982.087331	2162.266417	2368.385564	3732.71984	1682.567015	2094.728163	4390.178131	2759.406276	2194.732769	2500.066588	2425.283767	1618.422263	2238.37914	2540.192792	2562.203107
GH49	2172.767894	1752.581474	1627.710933	1836.410729	2358.933889	1878.764965	1710.130827	1886.211872	1839.108807	1819.991504	1641.115209	2204.659899	1422.903281	1390.869781	1681.95626	2235.537213	1711.498592	1801.363073	1892.315115	2066.914028	1932.873455	1723.044475	1900.554397	1763.870139	1278.759579	1564.693977	1520.208678	1267.08485	2367.505027	1036.973552	1810.433659	1772.035027	1899.209561	1893.271009	1880.686524	1856.39376
GH45	34.06287701	41.47681528	32.41101783	34.28898333	40.72631153	61.03305885	107.7184426	108.8627943	46.3675872	58.80946949	32.65655185	48.53227097	41.69919902	76.67404867	38.42361793	40.66569416	43.53842435	7.45809016	32.13061873	66.32201981	43.37076436	30.61695227	46.48759745	51.9662882	3.47488844	64.366843	26.54602528	57.72601828	30.94290075	9.60611818	37.53095781	36.87370991	38.42877117	75.58561906	44.6492065	42.39610048
GH87	177.1559565	159.4345246	89.93236832	118.5709463	219.5705753	178.2895723	105.2344103	133.2940689	119.9280447	130.8075756	85.65786136	66.17206953	75.84484268	110.9744457	92.36218003	162.6675196	226.8686057	151.0080689	70.91972593	157.1797847	117.0288666	132.2149835	104.2629924	123.401877	20.35581776	100.8573329	94.82032373	59.26718615	66.10023074	24.26905568	125.7400748	107.8118755	208.7168191	96.42821231	106.9602646	139.830401
CBM84	324.5890492	229.0283145	368.4422031	354.4737619	465.1932544	294.3614339	364.8810137	228.0309729	298.1053352	330.7846295	214.076835	262.1745967	201.6511691	296.3096823	169.017225	312.4011283	260.3080575	279.5561473	245.2380323	193.5672502	230.4735876	169.693284	220.3752644	269.5910789	1.67181848	231.2132679	292.7866592	145.3800442	204.3154548	0	238.9212438	231.6129387	104.1151866	163.6436064	232.2153772	250.2642991
GH16	4639.211959	6716.821667	6931.687185	6048.948449	4239.148548	4863.669983	6525.174259	7402.706253	6470.621973	7247.192065	7341.950736	6138.809817	6937.833609	6600.695257	6031.24532	5231.292869	6739.55233	5188.147634	7206.450215	6653.646073	6745.630082	6177.35434	4771.135586	4667.183301	8477.012775	4508.81406	6947.110543	7698.338657	5145.989937	2111.034429	5430.639106	5284.852132	5869.280398	6477.321445	5193.884239	5088.064544
GH30	2564.369783	2987.762445	3059.927341	3108.630924	2502.691123	3006.525236	3472.366466	3864.822632	3270.957983	3653.825254	3216.258073	2428.662646	2607.406514	3115.091109	3042.955211	3378.432814	3712.37979	3453.83057	2663.106054	2633.976829	1964.886569	2119.462409	2049.811813	2088.273495	2324.721006	2244.07289	3321.2126	1870.338069	2666.907821	1245.133704	2780.117511	2968.499869	2279.883224	2594.494839	2645.995114	2465.550635
GH38	19928.55152	16682.53084	15848.97076	17471.8348	20571.28205	17970.5886	13948.90631	17464.04765	16404.28954	14058.35691	13896.79289	18343.24219	12630.80334	15072.6149	15443.11463	15632.46682	14410.17059	15499.29161	15624.99683	15378.93204	13320.6795	13553.94434	11659.01177	12659.29286	5661.788847	13325.09367	12743.5559	14673.57177	17159.74704	4396.100694	16066.0676	15750.24541	13890.04307	14815.755	16299.82622	16542.24309
GH112	2004.105763	2044.554685	1779.329586	2167.135055	2263.54427	2167.145241	1906.915108	2211.648936	1539.899477	1572.147549	1378.239033	2124.184133	1633.638253	1668.244488	1643.508462	1482.972597	1348.774868	1658.272085	1766.049593	2034.708673	1668.82932	2076.42337	1195.890149	1145.365915	1723.052608	1159.500523	1400.709407	1633.785457	2101.525527	3060.987391	1534.490093	1694.478608	1450.847752	1909.096924	2391.468546	1987.409725
CE7	1154.171511	1555.45533	1396.036205	1294.656536	1055.929943	1036.462987	1304.536276	1143.644369	1258.480313	1093.977359	1250.120904	1874.76089	1281.346485	1348.930042	1358.385202	1333.127784	1295.582427	1563.766343	1426.366659	1341.266951	1054.756804	1015.958996	897.9680542	973.9338343	536.8287272	745.9594428	1485.652027	3181.699839	865.3632804	177.5286808	1199.62062	1109.941369	1368.089067	1465.577216	1497.582499	1594.525225
GH64	67.09215536	68.38022628	44.50771319	43.9841551	82.24004786	20.44652538	38.07519826	71.55520771	40.6251104	36.97756745	26.92928034	65.57561702	55.26946112	48.18874825	85.48584929	12.84988443	75.45005373	47.93107254	67.22611795	14.736828	11.73349533	26.62599677	47.54278378	75.0284555	18.6202857	46.29780543	36.29221862	28.30166463	21.47433747	50.60823032	33.20094267	62.21691404	15.02079495	17.02794284	59.38090892	49.41256689
GT41	693.486237	916.5794712	1085.813794	643.4622518	609.5043523	676.0397103	869.5872414	817.0203516	865.0930137	820.1046317	906.2928453	470.2917679	1187.291514	1044.207318	750.8583551	724.8131413	1018.951138	873.8703817	825.0914227	666.9474723	1016.669979	616.4502575	573.3685045	515.9486276	2587.339211	1094.086841	1000.54687	784.1246703	860.225853	198.60822	704.6502239	722.4757422	956.7616984	878.1048862	891.0920815	1029.951527
GH73	8439.94182	7987.063158	8272.449253	8140.785796	9129.005157	9439.328373	9375.726749	8641.227837	9555.759388	9719.303897	8797.012311	7072.854103	8672.886744	8491.802826	8538.544902	9284.275457	9204.196654	9242.081057	9451.140564	9175.239915	9302.463196	9325.532997	7714.335359	8113.004726	9350.804838	9543.182096	9251.037743	7928.664974	9047.577506	11404.56574	8669.958725	8465.165949	9454.681192	8904.668294	8369.141153	8481.660394
PL13	0	0	0	0	0	0	0	0	0	0	0	0	0	0	0	0	0	0	0	0	0	0	0	0	123.2752885	0	0	0	0	0	0	0	0	0	0	0
CE15	3834.638707	3852.45059	3492.964736	3586.792488	3497.633743	3234.055729	3478.531918	3492.503036	3272.727401	3622.821076	3822.628916	2570.620647	2756.339482	3381.196891	3364.431933	2822.864831	3403.983311	3030.198765	3233.806181	3299.763571	2919.027706	3080.094641	2327.958458	2333.618814	817.5161679	2515.986616	3416.073578	2037.158277	3260.112907	359.2590458	3342.107832	3678.802634	3155.300919	3196.507591	3118.390729	3224.825252
GH171	3910.648958	4272.826915	4085.961247	3945.894804	3490.351258	2940.450604	4573.285087	5006.048083	4566.766409	4446.408013	4882.439543	3757.690222	5416.987865	5503.022939	4390.997908	4090.722892	4642.282036	4121.79801	5353.764123	4708.842246	4235.108171	4712.913065	3566.3466	3418.584564	7459.544857	5280.197819	6131.938753	3415.536836	4311.367271	3245.023633	4290.702197	4490.255775	4762.663501	4953.034405	4906.017906	4722.394136
GT11	200.8332253	196.9291454	640.2562778	701.684946	183.3543064	173.7843575	630.0641292	377.0153447	608.8901744	343.6398253	511.8955743	266.6798861	1426.107587	557.5250703	305.6195642	1289.620781	462.5846258	409.2738977	355.0302872	310.9345684	315.8050738	361.740278	240.0936073	185.0781954	2474.069376	1225.081026	342.5077377	220.2919591	481.7718413	181.5531857	860.4571128	698.2226355	431.9844965	246.2460434	285.2049031	298.487466
GH51	9433.139127	9244.265652	8086.812246	10210.4464	9669.751871	7534.555314	9911.303914	10649.09201	8912.679696	10116.71159	11623.383	8712.701797	8053.727396	9218.925531	10035.36328	8207.116452	9293.866238	8319.36019	8685.286461	8252.755827	7199.768884	8088.824193	4657.193365	4513.487536	5490.620888	6253.6841	8039.38702	7625.136515	8050.4336	3239.016289	7206.545583	7732.779441	7767.089299	9175.012366	8087.960048	7822.949535
CBM67	3895.006726	3654.10846	3302.820296	3153.650168	3796.975254	3571.002822	2950.606272	3412.754867	2895.045802	2798.360858	2595.927831	3094.669373	2852.727281	3499.584197	3391.175607	3514.331609	3133.528099	3365.152305	3214.946041	2960.435023	2347.630693	2589.792561	2902.460859	3155.284322	812.4528455	2401.505273	2473.660919	2245.815092	3371.799402	593.5341591	4037.882942	3912.446479	3418.235152	3035.505513	3607.304898	3906.048336
CE11	3431.972095	4132.604926	4275.208287	2959.524376	2795.460666	2775.640706	4324.797773	4064.821469	3771.118547	4623.290302	4847.621713	1967.251322	4720.528261	4867.277464	4057.872345	3133.349954	4533.347317	3737.208401	3900.324431	2957.12876	4043.377717	3109.212937	2116.327894	2294.584412	5967.183932	2966.540281	4515.917178	2426.879642	2625.940387	3038.859984	3146.809735	3154.046261	3985.477479	3899.616656	3054.129334	3026.424463
GH161	140.8269567	126.8313699	219.4678012	172.0307497	214.1474818	156.0571159	211.0133907	283.1006572	273.122291	282.201635	268.0554035	182.8023009	70.80106721	78.51717171	208.6570778	93.4637092	462.7654509	146.9648603	119.292928	217.4763982	236.1939638	110.1280569	120.8176098	116.7913374	261.2432885	137.1831296	195.5766158	163.3735636	391.4775055	64.25102492	154.3117107	150.7336667	165.0069053	162.5819437	264.6483981	188.041398
PL27	47.12293772	40.54828091	73.53767826	35.42834415	37.13170087	22.12730632	24.3678987	69.61164942	60.88808075	33.38562876	64.21071697	53.58165644	107.8856773	56.76590192	34.08936195	102.3386574	29.56755226	49.97780701	18.6930483	17.65917455	18.93565347	34.63940871	98.7827775	119.1781531	4.11094253	51.95026546	44.6990004	26.77629555	74.67572478	0	39.83030914	57.70373387	21.98704305	28.41736487	56.81605499	43.21818022
GT61	102.4269216	139.2260554	104.7019844	156.707112	144.1378292	123.499912	128.1194518	184.7322509	76.33702862	102.7397641	86.35023748	126.6476422	156.0308922	233.4136669	119.7425848	170.9655493	173.9007839	140.3589868	147.7742001	110.0488921	128.7468594	100.2592807	82.3189455	111.6222754	55.34894734	286.4871749	91.99790165	119.3504092	187.0995236	23.50006557	223.9708591	168.9912941	224.3841802	183.7427659	161.7195334	139.7622192
GT43	280.7736173	296.4554242	279.7375335	385.3586264	354.9578281	371.04553	356.8283071	408.4188498	431.9939138	441.247971	380.8357049	435.7095299	221.4669652	274.9956751	368.6653494	252.5792581	425.2508522	328.6602997	363.4924606	380.1601096	275.4482863	236.0611514	286.369253	289.2964128	33.49013445	428.8776273	379.0692271	323.6865244	295.3970385	445.2156661	303.199021	342.0689281	264.4641834	312.7909009	319.9611895	373.2922974
CBM26	2443.080774	1509.851176	1355.604771	1729.631567	3123.617993	2661.577032	1622.880413	1794.031931	1888.505418	1064.949334	1441.110592	1432.282738	1184.961541	1333.213295	1738.45883	2340.055813	1701.05502	1851.983168	1949.379565	2275.733437	2823.27071	1892.848109	1654.453647	1568.417148	564.1662395	2045.05304	2182.733161	1500.869894	3259.38108	669.510819	1513.288574	1448.895133	1589.917233	1926.795988	1813.194999	1708.541744
GT39	1838.934081	2259.195359	1753.624503	2561.358737	2326.975848	1707.913066	1593.912561	1930.040228	1754.050297	1619.379452	2057.31371	3930.243597	1385.846367	1853.616474	2022.180963	2139.404801	1841.280629	2191.619847	1584.250872	1975.225975	1892.824821	1919.080512	1409.022635	1396.112442	403.0116776	1434.038454	1461.462569	4546.050743	2269.659637	461.4174744	1976.056824	2356.468307	1385.473458	1951.598933	2154.310952	2080.482071
GH75	19.61003809	7.61552515	4.00894754	8.55059772	2.61489351	0	12.38778867	3.11919357	3.59604572	0	20.43000026	15.63853212	16.79581781	9.02321787	23.49450576	5.67623196	4.49412389	0	5.1866171	7.26534179	0	18.59696672	16.16817263	21.97629829	0	6.49067991	0	0	15.48179844	0	3.8931736	11.0668499	17.76423744	24.56554397	24.91774947	23.25974349
GT29	135.62532	210.4919117	216.7167618	201.6150663	132.709188	207.3140627	240.7808822	233.4171853	169.9042984	146.7057383	224.9673543	108.3964262	208.3200471	239.8643649	249.6122329	116.51721	283.4015562	299.6593676	167.5476912	151.4342782	153.6086063	96.23000021	115.1451974	119.5045316	28.97964219	75.69422804	114.2733283	91.03654069	68.40124164	17.64682109	147.0251302	124.8343467	118.4846587	194.561056	155.4550333	161.0858558
GT32	10573.05574	10059.2038	9649.068381	10358.04298	10502.83243	10353.09836	11095.24924	10645.67167	10775.29748	10135.59845	10236.22442	9894.597729	10855.61884	10544.91446	10233.08625	9606.21965	10081.7685	10469.52166	11308.44434	10238.38936	10180.38288	9177.1559	8623.489765	8846.72649	9447.296042	10119.26529	10961.90468	8391.992025	10067.31484	6222.299318	11424.51982	11112.29007	10797.15925	10696.67413	10851.9268	11068.47598
PL35	900.3203722	989.6433412	1052.041591	838.5432264	778.5677809	621.7147568	1009.615452	985.743562	970.7869823	1427.937309	897.6592308	1395.02173	880.2997895	934.2079277	949.0570346	1116.080624	956.1714287	887.7355339	859.1695777	1460.010699	841.2325122	1050.993153	624.4645575	706.6833159	46.71166443	1095.491244	1219.119345	1770.210175	700.1927043	16.14552124	900.3133814	892.8485543	794.2307593	762.7030198	681.6822822	732.2337864
GH124	17.40926891	17.08560134	68.95169938	35.80317819	6.25363091	26.01741756	9.61587546	33.02864205	45.06631038	59.68064956	74.4455265	14.99373389	9.83461267	14.29923117	10.08201648	0	15.1643412	1.98015761	15.29019319	0.95818276	25.88458207	0	6.28762269	2.12297574	0	2.04803007	13.28067383	13.03230534	41.96169907	0	7.56220605	9.59516835	15.15902908	6.80685802	3.88620641	3.82452699
GH23	19971.68141	18314.16508	18092.84587	17017.6356	19440.94853	19698.76969	18953.07332	18262.87762	19583.75121	20144.35344	20326.10437	17310.26267	21997.09017	20949.27639	19555.20334	18393.54827	19644.00192	20352.91754	19830.11729	18288.29808	21904.37574	16435.57192	16317.8645	16108.94848	27174.48277	18650.05686	21684.25426	28151.07321	16640.18947	18873.88693	19045.83729	17873.04943	20318.6395	18916.46977	18785.01399	19232.29981
CBM38	322.4645668	765.16018	536.0489411	418.9001857	328.2981017	394.7292305	556.9365222	521.4493132	526.6713866	544.2214515	497.7989974	351.782501	667.7030265	637.1621373	351.4026362	417.5128099	544.0326899	525.2617509	441.6722535	347.9642469	371.0967299	289.1261965	271.1146292	300.7128458	101.9423531	180.0657515	424.452776	506.2249343	228.5015042	26.0480188	479.0361184	362.8056033	507.462106	416.8322592	484.0550194	480.2717065
GT82	31.99759669	15.73953947	24.7771716	45.17182036	28.22367829	43.57852584	7.62325457	14.80562607	7.44467085	21.11651235	23.51400492	17.0797237	19.49149441	41.76860592	50.28410887	9.62617838	22.49107998	22.76421541	34.99705972	45.02350802	29.10967277	27.05681172	120.7672889	113.9853287	0	43.38340368	0	44.19036444	27.70167524	45.43226506	59.28781013	27.75315247	46.76377356	22.29675296	18.35709856	16.37574259
GT68	285.8023296	302.0278583	299.8259254	403.1213589	346.0945483	333.6877925	360.943138	304.3191377	348.8651653	218.1183562	331.6150677	386.6471039	263.3075262	303.8352047	269.7222597	239.2072597	318.539744	255.6630599	283.3138156	343.8427116	275.320447	338.7030301	201.2137371	218.7335573	490.3663068	310.7090484	355.2291236	264.5405927	372.5549339	131.7737983	283.6958522	332.0295142	395.1786024	360.0561559	322.0674748	322.4726994
CBM36	67.38576394	125.5838786	350.5455911	313.190113	44.98512757	83.18706572	162.6238578	320.8776265	244.6739236	415.9088438	235.0964606	240.6524336	163.8678599	418.5583944	495.5571204	119.4929205	302.7016856	106.1702575	170.3719117	97.53853959	97.91349491	22.31119273	36.61852979	38.44432971	1.77576574	56.12889985	96.30183806	392.6071961	181.0752395	12.9495904	55.20193027	99.50314803	146.7441868	248.3057861	220.872347	146.9671423
GT3	2254.914025	3026.112442	2979.939705	2017.371475	1483.243707	1474.337156	3055.609355	2946.738244	2972.427486	3455.807718	3514.064656	1237.259312	4591.620022	4097.021064	3078.591801	2624.781097	3443.725761	2839.894692	3310.09054	2502.952562	2540.390059	3009.494219	1842.980691	1768.438843	3063.642125	2566.578318	4263.683347	1953.730876	1714.456448	178.8991001	3170.853506	2961.191893	3110.473847	3870.330087	2355.92322	2664.372684
GH127	3994.687086	3605.42067	3840.316323	3733.797758	3943.007568	3447.064629	4297.753291	4392.621512	4100.270107	3770.80893	3672.496577	3241.46365	3140.914439	3951.429366	3573.603292	3594.709252	3423.239242	3492.436472	3359.736324	2982.171796	2747.342566	3220.400631	2448.981476	2322.045864	4405.492096	2833.289997	3690.43317	2308.326052	3261.738767	1350.765803	2863.617595	2971.097026	3310.187734	3131.511197	3385.813456	3495.051234
GT30	2477.245715	2963.628975	2882.017207	2821.09314	2459.171991	2348.681531	3068.212082	2772.482947	3274.698264	3239.501746	3130.885489	2617.351013	3249.219849	3350.69699	2714.656435	2729.309421	2648.677355	2749.229814	2593.494868	2332.692957	3098.833209	1994.091522	1705.457088	1655.83297	4280.658323	1609.999446	2933.915539	3479.218716	2126.759499	521.7379723	3088.915785	2871.072757	2916.215494	2598.739478	2740.828194	2984.51881
CBM88	224.7005927	403.4558214	274.0112686	429.1713039	231.0055915	110.3135369	520.1557124	419.997173	286.7200476	494.1609464	353.0916171	233.3677003	342.16101	446.253593	400.0667295	447.3138143	387.4550514	361.1001796	317.23916	184.9916403	218.2352985	482.1934524	91.65762085	95.56588569	136.8804886	128.2012329	676.5135328	151.9284556	174.6077342	9.79505839	172.4483961	183.9605701	396.5377746	418.3978918	299.2613069	278.7391361
GH85	371.4993868	827.9151803	600.0744153	759.1987486	417.3986994	661.4516959	773.3031746	1243.807207	674.6312296	397.8238295	702.2315955	398.704139	1155.915326	1134.233618	520.0617526	438.2620081	693.7252476	514.1845412	624.8152308	222.7251777	145.3673926	291.9181906	172.4597249	160.8228646	952.4544791	143.1571313	321.6634159	919.5957242	271.1808406	0	477.390673	413.2806063	726.5779093	682.2847394	694.4959172	690.6208443
GH163	768.5040812	994.5682127	925.6499106	786.7339004	734.4102605	625.7836026	747.3482934	951.5083702	817.0973989	748.0273411	604.6283393	504.8503233	879.0066463	962.4190027	707.2735345	673.8192308	639.1335045	850.0955866	729.7268519	733.6621461	695.7457882	591.0569226	376.0021983	407.9531273	55.94716765	484.0048684	698.9763005	453.2847315	619.6488773	26.03265663	932.1447534	874.2164703	964.4630409	831.124678	1014.545027	1013.289597
AA17	133.3907047	249.5534535	204.4764927	202.4107516	214.2059307	263.7826185	234.9915887	206.7574242	216.4983159	162.4055742	205.5430909	278.8690794	148.2913086	257.159735	166.5979588	227.0995019	224.3516998	206.1222959	192.6393045	246.1143378	152.6883103	155.4619232	137.6280881	149.2407152	34.09832518	148.9727894	132.8916093	169.0764629	198.5435819	112.4788092	192.8684999	148.155092	130.4384932	211.3297899	241.1975862	235.203965
GT87	390.344298	1477.566587	849.3980725	1105.379049	443.917222	538.0087474	480.0558273	543.5651175	703.9622994	428.3194379	932.2476851	2915.694856	300.6842834	684.6693871	518.4484554	584.8119208	498.0298109	482.071197	510.3541163	567.4004193	377.0364	371.618094	214.2031202	367.4397088	908.589773	646.9337752	576.8006134	5925.281695	841.9060877	597.5691246	457.0943553	465.6741519	551.2466798	388.4279378	589.8816628	480.0482368
CBM66	1551.773007	1483.221276	1218.170077	1877.770303	1858.690591	1867.270396	1170.47009	1602.440194	1440.952867	1079.816523	1157.257701	1333.903353	1271.689527	1282.496353	1541.665009	2010.583591	1355.749911	1641.573841	1438.955017	1204.663859	1223.69811	1186.069129	1150.992885	1040.770273	1632.302622	1134.957353	987.1253308	1208.26227	1773.305182	382.1005739	1830.971762	1520.35789	1480.230278	1574.962601	1997.513007	2101.874701
GT53	0	0.3831913	0.67534242	18.69967631	0	0	0	0	1.80763796	1.12541504	5.48964938	14.58258184	2.4842457	1.62012976	0	0	0.51667303	0	0	0	0	1.67479923	0	0	0	0	0	162.9127139	0.59856768	0	0	0	0	0	0	0
GT58	7460.072034	8468.961001	7688.89852	8666.577582	8177.294007	8058.325513	8315.037515	8202.909276	8063.996871	7098.78701	7431.686625	8335.397406	7019.012429	7689.519447	7585.401702	7063.758643	7479.022936	6344.363989	8169.13084	7545.608298	8215.595822	8200.00057	6124.964688	5960.856643	5023.15434	7238.147824	7601.488549	7726.914596	8334.099014	6723.807581	8531.753845	8264.077097	7331.613117	7696.294124	8382.184928	8413.633831
GH136	641.8557273	758.4498628	843.2890979	794.8896928	747.4903838	877.705564	614.9727972	750.4079337	690.2537655	623.0780448	486.5227459	630.5264437	731.2208065	775.2072323	790.5651436	804.2583047	866.6656996	891.6385857	956.53137	765.6542068	537.8519733	1139.04051	469.2880341	544.1285241	239.6241057	502.4291828	438.6032694	473.4778875	674.2462161	91.68254874	827.9795743	918.9556653	816.0822776	851.2012555	1102.805531	967.2437764
CBM54	2259.742563	1660.053743	1912.949269	2077.758158	2213.999311	2158.874735	1739.086341	1717.417242	1959.354039	1692.668811	1570.637301	1936.201078	1817.25694	1639.598564	2020.718038	2369.847822	1768.289265	2221.331801	1786.729324	1837.246534	1285.157796	1289.400469	1334.758625	1368.846149	287.2169129	1906.60081	1397.532164	1157.426885	1686.236002	645.766254	1966.966894	2012.284695	2038.485436	1743.895132	1818.542691	1781.603229
CBM65	148.9716447	139.8260079	116.8769989	183.4961754	127.2910783	235.5900145	267.4683814	329.108791	170.2266436	106.2076667	95.17088042	107.8820262	56.21982734	145.4249418	162.1179436	74.9838657	256.8415857	110.6083357	102.7431014	125.1449063	92.47598612	21.41258806	37.28757236	35.09580856	92.39840264	27.60046297	80.43436883	162.0532414	250.1636915	9.1864334	98.75572337	115.044177	71.5290976	94.64494612	189.3644657	127.8891452
GH24	2623.724051	3012.707856	2793.674589	2629.083078	2253.904432	2624.581749	2525.696981	2962.236568	2996.395653	4580.757354	3777.336925	2005.407904	3964.240749	4166.979774	3818.516314	3258.118426	4156.479619	3771.439865	2485.097295	2288.0963	2644.729977	2868.833916	3701.375443	4215.145788	3611.81786	4102.067921	4943.783157	2453.474229	1982.60146	1879.254564	3483.970284	3420.016256	3559.191953	3599.316056	2836.681248	3121.447315
GH19	698.9180008	1361.20079	1065.006839	930.8395983	937.1912551	566.7033075	856.4179319	1323.754461	1064.864176	1004.798593	831.7015772	635.2813948	1552.021561	1130.994577	1145.46688	1148.372104	1263.261131	1543.291674	956.0666839	952.638767	524.6005564	1367.557598	410.8752326	436.5726413	2933.163515	329.024358	796.3129302	689.9460305	434.7767084	350.515471	758.6299772	813.7193921	1253.979839	1104.166339	1312.44407	1423.401402
CBM96	736.4473759	446.1995774	482.3181225	513.6155704	901.6665759	490.7050095	506.31976	694.998403	490.330342	597.4384856	497.6463484	650.7100281	490.5841192	511.6926471	813.6477223	1168.423917	693.1448952	609.0458962	512.7943742	488.5512094	365.4633691	294.1278486	315.5386211	360.6647409	113.320398	474.1554629	377.8444712	435.0656281	448.39739	267.5209913	581.0642164	489.5935875	551.4582875	533.7984082	515.4578605	462.4268917
GT101	195.6465335	455.4624767	350.6541868	320.9608971	176.7193312	315.5304473	147.8718636	119.4472698	140.6786124	71.51734339	217.3477314	707.5142913	48.46972527	122.3405207	127.6024665	105.6103345	183.7787515	78.05847103	140.4687694	284.5862526	205.5386535	93.97357441	361.5098801	438.2375472	993.2718656	51.05121103	233.7253985	1521.085702	48.3217689	69.89577196	60.58256103	70.25594682	124.9329978	77.81759039	125.167513	103.1892039
CBM92	193.1187924	241.157454	272.7099203	183.0801981	195.8086605	246.969446	237.8825383	189.5629036	256.0803539	277.3519475	265.7494548	202.9064692	190.1390036	187.6067069	222.2147951	169.5990578	210.7232327	228.1631486	294.7080893	296.4091072	192.3215614	307.1585544	429.7663969	428.1183978	62.29628309	405.31886	216.5135001	230.6414223	287.647162	1292.055564	161.1936796	195.645346	217.5054069	229.7445723	211.3780591	197.5890761
CBM12	726.8745287	530.9102356	466.7386726	355.4243239	924.1882356	807.0423538	462.8378051	412.5431078	589.0280864	831.7817669	581.1555901	547.1194163	435.0742035	317.0105148	337.7402459	559.9781487	625.8027844	569.9130613	341.3118466	403.8255653	232.3529296	615.2446732	451.7128834	447.2861861	1110.573158	503.6270628	347.9613882	1376.870698	579.3733693	519.6095253	557.1765239	512.9595186	481.9627539	458.4957685	361.9175076	422.4740248
CE6	2563.800874	3194.468015	2393.323033	3017.939629	2215.533795	1827.548395	3713.17974	2846.151424	2691.439771	4112.688396	4591.911314	2652.624895	3819.341498	3818.033571	4048.65466	2513.282606	2901.03415	3092.567581	3669.32469	2815.397286	2660.592456	2830.350918	2504.029723	2345.589679	1880.465657	2807.565054	3288.142732	1773.106268	2654.049372	1409.225505	2973.543511	3098.256765	3377.57648	3691.551027	2765.676088	2741.072414
GT34	242.6131326	338.6745487	265.6043598	309.8772415	199.6631213	297.8414498	349.5005057	241.1340626	335.5833807	366.725646	256.8977704	230.6384881	565.5202508	329.6737146	310.8096916	233.1433788	159.6079945	270.1455322	378.7466489	287.0233786	165.3375943	182.2497815	193.0324639	181.8072264	2779.605293	148.5681968	398.1040638	225.7213708	346.5689661	141.2458857	237.746907	195.3241482	466.3311549	534.0512388	288.7205482	245.8887651
PL15	166.3244864	226.2821689	129.268269	214.5026506	150.3427175	194.5831651	101.9279542	97.88713371	146.5211489	139.87175	72.73475466	109.1340074	70.39085557	92.44593838	103.444215	222.70013	117.4744474	95.00232468	53.9011855	88.93006899	81.4887987	46.63254386	87.06600146	92.67726171	148.8184806	114.8433463	95.44976341	57.06959618	57.43617144	22.94170872	130.6933136	124.0132643	102.0775385	156.2160782	225.5197929	193.4550812
AA1	1207.841585	1302.837632	1333.139009	926.7899167	946.070714	830.0698683	1262.378206	1263.57578	1020.053842	1339.746478	1311.660817	517.4002006	1559.726782	1560.494476	1397.101423	849.8189951	1235.763543	1369.308472	1073.101683	764.3309557	890.2874382	754.4617879	871.539054	893.8061406	1879.164516	1114.63995	1451.946355	658.8846661	718.3349092	237.0846261	878.5088408	887.0793318	1490.204411	1338.896177	1147.708042	1222.358793
GH152	2245.068553	2910.180083	2466.272387	3055.502331	2093.303756	1983.251626	2583.817561	2526.497125	2760.358539	2544.704473	2363.675045	3297.406354	2267.505184	2493.258012	2319.014355	2006.207699	2282.610632	2038.220756	2717.28512	2687.493662	2485.49139	2127.396645	2079.818076	2030.862063	3367.338275	2406.732991	2446.200028	5201.396795	2488.039038	1434.147791	2556.155859	2565.325944	2395.368613	2472.267726	2655.217512	2634.732158
GH53	4362.175865	4595.819584	4623.340883	4426.08434	3865.109237	4741.610126	5168.922592	5247.446742	4260.652354	5213.635235	5201.07219	2569.775062	4281.996131	4954.545395	4676.199478	3599.135007	4957.931216	3925.432036	5677.381498	4825.840626	4759.977379	5506.785798	2626.334839	2306.626434	1962.482412	4261.468138	5802.647196	2930.482031	3295.025238	460.0179835	4539.206862	4692.868497	4676.55045	5201.409307	4796.452413	4630.29937
PL38	20.55650348	57.94136942	54.86799374	28.45044519	26.31419566	11.42973658	71.155065	48.03627068	66.36185547	57.06762309	42.33066451	31.179059	18.02297293	65.99232536	63.19044057	60.00218824	90.31780629	153.2803314	31.20241279	79.37808923	85.8372939	91.33776294	38.57519635	65.57596079	128.8586426	64.82511147	87.84608622	19.76539843	140.1198697	0	130.7806172	157.8289945	61.33830124	20.86988613	41.91149619	53.91726774
PL29	82.41368827	187.5680405	183.7061924	115.0047994	55.80318979	83.26335267	95.20432138	31.66945585	91.5001632	128.8621648	109.6945456	13.57703493	57.49025529	115.5120002	61.0475363	24.68379601	87.60188836	54.29443903	115.7394124	75.86808372	83.45870584	178.7257735	48.12545725	25.63652589	569.3175007	67.78494573	99.14291013	94.68055477	11.733048	40.28745279	56.4465569	59.23412964	74.55474423	39.51526745	56.05985022	85.95723972
GH27	6322.6636	4946.901862	5551.540747	5917.035438	6371.471075	5765.110845	5352.594223	6290.805074	5795.857937	5815.815411	5690.162241	5843.376917	4394.57456	5289.32608	5938.628168	5709.44316	5378.010427	5542.302066	4877.48905	5375.755127	5057.991594	3936.96757	4480.807234	4636.273898	5192.463627	4620.97384	4821.053888	4032.742547	5539.563143	4119.214579	5072.51405	5329.954682	4625.470125	5466.514614	5620.791452	5501.672724
GH42	2799.968134	3570.928328	3196.605094	3857.312348	3256.765229	3140.972259	3320.200418	4136.487445	3601.00442	3034.09969	3423.291844	4401.827556	1942.865126	2874.622032	3461.144803	2772.632178	3048.040779	3195.842365	3088.856742	3372.850581	2901.253843	2373.316585	2357.094804	2104.300101	2284.534808	2236.019639	2829.927653	4458.916742	5051.517112	3536.028756	2928.583513	3194.097543	2227.5187	3354.329169	3450.732194	3211.289827
GT8	3901.745666	2945.985942	3360.007574	2790.285687	4007.935932	4123.566351	3403.757897	3329.341124	2741.34155	2849.080283	3069.105368	2836.405037	2645.388479	2728.385464	3598.944057	3091.079691	2647.965901	2857.768452	3391.091299	3265.575902	3894.391796	3370.944004	3861.887635	4072.536429	7680.225644	2467.835534	2925.601153	2993.369174	3096.161108	3649.535955	3363.921604	3138.273936	3145.347838	3032.50976	3046.69423	3012.432392
GH179	1193.171645	1249.939215	1093.96902	1328.035984	1278.763824	1296.260395	958.2887259	1342.293552	1094.170968	938.5199381	884.210682	1190.261833	1060.913849	1213.749635	1052.779551	1158.909981	1094.790506	1043.655505	951.463081	896.9666098	788.7669467	693.6032598	770.3474037	808.7331898	291.8871235	1025.374668	785.392488	982.873176	1258.226631	299.7122124	1149.31435	942.5496615	933.2334069	1162.072499	1193.293888	1102.97855
GH9	3344.700366	3993.100947	5444.465544	5367.163523	2952.053661	4468.65157	6323.650723	6321.71744	5790.838217	5971.028503	6668.098173	4249.975025	3424.943057	4155.323712	5897.888187	3347.703298	6698.646674	3531.630693	3827.796732	3481.490918	3121.294784	2678.518844	2419.760372	2321.233978	1697.810213	2495.547166	5463.021385	4360.135692	4803.428839	1441.230549	4223.163818	4180.015735	3980.40601	4807.921482	4397.66372	4035.829429
GH81	37.31362571	88.87355287	66.32838129	89.75158403	54.61187797	77.24851273	89.47492461	165.2071573	191.5176428	163.7736226	90.22546552	185.1786602	58.50486676	80.9121129	156.4945287	101.1125696	255.1775831	64.45839066	83.56852818	47.3714751	70.83702039	159.0775846	235.4443874	285.3017299	192.0940731	264.2959751	107.9287822	109.218451	233.2090313	694.8996811	66.12640598	48.03035297	49.21061828	31.10920265	45.28748555	34.08559858
PL22	199.743904	271.7590333	198.8078269	228.2761896	182.2951191	272.4406859	270.899773	218.4314379	338.3902669	442.9096171	331.9310046	192.3904425	274.9382843	149.2814088	217.6316209	173.8072074	274.7901792	236.0758329	345.2691963	388.3929516	159.47375	153.5832113	380.6627117	331.9446709	64.18908995	156.6867949	240.3387981	134.4016926	242.2967624	127.5249434	192.1033074	177.8312478	190.705476	220.0255495	260.149729	208.8624908
AA3	2930.309206	3308.970042	3303.676434	3531.214237	3190.696592	3394.279383	2834.874135	3243.325358	3348.458462	2508.153591	2583.277569	3929.321295	2290.034508	2619.284084	3186.919839	3016.092902	2674.328476	2908.364531	2981.845427	3213.485648	2555.123005	3586.39678	3456.560329	3787.15146	1739.306241	2698.813195	2421.497273	4108.498866	3523.903159	3307.534683	3007.753209	3063.141748	2870.442189	2791.175087	3094.903555	3088.194043
GH26	3481.192358	3914.342649	4637.915963	4269.081097	3322.386433	3956.220123	5685.769878	5412.622059	4576.52445	4276.511369	5016.188661	3293.559479	3072.185546	3173.747989	4671.383445	3536.353408	5285.592424	3982.279843	4219.93429	3873.006188	4036.329365	3253.350253	2134.434119	2135.734586	6062.428866	3422.368025	4772.150425	2309.989587	4223.71251	731.1219501	3894.896941	4378.656487	2945.534166	4423.527817	3818.973728	3818.29337
PL8	1122.786476	1579.848509	1521.563528	959.4894185	1082.857997	1000.45591	1635.501931	1165.462774	1561.783469	1748.259827	1350.837629	1210.196646	1401.399341	1208.281239	1074.678101	891.7781706	1014.02207	1176.991162	1277.783064	1351.471218	968.3742291	1256.748698	1267.442734	1181.348622	3190.444765	1040.062034	1486.088774	1317.641086	1112.886216	685.2036287	1096.616375	968.9378663	1049.597343	963.7070748	1151.931386	1066.665248
GT69	132.9796327	260.3624508	206.140353	326.5297231	166.3825567	179.851521	185.0437966	182.2797229	292.4079011	169.1316074	241.5083077	334.3664187	190.1184235	223.4978518	267.0390782	154.0800252	184.8733323	176.1224355	187.7938955	161.7586962	177.6747947	231.8791281	162.2307642	189.144847	44.09150567	195.4912177	129.6905416	506.9149207	203.256183	254.8753307	177.7380337	167.0365253	237.5703938	256.0752716	192.8752509	220.8112824
CBM5	1077.428148	2003.40097	1596.545409	1672.758823	1214.453237	1311.078069	1163.598793	1161.893234	991.3905906	1040.656235	1239.160023	3233.653086	1153.004878	1112.863603	1114.614107	921.2448021	907.7562796	901.4003181	1063.072202	930.1927513	622.8923685	1033.360567	729.7248398	828.6371818	489.5736179	720.3081688	833.5077036	6246.733674	961.3335659	532.6235716	965.2097834	874.3544301	955.9455232	1073.216822	1370.157285	1376.844439
CBM61	1255.722428	1826.350768	1756.292721	2241.641572	1248.76403	1906.008223	1587.231336	1589.366782	1599.348359	1274.653306	1883.074974	2028.22868	1318.500319	1478.918249	1507.118844	1252.579106	1336.935589	1577.179702	1588.879358	1615.168068	1326.633576	2013.53751	744.5924984	691.7897411	779.1494134	906.950305	1215.73351	2422.247009	1663.686843	311.642212	1884.58794	1796.089027	1788.514345	1775.853899	1997.408436	1777.784489
GH6	10160.11246	11168.63138	10672.16891	13168.5295	10782.21406	11845.13724	11953.95858	12259.9373	13120.58913	10448.95346	12065.19162	12950.86035	10588.40805	11711.55527	11492.38822	9767.782073	9834.536829	11465.18261	11844.36125	11277.13018	10958.70216	9942.143771	8346.790568	8253.569994	5019.770743	11367.37673	10295.39266	9432.530309	11547.30216	5575.354551	11931.82771	12016.67299	11334.39481	12322.94854	12929.13483	12776.80627
GT81	119.8116294	175.9822253	189.9962688	213.0390349	190.9378586	300.9237038	132.7749287	144.7012817	174.8168081	205.7173148	139.0298786	401.2478345	199.5028418	199.5247175	350.004642	234.6159945	122.6444784	295.852645	223.4320082	281.1278913	175.003325	500.3771319	1032.875739	992.1751072	26.50510476	535.8950028	298.3586062	122.3746173	238.75399	666.1362142	219.3486202	268.3464142	408.7872622	250.2078496	224.6711006	170.5046756
GH141	1028.168187	814.1477075	873.9693584	958.7534765	1015.232891	1038.185166	1074.0115	1216.57921	1071.947507	929.6905228	795.0074184	678.649202	952.2080288	727.5645105	929.2054248	1038.90478	908.9013512	1098.90073	992.0813056	551.5837037	696.6338163	370.1237239	487.3184124	535.8175583	56.68715512	761.4010335	762.7918804	434.7808162	755.2352722	1.65131351	934.5221945	981.4784982	902.0207805	859.8702379	991.843917	1005.738419
GH101	3081.78187	4028.132062	3756.496436	3117.667307	3048.564825	2932.950336	3693.131347	4025.080489	3405.303762	3800.897525	3929.631354	3022.622545	4625.989144	4657.740362	3905.642451	2787.340531	3473.89896	3457.133659	3902.012421	3111.209024	4163.408281	3320.396567	1971.017714	1761.390043	6243.628812	2596.805837	3445.914587	4796.798969	2422.759835	1365.336341	3128.268478	3188.074323	3819.550445	3959.3449	3898.196488	4124.229903
GT26	6229.716378	4523.153086	4686.154033	4883.266816	6183.724284	5162.552403	5237.110813	5325.849283	5677.585148	4994.550828	4812.096592	4550.225675	5905.159487	5441.823424	5199.873493	5750.600043	5381.635136	5391.594154	5044.628862	4951.22567	6951.346905	5038.330696	5636.19909	6015.287082	5953.748992	4930.181917	5018.016304	4722.886765	4790.602788	4608.409513	4760.5364	4922.193444	5099.814314	4500.493012	5469.292257	5720.075715
GT4	97338.61944	103293.0068	98408.59904	96681.41674	97317.17762	96820.48187	100082.4436	98920.75447	97473.76348	98498.44103	100033.3968	100106.7207	99083.42683	96716.46554	99425.17431	93930.33962	97659.07588	94535.21043	102692.8468	96909.7334	99647.1218	96471.22026	95578.39627	96905.89345	130535.8072	92509.14898	100160.4892	111371.3671	97588.83858	73394.26483	94507.58399	94530.53968	99269.79075	98907.64752	98503.69063	98723.79351
PL7	148.5620275	42.28925837	66.10237201	92.69319339	134.5158452	89.12950632	51.45220314	47.3321207	87.54183332	73.47964777	49.34603209	83.91503856	49.54663757	60.65052743	64.86212172	100.1257858	135.2926643	159.0800178	53.30725504	92.96254862	37.55181733	31.95505282	43.97480901	46.06558916	0	34.91050439	57.13481005	37.11228951	58.00457652	0	36.29112036	50.55774886	23.36662919	57.37238503	52.6384034	61.23495095
GH10	8967.880205	10194.17606	10699.41628	12044.39752	9237.111977	7914.431054	10885.17237	10937.32836	10403.56535	12495.99265	13352.45477	9938.113388	9899.532424	12513.69485	14488.081	11079.88224	12769.43602	12791.86355	10340.79203	8976.467854	9058.046795	8721.202905	7147.744514	7021.708846	5767.733711	8040.237521	10944.11784	9201.312546	9900.598029	11190.06368	10223.01027	10374.65545	8963.097688	11585.99632	10435.27526	10086.91969
GH66	179.7894063	210.6083666	209.9841007	125.198876	121.7631364	178.1774878	244.3929379	89.29583177	154.0942516	166.0551742	198.2765387	73.53278825	144.2368911	79.1475946	130.7899244	133.5429652	378.2005896	159.098628	274.0111054	203.9743099	413.9435095	210.3733767	248.7043094	201.5914781	202.3455008	56.08579518	114.7585418	76.19835714	135.7415943	15.3918308	316.2668686	338.6707925	154.2567135	67.92436485	65.41235741	76.54902074
GT83	216.9896875	274.5549212	381.7449463	283.9624148	144.5912552	167.8331864	419.0322135	314.0433025	487.048206	387.0715819	268.7726813	145.3409578	341.6468087	439.275909	156.1836815	176.5490725	231.2538686	184.3417321	266.5905231	207.7579574	123.9383751	223.2764993	169.753405	212.7162028	138.4715264	94.83975236	135.2683098	460.7151041	179.4026615	37.15455394	185.1956197	128.3990747	230.9678574	219.5144126	262.8424531	243.7615638
GH63	1000.833876	1372.473428	1212.86778	1244.442378	1039.317597	1100.085096	878.1142921	1117.219248	1210.056174	1185.332745	993.5662612	1001.222754	1307.121485	1281.63019	1315.795514	951.0932843	1106.049323	1304.40518	1042.99662	945.0870297	772.4648522	893.3310429	824.3348553	946.1643566	1433.187979	1041.144657	1121.363207	713.3163849	1237.460869	1800.578894	1191.531912	1133.621779	1275.307103	1175.70141	1542.842922	1573.541347
GT20	409.6140292	1197.50311	884.4812785	799.5148618	382.4631066	376.5833178	860.1525405	601.1818546	851.6212964	801.4223493	829.9392594	1527.919511	865.390518	842.6268507	797.1856158	468.6253425	598.2527034	513.8557551	612.1267544	493.965227	380.2819569	432.4368907	552.6119	533.6790603	1295.443347	919.6803794	513.7631345	3560.418448	401.2062601	333.8295563	588.5871999	559.6190639	654.1467292	557.7963519	565.2783234	574.1051188
CBM1	146.6831621	174.5712027	145.7838959	163.3573159	201.22644	214.1546164	179.7554465	133.2060646	199.1017172	181.7792775	187.930006	138.8909936	190.9498211	176.718448	101.7978067	96.69488021	152.9589944	131.4732276	196.7621507	166.2197968	166.0235256	128.3423349	140.1926905	132.7267226	9.41546121	192.2715346	171.0541579	217.1774426	180.5494178	2.92037852	187.8555364	177.1696314	165.8627493	135.3434842	151.0249108	104.0914361
PL12	445.7669109	598.0260377	455.9951459	266.7872536	486.9589273	285.2846975	627.0632527	557.6367499	518.5894081	797.9708684	415.6936841	337.9014022	325.7528046	455.5866062	285.5995148	308.8536252	347.9656879	284.5738633	392.6357246	368.4671778	246.4765043	350.2553985	236.0182134	227.3481607	1400.895527	323.0608663	702.9254063	958.3850157	256.1304733	98.48371772	351.1964805	300.3712192	425.015919	421.121013	296.9135391	382.4914656
GH174	0	0	0	13.12863796	0	0	0	0	0	0	0	0	0	19.32650621	10.59187592	0	1.50183198	0	0	0	0	0	0	0	0	0	0	0	0	0	0	0	3.36578285	0	0	0
CE19	654.3142416	260.1737155	278.4898147	383.3306382	530.3380746	917.8035147	432.3069116	341.9765623	568.3718932	384.2038124	461.7714803	268.8343655	210.0119606	283.8766641	286.8070408	298.5349035	265.7093146	447.3333906	474.069567	410.8269375	634.5849202	214.9587393	178.1987646	147.2817909	59.14242801	172.9313412	758.276655	255.4907445	279.9316491	11.15076956	428.8239084	424.0399478	292.4257954	280.9850808	172.4956786	179.896552
CE5	229.5406275	326.4832228	297.3893675	163.0706297	168.5770413	347.9696604	205.6256893	242.3350301	198.771377	324.6207755	286.2953093	111.6696819	257.8843365	215.8487402	430.1281099	100.2349926	241.6206274	322.5962985	362.8219825	122.0975602	234.8348339	99.11829799	78.36000158	109.0233664	1731.008228	50.61841758	460.4429576	252.7361664	59.79303587	136.6709126	90.87571824	114.6548719	336.5709425	197.9800725	220.6793152	197.9696326
CBM30	30.1530269	9.34174841	9.92125207	18.15823411	27.77462506	143.2355179	82.29661537	158.5031503	27.35738858	14.69004344	69.01652476	12.81071642	16.8644102	5.24536376	73.29488076	4.7698315	27.24912737	0.85823414	9.63464852	10.9247353	0	0	0	2.56390147	0	12.73610967	15.3739244	34.58546101	54.58058961	0	80.34808794	70.33622691	47.90422294	7.75618512	62.9455007	58.34300038
CBM43	507.4226358	567.1880941	539.6555724	656.1095873	554.8902564	488.9594187	661.611605	652.9270172	585.8547605	497.4497771	537.5028647	634.94503	515.8237743	517.7664631	552.2818364	495.3463529	588.4154205	679.1871535	487.0161316	660.1671818	475.0095399	352.7865093	611.3774105	595.4512987	96.2100781	543.4839225	370.2101502	470.8371817	692.8404178	226.4437126	731.193488	781.6168833	486.8657179	461.4317375	509.6977262	441.5755698
CBM82	169.2373641	215.3702242	103.5865013	133.1670815	166.6648344	317.966508	161.6005336	189.2565305	100.7905965	108.1526236	75.62291973	159.226173	91.58120499	70.544441	195.9447327	81.34863131	117.0336014	147.6336816	240.5886593	223.9740128	181.525216	208.9146296	58.3505095	56.44291934	121.1393238	135.2077641	127.2805698	238.6207362	190.8144703	168.559385	181.0210115	182.1281146	136.9874553	164.8855338	243.2070086	246.0851068
GH84	1969.488986	3067.219786	2529.690304	2238.457665	2018.84198	2626.752732	2327.933839	3386.851215	2932.566573	2893.442739	2329.618007	2331.150853	3345.788119	3080.359384	2331.586447	2014.88722	2284.121111	2045.672	2327.420509	2335.407847	2473.044457	2122.297822	910.2314764	826.1693584	3172.108982	1157.115056	2174.475466	2215.932696	1766.935713	839.7034223	2124.912502	1884.150222	2931.887947	2471.038165	2862.980906	3149.841255
PL16	0	0	0	0	0	0	0	0	0	0	0	0	5.29795727	0	7.85182763	0	0	0	0.68614622	0	0	12.46726876	71.59841084	101.5422402	25.92021085	12.87044045	0	2.25711041	0	0	14.32232463	22.98804982	31.95118321	2.52809025	17.91066504	14.77260045
CBM41	1821.292525	2427.707323	1920.763813	2065.937227	2180.852031	3966.674058	2203.402692	2465.272262	1422.74326	1461.574392	1410.136237	2039.83148	1514.69193	1640.735204	1845.185731	1332.009799	1452.97333	1547.947681	2757.8931	2857.260928	2364.205997	3018.303339	1106.221147	1083.523053	600.599237	1010.710159	1239.411645	2908.201124	2288.355382	649.2512152	2286.672796	2365.409846	2459.743882	2442.809461	2913.364836	2786.741821
GT66	6930.112476	6971.050836	6475.800617	7205.95235	7175.302448	7481.458529	6699.967695	6910.356245	6738.234125	6152.1291	6824.98781	6978.132125	5245.93127	6446.731232	6903.278496	7274.328733	6237.6827	7151.435245	6881.552334	7193.972381	6657.080553	7535.561471	7632.4359	7534.84775	4126.687162	6534.511054	6742.829869	4156.99492	7626.330097	8793.238254	7144.340967	7475.737439	6260.217367	6763.146263	7339.277771	6905.526805
GH50	281.248956	342.3881053	244.0002505	329.0720207	354.9446576	151.7933652	252.5116656	311.195805	311.2499586	286.9834022	250.1012643	276.8965624	351.5822601	407.1345893	296.1476992	383.0308407	255.3658122	296.4913441	310.8564444	412.8922769	231.3990212	421.8235599	166.7205978	152.85774	167.1141691	291.8683042	386.4165136	149.0189223	257.6535439	31.5102275	332.3454659	312.7995675	309.4172022	352.3474525	257.8861205	290.8323643
GH140	1295.229211	1379.950293	1204.307875	1493.840223	1490.593141	1749.261223	1284.437351	1538.742307	1380.546629	1133.400836	1266.220685	1342.987315	1266.388617	1490.473502	1428.318442	1306.620415	1323.068506	1639.189588	1358.79265	1655.727566	1036.394987	1371.360136	1764.593341	1882.583584	1235.676259	1361.420735	1170.981108	969.8337143	1482.406125	2067.444577	1149.624254	1152.322226	1275.360732	1407.583516	1651.840254	1597.243562
AA10	96.2682169	83.68973058	43.38309752	122.3679301	148.6682711	72.70676368	67.327305	65.24885081	48.0596119	108.8335361	87.53598575	68.65244655	54.84680257	123.617172	41.99441629	117.8329876	119.7036311	118.0643478	133.2108553	81.53286533	87.15631192	41.80556641	109.7905799	47.27923892	545.5004375	41.77540133	63.69942546	71.89769376	55.20272719	30.44466345	50.86198765	42.65941995	64.85429703	87.94174112	73.80290689	61.05906895
PL33	919.284008	1070.685965	968.3770643	1219.75128	1057.397702	1076.503616	990.9297123	1081.193645	1003.057934	1059.805134	902.3429884	1094.507671	565.794035	657.0895679	903.6474109	1261.166197	1001.216148	1081.195074	878.6618522	970.4688395	666.288938	711.3878035	983.0380085	976.0019247	1647.041891	827.6192191	931.7023881	626.8809973	1190.025388	245.990503	1069.598536	969.6171853	657.7118888	955.3888806	934.5067265	875.6822601
CBM57	775.3307919	503.9040682	387.8645717	548.9288804	652.6621921	504.1719869	858.7074212	764.2574906	608.3865983	815.967494	950.4120074	488.115127	714.872663	743.1109214	758.2376678	416.1650503	567.4463834	564.7580332	1228.783589	724.0095791	867.9336553	423.4221654	381.9661565	350.7372095	166.6914232	655.7715236	841.2744551	483.1745969	328.200823	64.21079088	515.6227814	560.7553138	649.4250207	841.7489336	427.2532954	435.4865471
GH32	4391.268392	5180.852245	4280.049621	4411.044572	4830.144789	6213.382711	5723.792559	5246.776795	4564.380082	4048.087072	4082.932516	5594.616203	3089.303105	3465.208191	3853.300683	4191.39666	4326.479415	4462.638818	5584.388082	6663.899186	4972.640125	6774.08602	6831.562166	6503.542492	7286.489746	6076.557124	5551.397777	5296.144473	6419.991756	13542.30919	5343.340818	5495.491321	4170.766262	5220.298366	5112.100279	5070.542441
GH115	2192.526964	2124.008825	1876.354026	2627.832672	2004.363669	1632.226487	3107.04695	2570.788823	2229.836255	2932.8315	3676.913148	1602.432786	2299.525926	2594.162707	3296.389236	2167.69724	2469.739302	2515.398087	2318.379436	2038.252875	2155.122981	2002.781538	1154.691442	1039.33902	1973.897701	1553.77044	2661.909694	1322.553179	1905.124156	210.3510879	1893.672252	2253.226398	1969.736746	2467.878862	2261.403906	2093.623791
GH67	1546.984316	2004.266681	1717.368641	1960.22382	1436.450537	1075.036153	1890.398388	2413.288648	1790.610882	2761.249682	2534.418947	1146.506782	1886.502451	2215.057523	2709.165548	1812.845035	2341.32931	2141.617526	2337.225261	1843.774107	1855.035188	2039.187885	1100.585383	951.3949167	717.7922387	1625.548209	2599.312152	1112.589619	1330.164158	210.3207609	1758.098717	1916.220578	1347.717636	2349.131449	1736.567333	1748.772543
CBM80	50.44036922	50.10266266	92.91813272	125.3495796	62.01574524	76.09659141	112.543649	83.02496113	79.34113674	80.98835963	84.86353356	97.95877309	1.3581404	65.46956299	98.67100461	68.98599642	173.9497377	47.97690001	61.00356835	34.51781142	34.47077296	16.42323788	60.81351318	54.68836303	0	32.85484205	49.78633359	101.6631289	101.0767013	131.8845835	53.65905836	56.44726019	72.99144199	53.21019422	27.28773404	16.52561557
CE17	335.619197	300.2311664	707.2235048	595.0328327	330.6109698	411.0990933	547.2938829	548.0001644	470.4847671	709.5310059	483.5288505	351.4039698	307.0443074	483.3540354	618.4321233	343.8541694	721.0008225	407.4697685	253.5107064	401.8179997	431.2675514	88.72471587	179.1090542	175.6406599	146.8920334	207.3005125	339.1149856	461.8050599	546.5663989	2.08874755	277.1444584	272.180898	366.0149427	643.6435039	425.8050305	361.7432936
CBM35	3491.778359	3573.313827	4307.37047	4060.886067	3209.187605	3827.97617	5136.19052	4775.549281	4287.03672	3839.580002	4717.482133	2721.447968	2949.186207	3316.177243	4383.005766	3321.901488	4884.487819	3402.623405	2826.610799	2400.344807	2407.530539	2151.95096	2148.97955	2133.470576	1895.170107	2615.041377	3570.400985	2384.034317	2978.030953	547.8415335	2932.155833	2970.424388	3257.490523	3485.351097	3700.060974	3366.1776
GH17	255.8717752	415.5756446	324.8177284	313.1753934	258.0858899	388.9585563	250.3629272	361.7634208	400.9827544	307.1296272	347.3691644	398.9814033	343.1394912	331.6997801	504.3095192	309.0307405	488.5077641	360.0017256	311.6761209	333.7277438	289.5560401	214.8481648	489.7361705	439.3763809	179.6830403	877.7073134	298.885759	338.7863872	289.5153743	86.61309376	474.7410571	547.6267668	386.1345118	423.789782	414.7051029	349.130965
GT63	26.07925653	0	0	0	19.49855692	3.57944396	14.32020234	0	7.80065303	0	7.63425518	0	8.31843466	0	0	13.47970704	0	0	0	0	0	4.27063894	0	0	0	0	0	0	0	0	0	0	7.02688079	0	0	0
GH91	983.7123647	687.4491285	783.1240907	780.0748165	1029.444018	1155.615891	581.1586495	639.1841111	654.1139825	749.0486322	754.9744681	679.6905051	692.3741564	582.927359	685.2583614	855.9092329	1051.366416	961.5696449	678.525562	900.2288331	816.9387353	1317.684709	1556.976596	1489.35706	451.9080824	796.7112198	648.9510228	582.3051562	1046.710164	752.1555213	1185.422964	1046.231514	719.4794846	662.1397248	759.1531812	757.2963427
Others	18385820.21	18280992.39	18347003.08	18281195.52	18365160.36	18351034.2	18283780.4	18250681.18	18311054.87	18337279.95	18307669	18310738.3	18396275.03	18323160.32	18320693.08	18431245.82	18366227.76	18372424.81	18308464.63	18345072.54	18396733.9	18414066.32	18607690.32	18612476.25	18506179.33	18518041.54	18364815.95	18352231.47	18389295.06	18856037.78	18369420.72	18372604.41	18394469.25	18328774.62	18321576.05	18320349.49
